cell_id,umap_1,umap_2,reference_fine,reference_broad,cluster,proposal
paul_c000000,6.336743,0.5882749,7MEP,Progenitor,0,Progenitor
paul_c000001,-3.143726,0.07637387,15Mo,Mo,1,Mo
paul_c000002,13.19571,0.675733,3Ery,Ery,4,Ery
paul_c000003,-1.69275,-2.68585,15Mo,Mo,2,Neu
paul_c000004,13.05457,0.5942641,3Ery,Ery,4,Ery
paul_c000005,0.9646872,-1.695193,15Mo,Mo,7,Eos
paul_c000006,9.354123,0.1131037,4Ery,Ery,4,Ery
paul_c000007,11.29585,-2.229747,2Ery,Ery,9,Ery
paul_c000008,7.793475,0.588259,3Ery,Ery,5,Unknown
paul_c000009,11.70227,-1.179373,2Ery,Ery,9,Ery
paul_c000010,12.22859,-2.407088,2Ery,Ery,9,Ery
paul_c000011,4.012302,1.599382,17Neu,Neu,7,Eos
paul_c000012,-1.873567,-0.07706372,14Mo,Mo,3,Mo
paul_c000013,0.5794182,-0.05928856,13Baso,Baso,8,DC
paul_c000014,12.00061,0.09170771,3Ery,Ery,4,Ery
paul_c000015,6.105636,0.2866105,7MEP,Progenitor,0,Progenitor
paul_c000016,10.16651,0.01228272,3Ery,Ery,4,Ery
paul_c000017,12.00436,0.009474294,3Ery,Ery,4,Ery
paul_c000018,12.52617,1.142015,2Ery,Ery,6,Ery
paul_c000019,3.679438,-2.007642,8Mk,Mk,11,Mk
paul_c000020,8.621213,0.06191266,3Ery,Ery,5,Unknown
paul_c000021,1.562741,-0.7779741,9GMP,Progenitor,8,DC
paul_c000022,4.207512,-0.9866639,8Mk,Mk,11,Mk
paul_c000023,2.666611,0.02364787,10GMP,Progenitor,8,DC
paul_c000024,-1.663428,-0.06267831,15Mo,Mo,1,Mo
paul_c000025,-1.777861,-2.257251,16Neu,Neu,1,Mo
paul_c000026,10.72796,0.3563164,4Ery,Ery,4,Ery
paul_c000027,1.612511,-0.3860892,13Baso,Baso,8,DC
paul_c000028,3.819996,1.663226,17Neu,Neu,7,Eos
paul_c000029,11.27284,0.07938496,3Ery,Ery,4,Ery
paul_c000030,10.8129,-0.2124339,2Ery,Ery,4,Ery
paul_c000031,12.19867,0.7858624,3Ery,Ery,4,Ery
paul_c000032,9.238563,0.3514745,5Ery,Ery,5,Unknown
paul_c000033,10.01332,0.006631826,3Ery,Ery,4,Ery
paul_c000034,-0.2808342,0.7827585,13Baso,Baso,8,DC
paul_c000035,12.72221,-1.013509,1Ery,Ery,9,Ery
paul_c000036,12.16721,0.2357237,3Ery,Ery,4,Ery
paul_c000037,9.172058,-0.115528,6Ery,Ery,4,Ery
paul_c000038,-1.916682,-2.164112,15Mo,Mo,2,Neu
paul_c000039,9.656703,0.002733546,3Ery,Ery,4,Ery
paul_c000040,12.60801,-1.12918,3Ery,Ery,4,Ery
paul_c000041,-3.06651,-0.7949544,14Mo,Mo,1,Mo
paul_c000042,5.30168,5.22604,19Lymph,Lymph,12,Unknown
paul_c000043,2.276748,-1.446998,12Baso,Baso,7,Eos
paul_c000044,13.40719,0.6477916,3Ery,Ery,4,Ery
paul_c000045,-3.964583,0.48816,14Mo,Mo,1,Mo
paul_c000046,9.762763,-0.2956792,6Ery,Ery,4,Ery
paul_c000047,10.29858,-0.09936563,4Ery,Ery,4,Ery
paul_c000048,2.702445,1.238989,7MEP,Progenitor,8,DC
paul_c000049,11.76716,-0.08848228,2Ery,Ery,4,Ery
paul_c000050,1.616861,1.643653,13Baso,Baso,8,DC
paul_c000051,-0.8872253,-2.518626,14Mo,Mo,2,Neu
paul_c000052,8.654283,0.6203206,6Ery,Ery,5,Unknown
paul_c000053,3.088934,2.327971,18Eos,Eos,7,Eos
paul_c000054,10.93592,-0.02546121,4Ery,Ery,4,Ery
paul_c000055,10.32552,0.4732371,3Ery,Ery,4,Ery
paul_c000056,10.1685,0.3793902,3Ery,Ery,4,Ery
paul_c000057,-2.392237,-0.5954862,14Mo,Mo,1,Mo
paul_c000058,12.44744,0.8866684,2Ery,Ery,4,Ery
paul_c000059,-2.864075,-0.2788133,13Baso,Baso,1,Mo
paul_c000060,11.60095,-0.9387627,2Ery,Ery,4,Ery
paul_c000061,-4.253162,0.2799275,13Baso,Baso,1,Mo
paul_c000062,-1.730423,0.5121469,13Baso,Baso,1,Mo
paul_c000063,-3.351175,-0.9890928,14Mo,Mo,1,Mo
paul_c000064,6.105926,0.006590179,7MEP,Progenitor,0,Progenitor
paul_c000065,6.444573,0.4833016,7MEP,Progenitor,0,Progenitor
paul_c000066,5.147723,0.3435083,7MEP,Progenitor,0,Progenitor
paul_c000067,1.456772,1.743369,10GMP,Progenitor,8,DC
paul_c000068,1.65551,-1.65797,12Baso,Baso,7,Eos
paul_c000069,6.802556,-0.1947177,6Ery,Ery,0,Progenitor
paul_c000070,8.382404,-1.098653,5Ery,Ery,10,Unknown
paul_c000071,8.904738,-0.4293143,5Ery,Ery,10,Unknown
paul_c000072,-0.9966346,-1.852118,14Mo,Mo,13,Neu
paul_c000073,11.29065,-1.200836,4Ery,Ery,9,Ery
paul_c000074,-2.821038,-2.976063,16Neu,Neu,2,Neu
paul_c000075,-2.113806,-2.66388,16Neu,Neu,2,Neu
paul_c000076,12.13045,0.493775,3Ery,Ery,4,Ery
paul_c000077,10.89458,-0.9911756,2Ery,Ery,4,Ery
paul_c000078,11.09056,-1.34313,6Ery,Ery,9,Ery
paul_c000079,0.066955,0.4193152,13Baso,Baso,8,DC
paul_c000080,1.303514,-1.004261,13Baso,Baso,8,DC
paul_c000081,1.513286,-1.038296,10GMP,Progenitor,8,DC
paul_c000082,-0.7379519,-2.260531,14Mo,Mo,2,Neu
paul_c000083,9.12969,-2.130564,5Ery,Ery,10,Unknown
paul_c000084,5.811616,0.537847,7MEP,Progenitor,0,Progenitor
paul_c000085,6.026972,0.5582057,7MEP,Progenitor,0,Progenitor
paul_c000086,10.59804,-0.2723072,5Ery,Ery,4,Ery
paul_c000087,7.957262,-1.421119,6Ery,Ery,10,Unknown
paul_c000088,12.05062,-0.5846171,2Ery,Ery,4,Ery
paul_c000089,7.760079,-1.265287,10GMP,Progenitor,10,Unknown
paul_c000090,1.69465,-1.111429,10GMP,Progenitor,8,DC
paul_c000091,11.16666,-0.9888198,2Ery,Ery,4,Ery
paul_c000092,5.223378,1.579462,7MEP,Progenitor,7,Eos
paul_c000093,7.651378,-1.181676,6Ery,Ery,10,Unknown
paul_c000094,6.733293,0.0903496,7MEP,Progenitor,0,Progenitor
paul_c000095,-0.2382434,-0.5527993,14Mo,Mo,8,DC
paul_c000096,-2.552551,0.1060999,16Neu,Neu,1,Mo
paul_c000097,1.262628,1.179959,10GMP,Progenitor,8,DC
paul_c000098,9.559144,0.3814265,3Ery,Ery,5,Unknown
paul_c000099,13.22274,-0.08281196,3Ery,Ery,4,Ery
paul_c000100,-4.040985,0.1700259,13Baso,Baso,1,Mo
paul_c000101,13.7888,-0.6322147,1Ery,Ery,4,Ery
paul_c000102,-2.949916,1.646455,14Mo,Mo,3,Mo
paul_c000103,-3.105798,1.003311,15Mo,Mo,1,Mo
paul_c000104,10.25575,0.532734,2Ery,Ery,5,Unknown
paul_c000105,7.69387,0.9462389,5Ery,Ery,5,Unknown
paul_c000106,11.28845,2.743272,2Ery,Ery,6,Ery
paul_c000107,8.514874,0.4132814,5Ery,Ery,5,Unknown
paul_c000108,13.0931,0.1288246,3Ery,Ery,4,Ery
paul_c000109,-1.234472,-0.05629728,14Mo,Mo,1,Mo
paul_c000110,0.8931658,0.9070109,10GMP,Progenitor,8,DC
paul_c000111,12.33521,1.753584,2Ery,Ery,6,Ery
paul_c000112,6.078839,0.5251027,7MEP,Progenitor,0,Progenitor
paul_c000113,10.65114,-0.2403176,4Ery,Ery,4,Ery
paul_c000114,4.340521,-1.021623,9GMP,Progenitor,11,Mk
paul_c000115,6.232012,1.168873,7MEP,Progenitor,0,Progenitor
paul_c000116,11.05741,-0.05104179,3Ery,Ery,4,Ery
paul_c000117,-2.810809,-3.336681,16Neu,Neu,2,Neu
paul_c000118,3.055187,16.55891,11DC,DC,14,DC
paul_c000119,2.060678,0.1687666,10GMP,Progenitor,8,DC
paul_c000120,9.324954,-0.05420632,6Ery,Ery,4,Ery
paul_c000121,8.363452,-0.3734559,3Ery,Ery,10,Unknown
paul_c000122,10.81565,-2.504016,2Ery,Ery,9,Ery
paul_c000123,11.11961,-0.4879074,5Ery,Ery,4,Ery
paul_c000124,12.4073,-0.334235,2Ery,Ery,4,Ery
paul_c000125,12.27601,-0.160859,2Ery,Ery,6,Ery
paul_c000126,9.255,-2.31128,5Ery,Ery,10,Unknown
paul_c000127,-2.228888,0.6998265,14Mo,Mo,1,Mo
paul_c000128,9.268421,0.02445829,5Ery,Ery,5,Unknown
paul_c000129,-1.903632,0.4644326,14Mo,Mo,1,Mo
paul_c000130,9.203135,-0.5243266,3Ery,Ery,10,Unknown
paul_c000131,12.33314,0.3662533,2Ery,Ery,4,Ery
paul_c000132,-3.085924,-2.19414,16Neu,Neu,13,Neu
paul_c000133,12.74445,1.083489,2Ery,Ery,4,Ery
paul_c000134,0.5380242,1.664396,13Baso,Baso,3,Mo
paul_c000135,-3.159975,-2.218698,16Neu,Neu,13,Neu
paul_c000136,11.17556,3.04443,2Ery,Ery,6,Ery
paul_c000137,12.44361,0.6023211,3Ery,Ery,4,Ery
paul_c000138,10.88374,-0.2335271,3Ery,Ery,4,Ery
paul_c000139,-2.388825,1.054994,14Mo,Mo,1,Mo
paul_c000140,9.997865,-1.328183,5Ery,Ery,10,Unknown
paul_c000141,-4.066265,-3.220546,16Neu,Neu,13,Neu
paul_c000142,-2.488495,1.318733,14Mo,Mo,3,Mo
paul_c000143,0.05396966,1.774047,14Mo,Mo,3,Mo
paul_c000144,-3.609644,0.5853224,13Baso,Baso,1,Mo
paul_c000145,10.97045,-0.4668184,3Ery,Ery,4,Ery
paul_c000146,-1.15673,-0.1745617,14Mo,Mo,1,Mo
paul_c000147,6.75954,-0.7064199,7MEP,Progenitor,0,Progenitor
paul_c000148,1.149497,-1.862957,14Mo,Mo,7,Eos
paul_c000149,0.7662374,2.13657,10GMP,Progenitor,8,DC
paul_c000150,8.756989,2.536317,2Ery,Ery,5,Unknown
paul_c000151,0.6595272,1.724005,14Mo,Mo,3,Mo
paul_c000152,-2.198466,-1.56306,15Mo,Mo,3,Mo
paul_c000153,-3.03065,-0.1116876,14Mo,Mo,1,Mo
paul_c000154,-1.952483,-2.898257,16Neu,Neu,2,Neu
paul_c000155,2.158131,0.1079494,10GMP,Progenitor,8,DC
paul_c000156,5.572498,0.274507,7MEP,Progenitor,0,Progenitor
paul_c000157,8.327902,2.047449,5Ery,Ery,5,Unknown
paul_c000158,-4.057767,-2.521652,16Neu,Neu,13,Neu
paul_c000159,10.45244,2.906517,2Ery,Ery,6,Ery
paul_c000160,-0.4195382,-2.269386,16Neu,Neu,2,Neu
paul_c000161,-0.3730151,-1.385079,14Mo,Mo,8,DC
paul_c000162,1.095281,-1.103707,10GMP,Progenitor,8,DC
paul_c000163,-3.361024,-3.633122,16Neu,Neu,2,Neu
paul_c000164,3.726541,-1.075888,8Mk,Mk,11,Mk
paul_c000165,6.248645,1.296305,7MEP,Progenitor,5,Unknown
paul_c000166,-1.522211,-0.2740607,14Mo,Mo,1,Mo
paul_c000167,5.343716,-0.7880022,7MEP,Progenitor,0,Progenitor
paul_c000168,11.83487,-0.6054093,2Ery,Ery,4,Ery
paul_c000169,-2.861717,-0.1936673,14Mo,Mo,1,Mo
paul_c000170,-1.825986,1.403208,14Mo,Mo,1,Mo
paul_c000171,10.62856,-0.7818021,4Ery,Ery,4,Ery
paul_c000172,9.664559,-0.5944141,5Ery,Ery,10,Unknown
paul_c000173,-0.1766429,1.450374,14Mo,Mo,3,Mo
paul_c000174,-1.134716,1.947858,14Mo,Mo,3,Mo
paul_c000175,3.894503,-1.503933,10GMP,Progenitor,11,Mk
paul_c000176,6.573292,-2.227931,6Ery,Ery,0,Progenitor
paul_c000177,8.841952,-1.647518,5Ery,Ery,10,Unknown
paul_c000178,-1.51124,-0.05762235,14Mo,Mo,1,Mo
paul_c000179,11.44151,-0.12416,3Ery,Ery,4,Ery
paul_c000180,9.68853,-0.3894584,5Ery,Ery,10,Unknown
paul_c000181,-1.941144,-1.351713,15Mo,Mo,1,Mo
paul_c000182,9.464112,-2.355443,5Ery,Ery,10,Unknown
paul_c000183,-2.313387,-0.3156293,14Mo,Mo,1,Mo
paul_c000184,-3.472341,0.8478752,16Neu,Neu,3,Mo
paul_c000185,3.466763,-0.2406396,8Mk,Mk,11,Mk
paul_c000186,12.53301,0.1971724,3Ery,Ery,4,Ery
paul_c000187,-0.7286651,-1.351043,14Mo,Mo,8,DC
paul_c000188,5.07175,2.011922,12Baso,Baso,7,Eos
paul_c000189,0.749531,-1.592633,14Mo,Mo,8,DC
paul_c000190,11.85518,-0.1262301,3Ery,Ery,4,Ery
paul_c000191,7.673795,-0.751331,5Ery,Ery,10,Unknown
paul_c000192,-3.305986,-2.555609,16Neu,Neu,2,Neu
paul_c000193,-1.187094,-3.206727,15Mo,Mo,2,Neu
paul_c000194,-3.172222,0.1330044,13Baso,Baso,1,Mo
paul_c000195,9.964578,-0.1571845,5Ery,Ery,10,Unknown
paul_c000196,12.62393,0.5145584,3Ery,Ery,4,Ery
paul_c000197,0.01678716,0.9344874,13Baso,Baso,8,DC
paul_c000198,4.795877,1.907509,12Baso,Baso,7,Eos
paul_c000199,3.712133,-0.43169,8Mk,Mk,11,Mk
paul_c000200,4.863831,-0.1996019,7MEP,Progenitor,0,Progenitor
paul_c000201,8.492762,-0.3991771,6Ery,Ery,10,Unknown
paul_c000202,11.49042,-0.1651158,2Ery,Ery,4,Ery
paul_c000203,13.21592,-1.741321,3Ery,Ery,4,Ery
paul_c000204,12.1701,0.3654809,3Ery,Ery,4,Ery
paul_c000205,-4.478223,0.2056182,15Mo,Mo,1,Mo
paul_c000206,12.24257,0.3241863,3Ery,Ery,4,Ery
paul_c000207,10.54738,-0.1697803,3Ery,Ery,4,Ery
paul_c000208,9.825827,-0.03286776,3Ery,Ery,4,Ery
paul_c000209,7.247094,0.8769711,8Mk,Mk,5,Unknown
paul_c000210,10.59136,-1.777283,2Ery,Ery,9,Ery
paul_c000211,10.95064,-0.2751685,2Ery,Ery,4,Ery
paul_c000212,-2.820988,-1.371647,14Mo,Mo,1,Mo
paul_c000213,9.681065,0.2532941,3Ery,Ery,4,Ery
paul_c000214,-2.02556,-2.321043,15Mo,Mo,2,Neu
paul_c000215,-2.634028,-0.8794537,14Mo,Mo,1,Mo
paul_c000216,6.322406,1.021822,7MEP,Progenitor,0,Progenitor
paul_c000217,-2.465654,-2.799564,15Mo,Mo,2,Neu
paul_c000218,12.2005,0.1605716,3Ery,Ery,4,Ery
paul_c000219,11.05099,0.2137959,3Ery,Ery,4,Ery
paul_c000220,-1.128015,-1.933078,13Baso,Baso,13,Neu
paul_c000221,-2.862363,-1.162475,15Mo,Mo,1,Mo
paul_c000222,10.60406,-0.6992014,3Ery,Ery,4,Ery
paul_c000223,-2.219976,-1.76289,15Mo,Mo,1,Mo
paul_c000224,-1.368465,0.567539,13Baso,Baso,1,Mo
paul_c000225,9.042935,0.6656367,3Ery,Ery,5,Unknown
paul_c000226,-3.125261,-1.584715,15Mo,Mo,13,Neu
paul_c000227,-1.765263,-3.05565,15Mo,Mo,2,Neu
paul_c000228,-3.883397,-0.09106625,13Baso,Baso,1,Mo
paul_c000229,4.968066,4.575782,19Lymph,Lymph,12,Unknown
paul_c000230,9.887364,0.1704672,4Ery,Ery,4,Ery
paul_c000231,9.687845,0.5276469,3Ery,Ery,5,Unknown
paul_c000232,-0.5714861,0.2488582,14Mo,Mo,8,DC
paul_c000233,10.51237,-0.03794559,4Ery,Ery,4,Ery
paul_c000234,8.091556,-0.07710646,6Ery,Ery,5,Unknown
paul_c000235,-2.48512,-4.376332,16Neu,Neu,2,Neu
paul_c000236,-3.857999,-0.2673589,14Mo,Mo,1,Mo
paul_c000237,12.76205,-1.087304,3Ery,Ery,4,Ery
paul_c000238,4.24443,2.272901,17Neu,Neu,7,Eos
paul_c000239,-3.029958,-1.125087,15Mo,Mo,1,Mo
paul_c000240,9.257658,-0.0527467,4Ery,Ery,5,Unknown
paul_c000241,12.42997,0.5856969,3Ery,Ery,4,Ery
paul_c000242,8.620976,-0.7739197,6Ery,Ery,10,Unknown
paul_c000243,-2.03797,0.4682843,14Mo,Mo,1,Mo
paul_c000244,9.617287,0.07510497,3Ery,Ery,4,Ery
paul_c000245,-2.667967,-0.3597598,16Neu,Neu,1,Mo
paul_c000246,-2.771709,1.695751,14Mo,Mo,1,Mo
paul_c000247,-1.778942,-1.654223,15Mo,Mo,1,Mo
paul_c000248,5.619548,-0.09926704,7MEP,Progenitor,0,Progenitor
paul_c000249,-0.229181,0.7656567,13Baso,Baso,8,DC
paul_c000250,-1.190339,-1.649913,15Mo,Mo,13,Neu
paul_c000251,-3.464413,0.348938,14Mo,Mo,1,Mo
paul_c000252,13.19547,0.5389299,3Ery,Ery,4,Ery
paul_c000253,11.17368,-2.717656,2Ery,Ery,9,Ery
paul_c000254,11.22955,-1.061464,2Ery,Ery,4,Ery
paul_c000255,-0.4146461,-1.290957,14Mo,Mo,8,DC
paul_c000256,12.3672,0.05045811,2Ery,Ery,4,Ery
paul_c000257,2.225105,-0.8875597,13Baso,Baso,7,Eos
paul_c000258,10.69979,-0.9215439,2Ery,Ery,4,Ery
paul_c000259,9.532085,0.2134915,3Ery,Ery,5,Unknown
paul_c000260,0.6823125,-1.367733,13Baso,Baso,8,DC
paul_c000261,3.714433,-0.6550223,12Baso,Baso,8,DC
paul_c000262,11.17504,-2.739752,2Ery,Ery,9,Ery
paul_c000263,1.762421,-0.1652654,10GMP,Progenitor,8,DC
paul_c000264,9.279803,-0.683569,5Ery,Ery,10,Unknown
paul_c000265,-1.660099,1.01353,13Baso,Baso,1,Mo
paul_c000266,10.26124,0.01912364,3Ery,Ery,4,Ery
paul_c000267,1.981771,-0.249387,9GMP,Progenitor,8,DC
paul_c000268,-1.80788,-1.958692,15Mo,Mo,1,Mo
paul_c000269,11.32217,-1.397469,2Ery,Ery,9,Ery
paul_c000270,0.8550965,-0.2520926,10GMP,Progenitor,8,DC
paul_c000271,9.228998,-0.3998815,5Ery,Ery,10,Unknown
paul_c000272,9.338529,-1.638382,5Ery,Ery,10,Unknown
paul_c000273,11.11058,-2.182557,2Ery,Ery,9,Ery
paul_c000274,-0.03152936,-0.07429378,14Mo,Mo,8,DC
paul_c000275,0.4394469,0.8514432,13Baso,Baso,8,DC
paul_c000276,12.8608,0.2103169,2Ery,Ery,6,Ery
paul_c000277,-1.473835,-0.2063751,14Mo,Mo,1,Mo
paul_c000278,-2.447387,-2.676617,16Neu,Neu,2,Neu
paul_c000279,4.508812,0.804948,12Baso,Baso,7,Eos
paul_c000280,-0.4448333,-0.1818384,14Mo,Mo,8,DC
paul_c000281,-1.957155,1.861879,14Mo,Mo,1,Mo
paul_c000282,10.9543,-0.1966208,3Ery,Ery,4,Ery
paul_c000283,-1.044261,-0.2522548,14Mo,Mo,1,Mo
paul_c000284,-0.2393281,0.627206,13Baso,Baso,8,DC
paul_c000285,0.9660408,0.9751255,12Baso,Baso,8,DC
paul_c000286,10.11679,-1.936251,5Ery,Ery,9,Ery
paul_c000287,2.974872,-0.8987851,10GMP,Progenitor,11,Mk
paul_c000288,-1.114466,-0.1877777,14Mo,Mo,1,Mo
paul_c000289,8.818782,-1.695347,4Ery,Ery,10,Unknown
paul_c000290,-2.58291,1.472,15Mo,Mo,1,Mo
paul_c000291,3.145706,16.6376,11DC,DC,14,DC
paul_c000292,9.949118,-0.02718,3Ery,Ery,4,Ery
paul_c000293,11.22711,-1.470322,4Ery,Ery,9,Ery
paul_c000294,9.647658,1.136922,4Ery,Ery,5,Unknown
paul_c000295,9.911042,-0.5745386,4Ery,Ery,10,Unknown
paul_c000296,11.49227,-1.058637,4Ery,Ery,9,Ery
paul_c000297,9.968779,-0.07875266,5Ery,Ery,10,Unknown
paul_c000298,12.23089,-1.925624,1Ery,Ery,9,Ery
paul_c000299,-3.502408,-3.42706,16Neu,Neu,2,Neu
paul_c000300,-3.071583,-0.06964722,14Mo,Mo,1,Mo
paul_c000301,11.219,-1.489331,2Ery,Ery,9,Ery
paul_c000302,8.870822,-1.551929,5Ery,Ery,10,Unknown
paul_c000303,-1.91875,-2.800376,15Mo,Mo,2,Neu
paul_c000304,9.13173,0.2273928,5Ery,Ery,5,Unknown
paul_c000305,10.36309,2.946023,2Ery,Ery,6,Ery
paul_c000306,9.655478,-0.419698,5Ery,Ery,10,Unknown
paul_c000307,11.88875,-2.418712,1Ery,Ery,9,Ery
paul_c000308,5.832573,0.6270767,7MEP,Progenitor,0,Progenitor
paul_c000309,10.49105,-1.005002,2Ery,Ery,9,Ery
paul_c000310,-2.484783,-2.35494,14Mo,Mo,2,Neu
paul_c000311,4.021004,-1.856791,10GMP,Progenitor,11,Mk
paul_c000312,10.9876,-0.9416476,2Ery,Ery,4,Ery
paul_c000313,-1.479991,0.4054746,14Mo,Mo,1,Mo
paul_c000314,7.123662,-0.5554191,6Ery,Ery,5,Unknown
paul_c000315,4.714607,-0.1778683,9GMP,Progenitor,11,Mk
paul_c000316,12.98016,0.2107931,3Ery,Ery,4,Ery
paul_c000317,10.37667,-2.005089,2Ery,Ery,9,Ery
paul_c000318,11.27853,-0.4036215,3Ery,Ery,9,Ery
paul_c000319,4.643503,0.8413439,12Baso,Baso,7,Eos
paul_c000320,9.9175,-2.093007,2Ery,Ery,10,Unknown
paul_c000321,3.009018,2.50149,18Eos,Eos,7,Eos
paul_c000322,10.30454,-0.3830802,5Ery,Ery,10,Unknown
paul_c000323,9.158041,-0.1547861,3Ery,Ery,5,Unknown
paul_c000324,-2.071925,-0.5552306,15Mo,Mo,1,Mo
paul_c000325,1.252805,1.369645,14Mo,Mo,8,DC
paul_c000326,10.95768,-1.069496,2Ery,Ery,4,Ery
paul_c000327,7.55961,-1.270931,6Ery,Ery,10,Unknown
paul_c000328,-0.324509,2.338498,14Mo,Mo,3,Mo
paul_c000329,11.92728,2.069472,2Ery,Ery,6,Ery
paul_c000330,9.222322,-1.0521,5Ery,Ery,10,Unknown
paul_c000331,4.417686,1.494846,12Baso,Baso,7,Eos
paul_c000332,6.057872,-1.329254,7MEP,Progenitor,0,Progenitor
paul_c000333,4.124578,2.179557,17Neu,Neu,7,Eos
paul_c000334,-1.403385,1.410733,14Mo,Mo,1,Mo
paul_c000335,9.680327,-2.698723,2Ery,Ery,10,Unknown
paul_c000336,9.918187,2.314577,5Ery,Ery,6,Ery
paul_c000337,10.84558,3.28018,2Ery,Ery,6,Ery
paul_c000338,-2.080262,1.738281,14Mo,Mo,1,Mo
paul_c000339,-3.40153,0.3351741,13Baso,Baso,1,Mo
paul_c000340,-2.474018,-0.8474607,15Mo,Mo,1,Mo
paul_c000341,10.93282,-0.8800154,2Ery,Ery,4,Ery
paul_c000342,0.6744626,0.3903913,13Baso,Baso,8,DC
paul_c000343,-2.819299,-2.780113,16Neu,Neu,2,Neu
paul_c000344,10.66519,-0.4478765,5Ery,Ery,4,Ery
paul_c000345,-2.245546,1.585974,14Mo,Mo,1,Mo
paul_c000346,-2.959528,-3.45241,16Neu,Neu,2,Neu
paul_c000347,-1.540421,-0.6652182,14Mo,Mo,1,Mo
paul_c000348,-3.78885,-4.272801,16Neu,Neu,2,Neu
paul_c000349,-2.530149,2.214685,14Mo,Mo,1,Mo
paul_c000350,3.50693,-2.141929,8Mk,Mk,11,Mk
paul_c000351,2.150701,-0.4352584,10GMP,Progenitor,8,DC
paul_c000352,-1.224466,0.09235837,14Mo,Mo,1,Mo
paul_c000353,9.111341,-2.32182,5Ery,Ery,10,Unknown
paul_c000354,7.080158,0.3717344,7MEP,Progenitor,0,Progenitor
paul_c000355,10.22345,-2.89944,2Ery,Ery,9,Ery
paul_c000356,0.03618314,-1.56382,14Mo,Mo,7,Eos
paul_c000357,-2.338104,2.00341,13Baso,Baso,1,Mo
paul_c000358,9.596828,-2.6225,2Ery,Ery,10,Unknown
paul_c000359,8.790514,-1.342924,5Ery,Ery,10,Unknown
paul_c000360,-2.207433,2.016014,14Mo,Mo,1,Mo
paul_c000361,-2.583123,-0.9533852,14Mo,Mo,1,Mo
paul_c000362,1.191257,-0.5167354,9GMP,Progenitor,8,DC
paul_c000363,11.12949,-1.511033,4Ery,Ery,9,Ery
paul_c000364,1.224398,-0.2064423,10GMP,Progenitor,8,DC
paul_c000365,-1.275812,-1.139915,13Baso,Baso,1,Mo
paul_c000366,1.495934,-0.6133367,10GMP,Progenitor,8,DC
paul_c000367,7.284326,-0.717826,7MEP,Progenitor,0,Progenitor
paul_c000368,1.342499,0.2401304,10GMP,Progenitor,8,DC
paul_c000369,8.58617,-0.7037385,3Ery,Ery,10,Unknown
paul_c000370,11.22319,-2.939285,2Ery,Ery,9,Ery
paul_c000371,-2.483349,-0.8814555,14Mo,Mo,1,Mo
paul_c000372,2.205412,0.1462295,10GMP,Progenitor,8,DC
paul_c000373,-0.4702258,-2.377599,15Mo,Mo,2,Neu
paul_c000374,-1.384571,-2.173527,13Baso,Baso,1,Mo
paul_c000375,5.4532,-1.313602,7MEP,Progenitor,0,Progenitor
paul_c000376,6.117532,-1.268406,6Ery,Ery,0,Progenitor
paul_c000377,7.231704,-0.230219,7MEP,Progenitor,0,Progenitor
paul_c000378,8.541731,-1.136878,5Ery,Ery,10,Unknown
paul_c000379,-1.821274,-0.477834,14Mo,Mo,1,Mo
paul_c000380,-1.983121,0.6568293,13Baso,Baso,1,Mo
paul_c000381,0.8880242,0.2562093,10GMP,Progenitor,8,DC
paul_c000382,6.335381,-1.07582,7MEP,Progenitor,0,Progenitor
paul_c000383,12.71095,-0.9019337,3Ery,Ery,4,Ery
paul_c000384,5.251584,-0.4934199,7MEP,Progenitor,0,Progenitor
paul_c000385,0.2709595,-0.04401023,13Baso,Baso,8,DC
paul_c000386,12.14155,-2.402009,1Ery,Ery,9,Ery
paul_c000387,0.1370392,-0.1182383,14Mo,Mo,8,DC
paul_c000388,-1.869133,1.66706,13Baso,Baso,1,Mo
paul_c000389,0.4647004,0.005768531,10GMP,Progenitor,8,DC
paul_c000390,1.946066,-0.8172714,9GMP,Progenitor,8,DC
paul_c000391,9.381428,-0.446821,3Ery,Ery,4,Ery
paul_c000392,-1.161964,-0.3208088,13Baso,Baso,1,Mo
paul_c000393,10.70385,-2.680447,2Ery,Ery,9,Ery
paul_c000394,-1.150847,-0.02076562,13Baso,Baso,1,Mo
paul_c000395,10.41187,-3.091118,2Ery,Ery,9,Ery
paul_c000396,7.086047,-1.690428,6Ery,Ery,0,Progenitor
paul_c000397,7.295969,-0.7008187,6Ery,Ery,5,Unknown
paul_c000398,-2.256608,-0.5446148,13Baso,Baso,1,Mo
paul_c000399,8.598741,-1.041955,3Ery,Ery,10,Unknown
paul_c000400,-1.57181,-0.6450066,13Baso,Baso,1,Mo
paul_c000401,2.910205,16.67579,11DC,DC,14,DC
paul_c000402,-3.003805,-2.827513,14Mo,Mo,2,Neu
paul_c000403,2.387625,-0.0295142,10GMP,Progenitor,8,DC
paul_c000404,3.386852,-2.065883,8Mk,Mk,11,Mk
paul_c000405,1.521767,-1.028319,9GMP,Progenitor,8,DC
paul_c000406,10.32724,-2.782614,2Ery,Ery,9,Ery
paul_c000407,0.27041,-0.1603423,13Baso,Baso,8,DC
paul_c000408,-1.903675,1.757116,14Mo,Mo,1,Mo
paul_c000409,0.8199112,-0.7673434,13Baso,Baso,8,DC
paul_c000410,-2.087085,2.00711,14Mo,Mo,1,Mo
paul_c000411,9.645363,-2.858058,5Ery,Ery,10,Unknown
paul_c000412,-0.9266911,0.4061752,14Mo,Mo,1,Mo
paul_c000413,8.848965,-2.225905,5Ery,Ery,10,Unknown
paul_c000414,-1.660476,-0.8103143,13Baso,Baso,1,Mo
paul_c000415,4.083925,1.724678,12Baso,Baso,7,Eos
paul_c000416,-2.952706,-4.491906,16Neu,Neu,2,Neu
paul_c000417,2.816961,16.76198,11DC,DC,14,DC
paul_c000418,1.036379,-0.3280229,13Baso,Baso,8,DC
paul_c000419,-1.543385,1.709884,13Baso,Baso,1,Mo
paul_c000420,12.5405,-0.7599536,2Ery,Ery,4,Ery
paul_c000421,9.858152,-2.313998,2Ery,Ery,5,Unknown
paul_c000422,-0.3830623,-0.519869,14Mo,Mo,8,DC
paul_c000423,5.652133,-1.378345,7MEP,Progenitor,0,Progenitor
paul_c000424,9.073064,-2.956269,4Ery,Ery,10,Unknown
paul_c000425,7.602086,-2.405384,6Ery,Ery,10,Unknown
paul_c000426,0.1042512,0.4917302,13Baso,Baso,8,DC
paul_c000427,-1.282295,-0.1107735,14Mo,Mo,1,Mo
paul_c000428,-1.746343,1.696673,14Mo,Mo,1,Mo
paul_c000429,6.850318,-1.963362,6Ery,Ery,0,Progenitor
paul_c000430,4.136025,1.361418,12Baso,Baso,7,Eos
paul_c000431,8.782471,-0.8787029,6Ery,Ery,10,Unknown
paul_c000432,-0.1426959,-1.051154,14Mo,Mo,8,DC
paul_c000433,9.47444,-2.357254,2Ery,Ery,10,Unknown
paul_c000434,-0.7511073,-0.1028988,13Baso,Baso,1,Mo
paul_c000435,-1.619789,1.509339,13Baso,Baso,1,Mo
paul_c000436,-1.461892,-1.518854,14Mo,Mo,2,Neu
paul_c000437,6.558263,-1.165719,7MEP,Progenitor,0,Progenitor
paul_c000438,4.580062,-0.8792211,7MEP,Progenitor,0,Progenitor
paul_c000439,-1.817173,-3.755733,15Mo,Mo,2,Neu
paul_c000440,8.173578,-1.643791,5Ery,Ery,10,Unknown
paul_c000441,7.81799,-2.343222,5Ery,Ery,10,Unknown
paul_c000442,7.448061,-2.29916,5Ery,Ery,0,Progenitor
paul_c000443,8.257055,-2.541311,5Ery,Ery,10,Unknown
paul_c000444,-1.64367,-3.39177,15Mo,Mo,2,Neu
paul_c000445,12.0402,-2.852928,1Ery,Ery,9,Ery
paul_c000446,0.1817186,-0.7072149,13Baso,Baso,8,DC
paul_c000447,1.014659,-0.004129268,10GMP,Progenitor,8,DC
paul_c000448,6.792793,-0.799705,12Baso,Baso,10,Unknown
paul_c000449,11.58699,-1.33333,4Ery,Ery,9,Ery
paul_c000450,5.07905,2.068372,7MEP,Progenitor,7,Eos
paul_c000451,-1.859231,-4.786031,15Mo,Mo,2,Neu
paul_c000452,5.514603,5.533227,19Lymph,Lymph,12,Unknown
paul_c000453,-3.754519,-0.1949175,13Baso,Baso,1,Mo
paul_c000454,-2.365296,-1.18326,13Baso,Baso,1,Mo
paul_c000455,12.51346,-0.1401678,3Ery,Ery,4,Ery
paul_c000456,9.776261,-2.224088,3Ery,Ery,10,Unknown
paul_c000457,-2.075881,-3.4289,15Mo,Mo,2,Neu
paul_c000458,-2.464211,-3.470488,16Neu,Neu,2,Neu
paul_c000459,-2.17438,0.05117797,13Baso,Baso,1,Mo
paul_c000460,11.39118,-1.661109,2Ery,Ery,9,Ery
paul_c000461,-1.785729,-3.491878,15Mo,Mo,2,Neu
paul_c000462,4.819235,1.443509,17Neu,Neu,7,Eos
paul_c000463,-0.4151892,-2.791041,15Mo,Mo,2,Neu
paul_c000464,0.7403086,0.124017,13Baso,Baso,8,DC
paul_c000465,-3.593732,-3.649487,16Neu,Neu,2,Neu
paul_c000466,6.357377,-2.10636,6Ery,Ery,0,Progenitor
paul_c000467,8.229639,-0.9460134,5Ery,Ery,10,Unknown
paul_c000468,-2.834415,-1.010198,15Mo,Mo,1,Mo
paul_c000469,4.982753,-0.8982574,9GMP,Progenitor,0,Progenitor
paul_c000470,-2.58198,-0.4134164,13Baso,Baso,1,Mo
paul_c000471,-1.378635,-3.059842,15Mo,Mo,2,Neu
paul_c000472,-1.203465,0.9661037,13Baso,Baso,1,Mo
paul_c000473,6.195937,-1.067065,6Ery,Ery,0,Progenitor
paul_c000474,4.6692,-0.8570511,7MEP,Progenitor,11,Mk
paul_c000475,2.131488,-1.128517,12Baso,Baso,8,DC
paul_c000476,-3.427158,-4.136103,15Mo,Mo,2,Neu
paul_c000477,11.08809,-2.607594,2Ery,Ery,9,Ery
paul_c000478,0.1851338,0.2255381,13Baso,Baso,8,DC
paul_c000479,2.797346,-0.92629,10GMP,Progenitor,11,Mk
paul_c000480,-1.560828,-1.860014,14Mo,Mo,2,Neu
paul_c000481,-3.318801,0.2775196,14Mo,Mo,1,Mo
paul_c000482,-1.73372,-3.268436,14Mo,Mo,2,Neu
paul_c000483,-2.484761,-3.862698,15Mo,Mo,2,Neu
paul_c000484,7.835407,-2.374448,5Ery,Ery,10,Unknown
paul_c000485,-3.130617,-3.23551,16Neu,Neu,2,Neu
paul_c000486,8.593854,-1.109635,5Ery,Ery,10,Unknown
paul_c000487,-1.754516,-1.486072,14Mo,Mo,2,Neu
paul_c000488,-0.9582736,0.01192796,13Baso,Baso,1,Mo
paul_c000489,-2.681572,-4.314584,15Mo,Mo,2,Neu
paul_c000490,10.94631,-2.243601,2Ery,Ery,9,Ery
paul_c000491,12.01189,-0.2904118,2Ery,Ery,4,Ery
paul_c000492,10.64391,0.7185549,2Ery,Ery,9,Ery
paul_c000493,-0.6023878,0.8200264,13Baso,Baso,8,DC
paul_c000494,-0.08923094,0.5367839,13Baso,Baso,8,DC
paul_c000495,7.833231,-1.233601,5Ery,Ery,10,Unknown
paul_c000496,7.785242,-1.932894,5Ery,Ery,10,Unknown
paul_c000497,2.501578,-0.4013754,9GMP,Progenitor,8,DC
paul_c000498,-2.071558,1.71804,14Mo,Mo,1,Mo
paul_c000499,6.068701,1.158453,7MEP,Progenitor,0,Progenitor
paul_c000500,0.4510642,-0.4441295,14Mo,Mo,8,DC
paul_c000501,2.848422,16.71992,11DC,DC,14,DC
paul_c000502,-2.88941,-4.183828,16Neu,Neu,2,Neu
paul_c000503,12.25637,-1.282425,2Ery,Ery,9,Ery
paul_c000504,9.098224,-2.519076,2Ery,Ery,10,Unknown
paul_c000505,2.805781,-1.022848,10GMP,Progenitor,11,Mk
paul_c000506,3.54453,-2.1297,8Mk,Mk,11,Mk
paul_c000507,10.13823,-2.590942,2Ery,Ery,10,Unknown
paul_c000508,8.472745,-2.109953,5Ery,Ery,10,Unknown
paul_c000509,-2.33526,1.547342,13Baso,Baso,1,Mo
paul_c000510,-2.304065,1.834387,13Baso,Baso,1,Mo
paul_c000511,1.86641,-0.5940042,12Baso,Baso,8,DC
paul_c000512,5.852094,-1.158387,7MEP,Progenitor,0,Progenitor
paul_c000513,5.862406,-1.274615,7MEP,Progenitor,0,Progenitor
paul_c000514,-2.226404,2.172091,13Baso,Baso,1,Mo
paul_c000515,6.337268,-2.095386,6Ery,Ery,0,Progenitor
paul_c000516,9.396468,-2.100347,5Ery,Ery,10,Unknown
paul_c000517,-3.281121,-4.622966,16Neu,Neu,2,Neu
paul_c000518,-3.104048,0.1305543,14Mo,Mo,1,Mo
paul_c000519,-1.867507,0.09959984,13Baso,Baso,1,Mo
paul_c000520,9.96782,-2.113503,2Ery,Ery,10,Unknown
paul_c000521,-1.414633,-0.3096952,14Mo,Mo,1,Mo
paul_c000522,8.787237,-2.494719,5Ery,Ery,10,Unknown
paul_c000523,5.85416,-0.2977868,7MEP,Progenitor,0,Progenitor
paul_c000524,-0.1989916,1.129617,10GMP,Progenitor,8,DC
paul_c000525,5.565548,5.748656,19Lymph,Lymph,12,Unknown
paul_c000526,0.9312575,-1.354299,14Mo,Mo,8,DC
paul_c000527,9.638044,-2.579019,4Ery,Ery,10,Unknown
paul_c000528,-0.8551648,-2.388816,14Mo,Mo,2,Neu
paul_c000529,4.258799,-0.5155498,12Baso,Baso,8,DC
paul_c000530,2.793761,-0.4035462,9GMP,Progenitor,8,DC
paul_c000531,-1.027265,-3.054503,15Mo,Mo,2,Neu
paul_c000532,4.122987,2.487588,17Neu,Neu,7,Eos
paul_c000533,6.472916,-2.011278,7MEP,Progenitor,0,Progenitor
paul_c000534,-2.550847,-3.418269,16Neu,Neu,2,Neu
paul_c000535,-2.952824,-0.320042,13Baso,Baso,1,Mo
paul_c000536,9.992085,-0.4768515,3Ery,Ery,4,Ery
paul_c000537,-2.610851,-3.202902,15Mo,Mo,2,Neu
paul_c000538,10.32798,-2.579094,3Ery,Ery,9,Ery
paul_c000539,6.88404,-1.320325,7MEP,Progenitor,0,Progenitor
paul_c000540,3.538055,-2.263965,8Mk,Mk,11,Mk
paul_c000541,5.52784,5.869254,19Lymph,Lymph,12,Unknown
paul_c000542,9.402801,-2.851066,3Ery,Ery,10,Unknown
paul_c000543,-2.546153,1.99021,13Baso,Baso,1,Mo
paul_c000544,2.056183,-0.3295442,9GMP,Progenitor,8,DC
paul_c000545,9.338834,-1.957537,3Ery,Ery,10,Unknown
paul_c000546,9.221389,-2.230279,3Ery,Ery,10,Unknown
paul_c000547,10.89958,-2.043905,2Ery,Ery,9,Ery
paul_c000548,-3.616123,-3.439664,16Neu,Neu,2,Neu
paul_c000549,-2.026839,1.453574,14Mo,Mo,1,Mo
paul_c000550,-3.657442,-4.345073,16Neu,Neu,2,Neu
paul_c000551,6.938071,-1.166281,6Ery,Ery,0,Progenitor
paul_c000552,-1.998292,-0.6277295,14Mo,Mo,1,Mo
paul_c000553,7.936985,-2.008243,5Ery,Ery,10,Unknown
paul_c000554,-1.610271,0.1156194,14Mo,Mo,1,Mo
paul_c000555,-0.02973333,-1.50479,14Mo,Mo,8,DC
paul_c000556,5.233183,4.888929,19Lymph,Lymph,12,Unknown
paul_c000557,-2.484039,-2.574313,15Mo,Mo,2,Neu
paul_c000558,0.9447803,-0.2693459,13Baso,Baso,8,DC
paul_c000559,0.4651975,-1.941801,14Mo,Mo,8,DC
paul_c000560,-0.2750012,-0.2374658,13Baso,Baso,8,DC
paul_c000561,3.924039,2.327626,17Neu,Neu,7,Eos
paul_c000562,-1.586352,1.438141,14Mo,Mo,1,Mo
paul_c000563,10.57221,-2.78761,1Ery,Ery,9,Ery
paul_c000564,9.695391,-2.71182,2Ery,Ery,9,Ery
paul_c000565,8.193493,-1.992592,5Ery,Ery,10,Unknown
paul_c000566,6.239753,-1.065074,6Ery,Ery,0,Progenitor
paul_c000567,-3.025894,-1.230175,15Mo,Mo,1,Mo
paul_c000568,1.612553,-0.1963264,10GMP,Progenitor,8,DC
paul_c000569,6.36679,-1.704901,6Ery,Ery,0,Progenitor
paul_c000570,1.457944,-0.1188307,10GMP,Progenitor,8,DC
paul_c000571,6.169444,-1.216829,7MEP,Progenitor,0,Progenitor
paul_c000572,-2.651303,1.886622,14Mo,Mo,1,Mo
paul_c000573,0.4069557,0.8043464,13Baso,Baso,8,DC
paul_c000574,10.19025,-3.151445,2Ery,Ery,9,Ery
paul_c000575,-0.8505412,-2.779176,14Mo,Mo,2,Neu
paul_c000576,-2.132649,-2.104671,14Mo,Mo,2,Neu
paul_c000577,6.002304,-1.269347,6Ery,Ery,0,Progenitor
paul_c000578,0.930006,0.5958613,13Baso,Baso,8,DC
paul_c000579,-1.756,2.128248,14Mo,Mo,3,Mo
paul_c000580,-0.9137367,1.744722,14Mo,Mo,3,Mo
paul_c000581,10.20878,-1.427365,2Ery,Ery,10,Unknown
paul_c000582,7.84877,-1.869543,6Ery,Ery,10,Unknown
paul_c000583,-0.4528568,-0.1300529,13Baso,Baso,1,Mo
paul_c000584,1.531649,0.1039034,10GMP,Progenitor,8,DC
paul_c000585,-2.570391,-2.310375,15Mo,Mo,2,Neu
paul_c000586,-3.939956,-3.44026,16Neu,Neu,2,Neu
paul_c000587,2.06752,-0.4512318,10GMP,Progenitor,8,DC
paul_c000588,12.53182,-2.060245,1Ery,Ery,9,Ery
paul_c000589,-1.721076,1.467621,14Mo,Mo,1,Mo
paul_c000590,4.198328,1.305239,12Baso,Baso,7,Eos
paul_c000591,1.287064,0.2321244,10GMP,Progenitor,8,DC
paul_c000592,5.532758,-1.304528,12Baso,Baso,0,Progenitor
paul_c000593,-3.381651,-3.679472,16Neu,Neu,2,Neu
paul_c000594,2.425103,-0.615539,10GMP,Progenitor,8,DC
paul_c000595,-0.6342444,1.168052,13Baso,Baso,8,DC
paul_c000596,-3.57595,-3.92687,16Neu,Neu,2,Neu
paul_c000597,7.165433,-2.073128,6Ery,Ery,0,Progenitor
paul_c000598,8.271698,-2.68818,5Ery,Ery,10,Unknown
paul_c000599,1.609011,0.2151464,10GMP,Progenitor,8,DC
paul_c000600,-0.8490359,1.280412,13Baso,Baso,1,Mo
paul_c000601,5.552036,5.985118,19Lymph,Lymph,12,Unknown
paul_c000602,-1.924819,-1.268291,14Mo,Mo,1,Mo
paul_c000603,7.987698,-2.572711,5Ery,Ery,10,Unknown
paul_c000604,-0.6844038,0.1038996,13Baso,Baso,1,Mo
paul_c000605,-2.347579,1.043724,13Baso,Baso,1,Mo
paul_c000606,-1.667775,1.600959,13Baso,Baso,1,Mo
paul_c000607,5.705323,5.903507,19Lymph,Lymph,12,Unknown
paul_c000608,0.4778512,-1.61122,13Baso,Baso,8,DC
paul_c000609,10.62803,-1.88282,4Ery,Ery,10,Unknown
paul_c000610,3.565285,-1.798984,12Baso,Baso,11,Mk
paul_c000611,2.649805,-0.4349163,10GMP,Progenitor,8,DC
paul_c000612,2.883293,16.58785,11DC,DC,14,DC
paul_c000613,11.62463,-3.057608,1Ery,Ery,9,Ery
paul_c000614,5.708235,5.900899,19Lymph,Lymph,12,Unknown
paul_c000615,10.66227,-1.543358,3Ery,Ery,9,Ery
paul_c000616,7.353225,-0.8965895,6Ery,Ery,10,Unknown
paul_c000617,6.910534,-2.144478,6Ery,Ery,0,Progenitor
paul_c000618,10.97714,-2.843338,2Ery,Ery,9,Ery
paul_c000619,11.36721,-2.005327,2Ery,Ery,9,Ery
paul_c000620,-1.099115,1.004538,13Baso,Baso,1,Mo
paul_c000621,8.302587,-0.7848218,3Ery,Ery,10,Unknown
paul_c000622,-2.839722,-3.763124,15Mo,Mo,2,Neu
paul_c000623,10.06368,-3.18897,2Ery,Ery,9,Ery
paul_c000624,1.315098,-1.575596,10GMP,Progenitor,7,Eos
paul_c000625,8.060983,-1.78115,5Ery,Ery,10,Unknown
paul_c000626,-1.108584,0.5629227,13Baso,Baso,1,Mo
paul_c000627,1.789776,-0.04221567,9GMP,Progenitor,8,DC
paul_c000628,2.075385,0.5121784,9GMP,Progenitor,8,DC
paul_c000629,3.491757,1.291517,12Baso,Baso,7,Eos
paul_c000630,3.866358,1.480168,17Neu,Neu,7,Eos
paul_c000631,7.239127,-1.933897,6Ery,Ery,0,Progenitor
paul_c000632,7.142084,0.1550838,7MEP,Progenitor,0,Progenitor
paul_c000633,8.085502,-1.786707,6Ery,Ery,10,Unknown
paul_c000634,-1.495669,0.1022914,14Mo,Mo,1,Mo
paul_c000635,-1.284198,0.1664285,14Mo,Mo,1,Mo
paul_c000636,5.594752,5.504371,19Lymph,Lymph,12,Unknown
paul_c000637,-2.170155,-0.5634832,13Baso,Baso,1,Mo
paul_c000638,-1.171681,1.624366,13Baso,Baso,1,Mo
paul_c000639,9.777842,-2.151646,2Ery,Ery,10,Unknown
paul_c000640,-0.7004257,1.059399,13Baso,Baso,8,DC
paul_c000641,4.770455,0.9725649,7MEP,Progenitor,7,Eos
paul_c000642,8.621857,-2.642736,3Ery,Ery,10,Unknown
paul_c000643,0.2664015,-0.3228758,13Baso,Baso,8,DC
paul_c000644,-1.273467,-2.938805,15Mo,Mo,2,Neu
paul_c000645,-1.616083,0.9160113,13Baso,Baso,1,Mo
paul_c000646,2.842282,16.70963,11DC,DC,14,DC
paul_c000647,3.868712,2.53155,17Neu,Neu,7,Eos
paul_c000648,0.3854719,1.143989,13Baso,Baso,8,DC
paul_c000649,-2.128338,1.878944,14Mo,Mo,1,Mo
paul_c000650,9.753333,-3.15712,2Ery,Ery,9,Ery
paul_c000651,2.929707,16.63377,11DC,DC,14,DC
paul_c000652,0.3019699,-0.7782108,13Baso,Baso,8,DC
paul_c000653,-1.588284,0.2578299,13Baso,Baso,1,Mo
paul_c000654,10.40768,-2.902692,2Ery,Ery,9,Ery
paul_c000655,11.17974,-1.980839,2Ery,Ery,9,Ery
paul_c000656,-3.767489,-2.721867,16Neu,Neu,13,Neu
paul_c000657,-1.05379,2.14686,14Mo,Mo,3,Mo
paul_c000658,2.183033,0.3258949,10GMP,Progenitor,8,DC
paul_c000659,-3.550042,-3.735104,16Neu,Neu,2,Neu
paul_c000660,-3.920991,0.03518015,13Baso,Baso,1,Mo
paul_c000661,-0.09510698,0.6868408,10GMP,Progenitor,8,DC
paul_c000662,-3.279819,-2.805238,16Neu,Neu,2,Neu
paul_c000663,8.787488,-2.566271,2Ery,Ery,10,Unknown
paul_c000664,-1.288244,2.342806,14Mo,Mo,3,Mo
paul_c000665,4.171046,0.9419245,12Baso,Baso,7,Eos
paul_c000666,1.507753,1.607214,9GMP,Progenitor,8,DC
paul_c000667,9.883277,-3.272404,2Ery,Ery,9,Ery
paul_c000668,10.7811,-3.163003,2Ery,Ery,9,Ery
paul_c000669,10.599,-2.394813,2Ery,Ery,9,Ery
paul_c000670,7.632888,-1.519274,6Ery,Ery,0,Progenitor
paul_c000671,-0.5205727,1.288248,13Baso,Baso,8,DC
paul_c000672,0.2671092,0.8684174,14Mo,Mo,8,DC
paul_c000673,9.847445,-3.080941,2Ery,Ery,9,Ery
paul_c000674,9.486546,-2.647574,5Ery,Ery,10,Unknown
paul_c000675,-3.419909,-4.524373,16Neu,Neu,2,Neu
paul_c000676,7.177201,-2.28235,6Ery,Ery,0,Progenitor
paul_c000677,-0.1779441,1.535464,13Baso,Baso,3,Mo
paul_c000678,-2.110708,2.059692,14Mo,Mo,1,Mo
paul_c000679,8.245048,-2.189331,5Ery,Ery,10,Unknown
paul_c000680,9.220373,-2.962444,5Ery,Ery,10,Unknown
paul_c000681,11.03067,-3.280979,2Ery,Ery,9,Ery
paul_c000682,8.46547,-2.331334,4Ery,Ery,10,Unknown
paul_c000683,10.02169,-3.103818,2Ery,Ery,9,Ery
paul_c000684,1.139955,0.05978811,10GMP,Progenitor,8,DC
paul_c000685,8.441315,-2.715257,5Ery,Ery,10,Unknown
paul_c000686,-0.1839844,-0.8523649,13Baso,Baso,8,DC
paul_c000687,-0.9834418,-0.6681319,13Baso,Baso,1,Mo
paul_c000688,9.915393,-2.718618,2Ery,Ery,9,Ery
paul_c000689,3.306043,-0.9396986,12Baso,Baso,11,Mk
paul_c000690,3.81544,1.434176,12Baso,Baso,7,Eos
paul_c000691,-3.377833,-3.891299,15Mo,Mo,2,Neu
paul_c000692,-1.357226,-0.6391001,13Baso,Baso,1,Mo
paul_c000693,-1.542366,0.6208637,13Baso,Baso,1,Mo
paul_c000694,-2.216365,1.826754,13Baso,Baso,1,Mo
paul_c000695,-0.5203879,0.6445283,13Baso,Baso,8,DC
paul_c000696,1.676351,0.08099321,10GMP,Progenitor,8,DC
paul_c000697,-3.2595,-3.74436,14Mo,Mo,2,Neu
paul_c000698,-1.853383,-0.09334072,13Baso,Baso,1,Mo
paul_c000699,6.233461,-0.467591,7MEP,Progenitor,0,Progenitor
paul_c000700,-2.525924,-0.9192528,13Baso,Baso,1,Mo
paul_c000701,3.940234,-0.2275913,9GMP,Progenitor,11,Mk
paul_c000702,-2.833171,0.3006106,14Mo,Mo,1,Mo
paul_c000703,13.77113,1.332585,1Ery,Ery,6,Ery
paul_c000704,12.32427,1.35358,3Ery,Ery,6,Ery
paul_c000705,-3.928953,0.06818684,13Baso,Baso,1,Mo
paul_c000706,-3.644319,2.034417,13Baso,Baso,3,Mo
paul_c000707,-4.871881,-1.094333,15Mo,Mo,13,Neu
paul_c000708,12.71351,1.351352,2Ery,Ery,6,Ery
paul_c000709,-1.006548,-1.16028,13Baso,Baso,13,Neu
paul_c000710,10.39203,1.215513,5Ery,Ery,5,Unknown
paul_c000711,-4.450194,1.22639,14Mo,Mo,3,Mo
paul_c000712,12.08663,1.877879,3Ery,Ery,6,Ery
paul_c000713,7.943419,1.824972,6Ery,Ery,5,Unknown
paul_c000714,10.86086,2.043642,2Ery,Ery,6,Ery
paul_c000715,5.292869,5.129327,19Lymph,Lymph,12,Unknown
paul_c000716,-3.59587,-1.95026,15Mo,Mo,13,Neu
paul_c000717,3.648371,0.7289422,12Baso,Baso,7,Eos
paul_c000718,4.728993,0.6432997,7MEP,Progenitor,7,Eos
paul_c000719,13.60523,1.33439,2Ery,Ery,6,Ery
paul_c000720,3.56146,-0.8217836,8Mk,Mk,11,Mk
paul_c000721,-3.677372,1.426997,14Mo,Mo,3,Mo
paul_c000722,-3.704159,1.175408,14Mo,Mo,3,Mo
paul_c000723,3.058397,0.01604449,8Mk,Mk,11,Mk
paul_c000724,9.078684,1.201548,5Ery,Ery,5,Unknown
paul_c000725,-1.402226,-1.063192,14Mo,Mo,3,Mo
paul_c000726,12.46456,2.264539,2Ery,Ery,6,Ery
paul_c000727,11.71445,1.301611,3Ery,Ery,6,Ery
paul_c000728,1.049271,1.082869,9GMP,Progenitor,8,DC
paul_c000729,9.629381,1.912152,5Ery,Ery,5,Unknown
paul_c000730,12.02471,-1.348612,3Ery,Ery,9,Ery
paul_c000731,10.42306,0.2989468,5Ery,Ery,5,Unknown
paul_c000732,-2.818419,1.943361,14Mo,Mo,3,Mo
paul_c000733,11.70944,2.296407,2Ery,Ery,6,Ery
paul_c000734,11.81991,2.288497,2Ery,Ery,6,Ery
paul_c000735,-2.798938,-1.997084,14Mo,Mo,13,Neu
paul_c000736,-3.542824,-1.821674,16Neu,Neu,13,Neu
paul_c000737,3.114699,0.1905643,9GMP,Progenitor,11,Mk
paul_c000738,-5.090418,-2.551583,16Neu,Neu,13,Neu
paul_c000739,-4.647476,-1.313615,15Mo,Mo,13,Neu
paul_c000740,1.265377,1.436484,10GMP,Progenitor,8,DC
paul_c000741,12.29903,2.11873,3Ery,Ery,6,Ery
paul_c000742,-3.073407,2.451105,14Mo,Mo,3,Mo
paul_c000743,3.824725,-0.1146872,8Mk,Mk,11,Mk
paul_c000744,-1.682199,2.118426,14Mo,Mo,3,Mo
paul_c000745,-4.300002,1.431812,15Mo,Mo,3,Mo
paul_c000746,-1.485124,-0.9704512,16Neu,Neu,3,Mo
paul_c000747,10.29737,1.565854,5Ery,Ery,5,Unknown
paul_c000748,-2.092966,0.4199253,14Mo,Mo,3,Mo
paul_c000749,-4.391339,-2.864194,16Neu,Neu,13,Neu
paul_c000750,9.130358,1.246646,4Ery,Ery,5,Unknown
paul_c000751,12.45653,2.530332,2Ery,Ery,6,Ery
paul_c000752,-1.433071,1.896726,13Baso,Baso,3,Mo
paul_c000753,-4.195307,0.8948255,14Mo,Mo,1,Mo
paul_c000754,-1.090099,0.4754026,13Baso,Baso,3,Mo
paul_c000755,8.270965,1.57826,5Ery,Ery,5,Unknown
paul_c000756,-1.338194,0.8074867,13Baso,Baso,3,Mo
paul_c000757,4.812799,0.3405918,7MEP,Progenitor,0,Progenitor
paul_c000758,-3.371412,-2.018539,15Mo,Mo,13,Neu
paul_c000759,7.15887,1.49311,6Ery,Ery,0,Progenitor
paul_c000760,-4.733949,-2.208823,16Neu,Neu,13,Neu
paul_c000761,-1.567799,-1.672977,15Mo,Mo,13,Neu
paul_c000762,4.116822,1.645094,12Baso,Baso,7,Eos
paul_c000763,7.235309,1.617836,6Ery,Ery,5,Unknown
paul_c000764,-2.743797,3.147447,13Baso,Baso,3,Mo
paul_c000765,-1.219048,-1.374059,14Mo,Mo,13,Neu
paul_c000766,-4.986799,-2.392751,16Neu,Neu,13,Neu
paul_c000767,-1.601413,0.891705,14Mo,Mo,3,Mo
paul_c000768,-2.08154,2.297249,14Mo,Mo,3,Mo
paul_c000769,11.1242,1.101572,2Ery,Ery,9,Ery
paul_c000770,7.360322,0.2135896,6Ery,Ery,5,Unknown
paul_c000771,6.996826,1.654738,6Ery,Ery,5,Unknown
paul_c000772,0.7325699,0.9959624,13Baso,Baso,8,DC
paul_c000773,-1.946556,2.292127,14Mo,Mo,3,Mo
paul_c000774,-4.618075,-2.882973,16Neu,Neu,13,Neu
paul_c000775,12.22401,1.755466,2Ery,Ery,6,Ery
paul_c000776,12.63074,2.092043,2Ery,Ery,6,Ery
paul_c000777,10.1233,1.419108,5Ery,Ery,5,Unknown
paul_c000778,10.51376,0.9591548,2Ery,Ery,5,Unknown
paul_c000779,8.399619,-0.4085446,5Ery,Ery,10,Unknown
paul_c000780,11.3613,-1.322226,1Ery,Ery,9,Ery
paul_c000781,0.2660072,1.66031,13Baso,Baso,8,DC
paul_c000782,-1.463862,2.384184,14Mo,Mo,3,Mo
paul_c000783,-3.092293,2.121625,14Mo,Mo,3,Mo
paul_c000784,-3.842965,-3.139224,16Neu,Neu,2,Neu
paul_c000785,12.67293,1.777363,1Ery,Ery,6,Ery
paul_c000786,9.515032,1.75008,6Ery,Ery,5,Unknown
paul_c000787,-1.858664,-1.19828,14Mo,Mo,1,Mo
paul_c000788,-3.266062,0.09788921,14Mo,Mo,3,Mo
paul_c000789,-2.731357,-0.2300908,15Mo,Mo,3,Mo
paul_c000790,-4.415286,0.38437,13Baso,Baso,1,Mo
paul_c000791,-1.161031,-2.158791,15Mo,Mo,2,Neu
paul_c000792,11.76537,2.476466,1Ery,Ery,6,Ery
paul_c000793,3.430064,-1.832675,8Mk,Mk,11,Mk
paul_c000794,-4.833632,-1.455684,15Mo,Mo,13,Neu
paul_c000795,-4.220816,0.8972378,14Mo,Mo,3,Mo
paul_c000796,1.090494,-1.461462,10GMP,Progenitor,8,DC
paul_c000797,1.817809,-0.712449,9GMP,Progenitor,8,DC
paul_c000798,8.582563,1.064094,4Ery,Ery,5,Unknown
paul_c000799,-3.666919,-0.1837746,15Mo,Mo,3,Mo
paul_c000800,11.75771,0.8935353,4Ery,Ery,6,Ery
paul_c000801,2.6651,16.90176,11DC,DC,14,DC
paul_c000802,12.00185,1.896561,2Ery,Ery,6,Ery
paul_c000803,-1.402083,0.02537117,14Mo,Mo,3,Mo
paul_c000804,-1.138556,2.374034,14Mo,Mo,3,Mo
paul_c000805,3.607011,-0.3158111,8Mk,Mk,11,Mk
paul_c000806,0.1545275,-0.7793525,13Baso,Baso,8,DC
paul_c000807,8.557774,0.9515263,6Ery,Ery,5,Unknown
paul_c000808,-1.803102,0.5634987,13Baso,Baso,3,Mo
paul_c000809,9.229153,0.5739182,4Ery,Ery,5,Unknown
paul_c000810,0.8373681,1.460897,13Baso,Baso,8,DC
paul_c000811,-3.063232,2.143365,15Mo,Mo,3,Mo
paul_c000812,0.4669546,2.196322,13Baso,Baso,8,DC
paul_c000813,12.63444,-0.8530015,4Ery,Ery,4,Ery
paul_c000814,11.57888,1.975343,2Ery,Ery,6,Ery
paul_c000815,-4.774185,-2.763079,16Neu,Neu,13,Neu
paul_c000816,11.51451,2.701771,2Ery,Ery,6,Ery
paul_c000817,9.159574,2.086921,5Ery,Ery,5,Unknown
paul_c000818,12.20307,2.84767,2Ery,Ery,6,Ery
paul_c000819,7.941246,1.311826,5Ery,Ery,5,Unknown
paul_c000820,0.8260108,1.912419,10GMP,Progenitor,8,DC
paul_c000821,-2.720273,0.1645707,13Baso,Baso,1,Mo
paul_c000822,-1.300213,1.007705,13Baso,Baso,3,Mo
paul_c000823,3.253529,-0.1835546,8Mk,Mk,11,Mk
paul_c000824,-4.793661,-2.251504,16Neu,Neu,13,Neu
paul_c000825,-0.1944313,2.668566,13Baso,Baso,3,Mo
paul_c000826,6.853912,1.588524,7MEP,Progenitor,5,Unknown
paul_c000827,11.56403,-0.4504328,4Ery,Ery,9,Ery
paul_c000828,-0.6451247,-0.2917435,13Baso,Baso,8,DC
paul_c000829,7.378525,1.780486,6Ery,Ery,5,Unknown
paul_c000830,10.10188,1.950555,2Ery,Ery,5,Unknown
paul_c000831,-1.12761,2.631665,14Mo,Mo,3,Mo
paul_c000832,-4.59557,-2.776409,16Neu,Neu,13,Neu
paul_c000833,12.76325,1.750312,2Ery,Ery,6,Ery
paul_c000834,-0.04674072,-0.8724402,13Baso,Baso,8,DC
paul_c000835,-1.734466,-1.119041,14Mo,Mo,3,Mo
paul_c000836,8.208581,1.353986,6Ery,Ery,5,Unknown
paul_c000837,10.75982,2.806642,2Ery,Ery,6,Ery
paul_c000838,10.18603,1.516985,2Ery,Ery,5,Unknown
paul_c000839,11.52134,2.510242,2Ery,Ery,6,Ery
paul_c000840,4.013231,-0.9961138,8Mk,Mk,11,Mk
paul_c000841,11.70039,2.388729,2Ery,Ery,6,Ery
paul_c000842,11.98211,0.5072282,4Ery,Ery,6,Ery
paul_c000843,-2.779266,2.228013,14Mo,Mo,3,Mo
paul_c000844,3.722551,1.161017,17Neu,Neu,7,Eos
paul_c000845,8.031726,1.8004,5Ery,Ery,5,Unknown
paul_c000846,-1.640464,1.197644,13Baso,Baso,3,Mo
paul_c000847,5.29837,0.1176342,7MEP,Progenitor,0,Progenitor
paul_c000848,9.292841,1.312616,3Ery,Ery,5,Unknown
paul_c000849,10.07594,1.566309,5Ery,Ery,5,Unknown
paul_c000850,-1.757614,2.429556,13Baso,Baso,3,Mo
paul_c000851,3.330363,-1.627495,8Mk,Mk,11,Mk
paul_c000852,7.038929,1.06736,6Ery,Ery,5,Unknown
paul_c000853,10.12526,1.528186,5Ery,Ery,5,Unknown
paul_c000854,7.963496,0.9100726,5Ery,Ery,5,Unknown
paul_c000855,3.004297,16.53881,11DC,DC,14,DC
paul_c000856,11.94299,2.029777,5Ery,Ery,6,Ery
paul_c000857,-1.981837,-0.6937189,15Mo,Mo,3,Mo
paul_c000858,10.80981,0.6468871,2Ery,Ery,9,Ery
paul_c000859,10.92736,0.8430943,2Ery,Ery,5,Unknown
paul_c000860,-4.117007,-2.656682,15Mo,Mo,13,Neu
paul_c000861,-3.075359,-3.026025,15Mo,Mo,2,Neu
paul_c000862,-0.8132929,-1.247708,13Baso,Baso,13,Neu
paul_c000863,-3.281771,1.996234,14Mo,Mo,3,Mo
paul_c000864,-3.770802,2.077532,14Mo,Mo,3,Mo
paul_c000865,-1.899362,2.758983,14Mo,Mo,3,Mo
paul_c000866,8.030824,0.9430782,5Ery,Ery,5,Unknown
paul_c000867,6.745118,1.520871,7MEP,Progenitor,0,Progenitor
paul_c000868,10.04243,0.9857723,3Ery,Ery,5,Unknown
paul_c000869,12.18755,-0.05444653,2Ery,Ery,4,Ery
paul_c000870,6.132021,1.479934,7MEP,Progenitor,5,Unknown
paul_c000871,12.13989,2.804245,1Ery,Ery,6,Ery
paul_c000872,-3.478802,2.048865,14Mo,Mo,3,Mo
paul_c000873,11.21921,1.095811,2Ery,Ery,6,Ery
paul_c000874,-2.941983,-1.827043,15Mo,Mo,13,Neu
paul_c000875,-1.902533,-1.045278,13Baso,Baso,3,Mo
paul_c000876,8.907132,0.3873427,4Ery,Ery,5,Unknown
paul_c000877,-1.863649,-1.740796,13Baso,Baso,3,Mo
paul_c000878,8.005633,1.493773,6Ery,Ery,5,Unknown
paul_c000879,1.765235,-1.164148,9GMP,Progenitor,8,DC
paul_c000880,13.54063,1.093679,3Ery,Ery,6,Ery
paul_c000881,8.360368,1.025125,6Ery,Ery,5,Unknown
paul_c000882,12.30642,1.276064,1Ery,Ery,6,Ery
paul_c000883,10.96527,1.480483,4Ery,Ery,6,Ery
paul_c000884,-3.238102,0.7111998,13Baso,Baso,3,Mo
paul_c000885,1.50155,0.2799255,9GMP,Progenitor,8,DC
paul_c000886,5.923138,0.9919752,7MEP,Progenitor,0,Progenitor
paul_c000887,-3.407966,1.947903,14Mo,Mo,3,Mo
paul_c000888,-0.6532564,-1.269186,13Baso,Baso,13,Neu
paul_c000889,-2.862869,1.364915,13Baso,Baso,3,Mo
paul_c000890,5.147702,4.934881,19Lymph,Lymph,12,Unknown
paul_c000891,1.789777,1.421836,10GMP,Progenitor,8,DC
paul_c000892,3.406052,0.5893464,9GMP,Progenitor,7,Eos
paul_c000893,9.002213,1.242586,5Ery,Ery,5,Unknown
paul_c000894,-4.848405,-2.973126,16Neu,Neu,13,Neu
paul_c000895,-3.93718,2.105858,14Mo,Mo,3,Mo
paul_c000896,-2.791876,-1.960444,15Mo,Mo,13,Neu
paul_c000897,11.16685,2.296698,2Ery,Ery,6,Ery
paul_c000898,11.76611,2.330088,3Ery,Ery,6,Ery
paul_c000899,-0.5435783,-1.195404,13Baso,Baso,13,Neu
paul_c000900,8.16242,1.426018,6Ery,Ery,5,Unknown
paul_c000901,9.70705,1.821198,4Ery,Ery,5,Unknown
paul_c000902,12.98293,1.347482,3Ery,Ery,6,Ery
paul_c000903,-4.810703,-2.402094,16Neu,Neu,13,Neu
paul_c000904,3.153872,0.2238565,9GMP,Progenitor,7,Eos
paul_c000905,2.756367,0.6282515,9GMP,Progenitor,11,Mk
paul_c000906,5.319648,1.590831,12Baso,Baso,7,Eos
paul_c000907,6.426852,1.28914,7MEP,Progenitor,0,Progenitor
paul_c000908,-4.20593,-1.513052,16Neu,Neu,13,Neu
paul_c000909,7.951229,0.9610444,6Ery,Ery,5,Unknown
paul_c000910,-0.3309368,-1.117086,13Baso,Baso,8,DC
paul_c000911,3.810041,2.277749,17Neu,Neu,7,Eos
paul_c000912,-3.238758,0.8846272,14Mo,Mo,3,Mo
paul_c000913,12.08974,1.249415,3Ery,Ery,6,Ery
paul_c000914,-4.99394,-2.542597,16Neu,Neu,13,Neu
paul_c000915,-0.3677826,-0.1989358,13Baso,Baso,8,DC
paul_c000916,-3.514925,2.572497,14Mo,Mo,3,Mo
paul_c000917,13.63752,1.400289,3Ery,Ery,6,Ery
paul_c000918,-0.9199552,1.478069,14Mo,Mo,3,Mo
paul_c000919,-4.666632,-2.528914,16Neu,Neu,13,Neu
paul_c000920,12.45346,2.383316,2Ery,Ery,6,Ery
paul_c000921,3.027407,2.422169,18Eos,Eos,7,Eos
paul_c000922,6.32527,0.8756455,7MEP,Progenitor,0,Progenitor
paul_c000923,6.092219,1.296767,7MEP,Progenitor,0,Progenitor
paul_c000924,9.45934,1.047619,5Ery,Ery,5,Unknown
paul_c000925,-4.037146,1.551018,16Neu,Neu,3,Mo
paul_c000926,11.40884,2.783646,2Ery,Ery,6,Ery
paul_c000927,9.809916,1.082374,5Ery,Ery,5,Unknown
paul_c000928,-2.919568,1.395151,13Baso,Baso,3,Mo
paul_c000929,7.263837,1.156187,6Ery,Ery,0,Progenitor
paul_c000930,-3.854924,2.297135,14Mo,Mo,3,Mo
paul_c000931,3.661626,1.963192,12Baso,Baso,7,Eos
paul_c000932,-0.2709567,0.6273134,13Baso,Baso,8,DC
paul_c000933,10.11201,1.557061,5Ery,Ery,5,Unknown
paul_c000934,10.40832,0.9232338,2Ery,Ery,9,Ery
paul_c000935,11.67701,2.303643,2Ery,Ery,6,Ery
paul_c000936,-1.225804,2.289705,14Mo,Mo,3,Mo
paul_c000937,-4.301958,-2.257691,16Neu,Neu,13,Neu
paul_c000938,0.06286017,0.5228556,14Mo,Mo,3,Mo
paul_c000939,12.50742,2.281615,1Ery,Ery,6,Ery
paul_c000940,2.887975,16.72894,11DC,DC,14,DC
paul_c000941,12.38202,2.484901,1Ery,Ery,6,Ery
paul_c000942,-0.2381093,0.1807647,13Baso,Baso,8,DC
paul_c000943,11.13881,1.231435,3Ery,Ery,5,Unknown
paul_c000944,10.85974,0.1130025,5Ery,Ery,5,Unknown
paul_c000945,-4.322412,-2.982466,16Neu,Neu,13,Neu
paul_c000946,-4.042561,-2.005903,16Neu,Neu,13,Neu
paul_c000947,7.542363,1.470622,6Ery,Ery,5,Unknown
paul_c000948,12.67145,2.44383,1Ery,Ery,6,Ery
paul_c000949,0.06991442,1.974243,14Mo,Mo,3,Mo
paul_c000950,-2.972795,-2.161522,16Neu,Neu,13,Neu
paul_c000951,11.20023,0.812023,2Ery,Ery,6,Ery
paul_c000952,5.500812,1.152919,10GMP,Progenitor,7,Eos
paul_c000953,9.383035,1.969057,5Ery,Ery,5,Unknown
paul_c000954,-3.196711,2.59297,14Mo,Mo,3,Mo
paul_c000955,11.72275,2.67383,2Ery,Ery,6,Ery
paul_c000956,7.981207,1.268682,6Ery,Ery,5,Unknown
paul_c000957,10.82736,1.102075,5Ery,Ery,6,Ery
paul_c000958,12.5837,1.048638,1Ery,Ery,9,Ery
paul_c000959,6.507378,0.2376412,5Ery,Ery,0,Progenitor
paul_c000960,-2.641343,-1.711195,15Mo,Mo,13,Neu
paul_c000961,5.33359,5.022524,19Lymph,Lymph,12,Unknown
paul_c000962,1.114968,1.393514,10GMP,Progenitor,8,DC
paul_c000963,10.86045,2.72546,2Ery,Ery,6,Ery
paul_c000964,9.720909,1.404325,5Ery,Ery,5,Unknown
paul_c000965,6.012122,1.099307,7MEP,Progenitor,5,Unknown
paul_c000966,9.31601,0.5071487,6Ery,Ery,5,Unknown
paul_c000967,3.280908,16.38409,11DC,DC,14,DC
paul_c000968,9.953208,1.555695,4Ery,Ery,5,Unknown
paul_c000969,-4.394892,0.4344963,15Mo,Mo,1,Mo
paul_c000970,13.20538,1.38719,3Ery,Ery,6,Ery
paul_c000971,13.60783,1.515556,2Ery,Ery,6,Ery
paul_c000972,5.631178,0.4001171,7MEP,Progenitor,0,Progenitor
paul_c000973,13.67136,1.624259,1Ery,Ery,6,Ery
paul_c000974,5.552,0.1292722,7MEP,Progenitor,0,Progenitor
paul_c000975,9.022483,1.412449,5Ery,Ery,5,Unknown
paul_c000976,12.00753,1.532213,3Ery,Ery,6,Ery
paul_c000977,11.40208,-1.134515,3Ery,Ery,4,Ery
paul_c000978,-1.026873,-0.5991395,13Baso,Baso,13,Neu
paul_c000979,10.8981,-0.1224796,3Ery,Ery,4,Ery
paul_c000980,-2.931139,-2.920681,15Mo,Mo,2,Neu
paul_c000981,-3.54336,0.9689189,15Mo,Mo,3,Mo
paul_c000982,10.16467,2.203007,4Ery,Ery,6,Ery
paul_c000983,-3.699692,1.438961,14Mo,Mo,3,Mo
paul_c000984,12.62699,1.93746,2Ery,Ery,6,Ery
paul_c000985,11.18021,1.74042,2Ery,Ery,6,Ery
paul_c000986,-4.759106,-1.780644,16Neu,Neu,13,Neu
paul_c000987,-2.966871,-0.3481689,13Baso,Baso,1,Mo
paul_c000988,0.5393586,0.2950998,14Mo,Mo,8,DC
paul_c000989,7.81709,1.046192,5Ery,Ery,5,Unknown
paul_c000990,-3.988535,-2.117638,16Neu,Neu,13,Neu
paul_c000991,-2.962081,2.870049,14Mo,Mo,3,Mo
paul_c000992,-2.706535,1.647793,16Neu,Neu,3,Mo
paul_c000993,3.589712,-1.097117,8Mk,Mk,11,Mk
paul_c000994,6.715167,0.001430968,7MEP,Progenitor,0,Progenitor
paul_c000995,3.76941,-0.6348318,8Mk,Mk,11,Mk
paul_c000996,-2.454413,2.874647,14Mo,Mo,3,Mo
paul_c000997,0.6042234,1.876872,10GMP,Progenitor,8,DC
paul_c000998,10.80403,2.422032,5Ery,Ery,6,Ery
paul_c000999,6.295781,1.294533,10GMP,Progenitor,5,Unknown
paul_c001000,10.62326,2.025629,3Ery,Ery,6,Ery
paul_c001001,0.04584638,-0.3272147,13Baso,Baso,8,DC
paul_c001002,-2.93675,0.4781451,14Mo,Mo,3,Mo
paul_c001003,12.46037,1.567929,3Ery,Ery,6,Ery
paul_c001004,9.678406,1.726483,2Ery,Ery,5,Unknown
paul_c001005,11.50632,2.593054,2Ery,Ery,6,Ery
paul_c001006,-2.504511,-1.64683,14Mo,Mo,13,Neu
paul_c001007,10.99143,2.024345,2Ery,Ery,6,Ery
paul_c001008,7.576003,-0.7358623,6Ery,Ery,10,Unknown
paul_c001009,10.81247,1.379079,4Ery,Ery,6,Ery
paul_c001010,-2.833003,-2.80834,15Mo,Mo,2,Neu
paul_c001011,-0.303513,0.7919058,13Baso,Baso,8,DC
paul_c001012,8.853216,1.815321,6Ery,Ery,5,Unknown
paul_c001013,3.628969,1.214041,12Baso,Baso,7,Eos
paul_c001014,-5.084142,-2.644936,16Neu,Neu,13,Neu
paul_c001015,-1.877191,2.576712,14Mo,Mo,3,Mo
paul_c001016,-3.712711,-1.902109,15Mo,Mo,13,Neu
paul_c001017,-3.462464,0.9911331,13Baso,Baso,3,Mo
paul_c001018,10.59155,1.734066,2Ery,Ery,6,Ery
paul_c001019,-1.764964,2.71748,14Mo,Mo,3,Mo
paul_c001020,-1.341104,2.432499,14Mo,Mo,3,Mo
paul_c001021,4.893129,0.9189304,12Baso,Baso,7,Eos
paul_c001022,3.639382,0.9392479,10GMP,Progenitor,7,Eos
paul_c001023,6.802025,1.298301,7MEP,Progenitor,0,Progenitor
paul_c001024,11.39103,1.543697,2Ery,Ery,6,Ery
paul_c001025,9.663738,1.116843,4Ery,Ery,5,Unknown
paul_c001026,10.31604,1.275325,3Ery,Ery,5,Unknown
paul_c001027,-3.895844,-2.33767,16Neu,Neu,13,Neu
paul_c001028,9.869391,1.638622,5Ery,Ery,5,Unknown
paul_c001029,11.03042,1.933046,2Ery,Ery,6,Ery
paul_c001030,9.6161,1.685477,3Ery,Ery,5,Unknown
paul_c001031,11.82797,-1.83292,2Ery,Ery,9,Ery
paul_c001032,-1.862208,2.31107,14Mo,Mo,3,Mo
paul_c001033,-3.078682,1.445306,14Mo,Mo,3,Mo
paul_c001034,3.327141,-1.830979,8Mk,Mk,11,Mk
paul_c001035,10.00638,-2.093673,5Ery,Ery,5,Unknown
paul_c001036,7.0706,0.8478353,7MEP,Progenitor,5,Unknown
paul_c001037,6.101005,1.021942,7MEP,Progenitor,0,Progenitor
paul_c001038,-5.044147,-2.26914,16Neu,Neu,13,Neu
paul_c001039,11.152,-0.4874244,2Ery,Ery,9,Ery
paul_c001040,-0.06651115,0.9073581,13Baso,Baso,8,DC
paul_c001041,9.822204,0.4923615,5Ery,Ery,5,Unknown
paul_c001042,9.5392,0.88271,5Ery,Ery,5,Unknown
paul_c001043,-3.352642,-2.023273,14Mo,Mo,13,Neu
paul_c001044,7.204968,1.442474,6Ery,Ery,0,Progenitor
paul_c001045,-2.153972,2.820973,14Mo,Mo,3,Mo
paul_c001046,4.701143,0.6453021,7MEP,Progenitor,7,Eos
paul_c001047,10.90433,2.422166,2Ery,Ery,6,Ery
paul_c001048,-0.3905532,1.686768,13Baso,Baso,8,DC
paul_c001049,11.096,0.8977656,2Ery,Ery,9,Ery
paul_c001050,-0.4593957,2.711371,14Mo,Mo,3,Mo
paul_c001051,10.72158,1.111932,2Ery,Ery,9,Ery
paul_c001052,-2.47034,-2.303193,15Mo,Mo,13,Neu
paul_c001053,9.706014,1.893167,3Ery,Ery,5,Unknown
paul_c001054,8.943911,0.8180233,5Ery,Ery,5,Unknown
paul_c001055,3.342515,-0.9659582,10GMP,Progenitor,11,Mk
paul_c001056,7.277782,0.955722,6Ery,Ery,0,Progenitor
paul_c001057,-3.48783,0.05878384,15Mo,Mo,1,Mo
paul_c001058,13.58702,-0.9904956,1Ery,Ery,4,Ery
paul_c001059,10.51649,0.08333185,4Ery,Ery,4,Ery
paul_c001060,5.006063,1.924339,12Baso,Baso,7,Eos
paul_c001061,9.460254,-0.7783482,4Ery,Ery,10,Unknown
paul_c001062,-3.165355,0.0230044,13Baso,Baso,1,Mo
paul_c001063,10.03145,-0.2536779,6Ery,Ery,4,Ery
paul_c001064,11.53247,-0.00146955,3Ery,Ery,4,Ery
paul_c001065,5.668667,-0.3518673,8Mk,Mk,0,Progenitor
paul_c001066,9.20992,0.1368796,6Ery,Ery,4,Ery
paul_c001067,13.2786,-0.5601839,3Ery,Ery,4,Ery
paul_c001068,11.77451,-1.194841,3Ery,Ery,4,Ery
paul_c001069,13.0056,-0.3293039,4Ery,Ery,4,Ery
paul_c001070,-1.777435,-4.438979,16Neu,Neu,2,Neu
paul_c001071,6.201814,0.1807575,7MEP,Progenitor,0,Progenitor
paul_c001072,13.63275,0.1830116,3Ery,Ery,4,Ery
paul_c001073,-1.306868,-3.339735,15Mo,Mo,2,Neu
paul_c001074,1.329467,0.08063206,10GMP,Progenitor,8,DC
paul_c001075,1.760762,-1.895199,12Baso,Baso,7,Eos
paul_c001076,13.55211,-0.5852082,3Ery,Ery,4,Ery
paul_c001077,12.6577,-0.3586827,3Ery,Ery,4,Ery
paul_c001078,-3.381825,-0.8289269,14Mo,Mo,1,Mo
paul_c001079,1.768247,-1.259552,9GMP,Progenitor,8,DC
paul_c001080,4.26365,1.089688,12Baso,Baso,7,Eos
paul_c001081,-2.114371,-2.897924,15Mo,Mo,2,Neu
paul_c001082,-1.990554,-3.580521,15Mo,Mo,2,Neu
paul_c001083,11.72877,-1.602494,2Ery,Ery,9,Ery
paul_c001084,-3.261377,-0.7229522,14Mo,Mo,1,Mo
paul_c001085,11.90553,-1.432746,4Ery,Ery,9,Ery
paul_c001086,12.72109,-0.8573691,3Ery,Ery,4,Ery
paul_c001087,-2.801461,-0.6812755,14Mo,Mo,1,Mo
paul_c001088,-1.563691,0.05572805,14Mo,Mo,1,Mo
paul_c001089,3.982704,-1.999761,8Mk,Mk,11,Mk
paul_c001090,-3.482924,-4.644794,16Neu,Neu,2,Neu
paul_c001091,2.35613,0.4987632,10GMP,Progenitor,8,DC
paul_c001092,12.31152,-1.830214,2Ery,Ery,9,Ery
paul_c001093,11.88353,-0.1153276,2Ery,Ery,4,Ery
paul_c001094,11.25692,-0.2208638,3Ery,Ery,4,Ery
paul_c001095,5.87986,0.5048625,9GMP,Progenitor,0,Progenitor
paul_c001096,-1.634865,-3.876932,15Mo,Mo,2,Neu
paul_c001097,-2.396428,0.1980796,14Mo,Mo,1,Mo
paul_c001098,9.401988,-2.345494,5Ery,Ery,10,Unknown
paul_c001099,-0.4662603,0.2712149,14Mo,Mo,8,DC
paul_c001100,11.60979,-1.893247,2Ery,Ery,9,Ery
paul_c001101,-2.546371,0.03081831,13Baso,Baso,1,Mo
paul_c001102,-3.817705,-0.08656782,14Mo,Mo,1,Mo
paul_c001103,-3.636729,0.1582966,14Mo,Mo,1,Mo
paul_c001104,0.1399013,-1.796872,14Mo,Mo,8,DC
paul_c001105,12.24399,-0.6618893,2Ery,Ery,4,Ery
paul_c001106,12.21817,-0.9072751,2Ery,Ery,4,Ery
paul_c001107,-1.600358,1.986425,13Baso,Baso,1,Mo
paul_c001108,7.423367,0.4202082,6Ery,Ery,0,Progenitor
paul_c001109,5.748724,-0.05352427,7MEP,Progenitor,0,Progenitor
paul_c001110,6.845905,-0.5198683,7MEP,Progenitor,10,Unknown
paul_c001111,-0.8339155,-1.394491,13Baso,Baso,8,DC
paul_c001112,10.62933,-1.205135,3Ery,Ery,4,Ery
paul_c001113,7.811164,-1.476922,3Ery,Ery,10,Unknown
paul_c001114,0.1392233,-0.3280869,14Mo,Mo,8,DC
paul_c001115,9.62557,-1.893675,2Ery,Ery,10,Unknown
paul_c001116,12.03787,-2.40055,2Ery,Ery,9,Ery
paul_c001117,4.356892,-1.597983,8Mk,Mk,11,Mk
paul_c001118,5.917854,0.3572695,7MEP,Progenitor,0,Progenitor
paul_c001119,-3.123752,-4.16721,16Neu,Neu,2,Neu
paul_c001120,9.456602,-0.5972563,5Ery,Ery,10,Unknown
paul_c001121,-2.153148,1.783573,14Mo,Mo,1,Mo
paul_c001122,10.00674,-1.309502,2Ery,Ery,10,Unknown
paul_c001123,-1.224231,0.04509519,14Mo,Mo,1,Mo
paul_c001124,4.226307,-0.787957,8Mk,Mk,11,Mk
paul_c001125,4.992467,-0.9655191,7MEP,Progenitor,0,Progenitor
paul_c001126,5.734149,5.908449,19Lymph,Lymph,12,Unknown
paul_c001127,-1.041877,-1.487504,14Mo,Mo,1,Mo
paul_c001128,4.978742,-1.14236,12Baso,Baso,0,Progenitor
paul_c001129,-1.163734,0.8428385,13Baso,Baso,1,Mo
paul_c001130,4.588387,-0.9377089,12Baso,Baso,11,Mk
paul_c001131,-1.543648,0.113016,13Baso,Baso,1,Mo
paul_c001132,11.11913,-0.3373633,4Ery,Ery,4,Ery
paul_c001133,-2.151174,-1.861328,14Mo,Mo,1,Mo
paul_c001134,13.48164,-0.9579885,2Ery,Ery,4,Ery
paul_c001135,10.21583,-1.75461,5Ery,Ery,10,Unknown
paul_c001136,2.952374,16.5368,11DC,DC,14,DC
paul_c001137,-2.528001,-4.336227,16Neu,Neu,2,Neu
paul_c001138,12.7084,-0.156573,3Ery,Ery,4,Ery
paul_c001139,3.154313,16.56517,11DC,DC,14,DC
paul_c001140,12.01072,-0.4732816,3Ery,Ery,4,Ery
paul_c001141,13.10926,-0.4932228,4Ery,Ery,4,Ery
paul_c001142,12.8443,-0.8645695,3Ery,Ery,4,Ery
paul_c001143,6.329409,-0.8638341,6Ery,Ery,0,Progenitor
paul_c001144,-1.190509,-3.053068,15Mo,Mo,2,Neu
paul_c001145,4.513655,2.299233,17Neu,Neu,7,Eos
paul_c001146,-3.059146,-0.04642326,14Mo,Mo,1,Mo
paul_c001147,13.51482,-1.141874,4Ery,Ery,4,Ery
paul_c001148,1.712213,0.5530794,9GMP,Progenitor,8,DC
paul_c001149,6.030252,0.4147528,7MEP,Progenitor,0,Progenitor
paul_c001150,5.236323,-0.3620033,7MEP,Progenitor,0,Progenitor
paul_c001151,-1.400603,-2.90627,14Mo,Mo,2,Neu
paul_c001152,-1.913837,-0.6845548,13Baso,Baso,1,Mo
paul_c001153,12.88857,-0.9170115,4Ery,Ery,4,Ery
paul_c001154,2.016103,-0.1840225,13Baso,Baso,8,DC
paul_c001155,-2.113053,0.772565,14Mo,Mo,1,Mo
paul_c001156,10.21499,-1.056923,3Ery,Ery,10,Unknown
paul_c001157,12.70823,-2.255255,2Ery,Ery,9,Ery
paul_c001158,13.30746,0.4730725,3Ery,Ery,4,Ery
paul_c001159,-2.288693,-0.2731409,14Mo,Mo,1,Mo
paul_c001160,12.24741,-1.666632,6Ery,Ery,4,Ery
paul_c001161,11.44678,-2.212601,2Ery,Ery,9,Ery
paul_c001162,0.2033029,0.926962,10GMP,Progenitor,8,DC
paul_c001163,-1.242038,1.05289,13Baso,Baso,1,Mo
paul_c001164,8.838529,-1.055357,5Ery,Ery,10,Unknown
paul_c001165,6.958345,-0.4341823,7MEP,Progenitor,0,Progenitor
paul_c001166,-3.632178,-0.3144767,13Baso,Baso,1,Mo
paul_c001167,13.39935,-1.26111,3Ery,Ery,4,Ery
paul_c001168,11.39719,-2.808885,2Ery,Ery,9,Ery
paul_c001169,-0.8858629,0.4922318,14Mo,Mo,1,Mo
paul_c001170,12.32105,-0.4053265,3Ery,Ery,4,Ery
paul_c001171,11.1142,-2.893722,2Ery,Ery,9,Ery
paul_c001172,5.930861,-0.2466948,10GMP,Progenitor,0,Progenitor
paul_c001173,-1.903946,-0.4780145,13Baso,Baso,1,Mo
paul_c001174,-2.391324,-1.253156,14Mo,Mo,1,Mo
paul_c001175,11.8874,-1.791769,4Ery,Ery,9,Ery
paul_c001176,8.513559,-1.990334,5Ery,Ery,10,Unknown
paul_c001177,3.869966,2.215843,18Eos,Eos,7,Eos
paul_c001178,10.70868,-0.4661558,2Ery,Ery,9,Ery
paul_c001179,-1.596748,-2.742655,14Mo,Mo,2,Neu
paul_c001180,13.24743,-0.3934818,3Ery,Ery,4,Ery
paul_c001181,0.6528246,-0.1788715,13Baso,Baso,8,DC
paul_c001182,9.29762,-0.960983,5Ery,Ery,10,Unknown
paul_c001183,2.307455,-1.62077,12Baso,Baso,7,Eos
paul_c001184,7.879049,-1.165635,5Ery,Ery,10,Unknown
paul_c001185,11.2364,-1.326199,2Ery,Ery,9,Ery
paul_c001186,5.970395,-0.821709,7MEP,Progenitor,0,Progenitor
paul_c001187,6.777489,-1.98155,5Ery,Ery,0,Progenitor
paul_c001188,-2.789236,-3.507186,16Neu,Neu,2,Neu
paul_c001189,-1.038855,-3.529477,15Mo,Mo,2,Neu
paul_c001190,0.1789762,-1.736001,14Mo,Mo,8,DC
paul_c001191,9.579298,-2.102999,5Ery,Ery,10,Unknown
paul_c001192,-1.324064,-2.304654,16Neu,Neu,2,Neu
paul_c001193,9.622004,-2.587575,2Ery,Ery,10,Unknown
paul_c001194,12.05092,-1.807544,2Ery,Ery,9,Ery
paul_c001195,8.211981,-1.129061,6Ery,Ery,10,Unknown
paul_c001196,10.74554,-2.854119,2Ery,Ery,9,Ery
paul_c001197,10.29368,-1.815241,5Ery,Ery,10,Unknown
paul_c001198,-0.09772749,0.5602915,14Mo,Mo,8,DC
paul_c001199,12.01272,-0.6047431,2Ery,Ery,4,Ery
paul_c001200,8.907982,-0.5444168,3Ery,Ery,10,Unknown
paul_c001201,9.210441,-1.673527,5Ery,Ery,10,Unknown
paul_c001202,-2.42742,-4.069067,16Neu,Neu,2,Neu
paul_c001203,1.340768,0.04729087,10GMP,Progenitor,8,DC
paul_c001204,-1.163179,0.7620288,14Mo,Mo,1,Mo
paul_c001205,12.84218,-1.58225,1Ery,Ery,9,Ery
paul_c001206,10.92545,0.4185803,2Ery,Ery,9,Ery
paul_c001207,13.7766,0.2339438,3Ery,Ery,4,Ery
paul_c001208,-2.232471,-3.965045,15Mo,Mo,2,Neu
paul_c001209,4.402357,-0.8086225,7MEP,Progenitor,0,Progenitor
paul_c001210,9.768034,-1.84927,4Ery,Ery,10,Unknown
paul_c001211,4.981552,-0.6986066,7MEP,Progenitor,0,Progenitor
paul_c001212,8.291502,-1.807334,5Ery,Ery,10,Unknown
paul_c001213,9.380403,-2.089031,2Ery,Ery,10,Unknown
paul_c001214,0.4741175,0.5102111,13Baso,Baso,8,DC
paul_c001215,-2.668675,-0.7253067,14Mo,Mo,1,Mo
paul_c001216,-2.785373,-1.331283,15Mo,Mo,1,Mo
paul_c001217,12.25252,-1.370213,2Ery,Ery,9,Ery
paul_c001218,0.5496976,-1.564542,14Mo,Mo,8,DC
paul_c001219,8.505901,-0.9031527,6Ery,Ery,10,Unknown
paul_c001220,1.895537,-1.447798,12Baso,Baso,7,Eos
paul_c001221,11.53036,-1.299359,2Ery,Ery,9,Ery
paul_c001222,5.586859,5.655976,19Lymph,Lymph,12,Unknown
paul_c001223,5.821887,-1.485233,6Ery,Ery,0,Progenitor
paul_c001224,-1.140559,-1.72459,14Mo,Mo,1,Mo
paul_c001225,7.412871,-0.1253825,6Ery,Ery,0,Progenitor
paul_c001226,4.464976,1.951651,17Neu,Neu,7,Eos
paul_c001227,8.025949,-0.6649698,6Ery,Ery,0,Progenitor
paul_c001228,6.157024,-1.142146,6Ery,Ery,0,Progenitor
paul_c001229,2.586907,-0.5014412,9GMP,Progenitor,8,DC
paul_c001230,10.11802,0.1413765,3Ery,Ery,4,Ery
paul_c001231,-1.965707,-0.02918001,14Mo,Mo,1,Mo
paul_c001232,7.861847,0.01196764,6Ery,Ery,0,Progenitor
paul_c001233,-1.107215,-2.959934,15Mo,Mo,2,Neu
paul_c001234,-2.488928,-2.013773,15Mo,Mo,1,Mo
paul_c001235,-2.591063,-0.03101456,13Baso,Baso,1,Mo
paul_c001236,12.16921,-2.103356,3Ery,Ery,9,Ery
paul_c001237,-2.237743,-3.06933,16Neu,Neu,2,Neu
paul_c001238,4.967563,-0.2754656,7MEP,Progenitor,0,Progenitor
paul_c001239,12.97886,-0.204474,3Ery,Ery,4,Ery
paul_c001240,-2.099924,-0.9865394,13Baso,Baso,1,Mo
paul_c001241,13.55735,-1.316433,3Ery,Ery,4,Ery
paul_c001242,-1.168578,-1.186052,14Mo,Mo,1,Mo
paul_c001243,-2.466033,1.548665,14Mo,Mo,1,Mo
paul_c001244,4.257954,-1.741796,8Mk,Mk,11,Mk
paul_c001245,-3.088071,-2.947938,16Neu,Neu,2,Neu
paul_c001246,-0.02872617,-2.425709,14Mo,Mo,2,Neu
paul_c001247,4.596691,2.186839,17Neu,Neu,7,Eos
paul_c001248,13.88461,-0.7764599,3Ery,Ery,4,Ery
paul_c001249,9.140899,-1.370923,5Ery,Ery,10,Unknown
paul_c001250,1.691306,0.06436343,10GMP,Progenitor,8,DC
paul_c001251,-2.960356,-3.27002,16Neu,Neu,2,Neu
paul_c001252,9.778309,-1.613896,2Ery,Ery,10,Unknown
paul_c001253,-1.59217,-0.8326324,14Mo,Mo,1,Mo
paul_c001254,6.969108,-0.5001931,6Ery,Ery,0,Progenitor
paul_c001255,-2.355471,-0.05926816,14Mo,Mo,1,Mo
paul_c001256,-3.572842,-0.4896587,13Baso,Baso,1,Mo
paul_c001257,8.94887,-0.5173779,5Ery,Ery,10,Unknown
paul_c001258,2.536896,-0.7000055,10GMP,Progenitor,8,DC
paul_c001259,6.367102,-0.249455,7MEP,Progenitor,0,Progenitor
paul_c001260,10.62896,-1.560287,2Ery,Ery,9,Ery
paul_c001261,11.18691,-1.806218,2Ery,Ery,9,Ery
paul_c001262,11.58979,-2.642393,2Ery,Ery,9,Ery
paul_c001263,-1.508993,-1.636499,14Mo,Mo,1,Mo
paul_c001264,6.528857,-0.3234483,7MEP,Progenitor,0,Progenitor
paul_c001265,3.904886,-2.419855,8Mk,Mk,11,Mk
paul_c001266,-1.534519,1.637233,14Mo,Mo,1,Mo
paul_c001267,11.98037,-0.3461051,2Ery,Ery,4,Ery
paul_c001268,12.1768,-0.3522584,2Ery,Ery,4,Ery
paul_c001269,-1.133078,-0.4372475,14Mo,Mo,1,Mo
paul_c001270,-0.3196044,-1.65086,13Baso,Baso,8,DC
paul_c001271,5.241649,-0.316024,7MEP,Progenitor,0,Progenitor
paul_c001272,12.74142,-0.6781383,4Ery,Ery,4,Ery
paul_c001273,-1.204027,-0.3580049,13Baso,Baso,1,Mo
paul_c001274,-1.304337,2.031009,13Baso,Baso,1,Mo
paul_c001275,7.868156,-0.1914492,5Ery,Ery,10,Unknown
paul_c001276,11.76952,-2.132543,2Ery,Ery,9,Ery
paul_c001277,3.193873,2.536982,18Eos,Eos,7,Eos
paul_c001278,-1.503013,-3.409404,15Mo,Mo,2,Neu
paul_c001279,9.200936,0.5268987,5Ery,Ery,5,Unknown
paul_c001280,6.250169,-0.3387376,7MEP,Progenitor,0,Progenitor
paul_c001281,12.32123,-2.249161,2Ery,Ery,9,Ery
paul_c001282,-2.535993,1.78318,13Baso,Baso,1,Mo
paul_c001283,-2.55683,1.812791,14Mo,Mo,1,Mo
paul_c001284,6.052208,-1.101916,6Ery,Ery,0,Progenitor
paul_c001285,9.784875,-1.111566,5Ery,Ery,10,Unknown
paul_c001286,10.08841,-0.245742,4Ery,Ery,4,Ery
paul_c001287,-1.091043,0.3774514,13Baso,Baso,1,Mo
paul_c001288,6.409631,-1.661277,7MEP,Progenitor,0,Progenitor
paul_c001289,7.631492,-0.8862654,5Ery,Ery,5,Unknown
paul_c001290,9.274307,-1.954087,5Ery,Ery,10,Unknown
paul_c001291,2.09581,0.2521052,10GMP,Progenitor,8,DC
paul_c001292,-2.466274,-3.145341,16Neu,Neu,2,Neu
paul_c001293,10.56364,0.07865334,2Ery,Ery,4,Ery
paul_c001294,-0.7824261,-2.03444,14Mo,Mo,2,Neu
paul_c001295,12.88746,-0.4616792,3Ery,Ery,4,Ery
paul_c001296,10.56025,-1.772112,2Ery,Ery,9,Ery
paul_c001297,1.730976,-0.2909205,10GMP,Progenitor,8,DC
paul_c001298,-2.517593,-3.37669,16Neu,Neu,2,Neu
paul_c001299,4.159756,-1.1121,8Mk,Mk,11,Mk
paul_c001300,7.436595,-0.9446253,6Ery,Ery,10,Unknown
paul_c001301,-2.388355,-1.41414,15Mo,Mo,1,Mo
paul_c001302,9.638089,-1.210886,5Ery,Ery,10,Unknown
paul_c001303,0.6327666,-0.8691378,10GMP,Progenitor,8,DC
paul_c001304,5.563351,-0.8936613,7MEP,Progenitor,0,Progenitor
paul_c001305,-1.652334,1.130591,14Mo,Mo,1,Mo
paul_c001306,5.713444,6.041538,19Lymph,Lymph,12,Unknown
paul_c001307,12.1024,-1.190733,2Ery,Ery,4,Ery
paul_c001308,-2.505516,-3.084461,15Mo,Mo,2,Neu
paul_c001309,13.03686,-1.232463,3Ery,Ery,4,Ery
paul_c001310,8.139048,-1.089394,6Ery,Ery,10,Unknown
paul_c001311,13.02402,-1.006692,1Ery,Ery,4,Ery
paul_c001312,13.3318,0.04956253,2Ery,Ery,4,Ery
paul_c001313,13.82656,-0.2439527,3Ery,Ery,4,Ery
paul_c001314,12.82724,-0.2134917,4Ery,Ery,4,Ery
paul_c001315,11.03078,-0.253094,6Ery,Ery,4,Ery
paul_c001316,-2.416934,0.01444578,13Baso,Baso,1,Mo
paul_c001317,11.17019,-0.9188228,3Ery,Ery,10,Unknown
paul_c001318,9.047015,-1.40103,5Ery,Ery,10,Unknown
paul_c001319,-4.200663,-1.103562,14Mo,Mo,13,Neu
paul_c001320,-1.442514,-1.679589,13Baso,Baso,1,Mo
paul_c001321,-2.35247,-0.9912667,13Baso,Baso,1,Mo
paul_c001322,12.95901,0.01147516,3Ery,Ery,4,Ery
paul_c001323,10.09211,-1.555627,4Ery,Ery,10,Unknown
paul_c001324,6.733534,1.414199,7MEP,Progenitor,0,Progenitor
paul_c001325,1.256736,-0.3600223,10GMP,Progenitor,8,DC
paul_c001326,3.375279,16.2495,11DC,DC,14,DC
paul_c001327,13.02518,-1.077862,3Ery,Ery,4,Ery
paul_c001328,0.515714,-1.455081,13Baso,Baso,8,DC
paul_c001329,10.5692,-1.180001,2Ery,Ery,10,Unknown
paul_c001330,-0.7046083,0.8675795,13Baso,Baso,1,Mo
paul_c001331,11.81206,-0.995182,2Ery,Ery,9,Ery
paul_c001332,12.89337,-0.6929091,4Ery,Ery,4,Ery
paul_c001333,1.667402,0.4147507,10GMP,Progenitor,8,DC
paul_c001334,-1.793293,-4.607861,16Neu,Neu,2,Neu
paul_c001335,-0.9368992,-2.663118,14Mo,Mo,2,Neu
paul_c001336,-2.163596,-4.0418,16Neu,Neu,2,Neu
paul_c001337,2.864739,-0.7949755,10GMP,Progenitor,8,DC
paul_c001338,9.713852,-2.036271,2Ery,Ery,10,Unknown
paul_c001339,11.34167,-2.358053,2Ery,Ery,9,Ery
paul_c001340,8.0016,-0.9938635,6Ery,Ery,10,Unknown
paul_c001341,13.055,-0.4941613,3Ery,Ery,4,Ery
paul_c001342,-2.934026,-0.09347282,14Mo,Mo,1,Mo
paul_c001343,0.08758713,-0.2498791,14Mo,Mo,8,DC
paul_c001344,-2.968609,-3.230181,15Mo,Mo,2,Neu
paul_c001345,0.7812681,-1.446238,10GMP,Progenitor,8,DC
paul_c001346,-2.741068,1.949461,13Baso,Baso,1,Mo
paul_c001347,12.2442,-0.591899,3Ery,Ery,4,Ery
paul_c001348,5.700165,-0.324243,7MEP,Progenitor,0,Progenitor
paul_c001349,-3.006382,-0.7909212,13Baso,Baso,1,Mo
paul_c001350,11.40103,-2.023257,2Ery,Ery,9,Ery
paul_c001351,-0.03884764,0.1985271,14Mo,Mo,8,DC
paul_c001352,-2.477138,2.140682,14Mo,Mo,1,Mo
paul_c001353,-1.896027,2.0719,15Mo,Mo,1,Mo
paul_c001354,10.29961,-0.7025703,4Ery,Ery,4,Ery
paul_c001355,-1.237866,-2.832181,15Mo,Mo,2,Neu
paul_c001356,-2.720199,-0.4718954,14Mo,Mo,1,Mo
paul_c001357,1.80922,-0.264111,10GMP,Progenitor,8,DC
paul_c001358,1.176381,0.02671318,13Baso,Baso,8,DC
paul_c001359,-3.547073,-2.736287,16Neu,Neu,2,Neu
paul_c001360,3.73254,-2.293994,8Mk,Mk,11,Mk
paul_c001361,-1.798753,-1.434223,13Baso,Baso,1,Mo
paul_c001362,9.294183,-1.083705,5Ery,Ery,10,Unknown
paul_c001363,7.635105,-1.545996,6Ery,Ery,10,Unknown
paul_c001364,-0.2263083,-0.2579881,14Mo,Mo,8,DC
paul_c001365,10.36176,-1.79494,2Ery,Ery,9,Ery
paul_c001366,8.026048,-0.7516443,6Ery,Ery,10,Unknown
paul_c001367,10.62508,-0.4497296,3Ery,Ery,4,Ery
paul_c001368,-0.4611835,0.2441875,14Mo,Mo,8,DC
paul_c001369,6.289049,-0.877681,7MEP,Progenitor,0,Progenitor
paul_c001370,5.585471,-0.1385248,7MEP,Progenitor,0,Progenitor
paul_c001371,-1.80654,1.117493,14Mo,Mo,1,Mo
paul_c001372,7.786984,-2.295179,5Ery,Ery,10,Unknown
paul_c001373,-1.831922,1.780935,13Baso,Baso,1,Mo
paul_c001374,12.5145,-1.744673,2Ery,Ery,9,Ery
paul_c001375,-2.383863,-3.403517,16Neu,Neu,2,Neu
paul_c001376,6.951388,-1.011013,12Baso,Baso,10,Unknown
paul_c001377,-1.258511,-1.555728,14Mo,Mo,1,Mo
paul_c001378,3.612405,-1.961282,8Mk,Mk,11,Mk
paul_c001379,9.590421,-0.9935586,4Ery,Ery,10,Unknown
paul_c001380,10.92916,-0.4968419,3Ery,Ery,4,Ery
paul_c001381,12.72707,-0.9865656,2Ery,Ery,4,Ery
paul_c001382,-2.755696,-0.5942672,14Mo,Mo,1,Mo
paul_c001383,3.777402,-1.178407,7MEP,Progenitor,11,Mk
paul_c001384,5.621819,5.713413,19Lymph,Lymph,12,Unknown
paul_c001385,3.951649,-1.381767,7MEP,Progenitor,11,Mk
paul_c001386,4.64276,0.557469,10GMP,Progenitor,0,Progenitor
paul_c001387,-1.092576,0.4125116,13Baso,Baso,1,Mo
paul_c001388,12.01676,-2.108947,2Ery,Ery,9,Ery
paul_c001389,13.03716,-1.579228,2Ery,Ery,4,Ery
paul_c001390,12.29133,1.072811,3Ery,Ery,6,Ery
paul_c001391,10.76462,0.1853138,3Ery,Ery,4,Ery
paul_c001392,11.64828,0.6162434,6Ery,Ery,4,Ery
paul_c001393,5.779343,1.203059,7MEP,Progenitor,0,Progenitor
paul_c001394,2.205728,-0.8692487,8Mk,Mk,8,DC
paul_c001395,11.53715,-2.3753,2Ery,Ery,9,Ery
paul_c001396,12.95717,2.179631,1Ery,Ery,6,Ery
paul_c001397,1.73627,-0.7759575,9GMP,Progenitor,8,DC
paul_c001398,-3.82024,0.5054623,13Baso,Baso,1,Mo
paul_c001399,-4.009231,0.8150334,15Mo,Mo,3,Mo
paul_c001400,6.867454,1.35021,6Ery,Ery,0,Progenitor
paul_c001401,-1.400316,1.07392,13Baso,Baso,8,DC
paul_c001402,11.37352,1.947074,3Ery,Ery,6,Ery
paul_c001403,-4.676075,-1.347817,16Neu,Neu,13,Neu
paul_c001404,-2.631546,0.4202823,14Mo,Mo,3,Mo
paul_c001405,12.02475,1.096105,5Ery,Ery,6,Ery
paul_c001406,6.401223,0.9275455,7MEP,Progenitor,0,Progenitor
paul_c001407,-3.408368,1.255423,13Baso,Baso,3,Mo
paul_c001408,11.4267,1.350025,4Ery,Ery,6,Ery
paul_c001409,-2.992406,0.6847881,13Baso,Baso,3,Mo
paul_c001410,12.29221,1.031066,2Ery,Ery,6,Ery
paul_c001411,-3.627708,-1.369715,15Mo,Mo,13,Neu
paul_c001412,5.160307,1.875774,7MEP,Progenitor,7,Eos
paul_c001413,12.17749,1.393919,3Ery,Ery,6,Ery
paul_c001414,1.399287,1.506922,10GMP,Progenitor,8,DC
paul_c001415,-1.419387,0.9580801,13Baso,Baso,8,DC
paul_c001416,11.62086,1.51713,3Ery,Ery,6,Ery
paul_c001417,13.41363,2.13012,1Ery,Ery,6,Ery
paul_c001418,-0.3146257,-0.8443636,13Baso,Baso,13,Neu
paul_c001419,-1.420022,1.007375,13Baso,Baso,3,Mo
paul_c001420,6.557768,1.172602,7MEP,Progenitor,0,Progenitor
paul_c001421,-4.307667,1.451532,16Neu,Neu,3,Mo
paul_c001422,-2.923514,0.07879524,14Mo,Mo,3,Mo
paul_c001423,13.60619,2.11355,3Ery,Ery,6,Ery
paul_c001424,11.77386,1.633637,2Ery,Ery,6,Ery
paul_c001425,12.45936,2.05248,1Ery,Ery,6,Ery
paul_c001426,-3.41081,1.261372,13Baso,Baso,3,Mo
paul_c001427,-4.701695,-2.188476,15Mo,Mo,13,Neu
paul_c001428,3.877414,-0.5396776,8Mk,Mk,11,Mk
paul_c001429,13.21548,1.870064,2Ery,Ery,6,Ery
paul_c001430,-4.195558,1.683282,14Mo,Mo,3,Mo
paul_c001431,-3.574658,2.352125,14Mo,Mo,3,Mo
paul_c001432,-1.811522,1.836358,14Mo,Mo,3,Mo
paul_c001433,0.2191584,-0.7878514,9GMP,Progenitor,13,Neu
paul_c001434,-3.584852,1.064968,14Mo,Mo,3,Mo
paul_c001435,-0.6050332,-1.445258,14Mo,Mo,13,Neu
paul_c001436,11.36005,2.263359,2Ery,Ery,6,Ery
paul_c001437,5.760774,0.9535995,7MEP,Progenitor,0,Progenitor
paul_c001438,11.96542,2.252807,2Ery,Ery,6,Ery
paul_c001439,-4.621569,-1.687183,16Neu,Neu,13,Neu
paul_c001440,0.7057623,1.468836,10GMP,Progenitor,8,DC
paul_c001441,8.257353,0.7934775,6Ery,Ery,5,Unknown
paul_c001442,11.56845,1.537983,2Ery,Ery,6,Ery
paul_c001443,-2.351433,0.410819,15Mo,Mo,3,Mo
paul_c001444,-1.480399,-1.268965,14Mo,Mo,13,Neu
paul_c001445,-4.407993,-1.515851,15Mo,Mo,13,Neu
paul_c001446,9.58886,0.1878662,3Ery,Ery,5,Unknown
paul_c001447,3.368828,0.6688779,12Baso,Baso,7,Eos
paul_c001448,11.50523,1.914936,2Ery,Ery,6,Ery
paul_c001449,-0.2393389,1.536936,13Baso,Baso,8,DC
paul_c001450,-0.8041863,0.6950362,13Baso,Baso,8,DC
paul_c001451,6.103397,1.175358,7MEP,Progenitor,0,Progenitor
paul_c001452,8.560875,1.256731,6Ery,Ery,5,Unknown
paul_c001453,9.538891,1.116626,5Ery,Ery,5,Unknown
paul_c001454,12.01226,1.147601,2Ery,Ery,6,Ery
paul_c001455,5.489156,5.529053,19Lymph,Lymph,12,Unknown
paul_c001456,-0.6228902,-1.836031,14Mo,Mo,13,Neu
paul_c001457,5.402088,0.8994989,12Baso,Baso,0,Progenitor
paul_c001458,11.53306,1.818581,2Ery,Ery,6,Ery
paul_c001459,-4.57416,-2.573915,16Neu,Neu,13,Neu
paul_c001460,9.634645,0.6568633,4Ery,Ery,5,Unknown
paul_c001461,8.190146,0.1423647,6Ery,Ery,5,Unknown
paul_c001462,0.2878092,-1.292965,13Baso,Baso,8,DC
paul_c001463,10.0467,0.9176519,4Ery,Ery,5,Unknown
paul_c001464,11.19178,1.756578,2Ery,Ery,6,Ery
paul_c001465,13.32604,1.595781,4Ery,Ery,6,Ery
paul_c001466,-3.878625,-1.102363,15Mo,Mo,13,Neu
paul_c001467,13.84644,1.214327,1Ery,Ery,6,Ery
paul_c001468,-1.367315,-3.965084,15Mo,Mo,2,Neu
paul_c001469,-1.518093,1.418751,13Baso,Baso,3,Mo
paul_c001470,-4.167389,0.1026213,15Mo,Mo,3,Mo
paul_c001471,11.39449,2.44535,3Ery,Ery,6,Ery
paul_c001472,8.554112,1.43274,6Ery,Ery,5,Unknown
paul_c001473,4.412451,1.347682,12Baso,Baso,7,Eos
paul_c001474,4.087422,1.385777,12Baso,Baso,7,Eos
paul_c001475,-1.8963,1.027833,13Baso,Baso,3,Mo
paul_c001476,9.265258,0.8036228,5Ery,Ery,5,Unknown
paul_c001477,-4.715577,-1.975305,16Neu,Neu,13,Neu
paul_c001478,11.5781,0.9659692,6Ery,Ery,6,Ery
paul_c001479,-3.034298,0.9366089,13Baso,Baso,3,Mo
paul_c001480,13.00339,2.240995,2Ery,Ery,6,Ery
paul_c001481,-3.610352,1.204591,14Mo,Mo,3,Mo
paul_c001482,11.95597,1.110727,3Ery,Ery,6,Ery
paul_c001483,-3.41305,2.312526,14Mo,Mo,3,Mo
paul_c001484,3.61828,0.2695429,8Mk,Mk,11,Mk
paul_c001485,12.01768,2.574059,2Ery,Ery,6,Ery
paul_c001486,1.37326,1.154266,9GMP,Progenitor,8,DC
paul_c001487,10.21273,0.8548028,4Ery,Ery,5,Unknown
paul_c001488,9.057918,0.8844891,3Ery,Ery,5,Unknown
paul_c001489,11.84302,0.2150561,3Ery,Ery,4,Ery
paul_c001490,-2.68959,0.8473883,14Mo,Mo,3,Mo
paul_c001491,10.85101,1.832839,2Ery,Ery,6,Ery
paul_c001492,0.8715541,1.111707,10GMP,Progenitor,8,DC
paul_c001493,-4.905754,-2.109553,16Neu,Neu,13,Neu
paul_c001494,7.702624,1.765899,6Ery,Ery,5,Unknown
paul_c001495,-3.296288,1.506153,14Mo,Mo,3,Mo
paul_c001496,-4.277043,-1.612504,16Neu,Neu,13,Neu
paul_c001497,9.836541,1.281711,5Ery,Ery,5,Unknown
paul_c001498,1.500715,1.384901,10GMP,Progenitor,8,DC
paul_c001499,-4.363799,1.605622,16Neu,Neu,3,Mo
paul_c001500,4.787775,1.038337,12Baso,Baso,7,Eos
paul_c001501,3.207268,16.41988,11DC,DC,14,DC
paul_c001502,-3.656913,-1.525999,15Mo,Mo,13,Neu
paul_c001503,11.81519,1.72371,2Ery,Ery,6,Ery
paul_c001504,-2.460915,-0.8871334,13Baso,Baso,1,Mo
paul_c001505,5.895187,1.412262,7MEP,Progenitor,0,Progenitor
paul_c001506,-2.132848,1.669424,13Baso,Baso,3,Mo
paul_c001507,-2.312345,1.151802,13Baso,Baso,3,Mo
paul_c001508,11.08186,2.238615,2Ery,Ery,6,Ery
paul_c001509,7.738301,1.351348,6Ery,Ery,5,Unknown
paul_c001510,-2.231402,0.3316287,14Mo,Mo,3,Mo
paul_c001511,9.85821,0.4553883,5Ery,Ery,5,Unknown
paul_c001512,-3.764322,-3.846032,16Neu,Neu,2,Neu
paul_c001513,8.769632,0.6646087,5Ery,Ery,5,Unknown
paul_c001514,8.00923,0.6621197,6Ery,Ery,5,Unknown
paul_c001515,3.129559,2.531039,18Eos,Eos,7,Eos
paul_c001516,-2.301579,0.5403469,14Mo,Mo,3,Mo
paul_c001517,-2.48247,-0.05950036,14Mo,Mo,3,Mo
paul_c001518,-4.19311,-0.3011014,13Baso,Baso,1,Mo
paul_c001519,-4.69319,-1.136719,15Mo,Mo,13,Neu
paul_c001520,11.44246,1.993365,2Ery,Ery,6,Ery
paul_c001521,13.77542,1.452588,2Ery,Ery,6,Ery
paul_c001522,0.0764261,1.513129,13Baso,Baso,8,DC
paul_c001523,12.14379,-0.417532,3Ery,Ery,4,Ery
paul_c001524,12.8977,1.591826,2Ery,Ery,6,Ery
paul_c001525,-4.078971,1.0802,15Mo,Mo,3,Mo
paul_c001526,3.494387,0.41539,12Baso,Baso,7,Eos
paul_c001527,5.433057,1.149602,7MEP,Progenitor,7,Eos
paul_c001528,12.46159,2.032462,3Ery,Ery,6,Ery
paul_c001529,11.32853,1.212788,4Ery,Ery,6,Ery
paul_c001530,-4.482396,-0.6237023,15Mo,Mo,13,Neu
paul_c001531,-4.436388,0.7187518,14Mo,Mo,3,Mo
paul_c001532,11.78214,1.2509,4Ery,Ery,6,Ery
paul_c001533,12.22204,1.422546,4Ery,Ery,6,Ery
paul_c001534,-1.409014,0.6575626,13Baso,Baso,3,Mo
paul_c001535,1.939725,1.037348,9GMP,Progenitor,8,DC
paul_c001536,4.106226,1.333031,12Baso,Baso,7,Eos
paul_c001537,11.2758,2.254783,2Ery,Ery,6,Ery
paul_c001538,9.010655,1.000876,4Ery,Ery,5,Unknown
paul_c001539,4.147746,-0.2940858,9GMP,Progenitor,11,Mk
paul_c001540,-5.026403,-2.447876,16Neu,Neu,13,Neu
paul_c001541,-2.435517,-2.452091,16Neu,Neu,2,Neu
paul_c001542,11.79397,0.5018346,2Ery,Ery,6,Ery
paul_c001543,12.56426,2.137365,2Ery,Ery,6,Ery
paul_c001544,-5.031003,-1.907096,16Neu,Neu,13,Neu
paul_c001545,6.635989,0.2939456,7MEP,Progenitor,0,Progenitor
paul_c001546,-0.8936148,-0.5402122,14Mo,Mo,3,Mo
paul_c001547,-3.163279,2.277509,14Mo,Mo,3,Mo
paul_c001548,-0.5131201,-1.002843,14Mo,Mo,13,Neu
paul_c001549,9.570642,0.8318232,5Ery,Ery,5,Unknown
paul_c001550,11.31258,1.632647,5Ery,Ery,6,Ery
paul_c001551,12.36888,2.404934,3Ery,Ery,6,Ery
paul_c001552,12.35937,1.72105,3Ery,Ery,6,Ery
paul_c001553,12.95402,2.089418,2Ery,Ery,6,Ery
paul_c001554,3.032789,2.535691,18Eos,Eos,7,Eos
paul_c001555,-3.536595,1.017457,14Mo,Mo,3,Mo
paul_c001556,12.48606,2.245291,3Ery,Ery,6,Ery
paul_c001557,-2.85733,1.102377,14Mo,Mo,3,Mo
paul_c001558,-4.124987,-1.12741,14Mo,Mo,13,Neu
paul_c001559,5.527549,1.22383,12Baso,Baso,0,Progenitor
paul_c001560,-2.803721,0.4819183,14Mo,Mo,3,Mo
paul_c001561,12.239,1.222001,4Ery,Ery,6,Ery
paul_c001562,13.39335,1.727439,3Ery,Ery,6,Ery
paul_c001563,-3.397367,1.267769,14Mo,Mo,3,Mo
paul_c001564,6.182467,0.4919999,7MEP,Progenitor,0,Progenitor
paul_c001565,7.279006,1.469693,5Ery,Ery,5,Unknown
paul_c001566,3.047557,-0.5623785,12Baso,Baso,7,Eos
paul_c001567,11.64736,1.380143,2Ery,Ery,6,Ery
paul_c001568,-4.387871,1.150964,15Mo,Mo,3,Mo
paul_c001569,-3.126736,-1.478462,14Mo,Mo,13,Neu
paul_c001570,12.60429,2.084387,3Ery,Ery,6,Ery
paul_c001571,-4.500977,1.003628,14Mo,Mo,3,Mo
paul_c001572,12.24986,1.460359,2Ery,Ery,6,Ery
paul_c001573,12.59087,0.7741672,3Ery,Ery,4,Ery
paul_c001574,12.26327,0.9978907,2Ery,Ery,6,Ery
paul_c001575,-3.956115,-1.866506,16Neu,Neu,13,Neu
paul_c001576,6.114494,1.192111,7MEP,Progenitor,0,Progenitor
paul_c001577,13.10373,2.306776,2Ery,Ery,6,Ery
paul_c001578,1.937673,-0.3113024,10GMP,Progenitor,8,DC
paul_c001579,4.755928,1.416759,7MEP,Progenitor,7,Eos
paul_c001580,8.983335,2.253015,5Ery,Ery,5,Unknown
paul_c001581,8.08105,0.6454383,5Ery,Ery,5,Unknown
paul_c001582,-0.1720701,-0.9548755,13Baso,Baso,13,Neu
paul_c001583,7.33364,1.14227,6Ery,Ery,5,Unknown
paul_c001584,6.78159,0.4123979,7MEP,Progenitor,0,Progenitor
paul_c001585,11.70328,1.348865,3Ery,Ery,6,Ery
paul_c001586,3.440904,0.01101408,10GMP,Progenitor,11,Mk
paul_c001587,10.5996,1.345203,5Ery,Ery,5,Unknown
paul_c001588,9.085403,1.072451,5Ery,Ery,5,Unknown
paul_c001589,11.73715,2.427057,1Ery,Ery,6,Ery
paul_c001590,-3.844925,0.7181435,13Baso,Baso,1,Mo
paul_c001591,-4.694623,0.5477503,15Mo,Mo,3,Mo
paul_c001592,7.791337,1.02564,3Ery,Ery,5,Unknown
paul_c001593,6.344355,1.352429,6Ery,Ery,0,Progenitor
paul_c001594,-1.491095,-1.345687,14Mo,Mo,3,Mo
paul_c001595,3.357704,16.32795,11DC,DC,14,DC
paul_c001596,12.57838,0.9305338,3Ery,Ery,4,Ery
paul_c001597,11.73656,-0.799635,3Ery,Ery,4,Ery
paul_c001598,13.3202,2.224175,3Ery,Ery,6,Ery
paul_c001599,-4.549564,-1.855724,16Neu,Neu,13,Neu
paul_c001600,9.24469,1.115603,3Ery,Ery,5,Unknown
paul_c001601,0.9507717,0.3698051,9GMP,Progenitor,8,DC
paul_c001602,-4.107074,1.125895,14Mo,Mo,3,Mo
paul_c001603,4.838765,1.970794,12Baso,Baso,7,Eos
paul_c001604,2.782286,0.4466434,9GMP,Progenitor,11,Mk
paul_c001605,-2.634127,0.551168,14Mo,Mo,3,Mo
paul_c001606,-4.161093,0.7426671,14Mo,Mo,3,Mo
paul_c001607,3.458364,-0.4367942,8Mk,Mk,11,Mk
paul_c001608,12.09529,1.375646,5Ery,Ery,6,Ery
paul_c001609,-3.224866,-1.544554,15Mo,Mo,13,Neu
paul_c001610,-3.070006,0.6838162,15Mo,Mo,3,Mo
paul_c001611,13.30693,2.332897,3Ery,Ery,6,Ery
paul_c001612,-4.990217,-2.359022,16Neu,Neu,13,Neu
paul_c001613,-3.906736,-0.9020054,15Mo,Mo,13,Neu
paul_c001614,12.2444,1.433184,4Ery,Ery,6,Ery
paul_c001615,10.62167,1.385454,3Ery,Ery,6,Ery
paul_c001616,3.808468,-0.9246801,8Mk,Mk,11,Mk
paul_c001617,-4.438426,0.8501103,15Mo,Mo,3,Mo
paul_c001618,-1.944815,1.658865,14Mo,Mo,3,Mo
paul_c001619,8.824539,1.537378,5Ery,Ery,5,Unknown
paul_c001620,8.945765,1.597376,3Ery,Ery,5,Unknown
paul_c001621,11.9603,1.974376,4Ery,Ery,6,Ery
paul_c001622,11.708,0.858869,2Ery,Ery,6,Ery
paul_c001623,3.125491,0.2263197,8Mk,Mk,11,Mk
paul_c001624,6.917361,1.59541,7MEP,Progenitor,0,Progenitor
paul_c001625,0.5369093,1.829095,10GMP,Progenitor,8,DC
paul_c001626,-3.531588,-1.510543,15Mo,Mo,13,Neu
paul_c001627,-3.445746,1.14097,14Mo,Mo,3,Mo
paul_c001628,-0.7950712,-0.5881844,13Baso,Baso,8,DC
paul_c001629,12.33,0.8934879,3Ery,Ery,6,Ery
paul_c001630,4.826725,0.3443966,7MEP,Progenitor,0,Progenitor
paul_c001631,12.30573,2.81398,2Ery,Ery,6,Ery
paul_c001632,-3.942369,1.05372,13Baso,Baso,3,Mo
paul_c001633,11.76958,1.561224,2Ery,Ery,6,Ery
paul_c001634,1.010802,1.915134,10GMP,Progenitor,8,DC
paul_c001635,13.45314,2.057889,2Ery,Ery,6,Ery
paul_c001636,12.12579,2.445925,2Ery,Ery,6,Ery
paul_c001637,12.26153,2.086797,2Ery,Ery,6,Ery
paul_c001638,4.01503,1.030468,12Baso,Baso,7,Eos
paul_c001639,-3.309686,0.8368338,14Mo,Mo,3,Mo
paul_c001640,13.34081,2.070849,1Ery,Ery,6,Ery
paul_c001641,-2.279217,2.392555,14Mo,Mo,3,Mo
paul_c001642,-0.6588259,-1.131569,14Mo,Mo,13,Neu
paul_c001643,13.80151,1.621364,2Ery,Ery,6,Ery
paul_c001644,-1.950843,-1.160309,14Mo,Mo,3,Mo
paul_c001645,-4.421024,-2.157552,16Neu,Neu,13,Neu
paul_c001646,-3.764937,0.4288119,14Mo,Mo,1,Mo
paul_c001647,3.745986,-0.7724103,8Mk,Mk,11,Mk
paul_c001648,-2.981558,1.300291,16Neu,Neu,1,Mo
paul_c001649,-4.083765,-1.375745,16Neu,Neu,13,Neu
paul_c001650,12.20559,2.119764,2Ery,Ery,6,Ery
paul_c001651,3.260746,-1.243798,8Mk,Mk,11,Mk
paul_c001652,11.80367,0.9777555,5Ery,Ery,6,Ery
paul_c001653,7.864579,1.0151,6Ery,Ery,5,Unknown
paul_c001654,5.442049,5.261285,19Lymph,Lymph,12,Unknown
paul_c001655,-3.585767,0.9540318,15Mo,Mo,3,Mo
paul_c001656,0.0805773,0.6491897,13Baso,Baso,8,DC
paul_c001657,7.994806,0.8207775,5Ery,Ery,5,Unknown
paul_c001658,-2.505773,-0.2062954,14Mo,Mo,3,Mo
paul_c001659,10.71103,0.8686674,5Ery,Ery,5,Unknown
paul_c001660,8.411578,1.051361,6Ery,Ery,5,Unknown
paul_c001661,-5.024316,-2.219416,16Neu,Neu,13,Neu
paul_c001662,13.61435,-0.3289491,3Ery,Ery,4,Ery
paul_c001663,-1.16083,-3.085003,15Mo,Mo,2,Neu
paul_c001664,6.389497,0.6097727,7MEP,Progenitor,0,Progenitor
paul_c001665,7.232054,-0.2843117,7MEP,Progenitor,0,Progenitor
paul_c001666,0.3771353,-1.093,10GMP,Progenitor,8,DC
paul_c001667,-2.120513,-0.3140931,14Mo,Mo,1,Mo
paul_c001668,12.80758,-1.13197,3Ery,Ery,4,Ery
paul_c001669,11.56172,0.3407127,4Ery,Ery,4,Ery
paul_c001670,-3.267991,-0.465928,13Baso,Baso,1,Mo
paul_c001671,-4.236068,-0.3241113,15Mo,Mo,1,Mo
paul_c001672,3.352594,16.3091,11DC,DC,14,DC
paul_c001673,4.428171,2.054155,17Neu,Neu,7,Eos
paul_c001674,9.648479,-1.009841,4Ery,Ery,10,Unknown
paul_c001675,8.765771,-0.7579625,6Ery,Ery,10,Unknown
paul_c001676,13.43799,0.4203781,3Ery,Ery,4,Ery
paul_c001677,13.65701,0.3959879,3Ery,Ery,4,Ery
paul_c001678,5.479791,0.08644032,7MEP,Progenitor,0,Progenitor
paul_c001679,4.125193,-0.628457,8Mk,Mk,11,Mk
paul_c001680,7.595609,0.2104239,6Ery,Ery,5,Unknown
paul_c001681,5.24358,4.659652,11DC,DC,12,Unknown
paul_c001682,-2.324877,-4.343336,16Neu,Neu,2,Neu
paul_c001683,13.03731,-0.5904508,3Ery,Ery,4,Ery
paul_c001684,-4.194082,-0.15464,14Mo,Mo,1,Mo
paul_c001685,9.863703,-1.355276,4Ery,Ery,4,Ery
paul_c001686,12.6,-0.5765378,4Ery,Ery,4,Ery
paul_c001687,3.341946,16.32512,11DC,DC,14,DC
paul_c001688,8.075203,-1.090768,3Ery,Ery,10,Unknown
paul_c001689,-3.460149,-0.4832546,14Mo,Mo,1,Mo
paul_c001690,-4.263284,0.02252872,15Mo,Mo,1,Mo
paul_c001691,13.33537,0.5671406,3Ery,Ery,4,Ery
paul_c001692,0.2455235,1.058278,10GMP,Progenitor,8,DC
paul_c001693,7.791762,-0.1305206,6Ery,Ery,0,Progenitor
paul_c001694,11.31411,-1.408698,2Ery,Ery,9,Ery
paul_c001695,-1.462186,-3.162167,16Neu,Neu,2,Neu
paul_c001696,-3.001951,-3.236195,15Mo,Mo,2,Neu
paul_c001697,4.9233,-0.9096998,7MEP,Progenitor,0,Progenitor
paul_c001698,12.98493,-0.3504967,3Ery,Ery,4,Ery
paul_c001699,1.776424,-1.457569,10GMP,Progenitor,8,DC
paul_c001700,13.42188,-0.06121109,3Ery,Ery,4,Ery
paul_c001701,-1.348644,-1.01242,14Mo,Mo,1,Mo
paul_c001702,6.159423,0.3003903,7MEP,Progenitor,0,Progenitor
paul_c001703,8.974265,-1.124758,6Ery,Ery,10,Unknown
paul_c001704,1.378129,0.3736161,10GMP,Progenitor,8,DC
paul_c001705,1.090862,-0.6061615,10GMP,Progenitor,8,DC
paul_c001706,13.52196,-1.458758,3Ery,Ery,4,Ery
paul_c001707,6.370701,0.2358129,7MEP,Progenitor,0,Progenitor
paul_c001708,13.5569,-0.02562936,2Ery,Ery,4,Ery
paul_c001709,10.47133,-2.880988,4Ery,Ery,9,Ery
paul_c001710,5.815177,0.2173835,7MEP,Progenitor,0,Progenitor
paul_c001711,-0.4335258,1.092235,13Baso,Baso,8,DC
paul_c001712,8.205291,-1.47656,6Ery,Ery,10,Unknown
paul_c001713,-1.532908,-1.584179,15Mo,Mo,1,Mo
paul_c001714,5.393821,-0.3847511,8Mk,Mk,0,Progenitor
paul_c001715,0.8035232,0.4987593,10GMP,Progenitor,8,DC
paul_c001716,11.58891,-0.3501612,4Ery,Ery,4,Ery
paul_c001717,10.35252,-1.071616,4Ery,Ery,4,Ery
paul_c001718,11.65397,-0.5907923,3Ery,Ery,4,Ery
paul_c001719,6.672191,-1.460883,7MEP,Progenitor,0,Progenitor
paul_c001720,11.99447,-2.567286,2Ery,Ery,9,Ery
paul_c001721,-2.565294,-2.994026,16Neu,Neu,2,Neu
paul_c001722,10.83691,-0.4011604,3Ery,Ery,4,Ery
paul_c001723,10.67607,-0.02936014,3Ery,Ery,4,Ery
paul_c001724,9.002691,-0.9232366,6Ery,Ery,10,Unknown
paul_c001725,6.569462,-0.3860543,6Ery,Ery,0,Progenitor
paul_c001726,6.632301,0.4308552,7MEP,Progenitor,0,Progenitor
paul_c001727,10.55207,-1.190529,4Ery,Ery,10,Unknown
paul_c001728,-2.447526,-2.675992,16Neu,Neu,2,Neu
paul_c001729,11.67627,-0.3106199,2Ery,Ery,4,Ery
paul_c001730,-0.131961,0.4973627,13Baso,Baso,8,DC
paul_c001731,1.667515,1.012032,10GMP,Progenitor,8,DC
paul_c001732,12.11663,-1.081894,3Ery,Ery,4,Ery
paul_c001733,13.23877,-0.7857517,3Ery,Ery,4,Ery
paul_c001734,1.675305,-1.348256,10GMP,Progenitor,8,DC
paul_c001735,7.088433,-1.670282,6Ery,Ery,0,Progenitor
paul_c001736,1.254362,-1.515734,14Mo,Mo,8,DC
paul_c001737,-1.621576,-2.7421,15Mo,Mo,2,Neu
paul_c001738,5.700704,0.2805823,7MEP,Progenitor,0,Progenitor
paul_c001739,-0.03195188,-0.3250154,13Baso,Baso,8,DC
paul_c001740,-2.228094,0.4517477,14Mo,Mo,1,Mo
paul_c001741,-3.133402,-0.3124654,14Mo,Mo,1,Mo
paul_c001742,-2.07619,0.4283179,14Mo,Mo,1,Mo
paul_c001743,10.668,-0.2324135,2Ery,Ery,4,Ery
paul_c001744,-2.446975,-2.555225,16Neu,Neu,2,Neu
paul_c001745,6.427371,0.3497148,7MEP,Progenitor,0,Progenitor
paul_c001746,-3.105129,-0.5253473,14Mo,Mo,1,Mo
paul_c001747,0.1440627,0.8393821,10GMP,Progenitor,8,DC
paul_c001748,-3.271682,-0.6122624,14Mo,Mo,1,Mo
paul_c001749,7.620749,-0.2330478,6Ery,Ery,5,Unknown
paul_c001750,-4.006908,-0.1800964,14Mo,Mo,1,Mo
paul_c001751,-3.858832,-3.73754,16Neu,Neu,2,Neu
paul_c001752,10.80541,-0.9559414,2Ery,Ery,9,Ery
paul_c001753,0.3187098,0.7587454,10GMP,Progenitor,8,DC
paul_c001754,-3.063322,-3.683994,16Neu,Neu,2,Neu
paul_c001755,-0.6200432,-0.4900708,14Mo,Mo,3,Mo
paul_c001756,-1.687531,-0.3216414,14Mo,Mo,1,Mo
paul_c001757,9.247152,-0.512714,5Ery,Ery,10,Unknown
paul_c001758,2.657247,-1.423132,12Baso,Baso,7,Eos
paul_c001759,12.49118,-0.7228094,4Ery,Ery,4,Ery
paul_c001760,13.14754,0.09128732,3Ery,Ery,4,Ery
paul_c001761,0.1976604,-1.372217,13Baso,Baso,8,DC
paul_c001762,12.30607,-0.2736501,2Ery,Ery,4,Ery
paul_c001763,10.39816,-0.5382899,4Ery,Ery,10,Unknown
paul_c001764,9.459941,0.2884157,4Ery,Ery,5,Unknown
paul_c001765,9.984781,-0.1348921,3Ery,Ery,5,Unknown
paul_c001766,9.116035,-0.4338467,3Ery,Ery,10,Unknown
paul_c001767,-0.2505147,-0.825879,13Baso,Baso,8,DC
paul_c001768,5.110134,1.151357,12Baso,Baso,7,Eos
paul_c001769,-0.7629082,-0.2771746,14Mo,Mo,1,Mo
paul_c001770,-3.522639,-3.704445,16Neu,Neu,2,Neu
paul_c001771,8.458147,-0.0218703,3Ery,Ery,10,Unknown
paul_c001772,8.735476,0.9499529,5Ery,Ery,5,Unknown
paul_c001773,6.685075,-0.4466526,6Ery,Ery,0,Progenitor
paul_c001774,4.644134,-0.3838865,7MEP,Progenitor,0,Progenitor
paul_c001775,10.8106,-0.04457718,4Ery,Ery,4,Ery
paul_c001776,9.826883,-0.6426,4Ery,Ery,10,Unknown
paul_c001777,11.60643,-0.8528085,5Ery,Ery,9,Ery
paul_c001778,-1.542219,-0.8083667,14Mo,Mo,1,Mo
paul_c001779,-0.6641639,0.4892101,14Mo,Mo,3,Mo
paul_c001780,11.38287,-1.741528,2Ery,Ery,9,Ery
paul_c001781,7.341659,-0.4166059,12Baso,Baso,10,Unknown
paul_c001782,13.46974,-0.9602774,3Ery,Ery,4,Ery
paul_c001783,11.20322,-1.277006,5Ery,Ery,10,Unknown
paul_c001784,12.23396,-1.7007,2Ery,Ery,9,Ery
paul_c001785,12.06894,-2.479527,2Ery,Ery,9,Ery
paul_c001786,-3.930741,-2.629314,16Neu,Neu,13,Neu
paul_c001787,5.144804,0.03060888,7MEP,Progenitor,0,Progenitor
paul_c001788,9.656241,1.259098,5Ery,Ery,5,Unknown
paul_c001789,11.75041,-2.181474,2Ery,Ery,9,Ery
paul_c001790,5.309835,-0.6346953,7MEP,Progenitor,0,Progenitor
paul_c001791,8.74861,-1.025882,3Ery,Ery,10,Unknown
paul_c001792,9.712115,-1.964564,4Ery,Ery,10,Unknown
paul_c001793,11.71975,-1.074768,2Ery,Ery,9,Ery
paul_c001794,8.932209,-1.366818,5Ery,Ery,10,Unknown
paul_c001795,1.275361,-0.6664503,10GMP,Progenitor,8,DC
paul_c001796,12.88027,-1.588926,1Ery,Ery,9,Ery
paul_c001797,2.468612,-0.694849,10GMP,Progenitor,8,DC
paul_c001798,3.273363,16.3984,11DC,DC,14,DC
paul_c001799,-2.717821,2.204042,16Neu,Neu,1,Mo
paul_c001800,9.980119,0.3563596,2Ery,Ery,5,Unknown
paul_c001801,11.54138,-1.817011,2Ery,Ery,9,Ery
paul_c001802,12.60999,-2.510926,2Ery,Ery,9,Ery
paul_c001803,9.458201,-2.156809,5Ery,Ery,10,Unknown
paul_c001804,9.731913,-1.267185,5Ery,Ery,10,Unknown
paul_c001805,-2.403519,1.780626,14Mo,Mo,1,Mo
paul_c001806,-3.18956,-0.4945131,14Mo,Mo,1,Mo
paul_c001807,-1.949096,-3.749579,16Neu,Neu,2,Neu
paul_c001808,3.328609,-1.388336,10GMP,Progenitor,11,Mk
paul_c001809,-1.143397,0.5504661,14Mo,Mo,1,Mo
paul_c001810,-2.344383,-0.5991679,14Mo,Mo,1,Mo
paul_c001811,11.22466,-0.9900518,4Ery,Ery,9,Ery
paul_c001812,11.719,-1.006004,2Ery,Ery,9,Ery
paul_c001813,8.661428,-0.3956026,6Ery,Ery,10,Unknown
paul_c001814,11.57811,-2.091194,2Ery,Ery,9,Ery
paul_c001815,5.475561,5.444604,19Lymph,Lymph,12,Unknown
paul_c001816,-3.035155,-2.989953,16Neu,Neu,2,Neu
paul_c001817,10.84572,-2.770367,1Ery,Ery,9,Ery
paul_c001818,0.3705057,0.5579389,13Baso,Baso,8,DC
paul_c001819,12.65899,-0.4539081,3Ery,Ery,4,Ery
paul_c001820,-2.525808,-1.434854,15Mo,Mo,1,Mo
paul_c001821,12.34698,-1.867929,3Ery,Ery,9,Ery
paul_c001822,9.844782,-0.975714,5Ery,Ery,10,Unknown
paul_c001823,11.39559,-0.3541481,2Ery,Ery,4,Ery
paul_c001824,11.40854,-2.239685,2Ery,Ery,9,Ery
paul_c001825,-4.056685,-3.275685,16Neu,Neu,2,Neu
paul_c001826,9.798151,-0.2134106,4Ery,Ery,10,Unknown
paul_c001827,4.545753,1.648808,12Baso,Baso,7,Eos
paul_c001828,12.55193,-1.285481,3Ery,Ery,4,Ery
paul_c001829,6.606411,-1.213976,12Baso,Baso,10,Unknown
paul_c001830,-1.639617,0.4330678,14Mo,Mo,1,Mo
paul_c001831,-1.310903,-2.332036,15Mo,Mo,2,Neu
paul_c001832,-1.250346,0.6851979,14Mo,Mo,1,Mo
paul_c001833,1.069925,0.6584044,10GMP,Progenitor,8,DC
paul_c001834,8.089737,-1.940567,6Ery,Ery,10,Unknown
paul_c001835,2.53064,-1.327486,12Baso,Baso,7,Eos
paul_c001836,12.27773,-1.607619,2Ery,Ery,9,Ery
paul_c001837,11.23203,-0.8840336,3Ery,Ery,9,Ery
paul_c001838,9.352706,-0.8927701,4Ery,Ery,10,Unknown
paul_c001839,6.453787,-1.075457,7MEP,Progenitor,0,Progenitor
paul_c001840,12.77412,-1.055122,4Ery,Ery,4,Ery
paul_c001841,-2.367977,-1.887838,15Mo,Mo,1,Mo
paul_c001842,12.73901,0.1307963,2Ery,Ery,4,Ery
paul_c001843,4.958621,2.096189,7MEP,Progenitor,7,Eos
paul_c001844,-1.191221,-1.963949,14Mo,Mo,1,Mo
paul_c001845,10.57085,-0.4813225,3Ery,Ery,4,Ery
paul_c001846,-2.206579,0.1581373,13Baso,Baso,1,Mo
paul_c001847,13.41826,-1.444042,3Ery,Ery,4,Ery
paul_c001848,-1.513552,-1.936413,15Mo,Mo,3,Mo
paul_c001849,-1.442478,-3.280652,15Mo,Mo,2,Neu
paul_c001850,-3.91162,0.03497675,13Baso,Baso,1,Mo
paul_c001851,-2.211598,-0.7272124,14Mo,Mo,1,Mo
paul_c001852,13.88311,1.160442,4Ery,Ery,6,Ery
paul_c001853,-3.321949,-0.7246653,14Mo,Mo,1,Mo
paul_c001854,6.771134,0.08189323,6Ery,Ery,0,Progenitor
paul_c001855,10.58828,-0.09135259,3Ery,Ery,4,Ery
paul_c001856,-1.673982,-0.6077963,14Mo,Mo,1,Mo
paul_c001857,4.888777,-0.617839,8Mk,Mk,0,Progenitor
paul_c001858,3.676286,0.06398138,8Mk,Mk,11,Mk
paul_c001859,6.444908,0.08477879,7MEP,Progenitor,0,Progenitor
paul_c001860,-1.261809,-3.857581,15Mo,Mo,2,Neu
paul_c001861,-1.390214,-3.714027,15Mo,Mo,2,Neu
paul_c001862,0.01271586,0.8462577,13Baso,Baso,8,DC
paul_c001863,-2.439867,-3.995381,16Neu,Neu,2,Neu
paul_c001864,6.307005,-1.415844,6Ery,Ery,0,Progenitor
paul_c001865,12.26097,-0.3147253,3Ery,Ery,4,Ery
paul_c001866,12.36969,-0.9942376,2Ery,Ery,4,Ery
paul_c001867,-0.3051927,-1.77945,13Baso,Baso,8,DC
paul_c001868,12.74893,-0.610474,3Ery,Ery,4,Ery
paul_c001869,12.64104,-1.696775,3Ery,Ery,4,Ery
paul_c001870,-2.02893,0.6496707,13Baso,Baso,1,Mo
paul_c001871,3.23551,16.36775,11DC,DC,14,DC
paul_c001872,0.8216767,0.2700145,10GMP,Progenitor,8,DC
paul_c001873,10.3138,-0.4725608,4Ery,Ery,4,Ery
paul_c001874,13.34892,-0.9843485,2Ery,Ery,4,Ery
paul_c001875,6.602088,0.8931762,7MEP,Progenitor,0,Progenitor
paul_c001876,5.431256,0.3514045,7MEP,Progenitor,0,Progenitor
paul_c001877,12.36003,-2.331064,6Ery,Ery,9,Ery
paul_c001878,10.11326,-0.7061204,3Ery,Ery,4,Ery
paul_c001879,-1.126148,-2.496796,16Neu,Neu,2,Neu
paul_c001880,6.247084,0.6680138,7MEP,Progenitor,0,Progenitor
paul_c001881,-0.7575139,-0.8184656,14Mo,Mo,1,Mo
paul_c001882,8.63374,-0.3699653,3Ery,Ery,4,Ery
paul_c001883,9.423507,-2.50378,6Ery,Ery,10,Unknown
paul_c001884,1.836464,0.8476298,9GMP,Progenitor,8,DC
paul_c001885,6.705294,-0.6298672,12Baso,Baso,10,Unknown
paul_c001886,11.94732,-0.6048659,3Ery,Ery,4,Ery
paul_c001887,-3.799825,0.08120977,14Mo,Mo,1,Mo
paul_c001888,1.190087,-0.06958675,10GMP,Progenitor,8,DC
paul_c001889,10.93344,-1.784926,4Ery,Ery,9,Ery
paul_c001890,6.415384,-0.1404535,7MEP,Progenitor,0,Progenitor
paul_c001891,8.221892,-0.9070279,6Ery,Ery,10,Unknown
paul_c001892,-1.09834,-0.5584598,14Mo,Mo,1,Mo
paul_c001893,-1.48056,1.253959,14Mo,Mo,1,Mo
paul_c001894,12.15126,-1.494205,4Ery,Ery,9,Ery
paul_c001895,11.97071,-0.8862016,3Ery,Ery,4,Ery
paul_c001896,9.691023,-1.682904,3Ery,Ery,10,Unknown
paul_c001897,10.67564,-2.611119,2Ery,Ery,9,Ery
paul_c001898,-2.117337,-3.251611,16Neu,Neu,2,Neu
paul_c001899,13.7249,1.044362,3Ery,Ery,6,Ery
paul_c001900,6.917913,-0.9652094,7MEP,Progenitor,0,Progenitor
paul_c001901,3.852726,2.447004,18Eos,Eos,7,Eos
paul_c001902,8.784431,-0.02969617,6Ery,Ery,5,Unknown
paul_c001903,-1.5676,0.722804,13Baso,Baso,1,Mo
paul_c001904,9.159695,-1.485523,4Ery,Ery,10,Unknown
paul_c001905,2.109922,0.07561678,10GMP,Progenitor,8,DC
paul_c001906,8.375866,-0.01723587,6Ery,Ery,0,Progenitor
paul_c001907,11.20772,-1.781292,2Ery,Ery,9,Ery
paul_c001908,4.39123,0.4417123,12Baso,Baso,7,Eos
paul_c001909,12.44629,-2.632975,1Ery,Ery,9,Ery
paul_c001910,8.057939,-1.826133,4Ery,Ery,10,Unknown
paul_c001911,-1.105685,0.1250523,13Baso,Baso,1,Mo
paul_c001912,-1.539116,0.7359655,14Mo,Mo,1,Mo
paul_c001913,-1.809547,-2.177006,14Mo,Mo,2,Neu
paul_c001914,1.522912,-0.857652,13Baso,Baso,8,DC
paul_c001915,12.94513,-1.16998,3Ery,Ery,4,Ery
paul_c001916,13.56708,0.1689223,3Ery,Ery,4,Ery
paul_c001917,-2.651948,-3.053855,16Neu,Neu,2,Neu
paul_c001918,-2.857036,-2.672958,15Mo,Mo,2,Neu
paul_c001919,0.7101941,-0.0007162422,14Mo,Mo,8,DC
paul_c001920,9.498538,-0.8855866,3Ery,Ery,10,Unknown
paul_c001921,8.489273,0.3767095,6Ery,Ery,5,Unknown
paul_c001922,12.23053,-2.237378,2Ery,Ery,9,Ery
paul_c001923,0.9903498,0.6088387,10GMP,Progenitor,8,DC
paul_c001924,0.3672039,-1.614398,14Mo,Mo,8,DC
paul_c001925,7.970515,-0.5450895,5Ery,Ery,10,Unknown
paul_c001926,9.850356,-1.445184,4Ery,Ery,10,Unknown
paul_c001927,-2.170956,-2.237887,15Mo,Mo,2,Neu
paul_c001928,-2.373615,1.607817,13Baso,Baso,1,Mo
paul_c001929,-3.418444,0.436066,15Mo,Mo,1,Mo
paul_c001930,-0.590344,-0.01661893,13Baso,Baso,1,Mo
paul_c001931,-1.485783,0.06222256,14Mo,Mo,1,Mo
paul_c001932,4.503583,1.771827,12Baso,Baso,7,Eos
paul_c001933,-2.709097,-2.909645,16Neu,Neu,2,Neu
paul_c001934,0.7098379,-1.014321,13Baso,Baso,8,DC
paul_c001935,6.851232,-2.40824,6Ery,Ery,0,Progenitor
paul_c001936,-0.08247355,-1.901362,15Mo,Mo,8,DC
paul_c001937,9.89926,-1.46122,4Ery,Ery,10,Unknown
paul_c001938,0.0778259,-1.546037,14Mo,Mo,8,DC
paul_c001939,0.6695308,0.6632667,13Baso,Baso,8,DC
paul_c001940,-1.031162,-2.806583,15Mo,Mo,2,Neu
paul_c001941,12.05197,-1.237619,3Ery,Ery,4,Ery
paul_c001942,4.386622,-0.7569346,10GMP,Progenitor,11,Mk
paul_c001943,0.3728244,0.1927242,13Baso,Baso,8,DC
paul_c001944,10.96733,-0.9749596,4Ery,Ery,9,Ery
paul_c001945,3.676816,-0.2255027,8Mk,Mk,11,Mk
paul_c001946,11.3414,-0.2021272,3Ery,Ery,4,Ery
paul_c001947,-0.934295,1.605725,14Mo,Mo,3,Mo
paul_c001948,-2.521895,1.001013,15Mo,Mo,1,Mo
paul_c001949,-3.030564,-2.442545,16Neu,Neu,2,Neu
paul_c001950,-2.092947,-1.267966,15Mo,Mo,1,Mo
paul_c001951,1.349478,-0.6647844,9GMP,Progenitor,8,DC
paul_c001952,-3.335539,-4.513153,16Neu,Neu,2,Neu
paul_c001953,3.739357,1.653951,12Baso,Baso,7,Eos
paul_c001954,5.631932,-0.661198,10GMP,Progenitor,0,Progenitor
paul_c001955,-1.85703,-1.262268,14Mo,Mo,13,Neu
paul_c001956,-3.181557,2.048797,14Mo,Mo,3,Mo
paul_c001957,-2.030139,0.7600145,14Mo,Mo,1,Mo
paul_c001958,8.029442,0.3809459,7MEP,Progenitor,5,Unknown
paul_c001959,-2.885584,0.5833068,15Mo,Mo,1,Mo
paul_c001960,4.115443,1.915499,17Neu,Neu,7,Eos
paul_c001961,11.71316,-0.01224974,2Ery,Ery,4,Ery
paul_c001962,-1.75896,-2.078403,14Mo,Mo,2,Neu
paul_c001963,-0.5315041,1.207622,14Mo,Mo,8,DC
paul_c001964,10.20408,0.3175987,4Ery,Ery,5,Unknown
paul_c001965,7.747245,-0.739641,6Ery,Ery,10,Unknown
paul_c001966,-1.781581,-3.979416,15Mo,Mo,2,Neu
paul_c001967,10.75703,-1.582808,2Ery,Ery,9,Ery
paul_c001968,9.767066,0.77145,2Ery,Ery,5,Unknown
paul_c001969,8.234745,0.4182386,5Ery,Ery,5,Unknown
paul_c001970,11.14826,-1.836726,2Ery,Ery,9,Ery
paul_c001971,10.42643,-2.568545,2Ery,Ery,9,Ery
paul_c001972,-1.546175,2.234026,14Mo,Mo,3,Mo
paul_c001973,10.90959,-1.357638,2Ery,Ery,4,Ery
paul_c001974,-2.848818,-0.4377158,14Mo,Mo,1,Mo
paul_c001975,-2.603518,-0.3770336,15Mo,Mo,1,Mo
paul_c001976,9.638719,-1.943832,5Ery,Ery,10,Unknown
paul_c001977,8.13076,-1.66913,6Ery,Ery,10,Unknown
paul_c001978,-0.3554788,0.8703746,13Baso,Baso,8,DC
paul_c001979,6.207371,-1.900493,6Ery,Ery,0,Progenitor
paul_c001980,-1.8614,1.813072,13Baso,Baso,1,Mo
paul_c001981,7.683524,-0.1785025,5Ery,Ery,10,Unknown
paul_c001982,-4.054582,0.1724432,15Mo,Mo,1,Mo
paul_c001983,11.35692,-1.582963,3Ery,Ery,9,Ery
paul_c001984,1.521042,-0.1346588,10GMP,Progenitor,8,DC
paul_c001985,10.126,3.222979,2Ery,Ery,6,Ery
paul_c001986,-1.834701,2.306592,14Mo,Mo,3,Mo
paul_c001987,10.26292,1.346457,2Ery,Ery,5,Unknown
paul_c001988,3.880601,0.8930725,14Mo,Mo,7,Eos
paul_c001989,10.17282,-2.068345,2Ery,Ery,10,Unknown
paul_c001990,13.03618,-1.386185,2Ery,Ery,4,Ery
paul_c001991,10.04912,-2.963225,2Ery,Ery,9,Ery
paul_c001992,9.623693,0.3040453,5Ery,Ery,5,Unknown
paul_c001993,-2.106372,0.9820538,14Mo,Mo,1,Mo
paul_c001994,11.64254,-2.523517,1Ery,Ery,9,Ery
paul_c001995,9.954331,1.109949,5Ery,Ery,5,Unknown
paul_c001996,10.90911,0.4821645,4Ery,Ery,5,Unknown
paul_c001997,10.97341,-3.216295,2Ery,Ery,9,Ery
paul_c001998,1.510209,-1.464875,10GMP,Progenitor,8,DC
paul_c001999,10.14666,-1.370277,2Ery,Ery,10,Unknown
paul_c002000,9.916481,-0.2930472,2Ery,Ery,5,Unknown
paul_c002001,6.300702,-0.6682457,7MEP,Progenitor,0,Progenitor
paul_c002002,12.27048,-2.072141,2Ery,Ery,9,Ery
paul_c002003,5.115169,0.8492118,7MEP,Progenitor,7,Eos
paul_c002004,12.65868,-2.473467,1Ery,Ery,9,Ery
paul_c002005,5.535453,-0.6854202,7MEP,Progenitor,0,Progenitor
paul_c002006,1.833825,0.1010404,9GMP,Progenitor,8,DC
paul_c002007,10.86402,-1.278042,2Ery,Ery,9,Ery
paul_c002008,4.519452,1.111928,17Neu,Neu,7,Eos
paul_c002009,-1.331797,1.907821,14Mo,Mo,1,Mo
paul_c002010,-2.708794,2.049136,14Mo,Mo,1,Mo
paul_c002011,-0.9153012,-0.4686835,13Baso,Baso,1,Mo
paul_c002012,6.427752,0.2898379,7MEP,Progenitor,0,Progenitor
paul_c002013,-3.537023,-3.562346,16Neu,Neu,2,Neu
paul_c002014,9.69623,-2.101566,2Ery,Ery,10,Unknown
paul_c002015,11.18026,-1.577314,2Ery,Ery,9,Ery
paul_c002016,5.985424,-1.712004,7MEP,Progenitor,0,Progenitor
paul_c002017,7.261189,-1.611924,6Ery,Ery,5,Unknown
paul_c002018,-1.889519,1.046642,14Mo,Mo,1,Mo
paul_c002019,10.40394,-0.6750067,4Ery,Ery,4,Ery
paul_c002020,6.904533,-1.613735,6Ery,Ery,0,Progenitor
paul_c002021,10.55132,-1.814801,2Ery,Ery,9,Ery
paul_c002022,9.745168,-1.388826,4Ery,Ery,10,Unknown
paul_c002023,11.82656,-0.9814901,1Ery,Ery,4,Ery
paul_c002024,8.749578,-2.479086,5Ery,Ery,10,Unknown
paul_c002025,5.481302,5.488359,19Lymph,Lymph,12,Unknown
paul_c002026,3.354209,-1.68948,8Mk,Mk,11,Mk
paul_c002027,9.702559,-2.314779,4Ery,Ery,10,Unknown
paul_c002028,6.648802,-1.961682,6Ery,Ery,0,Progenitor
paul_c002029,-3.570984,0.6821389,13Baso,Baso,1,Mo
paul_c002030,6.976634,0.5306459,6Ery,Ery,0,Progenitor
paul_c002031,-4.059753,0.3637283,13Baso,Baso,1,Mo
paul_c002032,5.679968,1.026318,7MEP,Progenitor,0,Progenitor
paul_c002033,12.96698,0.679307,3Ery,Ery,4,Ery
paul_c002034,13.73688,0.9930623,3Ery,Ery,6,Ery
paul_c002035,-2.975631,0.5996332,13Baso,Baso,3,Mo
paul_c002036,8.070779,0.490939,3Ery,Ery,5,Unknown
paul_c002037,-2.283661,-1.969407,15Mo,Mo,1,Mo
paul_c002038,-1.832981,-0.5820097,14Mo,Mo,1,Mo
paul_c002039,8.577853,0.7868807,6Ery,Ery,5,Unknown
paul_c002040,1.063908,1.001844,10GMP,Progenitor,8,DC
paul_c002041,-3.206797,-3.409212,16Neu,Neu,2,Neu
paul_c002042,9.296016,0.6935968,4Ery,Ery,5,Unknown
paul_c002043,-3.281706,1.503727,14Mo,Mo,1,Mo
paul_c002044,-3.745311,0.6876738,14Mo,Mo,3,Mo
paul_c002045,1.87535,1.477856,10GMP,Progenitor,8,DC
paul_c002046,9.907122,1.194297,3Ery,Ery,5,Unknown
paul_c002047,0.2834085,1.71347,10GMP,Progenitor,8,DC
paul_c002048,-0.7764226,-1.279912,14Mo,Mo,13,Neu
paul_c002049,9.825442,0.4734824,3Ery,Ery,4,Ery
paul_c002050,12.37279,-1.994121,4Ery,Ery,9,Ery
paul_c002051,5.316283,5.297732,19Lymph,Lymph,12,Unknown
paul_c002052,-3.279596,0.420987,14Mo,Mo,3,Mo
paul_c002053,11.4924,2.392519,3Ery,Ery,6,Ery
paul_c002054,-0.5056136,-1.484596,15Mo,Mo,8,DC
paul_c002055,-1.328615,-2.053931,15Mo,Mo,13,Neu
paul_c002056,0.04160368,1.020135,10GMP,Progenitor,8,DC
paul_c002057,-2.653117,-1.240155,15Mo,Mo,1,Mo
paul_c002058,-2.50355,-1.798148,15Mo,Mo,13,Neu
paul_c002059,-2.869651,0.7449567,14Mo,Mo,1,Mo
paul_c002060,-2.599101,2.772748,13Baso,Baso,3,Mo
paul_c002061,-4.213417,-2.48831,16Neu,Neu,13,Neu
paul_c002062,-3.837635,-1.308592,14Mo,Mo,13,Neu
paul_c002063,9.403241,0.7592227,4Ery,Ery,5,Unknown
paul_c002064,-2.261159,-1.893277,14Mo,Mo,13,Neu
paul_c002065,6.780429,1.578442,9GMP,Progenitor,5,Unknown
paul_c002066,11.74347,1.220299,3Ery,Ery,6,Ery
paul_c002067,-3.781987,0.6493019,14Mo,Mo,1,Mo
paul_c002068,9.844195,1.250571,3Ery,Ery,5,Unknown
paul_c002069,0.4823856,1.155403,10GMP,Progenitor,8,DC
paul_c002070,-4.417841,-2.303286,16Neu,Neu,13,Neu
paul_c002071,-4.949401,-2.279587,16Neu,Neu,13,Neu
paul_c002072,-1.122256,0.4821908,13Baso,Baso,3,Mo
paul_c002073,12.89244,1.536371,1Ery,Ery,6,Ery
paul_c002074,7.197189,1.135434,6Ery,Ery,0,Progenitor
paul_c002075,9.610518,2.562842,2Ery,Ery,5,Unknown
paul_c002076,-0.02729684,1.772273,14Mo,Mo,3,Mo
paul_c002077,10.65917,3.192039,2Ery,Ery,6,Ery
paul_c002078,-1.328393,-0.7434564,14Mo,Mo,3,Mo
paul_c002079,9.083879,2.386494,5Ery,Ery,5,Unknown
paul_c002080,10.82228,0.9562694,2Ery,Ery,9,Ery
paul_c002081,1.166483,1.315074,9GMP,Progenitor,8,DC
paul_c002082,-1.720699,2.209631,13Baso,Baso,3,Mo
paul_c002083,9.822853,2.965195,2Ery,Ery,5,Unknown
paul_c002084,9.416703,0.4154705,3Ery,Ery,5,Unknown
paul_c002085,-4.637593,-2.766403,16Neu,Neu,13,Neu
paul_c002086,0.1429605,1.437487,13Baso,Baso,3,Mo
paul_c002087,-1.6298,2.960503,14Mo,Mo,3,Mo
paul_c002088,10.27213,1.30848,4Ery,Ery,5,Unknown
paul_c002089,11.73815,1.087427,3Ery,Ery,6,Ery
paul_c002090,7.466931,0.6310706,6Ery,Ery,5,Unknown
paul_c002091,7.265896,1.903291,7MEP,Progenitor,5,Unknown
paul_c002092,0.9733245,2.090535,10GMP,Progenitor,8,DC
paul_c002093,9.535968,1.725859,4Ery,Ery,5,Unknown
paul_c002094,9.816104,2.179518,2Ery,Ery,5,Unknown
paul_c002095,-3.714809,-2.923251,16Neu,Neu,13,Neu
paul_c002096,3.586593,1.074618,12Baso,Baso,7,Eos
paul_c002097,5.377554,5.42242,19Lymph,Lymph,12,Unknown
paul_c002098,6.441998,-0.2327276,7MEP,Progenitor,0,Progenitor
paul_c002099,-0.3396117,2.226998,13Baso,Baso,3,Mo
paul_c002100,10.06958,1.839494,4Ery,Ery,5,Unknown
paul_c002101,7.060856,1.522694,7MEP,Progenitor,0,Progenitor
paul_c002102,10.73243,-1.394917,4Ery,Ery,9,Ery
paul_c002103,3.574251,1.223006,12Baso,Baso,7,Eos
paul_c002104,8.362028,-2.010881,5Ery,Ery,10,Unknown
paul_c002105,10.18158,2.772919,2Ery,Ery,6,Ery
paul_c002106,10.49825,2.408901,2Ery,Ery,6,Ery
paul_c002107,1.766218,1.307545,9GMP,Progenitor,8,DC
paul_c002108,11.45197,1.446634,1Ery,Ery,9,Ery
paul_c002109,2.710773,16.73919,11DC,DC,14,DC
paul_c002110,12.41908,-0.2609023,3Ery,Ery,4,Ery
paul_c002111,-1.119531,1.500354,14Mo,Mo,3,Mo
paul_c002112,-4.035268,-2.756212,16Neu,Neu,13,Neu
paul_c002113,11.32409,1.046449,2Ery,Ery,9,Ery
paul_c002114,10.07683,1.126646,5Ery,Ery,5,Unknown
paul_c002115,-2.486668,2.038492,14Mo,Mo,3,Mo
paul_c002116,-2.377724,0.171395,15Mo,Mo,1,Mo
paul_c002117,1.411802,-1.010098,9GMP,Progenitor,8,DC
paul_c002118,2.431442,0.7930283,9GMP,Progenitor,11,Mk
paul_c002119,-3.165754,2.622933,14Mo,Mo,3,Mo
paul_c002120,11.20677,2.50137,2Ery,Ery,6,Ery
paul_c002121,10.98516,1.641168,4Ery,Ery,5,Unknown
paul_c002122,12.20884,-0.920936,5Ery,Ery,4,Ery
paul_c002123,9.789731,1.359032,4Ery,Ery,5,Unknown
paul_c002124,12.35122,-0.3459689,3Ery,Ery,4,Ery
paul_c002125,-4.464751,-2.579466,16Neu,Neu,13,Neu
paul_c002126,10.53403,2.89925,2Ery,Ery,6,Ery
paul_c002127,-3.231418,-2.394562,16Neu,Neu,13,Neu
paul_c002128,10.93096,2.827883,2Ery,Ery,6,Ery
paul_c002129,0.6674231,1.565547,13Baso,Baso,8,DC
paul_c002130,10.58603,2.144084,2Ery,Ery,6,Ery
paul_c002131,8.64429,2.778157,6Ery,Ery,5,Unknown
paul_c002132,8.395424,2.579427,6Ery,Ery,5,Unknown
paul_c002133,-0.8491668,1.992897,14Mo,Mo,3,Mo
paul_c002134,9.94861,1.788189,2Ery,Ery,5,Unknown
paul_c002135,10.00759,3.159963,2Ery,Ery,5,Unknown
paul_c002136,3.471918,-1.319794,8Mk,Mk,11,Mk
paul_c002137,3.441468,-1.847839,8Mk,Mk,11,Mk
paul_c002138,-1.43905,2.710679,14Mo,Mo,3,Mo
paul_c002139,-2.514787,2.740012,14Mo,Mo,3,Mo
paul_c002140,11.22082,2.640245,1Ery,Ery,6,Ery
paul_c002141,12.46977,-0.8751808,4Ery,Ery,4,Ery
paul_c002142,7.256108,1.276076,7MEP,Progenitor,0,Progenitor
paul_c002143,-3.905913,-2.471,16Neu,Neu,13,Neu
paul_c002144,-4.156256,-2.241274,16Neu,Neu,13,Neu
paul_c002145,-0.1487185,2.433924,14Mo,Mo,3,Mo
paul_c002146,9.298449,2.458196,3Ery,Ery,5,Unknown
paul_c002147,11.28756,3.159069,2Ery,Ery,6,Ery
paul_c002148,-2.201866,2.676636,16Neu,Neu,3,Mo
paul_c002149,4.061307,2.405781,17Neu,Neu,7,Eos
paul_c002150,8.520947,1.980087,6Ery,Ery,5,Unknown
paul_c002151,10.15596,2.472625,2Ery,Ery,6,Ery
paul_c002152,-0.6314654,2.681773,14Mo,Mo,3,Mo
paul_c002153,-3.88868,-2.510707,16Neu,Neu,13,Neu
paul_c002154,5.186238,0.811337,7MEP,Progenitor,7,Eos
paul_c002155,11.81883,-1.662972,2Ery,Ery,9,Ery
paul_c002156,12.66385,1.009818,3Ery,Ery,6,Ery
paul_c002157,10.17505,2.274206,2Ery,Ery,6,Ery
paul_c002158,8.230974,2.368819,6Ery,Ery,5,Unknown
paul_c002159,8.537084,2.626051,6Ery,Ery,5,Unknown
paul_c002160,8.079857,2.212065,6Ery,Ery,5,Unknown
paul_c002161,2.866053,0.4483704,10GMP,Progenitor,11,Mk
paul_c002162,4.099349,0.9049208,12Baso,Baso,7,Eos
paul_c002163,3.738799,0.4758482,12Baso,Baso,7,Eos
paul_c002164,9.895929,0.4701058,4Ery,Ery,5,Unknown
paul_c002165,10.5903,2.122683,2Ery,Ery,6,Ery
paul_c002166,9.677549,2.201769,4Ery,Ery,6,Ery
paul_c002167,10.02465,3.06553,2Ery,Ery,5,Unknown
paul_c002168,-2.664852,2.975079,14Mo,Mo,3,Mo
paul_c002169,10.06498,1.145028,3Ery,Ery,5,Unknown
paul_c002170,7.735037,1.648255,6Ery,Ery,5,Unknown
paul_c002171,12.14489,2.188313,3Ery,Ery,6,Ery
paul_c002172,3.05028,1.024248,10GMP,Progenitor,7,Eos
paul_c002173,9.702792,2.978277,2Ery,Ery,5,Unknown
paul_c002174,-0.5730183,2.664412,14Mo,Mo,3,Mo
paul_c002175,-4.713271,-2.63534,16Neu,Neu,13,Neu
paul_c002176,2.270141,2.338166,18Eos,Eos,7,Eos
paul_c002177,-1.936423,-0.1364974,13Baso,Baso,1,Mo
paul_c002178,8.575379,2.493464,6Ery,Ery,5,Unknown
paul_c002179,-3.344885,2.713655,14Mo,Mo,3,Mo
paul_c002180,0.1793248,2.163556,13Baso,Baso,3,Mo
paul_c002181,9.169735,2.777631,2Ery,Ery,5,Unknown
paul_c002182,10.42921,2.121576,2Ery,Ery,6,Ery
paul_c002183,7.305741,1.189031,5Ery,Ery,5,Unknown
paul_c002184,-0.1317327,1.167837,10GMP,Progenitor,8,DC
paul_c002185,10.38409,2.954896,5Ery,Ery,6,Ery
paul_c002186,-0.869997,1.966972,14Mo,Mo,3,Mo
paul_c002187,1.068544,1.250111,13Baso,Baso,8,DC
paul_c002188,-0.3020734,1.482437,14Mo,Mo,3,Mo
paul_c002189,-4.084254,-2.64337,16Neu,Neu,13,Neu
paul_c002190,10.65835,1.814907,2Ery,Ery,6,Ery
paul_c002191,3.4218,-1.662823,10GMP,Progenitor,11,Mk
paul_c002192,10.57165,1.103765,4Ery,Ery,5,Unknown
paul_c002193,-3.400561,-3.19656,16Neu,Neu,2,Neu
paul_c002194,7.206425,-0.3684435,6Ery,Ery,5,Unknown
paul_c002195,-1.967596,0.5170988,15Mo,Mo,1,Mo
paul_c002196,0.4648173,-1.481857,14Mo,Mo,8,DC
paul_c002197,3.689496,1.00334,12Baso,Baso,7,Eos
paul_c002198,5.426842,0.002202007,7MEP,Progenitor,0,Progenitor
paul_c002199,1.279873,-0.3151548,10GMP,Progenitor,8,DC
paul_c002200,-3.159245,1.608438,15Mo,Mo,3,Mo
paul_c002201,13.59887,1.974413,3Ery,Ery,6,Ery
paul_c002202,-2.188251,-3.875259,15Mo,Mo,2,Neu
paul_c002203,12.92443,1.171291,3Ery,Ery,6,Ery
paul_c002204,1.716606,1.132887,9GMP,Progenitor,8,DC
paul_c002205,11.79817,-2.040447,2Ery,Ery,9,Ery
paul_c002206,3.204253,0.230621,7MEP,Progenitor,11,Mk
paul_c002207,12.68443,-1.459211,3Ery,Ery,4,Ery
paul_c002208,-4.22834,0.6213697,13Baso,Baso,1,Mo
paul_c002209,-4.030542,-2.429563,16Neu,Neu,13,Neu
paul_c002210,-0.8038052,1.180655,13Baso,Baso,8,DC
paul_c002211,12.83827,1.877632,2Ery,Ery,6,Ery
paul_c002212,-3.715797,-2.377069,15Mo,Mo,13,Neu
paul_c002213,3.975193,0.1612159,7MEP,Progenitor,11,Mk
paul_c002214,7.905768,0.3941682,6Ery,Ery,5,Unknown
paul_c002215,9.159056,1.084563,5Ery,Ery,5,Unknown
paul_c002216,-2.200951,0.1412209,13Baso,Baso,1,Mo
paul_c002217,0.5575786,1.803635,10GMP,Progenitor,8,DC
paul_c002218,1.770341,1.332128,9GMP,Progenitor,8,DC
paul_c002219,-0.1714386,2.530349,13Baso,Baso,3,Mo
paul_c002220,-1.535239,-0.9695289,13Baso,Baso,1,Mo
paul_c002221,5.178334,4.568793,12Baso,Baso,12,Unknown
paul_c002222,9.239583,1.365937,5Ery,Ery,5,Unknown
paul_c002223,0.3577728,1.256021,13Baso,Baso,8,DC
paul_c002224,-4.235191,-2.774143,15Mo,Mo,13,Neu
paul_c002225,-2.790304,2.745303,14Mo,Mo,3,Mo
paul_c002226,1.200119,1.88406,10GMP,Progenitor,8,DC
paul_c002227,-2.252371,2.658716,15Mo,Mo,3,Mo
paul_c002228,9.541314,1.949195,4Ery,Ery,5,Unknown
paul_c002229,8.858987,1.210177,5Ery,Ery,5,Unknown
paul_c002230,3.600138,-1.025569,8Mk,Mk,11,Mk
paul_c002231,-0.7608025,0.6252207,13Baso,Baso,8,DC
paul_c002232,7.036969,0.961431,7MEP,Progenitor,0,Progenitor
paul_c002233,-2.152512,3.179307,14Mo,Mo,3,Mo
paul_c002234,-2.556482,3.221876,14Mo,Mo,3,Mo
paul_c002235,10.97792,1.580001,2Ery,Ery,9,Ery
paul_c002236,7.747575,1.785436,6Ery,Ery,5,Unknown
paul_c002237,11.18334,1.784935,2Ery,Ery,6,Ery
paul_c002238,-1.616626,0.4813288,13Baso,Baso,3,Mo
paul_c002239,3.931227,0.274284,7MEP,Progenitor,11,Mk
paul_c002240,-4.824244,-2.708333,16Neu,Neu,13,Neu
paul_c002241,-2.696936,3.084562,14Mo,Mo,3,Mo
paul_c002242,8.648828,2.51913,3Ery,Ery,5,Unknown
paul_c002243,-4.324018,-2.372009,16Neu,Neu,13,Neu
paul_c002244,5.206786,4.904602,19Lymph,Lymph,12,Unknown
paul_c002245,1.897539,1.064027,10GMP,Progenitor,8,DC
paul_c002246,3.880524,1.122352,12Baso,Baso,7,Eos
paul_c002247,1.481524,1.8648,10GMP,Progenitor,8,DC
paul_c002248,-0.2380657,2.326397,13Baso,Baso,8,DC
paul_c002249,11.24589,2.915328,1Ery,Ery,6,Ery
paul_c002250,-3.713791,-2.22984,16Neu,Neu,13,Neu
paul_c002251,7.411146,1.743054,6Ery,Ery,5,Unknown
paul_c002252,-2.464186,0.5790547,14Mo,Mo,1,Mo
paul_c002253,10.47426,2.58502,2Ery,Ery,6,Ery
paul_c002254,-3.036599,2.643555,14Mo,Mo,3,Mo
paul_c002255,1.645715,1.858517,10GMP,Progenitor,8,DC
paul_c002256,-0.4598504,2.132861,14Mo,Mo,3,Mo
paul_c002257,-4.387761,-2.226866,16Neu,Neu,13,Neu
paul_c002258,3.295293,0.2179226,9GMP,Progenitor,11,Mk
paul_c002259,7.781779,1.674215,3Ery,Ery,5,Unknown
paul_c002260,10.99555,1.672797,3Ery,Ery,6,Ery
paul_c002261,-3.206621,-2.009293,14Mo,Mo,13,Neu
paul_c002262,10.67167,3.370773,2Ery,Ery,6,Ery
paul_c002263,4.160774,0.9434924,12Baso,Baso,7,Eos
paul_c002264,2.842819,0.6813079,9GMP,Progenitor,11,Mk
paul_c002265,11.88966,2.484731,1Ery,Ery,6,Ery
paul_c002266,10.25737,0.341325,3Ery,Ery,5,Unknown
paul_c002267,9.344369,2.554406,5Ery,Ery,5,Unknown
paul_c002268,9.946414,2.58047,2Ery,Ery,6,Ery
paul_c002269,3.457615,-1.463644,8Mk,Mk,11,Mk
paul_c002270,11.15116,1.803127,2Ery,Ery,6,Ery
paul_c002271,-3.891648,-3.39041,16Neu,Neu,2,Neu
paul_c002272,8.528922,-2.126138,5Ery,Ery,10,Unknown
paul_c002273,4.029858,-0.6679171,10GMP,Progenitor,11,Mk
paul_c002274,-1.178689,2.052854,13Baso,Baso,3,Mo
paul_c002275,-4.472063,-2.562629,16Neu,Neu,13,Neu
paul_c002276,-2.279864,3.158243,14Mo,Mo,3,Mo
paul_c002277,10.54155,3.295511,2Ery,Ery,6,Ery
paul_c002278,9.533106,2.619323,5Ery,Ery,5,Unknown
paul_c002279,-3.952683,2.140245,15Mo,Mo,3,Mo
paul_c002280,6.3847,0.01451858,7MEP,Progenitor,0,Progenitor
paul_c002281,-2.549364,-2.712937,15Mo,Mo,2,Neu
paul_c002282,9.562365,-1.715213,5Ery,Ery,10,Unknown
paul_c002283,7.753439,0.3526796,6Ery,Ery,5,Unknown
paul_c002284,7.941761,-1.473217,5Ery,Ery,10,Unknown
paul_c002285,10.2927,-0.756597,2Ery,Ery,9,Ery
paul_c002286,10.9131,1.302818,3Ery,Ery,6,Ery
paul_c002287,-2.829217,-3.511586,15Mo,Mo,2,Neu
paul_c002288,6.0281,-1.054496,7MEP,Progenitor,0,Progenitor
paul_c002289,10.94923,0.9767489,3Ery,Ery,5,Unknown
paul_c002290,-2.858062,1.894362,15Mo,Mo,1,Mo
paul_c002291,-5.086715,-2.358321,16Neu,Neu,13,Neu
paul_c002292,8.098926,0.602486,6Ery,Ery,5,Unknown
paul_c002293,6.401824,1.084779,7MEP,Progenitor,0,Progenitor
paul_c002294,7.164949,0.537047,6Ery,Ery,0,Progenitor
paul_c002295,8.358771,0.8653952,6Ery,Ery,5,Unknown
paul_c002296,1.996875,0.6676449,10GMP,Progenitor,8,DC
paul_c002297,11.16808,2.611232,4Ery,Ery,6,Ery
paul_c002298,-1.702981,2.431952,13Baso,Baso,3,Mo
paul_c002299,-2.246528,-1.574951,14Mo,Mo,13,Neu
paul_c002300,-0.6005427,0.05758308,13Baso,Baso,8,DC
paul_c002301,11.88812,1.780472,3Ery,Ery,6,Ery
paul_c002302,9.680445,1.772936,6Ery,Ery,5,Unknown
paul_c002303,3.301708,-1.262486,8Mk,Mk,11,Mk
paul_c002304,-1.108797,2.728615,14Mo,Mo,3,Mo
paul_c002305,10.76366,3.00778,2Ery,Ery,6,Ery
paul_c002306,1.483912,1.719364,9GMP,Progenitor,8,DC
paul_c002307,8.058708,0.5344933,6Ery,Ery,5,Unknown
paul_c002308,-2.210164,-1.453959,15Mo,Mo,3,Mo
paul_c002309,0.08057398,2.061035,13Baso,Baso,8,DC
paul_c002310,8.190401,1.774216,3Ery,Ery,5,Unknown
paul_c002311,-4.431681,-2.506317,16Neu,Neu,13,Neu
paul_c002312,12.00345,3.091193,2Ery,Ery,6,Ery
paul_c002313,-0.4768745,0.9848753,9GMP,Progenitor,8,DC
paul_c002314,-3.101755,-1.883727,14Mo,Mo,13,Neu
paul_c002315,10.48301,0.9806606,3Ery,Ery,6,Ery
paul_c002316,-1.569648,2.848503,14Mo,Mo,3,Mo
paul_c002317,-0.9408057,2.720501,14Mo,Mo,3,Mo
paul_c002318,-1.801676,3.154103,16Neu,Neu,3,Mo
paul_c002319,-2.246461,3.204031,14Mo,Mo,3,Mo
paul_c002320,2.504956,0.974547,9GMP,Progenitor,11,Mk
paul_c002321,10.85387,2.4122,3Ery,Ery,6,Ery
paul_c002322,-3.729505,0.5416042,13Baso,Baso,1,Mo
paul_c002323,3.598356,-0.896947,10GMP,Progenitor,11,Mk
paul_c002324,-0.2363339,1.601567,14Mo,Mo,3,Mo
paul_c002325,8.423775,2.36028,3Ery,Ery,5,Unknown
paul_c002326,8.161123,2.433053,6Ery,Ery,5,Unknown
paul_c002327,-1.020547,2.521951,14Mo,Mo,3,Mo
paul_c002328,9.536283,2.162144,4Ery,Ery,5,Unknown
paul_c002329,11.71346,-0.2550022,3Ery,Ery,9,Ery
paul_c002330,9.849586,3.134744,2Ery,Ery,5,Unknown
paul_c002331,9.975856,2.838255,2Ery,Ery,6,Ery
paul_c002332,-1.75467,2.780657,14Mo,Mo,3,Mo
paul_c002333,10.28749,3.314058,2Ery,Ery,6,Ery
paul_c002334,6.663626,1.727353,8Mk,Mk,5,Unknown
paul_c002335,2.50671,0.8504283,10GMP,Progenitor,11,Mk
paul_c002336,1.718045,1.386743,10GMP,Progenitor,8,DC
paul_c002337,-0.6057686,1.82486,14Mo,Mo,3,Mo
paul_c002338,1.711532,1.828746,10GMP,Progenitor,8,DC
paul_c002339,-3.403253,-2.006165,16Neu,Neu,13,Neu
paul_c002340,0.9363573,2.025429,10GMP,Progenitor,8,DC
paul_c002341,0.7169346,2.209104,10GMP,Progenitor,8,DC
paul_c002342,-2.671024,0.03051037,13Baso,Baso,1,Mo
paul_c002343,-4.645197,-2.849699,16Neu,Neu,13,Neu
paul_c002344,9.328135,2.410222,2Ery,Ery,5,Unknown
paul_c002345,-3.807543,-2.058692,16Neu,Neu,13,Neu
paul_c002346,9.894973,2.913733,2Ery,Ery,5,Unknown
paul_c002347,-2.93289,3.120447,14Mo,Mo,3,Mo
paul_c002348,2.901307,16.68305,11DC,DC,14,DC
paul_c002349,-2.07051,1.2474,14Mo,Mo,1,Mo
paul_c002350,2.778258,16.80595,11DC,DC,14,DC
paul_c002351,-0.5482123,2.087218,14Mo,Mo,3,Mo
paul_c002352,-2.368261,3.022355,13Baso,Baso,3,Mo
paul_c002353,11.42042,2.789176,2Ery,Ery,6,Ery
paul_c002354,11.70069,0.2607821,2Ery,Ery,4,Ery
paul_c002355,-4.155838,-2.663315,16Neu,Neu,13,Neu
paul_c002356,9.428859,2.705889,2Ery,Ery,5,Unknown
paul_c002357,11.10254,0.2289735,2Ery,Ery,9,Ery
paul_c002358,-2.781058,3.056074,14Mo,Mo,3,Mo
paul_c002359,10.3507,0.3714583,5Ery,Ery,9,Ery
paul_c002360,9.525943,3.060317,2Ery,Ery,5,Unknown
paul_c002361,6.095135,-1.040992,7MEP,Progenitor,0,Progenitor
paul_c002362,2.961595,-1.208861,9GMP,Progenitor,11,Mk
paul_c002363,9.989088,-2.41353,2Ery,Ery,10,Unknown
paul_c002364,2.581657,-0.2107833,10GMP,Progenitor,8,DC
paul_c002365,5.63547,0.8015236,7MEP,Progenitor,0,Progenitor
paul_c002366,7.643779,0.8280751,6Ery,Ery,0,Progenitor
paul_c002367,-2.955722,1.58949,15Mo,Mo,3,Mo
paul_c002368,8.602149,-1.964479,5Ery,Ery,10,Unknown
paul_c002369,9.582193,1.591495,5Ery,Ery,5,Unknown
paul_c002370,-1.035158,-3.495898,15Mo,Mo,2,Neu
paul_c002371,-2.184607,-1.004263,14Mo,Mo,1,Mo
paul_c002372,3.680331,-1.607439,8Mk,Mk,11,Mk
paul_c002373,-2.780094,-0.8528943,14Mo,Mo,1,Mo
paul_c002374,-1.583949,-4.549106,15Mo,Mo,2,Neu
paul_c002375,10.66701,0.2153324,4Ery,Ery,4,Ery
paul_c002376,-2.175379,-1.118318,14Mo,Mo,1,Mo
paul_c002377,-1.848704,0.307965,13Baso,Baso,3,Mo
paul_c002378,5.419406,-0.4739624,6Ery,Ery,0,Progenitor
paul_c002379,13.01338,-0.4025955,4Ery,Ery,4,Ery
paul_c002380,-4.300122,-0.08200583,13Baso,Baso,1,Mo
paul_c002381,11.43472,-1.560503,4Ery,Ery,4,Ery
paul_c002382,1.830053,0.01028089,9GMP,Progenitor,8,DC
paul_c002383,13.41206,-1.485022,3Ery,Ery,4,Ery
paul_c002384,4.111761,-1.628866,8Mk,Mk,11,Mk
paul_c002385,4.035958,-2.056137,8Mk,Mk,11,Mk
paul_c002386,-1.342451,-3.347877,15Mo,Mo,2,Neu
paul_c002387,11.5923,-2.01048,2Ery,Ery,9,Ery
paul_c002388,4.420291,1.663455,12Baso,Baso,7,Eos
paul_c002389,7.962584,-0.56049,3Ery,Ery,10,Unknown
paul_c002390,-1.827864,-4.494967,15Mo,Mo,2,Neu
paul_c002391,-1.047205,-3.554589,15Mo,Mo,2,Neu
paul_c002392,1.151273,-0.4637336,9GMP,Progenitor,8,DC
paul_c002393,13.27938,-0.5594779,3Ery,Ery,4,Ery
paul_c002394,1.308521,0.5504304,10GMP,Progenitor,8,DC
paul_c002395,-2.769086,-3.417074,15Mo,Mo,2,Neu
paul_c002396,-1.806692,-4.267922,16Neu,Neu,2,Neu
paul_c002397,9.347218,-1.075591,4Ery,Ery,10,Unknown
paul_c002398,8.289289,-0.358767,3Ery,Ery,0,Progenitor
paul_c002399,-2.102739,-1.468701,14Mo,Mo,1,Mo
paul_c002400,11.14956,-0.1149803,3Ery,Ery,4,Ery
paul_c002401,-2.294775,-4.561509,16Neu,Neu,2,Neu
paul_c002402,8.257513,-1.186695,6Ery,Ery,10,Unknown
paul_c002403,9.551659,-1.023373,5Ery,Ery,10,Unknown
paul_c002404,0.3127252,-2.200843,13Baso,Baso,2,Neu
paul_c002405,-1.782698,-1.672171,13Baso,Baso,1,Mo
paul_c002406,3.125345,16.5333,11DC,DC,14,DC
paul_c002407,-3.446362,-0.02085289,13Baso,Baso,1,Mo
paul_c002408,4.221299,-1.484565,8Mk,Mk,11,Mk
paul_c002409,12.56877,-2.331424,2Ery,Ery,9,Ery
paul_c002410,-2.381849,-0.4295283,13Baso,Baso,1,Mo
paul_c002411,-2.924931,-1.102872,13Baso,Baso,1,Mo
paul_c002412,4.027513,-0.7079036,8Mk,Mk,11,Mk
paul_c002413,3.987448,-1.309746,8Mk,Mk,11,Mk
paul_c002414,-1.294852,-3.722743,15Mo,Mo,2,Neu
paul_c002415,-2.082046,-0.8683782,14Mo,Mo,1,Mo
paul_c002416,-1.680427,-2.073733,14Mo,Mo,13,Neu
paul_c002417,5.642376,5.560958,19Lymph,Lymph,12,Unknown
paul_c002418,7.356396,-0.649197,6Ery,Ery,10,Unknown
paul_c002419,8.533951,-1.613393,5Ery,Ery,10,Unknown
paul_c002420,-0.4210896,-2.461126,15Mo,Mo,2,Neu
paul_c002421,5.974378,0.7925842,7MEP,Progenitor,0,Progenitor
paul_c002422,-1.905327,-2.751925,15Mo,Mo,2,Neu
paul_c002423,-1.326606,-3.711779,15Mo,Mo,2,Neu
paul_c002424,8.151565,-0.9058895,6Ery,Ery,10,Unknown
paul_c002425,1.803588,-0.2695787,12Baso,Baso,8,DC
paul_c002426,11.31567,-2.761322,2Ery,Ery,9,Ery
paul_c002427,-4.177428,-0.2020335,13Baso,Baso,1,Mo
paul_c002428,12.70188,-0.8020315,3Ery,Ery,4,Ery
paul_c002429,12.64597,-1.815382,4Ery,Ery,9,Ery
paul_c002430,-0.6664566,-1.954855,14Mo,Mo,8,DC
paul_c002431,1.745099,-0.8450652,10GMP,Progenitor,8,DC
paul_c002432,-2.079521,-4.31862,16Neu,Neu,2,Neu
paul_c002433,-2.707759,-3.730134,15Mo,Mo,2,Neu
paul_c002434,6.150795,-0.3302939,6Ery,Ery,0,Progenitor
paul_c002435,-1.887142,-0.04618017,13Baso,Baso,1,Mo
paul_c002436,5.335139,5.563408,19Lymph,Lymph,12,Unknown
paul_c002437,-1.51846,-4.468336,15Mo,Mo,2,Neu
paul_c002438,6.710994,-0.8533571,6Ery,Ery,0,Progenitor
paul_c002439,12.47799,-2.601142,2Ery,Ery,9,Ery
paul_c002440,-1.912172,-3.315521,15Mo,Mo,2,Neu
paul_c002441,13.36827,0.3068281,3Ery,Ery,4,Ery
paul_c002442,1.369267,-1.606772,13Baso,Baso,8,DC
paul_c002443,6.65158,-0.08969176,6Ery,Ery,0,Progenitor
paul_c002444,-0.466481,-1.136421,13Baso,Baso,8,DC
paul_c002445,2.397152,-1.0232,9GMP,Progenitor,8,DC
paul_c002446,1.747542,0.3517162,10GMP,Progenitor,8,DC
paul_c002447,1.114642,-0.08180604,10GMP,Progenitor,8,DC
paul_c002448,-1.214347,-1.463755,14Mo,Mo,1,Mo
paul_c002449,11.25338,-2.402009,2Ery,Ery,9,Ery
paul_c002450,6.052491,-0.4078074,6Ery,Ery,0,Progenitor
paul_c002451,0.3996048,0.9004742,10GMP,Progenitor,8,DC
paul_c002452,6.262044,-0.03429843,7MEP,Progenitor,0,Progenitor
paul_c002453,6.382806,-1.019854,6Ery,Ery,0,Progenitor
paul_c002454,-1.450255,-0.7934777,14Mo,Mo,1,Mo
paul_c002455,13.04074,-1.651437,2Ery,Ery,4,Ery
paul_c002456,12.979,-1.259889,2Ery,Ery,4,Ery
paul_c002457,5.351979,0.5566897,7MEP,Progenitor,0,Progenitor
paul_c002458,9.121379,-0.5617102,5Ery,Ery,10,Unknown
paul_c002459,-2.519211,-0.923937,13Baso,Baso,1,Mo
paul_c002460,-4.235965,0.1436305,13Baso,Baso,1,Mo
paul_c002461,-2.919118,-0.732304,14Mo,Mo,1,Mo
paul_c002462,13.75771,0.01536789,3Ery,Ery,4,Ery
paul_c002463,-4.150863,-0.1658418,13Baso,Baso,1,Mo
paul_c002464,12.79601,-1.408741,4Ery,Ery,4,Ery
paul_c002465,12.05989,-0.5769195,3Ery,Ery,4,Ery
paul_c002466,13.50896,-1.091419,2Ery,Ery,4,Ery
paul_c002467,-0.767639,-3.19433,15Mo,Mo,2,Neu
paul_c002468,5.847614,-1.811883,7MEP,Progenitor,0,Progenitor
paul_c002469,13.67773,-0.996788,1Ery,Ery,4,Ery
paul_c002470,-1.49764,-4.134159,15Mo,Mo,2,Neu
paul_c002471,12.54638,-1.585293,2Ery,Ery,4,Ery
paul_c002472,-0.5493647,-1.816369,13Baso,Baso,1,Mo
paul_c002473,4.181008,-2.006248,8Mk,Mk,11,Mk
paul_c002474,1.230301,-1.271622,9GMP,Progenitor,8,DC
paul_c002475,5.469528,5.522113,19Lymph,Lymph,12,Unknown
paul_c002476,2.997628,16.46328,11DC,DC,14,DC
paul_c002477,4.059143,-1.799404,8Mk,Mk,11,Mk
paul_c002478,4.324248,2.11416,17Neu,Neu,7,Eos
paul_c002479,0.2362484,0.4908518,13Baso,Baso,8,DC
paul_c002480,0.3390751,-1.394502,13Baso,Baso,8,DC
paul_c002481,-1.42791,-2.511052,13Baso,Baso,2,Neu
paul_c002482,12.43807,-1.131422,3Ery,Ery,4,Ery
paul_c002483,1.801684,-2.150749,12Baso,Baso,7,Eos
paul_c002484,-1.896361,-4.278662,16Neu,Neu,2,Neu
paul_c002485,0.9295377,-0.4056285,10GMP,Progenitor,8,DC
paul_c002486,-4.20302,-0.4090596,15Mo,Mo,1,Mo
paul_c002487,5.669395,-0.4044596,7MEP,Progenitor,0,Progenitor
paul_c002488,-0.0994294,-2.027072,13Baso,Baso,8,DC
paul_c002489,-2.416618,0.1855459,13Baso,Baso,1,Mo
paul_c002490,-0.8811252,-3.114928,14Mo,Mo,2,Neu
paul_c002491,-2.439023,-3.838523,16Neu,Neu,2,Neu
paul_c002492,12.14569,-1.092082,3Ery,Ery,4,Ery
paul_c002493,6.027727,-0.7254941,7MEP,Progenitor,0,Progenitor
paul_c002494,-3.619133,0.9875739,13Baso,Baso,1,Mo
paul_c002495,-1.888454,0.7713832,13Baso,Baso,1,Mo
paul_c002496,9.654926,-1.720778,3Ery,Ery,10,Unknown
paul_c002497,13.86416,0.7658905,1Ery,Ery,6,Ery
paul_c002498,-2.31672,-1.704774,14Mo,Mo,1,Mo
paul_c002499,-1.667156,-3.65151,15Mo,Mo,2,Neu
paul_c002500,1.375543,-1.156175,10GMP,Progenitor,8,DC
paul_c002501,-3.486841,-0.1813447,15Mo,Mo,1,Mo
paul_c002502,10.95041,-1.310567,4Ery,Ery,4,Ery
paul_c002503,2.261363,-1.066074,9GMP,Progenitor,8,DC
paul_c002504,-1.41974,-1.520276,14Mo,Mo,3,Mo
paul_c002505,1.212319,0.2679546,9GMP,Progenitor,8,DC
paul_c002506,1.297021,-0.1009158,13Baso,Baso,8,DC
paul_c002507,1.581996,-0.4947045,10GMP,Progenitor,8,DC
paul_c002508,2.349023,-0.1996097,9GMP,Progenitor,8,DC
paul_c002509,8.417761,-0.9915243,5Ery,Ery,10,Unknown
paul_c002510,11.5476,-2.133492,2Ery,Ery,9,Ery
paul_c002511,5.839516,0.1020155,7MEP,Progenitor,0,Progenitor
paul_c002512,-3.763829,-0.4842002,13Baso,Baso,1,Mo
paul_c002513,6.825952,0.3498356,6Ery,Ery,0,Progenitor
paul_c002514,5.510039,-0.3025021,7MEP,Progenitor,0,Progenitor
paul_c002515,1.906436,-0.06204612,10GMP,Progenitor,8,DC
paul_c002516,6.047155,-0.04492226,7MEP,Progenitor,0,Progenitor
paul_c002517,0.9474763,-1.250072,10GMP,Progenitor,8,DC
paul_c002518,9.712559,-0.9084983,3Ery,Ery,10,Unknown
paul_c002519,9.77835,-0.5084077,5Ery,Ery,4,Ery
paul_c002520,2.453249,-0.7033112,10GMP,Progenitor,8,DC
paul_c002521,7.201064,0.1845795,6Ery,Ery,5,Unknown
paul_c002522,5.249413,4.818214,19Lymph,Lymph,12,Unknown
paul_c002523,4.150609,-1.811022,8Mk,Mk,11,Mk
paul_c002524,9.938643,-0.8791434,4Ery,Ery,4,Ery
paul_c002525,-1.730751,-0.2293279,14Mo,Mo,1,Mo
paul_c002526,-1.942464,-4.623198,16Neu,Neu,2,Neu
paul_c002527,-1.226774,-1.728508,14Mo,Mo,1,Mo
paul_c002528,1.823012,0.2858348,10GMP,Progenitor,8,DC
paul_c002529,1.690415,0.3079783,10GMP,Progenitor,8,DC
paul_c002530,-3.951054,0.4552715,13Baso,Baso,1,Mo
paul_c002531,5.696959,-0.7177271,7MEP,Progenitor,0,Progenitor
paul_c002532,-3.627582,-0.07917976,15Mo,Mo,1,Mo
paul_c002533,1.32947,-0.3929002,10GMP,Progenitor,8,DC
paul_c002534,-1.958655,-2.155727,15Mo,Mo,2,Neu
paul_c002535,-2.019202,-3.309966,15Mo,Mo,2,Neu
paul_c002536,-0.3383664,-2.54095,14Mo,Mo,2,Neu
paul_c002537,8.774491,-0.2081116,5Ery,Ery,10,Unknown
paul_c002538,-2.305596,0.1219284,13Baso,Baso,1,Mo
paul_c002539,2.036633,-1.076707,9GMP,Progenitor,8,DC
paul_c002540,5.980462,-0.7493678,7MEP,Progenitor,0,Progenitor
paul_c002541,-1.459189,-3.561724,14Mo,Mo,2,Neu
paul_c002542,8.51168,0.104061,6Ery,Ery,5,Unknown
paul_c002543,12.13644,-1.971101,2Ery,Ery,9,Ery
paul_c002544,4.01718,-1.826043,8Mk,Mk,11,Mk
paul_c002545,6.53547,-1.237942,7MEP,Progenitor,0,Progenitor
paul_c002546,9.385253,-1.211007,5Ery,Ery,10,Unknown
paul_c002547,4.318103,-0.5420263,7MEP,Progenitor,0,Progenitor
paul_c002548,-1.786441,0.4556628,13Baso,Baso,1,Mo
paul_c002549,6.180544,-0.560433,7MEP,Progenitor,0,Progenitor
paul_c002550,9.230059,-2.167822,5Ery,Ery,10,Unknown
paul_c002551,4.203155,-1.399077,8Mk,Mk,11,Mk
paul_c002552,13.62214,-1.177573,2Ery,Ery,4,Ery
paul_c002553,11.28736,-3.199187,2Ery,Ery,9,Ery
paul_c002554,8.936345,-1.445681,4Ery,Ery,10,Unknown
paul_c002555,-3.016242,0.933895,14Mo,Mo,1,Mo
paul_c002556,-2.057761,-4.629066,15Mo,Mo,2,Neu
paul_c002557,-0.1841123,1.128102,13Baso,Baso,8,DC
paul_c002558,12.02561,-0.9099029,3Ery,Ery,4,Ery
paul_c002559,11.22817,-3.14323,2Ery,Ery,9,Ery
paul_c002560,7.559505,-1.041673,5Ery,Ery,10,Unknown
paul_c002561,-0.9093606,-0.9187436,13Baso,Baso,1,Mo
paul_c002562,9.314499,-1.988516,3Ery,Ery,10,Unknown
paul_c002563,5.918791,-0.589204,6Ery,Ery,0,Progenitor
paul_c002564,4.227293,-2.093153,8Mk,Mk,11,Mk
paul_c002565,5.465203,-0.9775529,6Ery,Ery,0,Progenitor
paul_c002566,-3.226023,-4.708325,15Mo,Mo,2,Neu
paul_c002567,11.44122,-1.618818,2Ery,Ery,9,Ery
paul_c002568,8.492674,-2.339234,5Ery,Ery,10,Unknown
paul_c002569,5.504356,-1.047376,6Ery,Ery,0,Progenitor
paul_c002570,2.467625,-1.464078,9GMP,Progenitor,7,Eos
paul_c002571,4.17081,-1.045943,8Mk,Mk,11,Mk
paul_c002572,-1.895391,-3.760551,15Mo,Mo,2,Neu
paul_c002573,-2.172913,-0.6695449,13Baso,Baso,1,Mo
paul_c002574,1.551617,-0.8191578,10GMP,Progenitor,8,DC
paul_c002575,-3.826054,-4.026711,15Mo,Mo,2,Neu
paul_c002576,-1.199861,-3.488574,15Mo,Mo,2,Neu
paul_c002577,10.98591,-2.660748,2Ery,Ery,9,Ery
paul_c002578,-1.981517,0.1513935,13Baso,Baso,1,Mo
paul_c002579,-2.536299,-0.5085074,14Mo,Mo,1,Mo
paul_c002580,3.822692,-1.625775,9GMP,Progenitor,11,Mk
paul_c002581,11.26285,-3.202984,2Ery,Ery,9,Ery
paul_c002582,10.40591,-1.788895,3Ery,Ery,4,Ery
paul_c002583,3.930779,1.405728,17Neu,Neu,7,Eos
paul_c002584,-3.614617,-3.983639,16Neu,Neu,2,Neu
paul_c002585,-1.162114,1.445531,13Baso,Baso,1,Mo
paul_c002586,7.300417,-2.208048,6Ery,Ery,0,Progenitor
paul_c002587,-2.070275,0.2564473,13Baso,Baso,1,Mo
paul_c002588,1.441351,0.3378441,10GMP,Progenitor,8,DC
paul_c002589,-2.557593,1.394641,13Baso,Baso,1,Mo
paul_c002590,-2.550639,2.356973,13Baso,Baso,1,Mo
paul_c002591,10.56198,-1.317039,2Ery,Ery,10,Unknown
paul_c002592,5.738264,-0.6195575,6Ery,Ery,0,Progenitor
paul_c002593,-1.30594,-3.275122,15Mo,Mo,2,Neu
paul_c002594,-2.133818,-2.455819,14Mo,Mo,2,Neu
paul_c002595,-1.515953,-1.280746,14Mo,Mo,1,Mo
paul_c002596,-0.6314786,1.11379,13Baso,Baso,8,DC
paul_c002597,-1.813738,1.291574,14Mo,Mo,1,Mo
paul_c002598,7.913968,-1.204179,6Ery,Ery,10,Unknown
paul_c002599,-2.963862,2.001802,13Baso,Baso,1,Mo
paul_c002600,4.108289,0.8755487,17Neu,Neu,7,Eos
paul_c002601,10.30424,-0.9845031,2Ery,Ery,4,Ery
paul_c002602,6.957377,-0.526818,6Ery,Ery,0,Progenitor
paul_c002603,6.496293,-1.20285,7MEP,Progenitor,0,Progenitor
paul_c002604,1.032746,-0.8473268,10GMP,Progenitor,8,DC
paul_c002605,1.135918,0.04313061,10GMP,Progenitor,8,DC
paul_c002606,6.33776,-1.534364,6Ery,Ery,0,Progenitor
paul_c002607,-2.538115,-2.921036,15Mo,Mo,2,Neu
paul_c002608,-3.215599,-3.283145,15Mo,Mo,2,Neu
paul_c002609,5.999031,-1.580805,6Ery,Ery,0,Progenitor
paul_c002610,8.940315,-0.8730698,4Ery,Ery,10,Unknown
paul_c002611,3.687536,-2.229576,8Mk,Mk,11,Mk
paul_c002612,6.856674,-1.972228,6Ery,Ery,0,Progenitor
paul_c002613,-0.1185785,-1.233433,13Baso,Baso,8,DC
paul_c002614,-0.7452728,0.02764765,13Baso,Baso,1,Mo
paul_c002615,8.934631,-1.389601,5Ery,Ery,10,Unknown
paul_c002616,1.33534,1.223306,10GMP,Progenitor,8,DC
paul_c002617,3.616371,-1.885131,10GMP,Progenitor,11,Mk
paul_c002618,1.00541,-1.263571,10GMP,Progenitor,8,DC
paul_c002619,9.466619,-2.67971,2Ery,Ery,10,Unknown
paul_c002620,3.053313,16.53911,11DC,DC,14,DC
paul_c002621,-3.399961,-3.672256,16Neu,Neu,2,Neu
paul_c002622,-0.1710557,-2.579878,14Mo,Mo,2,Neu
paul_c002623,8.38562,-1.715799,5Ery,Ery,10,Unknown
paul_c002624,0.585788,0.8391773,10GMP,Progenitor,8,DC
paul_c002625,7.749857,-1.056882,6Ery,Ery,10,Unknown
paul_c002626,11.63205,-1.913288,2Ery,Ery,9,Ery
paul_c002627,0.2908288,0.2065906,10GMP,Progenitor,8,DC
paul_c002628,-2.713948,-3.364167,15Mo,Mo,2,Neu
paul_c002629,-3.24385,-4.388881,16Neu,Neu,2,Neu
paul_c002630,6.513068,-0.7342856,6Ery,Ery,0,Progenitor
paul_c002631,5.552066,5.870177,19Lymph,Lymph,12,Unknown
paul_c002632,1.645544,0.3200518,10GMP,Progenitor,8,DC
paul_c002633,-2.385336,-4.198648,15Mo,Mo,2,Neu
paul_c002634,-2.935845,-0.6820838,13Baso,Baso,1,Mo
paul_c002635,7.708982,-2.396828,5Ery,Ery,10,Unknown
paul_c002636,5.854941,0.3095645,7MEP,Progenitor,0,Progenitor
paul_c002637,9.258996,-1.739062,4Ery,Ery,10,Unknown
paul_c002638,5.801538,0.7337721,7MEP,Progenitor,0,Progenitor
paul_c002639,8.997974,-0.7612609,3Ery,Ery,10,Unknown
paul_c002640,5.243086,5.490604,19Lymph,Lymph,12,Unknown
paul_c002641,-1.966054,-2.048626,13Baso,Baso,1,Mo
paul_c002642,-2.283768,-0.1701785,13Baso,Baso,1,Mo
paul_c002643,0.06565539,-1.852565,13Baso,Baso,8,DC
paul_c002644,12.39133,-1.618526,3Ery,Ery,4,Ery
paul_c002645,12.52456,-1.79315,1Ery,Ery,9,Ery
paul_c002646,-2.700288,-1.703135,15Mo,Mo,1,Mo
paul_c002647,5.624058,0.2055859,8Mk,Mk,0,Progenitor
paul_c002648,5.679707,-0.4381931,7MEP,Progenitor,0,Progenitor
paul_c002649,5.139066,-1.159441,7MEP,Progenitor,0,Progenitor
paul_c002650,0.6942648,-0.3815613,13Baso,Baso,8,DC
paul_c002651,-0.0849536,0.6646948,13Baso,Baso,8,DC
paul_c002652,10.24699,-0.6928852,5Ery,Ery,10,Unknown
paul_c002653,6.918857,-0.407134,6Ery,Ery,0,Progenitor
paul_c002654,-1.46088,-4.339621,15Mo,Mo,2,Neu
paul_c002655,-2.316488,1.645006,13Baso,Baso,1,Mo
paul_c002656,-2.721504,-1.344419,14Mo,Mo,1,Mo
paul_c002657,3.897039,-1.256476,10GMP,Progenitor,11,Mk
paul_c002658,-1.118835,1.186086,13Baso,Baso,1,Mo
paul_c002659,5.692784,0.5111403,7MEP,Progenitor,0,Progenitor
paul_c002660,-2.682252,-2.685855,15Mo,Mo,2,Neu
paul_c002661,4.005513,-1.775637,8Mk,Mk,11,Mk
paul_c002662,1.240973,0.4315962,9GMP,Progenitor,8,DC
paul_c002663,8.11707,-1.362492,4Ery,Ery,10,Unknown
paul_c002664,4.031062,1.229241,17Neu,Neu,7,Eos
paul_c002665,10.05559,-3.148854,2Ery,Ery,9,Ery
paul_c002666,-1.305679,0.4981902,14Mo,Mo,1,Mo
paul_c002667,-2.703196,-3.200648,15Mo,Mo,2,Neu
paul_c002668,-1.692721,-1.950769,14Mo,Mo,1,Mo
paul_c002669,8.431639,-1.147996,6Ery,Ery,10,Unknown
paul_c002670,6.654066,-1.162769,6Ery,Ery,0,Progenitor
paul_c002671,0.2075689,1.20647,10GMP,Progenitor,8,DC
paul_c002672,6.41456,-1.543683,6Ery,Ery,0,Progenitor
paul_c002673,-0.13756,-0.05824886,13Baso,Baso,8,DC
paul_c002674,6.732466,1.121155,6Ery,Ery,0,Progenitor
paul_c002675,0.3661616,-2.053682,12Baso,Baso,8,DC
paul_c002676,12.20191,-0.6444147,3Ery,Ery,4,Ery
paul_c002677,-0.7983657,-0.7638846,13Baso,Baso,1,Mo
paul_c002678,-2.13111,1.775484,13Baso,Baso,1,Mo
paul_c002679,-3.518216,-3.275834,16Neu,Neu,2,Neu
paul_c002680,0.5992585,1.345617,10GMP,Progenitor,8,DC
paul_c002681,-3.960757,-3.966289,16Neu,Neu,2,Neu
paul_c002682,-3.050917,1.823098,13Baso,Baso,1,Mo
paul_c002683,8.808724,-1.537713,5Ery,Ery,10,Unknown
paul_c002684,12.43506,-1.373514,2Ery,Ery,4,Ery
paul_c002685,4.420066,0.1008385,9GMP,Progenitor,0,Progenitor
paul_c002686,-3.632059,-3.809763,16Neu,Neu,2,Neu
paul_c002687,3.562421,-1.798602,8Mk,Mk,11,Mk
paul_c002688,2.796829,16.82653,11DC,DC,14,DC
paul_c002689,0.5912488,0.6835451,13Baso,Baso,8,DC
paul_c002690,0.9025724,-0.2734814,10GMP,Progenitor,8,DC
paul_c002691,8.505804,-0.7431718,5Ery,Ery,10,Unknown
paul_c002692,-2.1166,-2.648495,15Mo,Mo,2,Neu
paul_c002693,-3.097111,-0.5559825,13Baso,Baso,1,Mo
paul_c002694,1.949086,0.8710421,9GMP,Progenitor,8,DC
paul_c002695,-0.8867478,-0.9319462,14Mo,Mo,13,Neu
paul_c002696,0.3300669,-0.8466262,13Baso,Baso,8,DC
paul_c002697,-1.782159,1.247541,14Mo,Mo,1,Mo
paul_c002698,-3.044715,-3.238541,15Mo,Mo,2,Neu
paul_c002699,-2.469854,-3.790762,15Mo,Mo,2,Neu
paul_c002700,1.918238,-0.1960114,10GMP,Progenitor,8,DC
paul_c002701,-2.331797,-4.117469,15Mo,Mo,2,Neu
paul_c002702,-2.836558,-3.314997,16Neu,Neu,2,Neu
paul_c002703,7.787762,-2.210943,6Ery,Ery,10,Unknown
paul_c002704,10.08699,-2.544464,2Ery,Ery,10,Unknown
paul_c002705,-2.691868,-1.220714,13Baso,Baso,1,Mo
paul_c002706,5.962463,-1.480054,5Ery,Ery,0,Progenitor
paul_c002707,4.866812,-0.5072646,7MEP,Progenitor,0,Progenitor
paul_c002708,5.615438,5.734077,19Lymph,Lymph,12,Unknown
paul_c002709,6.82094,-1.194715,6Ery,Ery,0,Progenitor
paul_c002710,-1.25131,-0.07210585,13Baso,Baso,1,Mo
paul_c002711,11.74184,-1.822788,2Ery,Ery,9,Ery
paul_c002712,3.143527,16.48777,11DC,DC,14,DC
paul_c002713,6.394994,-0.2703981,7MEP,Progenitor,0,Progenitor
paul_c002714,-0.1142855,-2.245643,13Baso,Baso,2,Neu
paul_c002715,11.05289,-2.477592,2Ery,Ery,9,Ery
paul_c002716,-1.471616,-0.1496131,14Mo,Mo,1,Mo
paul_c002717,-2.713126,2.160671,13Baso,Baso,1,Mo
paul_c002718,4.095988,-2.180056,8Mk,Mk,11,Mk
paul_c002719,0.5834793,-1.770913,13Baso,Baso,8,DC
paul_c002720,4.489465,-0.7608964,7MEP,Progenitor,11,Mk
paul_c002721,1.848762,-1.221751,10GMP,Progenitor,8,DC
paul_c002722,0.8086156,0.4192708,10GMP,Progenitor,8,DC
paul_c002723,-0.9342262,-2.452692,14Mo,Mo,2,Neu
paul_c002724,-2.585815,-4.752555,16Neu,Neu,2,Neu
paul_c002725,9.409035,-2.045463,2Ery,Ery,10,Unknown
paul_c002726,-2.49759,1.414045,13Baso,Baso,1,Mo
paul_c002727,4.646949,-1.022336,7MEP,Progenitor,11,Mk
paul_c002728,-0.6878123,-2.583369,15Mo,Mo,2,Neu
paul_c002729,11.77971,-0.5707352,3Ery,Ery,4,Ery
