cell_id,umap_1,umap_2,reference_fine,reference_broad,cluster,proposal
zeisel_c000000,6.618362,8.142056,interneurons,interneurons,0,interneurons
zeisel_c000001,6.674455,7.959842,interneurons,interneurons,0,interneurons
zeisel_c000002,7.171238,8.604133,interneurons,interneurons,0,interneurons
zeisel_c000003,6.607277,7.839548,interneurons,interneurons,0,interneurons
zeisel_c000004,7.12701,8.097316,interneurons,interneurons,0,interneurons
zeisel_c000005,6.878276,7.976751,interneurons,interneurons,0,interneurons
zeisel_c000006,7.003719,7.863758,interneurons,interneurons,0,interneurons
zeisel_c000007,7.23179,8.199268,interneurons,interneurons,0,interneurons
zeisel_c000008,7.225242,8.151415,interneurons,interneurons,0,interneurons
zeisel_c000009,7.242977,8.052942,interneurons,interneurons,0,interneurons
zeisel_c000010,7.405451,8.654236,interneurons,interneurons,0,interneurons
zeisel_c000011,9.250801,7.157472,interneurons,interneurons,1,interneurons
zeisel_c000012,9.07297,7.131634,interneurons,interneurons,1,interneurons
zeisel_c000013,9.835452,7.078648,interneurons,interneurons,1,interneurons
zeisel_c000014,9.444275,7.21758,interneurons,interneurons,1,interneurons
zeisel_c000015,9.337336,7.38549,interneurons,interneurons,1,interneurons
zeisel_c000016,9.588541,7.357273,interneurons,interneurons,1,interneurons
zeisel_c000017,9.543196,7.347903,interneurons,interneurons,1,interneurons
zeisel_c000018,13.02702,-0.06299991,interneurons,interneurons,1,interneurons
zeisel_c000019,3.890801,9.022467,interneurons,interneurons,3,interneurons
zeisel_c000020,3.799239,9.648516,interneurons,interneurons,3,interneurons
zeisel_c000021,3.856468,9.609858,interneurons,interneurons,3,interneurons
zeisel_c000022,4.927063,9.515888,interneurons,interneurons,3,interneurons
zeisel_c000023,4.482897,9.865602,interneurons,interneurons,3,interneurons
zeisel_c000024,4.731629,9.006869,interneurons,interneurons,3,interneurons
zeisel_c000025,4.832736,9.330709,interneurons,interneurons,3,interneurons
zeisel_c000026,4.65496,9.933028,interneurons,interneurons,3,interneurons
zeisel_c000027,4.704308,10.53112,interneurons,interneurons,3,interneurons
zeisel_c000028,4.23197,10.02856,interneurons,interneurons,3,interneurons
zeisel_c000029,4.138243,10.34172,interneurons,interneurons,3,interneurons
zeisel_c000030,4.064147,9.122275,interneurons,interneurons,3,interneurons
zeisel_c000031,4.290348,10.09463,interneurons,interneurons,3,interneurons
zeisel_c000032,4.513387,10.23919,interneurons,interneurons,3,interneurons
zeisel_c000033,4.295083,10.30155,interneurons,interneurons,3,interneurons
zeisel_c000034,4.172621,10.285,interneurons,interneurons,3,interneurons
zeisel_c000035,4.090132,10.08377,interneurons,interneurons,3,interneurons
zeisel_c000036,4.428998,10.53106,interneurons,interneurons,3,interneurons
zeisel_c000037,4.233368,10.38283,interneurons,interneurons,3,interneurons
zeisel_c000038,5.829058,10.24968,interneurons,interneurons,3,interneurons
zeisel_c000039,5.949068,10.35607,interneurons,interneurons,3,interneurons
zeisel_c000040,6.038917,10.33446,interneurons,interneurons,3,interneurons
zeisel_c000041,6.263438,10.39415,interneurons,interneurons,3,interneurons
zeisel_c000042,6.143073,10.24491,interneurons,interneurons,3,interneurons
zeisel_c000043,6.230103,10.44264,interneurons,interneurons,3,interneurons
zeisel_c000044,5.974334,10.23535,interneurons,interneurons,3,interneurons
zeisel_c000045,7.469013,9.545385,interneurons,interneurons,0,interneurons
zeisel_c000046,7.779449,10.39424,interneurons,interneurons,0,interneurons
zeisel_c000047,6.86792,9.654585,interneurons,interneurons,0,interneurons
zeisel_c000048,7.727573,9.699009,interneurons,interneurons,0,interneurons
zeisel_c000049,7.977003,9.51671,interneurons,interneurons,0,interneurons
zeisel_c000050,8.399093,10.79284,interneurons,interneurons,0,interneurons
zeisel_c000051,8.333853,8.741746,interneurons,interneurons,0,interneurons
zeisel_c000052,8.473931,10.57093,interneurons,interneurons,0,interneurons
zeisel_c000053,7.934456,8.622506,interneurons,interneurons,0,interneurons
zeisel_c000054,7.011344,9.564274,interneurons,interneurons,0,interneurons
zeisel_c000055,8.219712,8.607097,interneurons,interneurons,0,interneurons
zeisel_c000056,8.727363,9.501249,interneurons,interneurons,0,interneurons
zeisel_c000057,7.197618,9.405179,interneurons,interneurons,0,interneurons
zeisel_c000058,8.356631,11.16495,interneurons,interneurons,0,interneurons
zeisel_c000059,7.351268,9.361115,interneurons,interneurons,0,interneurons
zeisel_c000060,7.181574,9.241114,interneurons,interneurons,0,interneurons
zeisel_c000061,7.024824,9.238434,interneurons,interneurons,0,interneurons
zeisel_c000062,7.464501,9.422141,interneurons,interneurons,0,interneurons
zeisel_c000063,7.021106,9.111169,interneurons,interneurons,0,interneurons
zeisel_c000064,7.070673,9.068273,interneurons,interneurons,0,interneurons
zeisel_c000065,7.138907,8.927981,interneurons,interneurons,0,interneurons
zeisel_c000066,7.157814,9.39221,interneurons,interneurons,0,interneurons
zeisel_c000067,7.854245,9.589156,interneurons,interneurons,0,interneurons
zeisel_c000068,8.308427,9.213163,interneurons,interneurons,0,interneurons
zeisel_c000069,8.124688,9.519102,interneurons,interneurons,0,interneurons
zeisel_c000070,7.834005,9.148992,interneurons,interneurons,0,interneurons
zeisel_c000071,7.400744,8.976521,interneurons,interneurons,0,interneurons
zeisel_c000072,6.728646,8.837428,interneurons,interneurons,3,interneurons
zeisel_c000073,5.751731,8.962942,interneurons,interneurons,3,interneurons
zeisel_c000074,6.239293,9.402821,interneurons,interneurons,3,interneurons
zeisel_c000075,6.21121,9.31264,interneurons,interneurons,3,interneurons
zeisel_c000076,6.290427,9.135825,interneurons,interneurons,3,interneurons
zeisel_c000077,6.053149,9.212067,interneurons,interneurons,3,interneurons
zeisel_c000078,6.149763,9.356286,interneurons,interneurons,3,interneurons
zeisel_c000079,6.35684,8.95115,interneurons,interneurons,3,interneurons
zeisel_c000080,6.00854,9.452973,interneurons,interneurons,3,interneurons
zeisel_c000081,5.997168,9.371992,interneurons,interneurons,3,interneurons
zeisel_c000082,6.025906,9.817825,interneurons,interneurons,3,interneurons
zeisel_c000083,6.113435,9.572782,interneurons,interneurons,3,interneurons
zeisel_c000084,5.983196,9.432626,interneurons,interneurons,3,interneurons
zeisel_c000085,5.912381,9.616533,interneurons,interneurons,3,interneurons
zeisel_c000086,6.01976,9.865871,interneurons,interneurons,3,interneurons
zeisel_c000087,6.203768,8.789047,interneurons,interneurons,3,interneurons
zeisel_c000088,5.976949,9.723665,interneurons,interneurons,3,interneurons
zeisel_c000089,5.804759,9.505489,interneurons,interneurons,3,interneurons
zeisel_c000090,5.642331,9.899804,interneurons,interneurons,3,interneurons
zeisel_c000091,5.733939,9.659312,interneurons,interneurons,3,interneurons
zeisel_c000092,5.651654,9.828003,interneurons,interneurons,3,interneurons
zeisel_c000093,4.783054,10.28797,interneurons,interneurons,3,interneurons
zeisel_c000094,4.956503,9.328698,interneurons,interneurons,3,interneurons
zeisel_c000095,6.10289,8.320523,interneurons,interneurons,3,interneurons
zeisel_c000096,5.678942,9.411888,interneurons,interneurons,3,interneurons
zeisel_c000097,9.400434,6.671271,interneurons,interneurons,1,interneurons
zeisel_c000098,10.06786,6.435181,interneurons,interneurons,1,interneurons
zeisel_c000099,9.551681,6.706517,interneurons,interneurons,1,interneurons
zeisel_c000100,10.19106,6.071167,interneurons,interneurons,1,interneurons
zeisel_c000101,10.15702,6.243046,interneurons,interneurons,1,interneurons
zeisel_c000102,9.822086,6.717826,interneurons,interneurons,1,interneurons
zeisel_c000103,10.32585,5.889213,interneurons,interneurons,1,interneurons
zeisel_c000104,9.882387,6.386455,interneurons,interneurons,1,interneurons
zeisel_c000105,10.31915,5.90524,interneurons,interneurons,1,interneurons
zeisel_c000106,10.09616,6.144006,interneurons,interneurons,1,interneurons
zeisel_c000107,-3.906753,8.200387,interneurons,interneurons,6,astrocytes_ependymal
zeisel_c000108,9.851695,6.732264,interneurons,interneurons,1,interneurons
zeisel_c000109,9.514658,6.946704,interneurons,interneurons,1,interneurons
zeisel_c000110,9.462722,7.029685,interneurons,interneurons,1,interneurons
zeisel_c000111,10.03351,6.507693,interneurons,interneurons,1,interneurons
zeisel_c000112,9.791186,7.240872,interneurons,interneurons,1,interneurons
zeisel_c000113,9.640397,6.544139,interneurons,interneurons,1,interneurons
zeisel_c000114,9.418083,7.153996,interneurons,interneurons,1,interneurons
zeisel_c000115,13.1367,0.330903,interneurons,interneurons,1,interneurons
zeisel_c000116,9.427518,7.048634,interneurons,interneurons,1,interneurons
zeisel_c000117,5.744481,-1.316418,interneurons,interneurons,1,interneurons
zeisel_c000118,9.185883,6.803893,interneurons,interneurons,1,interneurons
zeisel_c000119,12.90103,0.4401333,interneurons,interneurons,1,interneurons
zeisel_c000120,9.706765,7.067725,interneurons,interneurons,1,interneurons
zeisel_c000121,9.824037,6.805806,interneurons,interneurons,1,interneurons
zeisel_c000122,9.580312,7.082244,interneurons,interneurons,1,interneurons
zeisel_c000123,9.740881,7.180353,interneurons,interneurons,1,interneurons
zeisel_c000124,9.7059,6.866753,interneurons,interneurons,1,interneurons
zeisel_c000125,12.56777,-0.1125733,interneurons,interneurons,1,interneurons
zeisel_c000126,9.425489,6.556293,interneurons,interneurons,1,interneurons
zeisel_c000127,9.575777,5.964861,interneurons,interneurons,1,interneurons
zeisel_c000128,8.648255,6.814686,interneurons,interneurons,1,interneurons
zeisel_c000129,7.264827,6.477797,interneurons,interneurons,0,interneurons
zeisel_c000130,3.819812,9.435823,interneurons,interneurons,3,interneurons
zeisel_c000131,8.893363,6.746746,interneurons,interneurons,1,interneurons
zeisel_c000132,8.610092,6.866917,interneurons,interneurons,1,interneurons
zeisel_c000133,4.548057,9.307835,interneurons,interneurons,3,interneurons
zeisel_c000134,3.848252,8.826178,interneurons,interneurons,3,interneurons
zeisel_c000135,4.046456,8.875425,interneurons,interneurons,3,interneurons
zeisel_c000136,4.01577,9.242743,interneurons,interneurons,3,interneurons
zeisel_c000137,4.091914,8.891006,interneurons,interneurons,3,interneurons
zeisel_c000138,4.49013,9.83343,interneurons,interneurons,3,interneurons
zeisel_c000139,4.244681,9.040114,interneurons,interneurons,3,interneurons
zeisel_c000140,13.71403,0.3868379,interneurons,interneurons,7,oligodendrocytes
zeisel_c000141,6.731402,8.159946,interneurons,interneurons,0,interneurons
zeisel_c000142,3.870483,8.830823,interneurons,interneurons,3,interneurons
zeisel_c000143,4.445448,9.359897,interneurons,interneurons,3,interneurons
zeisel_c000144,4.536494,9.167562,interneurons,interneurons,3,interneurons
zeisel_c000145,13.77584,0.7445197,interneurons,interneurons,7,oligodendrocytes
zeisel_c000146,7.985425,9.249242,interneurons,interneurons,0,interneurons
zeisel_c000147,8.201547,9.005046,interneurons,interneurons,0,interneurons
zeisel_c000148,8.089946,10.38577,interneurons,interneurons,0,interneurons
zeisel_c000149,7.798156,9.887907,interneurons,interneurons,0,interneurons
zeisel_c000150,8.164803,10.39791,interneurons,interneurons,0,interneurons
zeisel_c000151,8.333917,9.453589,interneurons,interneurons,0,interneurons
zeisel_c000152,8.530411,11.00839,interneurons,interneurons,0,interneurons
zeisel_c000153,8.293192,10.20977,interneurons,interneurons,0,interneurons
zeisel_c000154,8.313725,10.90819,interneurons,interneurons,0,interneurons
zeisel_c000155,8.456487,10.54511,interneurons,interneurons,0,interneurons
zeisel_c000156,8.447391,11.12051,interneurons,interneurons,0,interneurons
zeisel_c000157,8.374449,11.13144,interneurons,interneurons,0,interneurons
zeisel_c000158,8.496639,11.06787,interneurons,interneurons,0,interneurons
zeisel_c000159,8.142217,10.4744,interneurons,interneurons,0,interneurons
zeisel_c000160,8.591832,11.13253,interneurons,interneurons,0,interneurons
zeisel_c000161,8.47994,11.04519,interneurons,interneurons,0,interneurons
zeisel_c000162,8.481543,11.14802,interneurons,interneurons,0,interneurons
zeisel_c000163,8.462235,11.34072,interneurons,interneurons,0,interneurons
zeisel_c000164,8.434737,11.25864,interneurons,interneurons,0,interneurons
zeisel_c000165,8.530832,11.20862,interneurons,interneurons,0,interneurons
zeisel_c000166,8.223961,10.61769,interneurons,interneurons,0,interneurons
zeisel_c000167,8.151412,10.03262,interneurons,interneurons,0,interneurons
zeisel_c000168,8.242437,9.501036,interneurons,interneurons,0,interneurons
zeisel_c000169,7.94557,8.233795,interneurons,interneurons,0,interneurons
zeisel_c000170,8.483692,10.04803,interneurons,interneurons,0,interneurons
zeisel_c000171,8.895892,9.573955,interneurons,interneurons,0,interneurons
zeisel_c000172,8.520708,10.14113,interneurons,interneurons,0,interneurons
zeisel_c000173,8.563383,9.889807,interneurons,interneurons,0,interneurons
zeisel_c000174,8.928313,9.536248,interneurons,interneurons,0,interneurons
zeisel_c000175,8.854672,9.554868,interneurons,interneurons,0,interneurons
zeisel_c000176,8.791049,9.708091,interneurons,interneurons,0,interneurons
zeisel_c000177,8.89536,9.333039,interneurons,interneurons,0,interneurons
zeisel_c000178,8.437437,8.063391,interneurons,interneurons,0,interneurons
zeisel_c000179,8.930748,9.351906,interneurons,interneurons,0,interneurons
zeisel_c000180,9.068009,9.464245,interneurons,interneurons,0,interneurons
zeisel_c000181,8.826069,9.395483,interneurons,interneurons,0,interneurons
zeisel_c000182,8.726041,9.602392,interneurons,interneurons,0,interneurons
zeisel_c000183,8.986056,9.370937,interneurons,interneurons,0,interneurons
zeisel_c000184,9.005797,9.098688,interneurons,interneurons,0,interneurons
zeisel_c000185,8.506767,9.272115,interneurons,interneurons,0,interneurons
zeisel_c000186,8.287985,9.491566,interneurons,interneurons,0,interneurons
zeisel_c000187,8.858232,9.042771,interneurons,interneurons,0,interneurons
zeisel_c000188,8.556515,8.127913,interneurons,interneurons,0,interneurons
zeisel_c000189,7.966225,10.1664,interneurons,interneurons,0,interneurons
zeisel_c000190,8.449057,9.047307,interneurons,interneurons,0,interneurons
zeisel_c000191,8.072677,9.040321,interneurons,interneurons,0,interneurons
zeisel_c000192,7.886065,9.06682,interneurons,interneurons,0,interneurons
zeisel_c000193,8.000507,8.74062,interneurons,interneurons,0,interneurons
zeisel_c000194,8.291471,9.098542,interneurons,interneurons,0,interneurons
zeisel_c000195,8.199374,9.740735,interneurons,interneurons,0,interneurons
zeisel_c000196,7.835402,8.920712,interneurons,interneurons,0,interneurons
zeisel_c000197,7.587247,9.306307,interneurons,interneurons,0,interneurons
zeisel_c000198,8.1426,9.374981,interneurons,interneurons,0,interneurons
zeisel_c000199,7.34586,8.458921,interneurons,interneurons,0,interneurons
zeisel_c000200,7.036841,7.981619,interneurons,interneurons,0,interneurons
zeisel_c000201,6.887293,8.108107,interneurons,interneurons,0,interneurons
zeisel_c000202,6.542248,8.261257,interneurons,interneurons,0,interneurons
zeisel_c000203,6.723021,8.326177,interneurons,interneurons,0,interneurons
zeisel_c000204,6.991803,8.380393,interneurons,interneurons,0,interneurons
zeisel_c000205,7.520451,8.985562,interneurons,interneurons,0,interneurons
zeisel_c000206,7.020318,8.411687,interneurons,interneurons,0,interneurons
zeisel_c000207,6.612436,7.986643,interneurons,interneurons,0,interneurons
zeisel_c000208,6.725214,8.133328,interneurons,interneurons,0,interneurons
zeisel_c000209,6.553524,8.082465,interneurons,interneurons,0,interneurons
zeisel_c000210,7.259619,8.228169,interneurons,interneurons,0,interneurons
zeisel_c000211,6.630828,8.19317,interneurons,interneurons,0,interneurons
zeisel_c000212,7.24278,9.222948,interneurons,interneurons,0,interneurons
zeisel_c000213,6.90741,8.62731,interneurons,interneurons,0,interneurons
zeisel_c000214,7.285606,8.873075,interneurons,interneurons,0,interneurons
zeisel_c000215,8.179338,9.279297,interneurons,interneurons,0,interneurons
zeisel_c000216,8.044017,8.868218,interneurons,interneurons,0,interneurons
zeisel_c000217,8.47672,8.903054,interneurons,interneurons,0,interneurons
zeisel_c000218,4.966126,10.17989,interneurons,interneurons,3,interneurons
zeisel_c000219,5.227073,9.792229,interneurons,interneurons,3,interneurons
zeisel_c000220,4.691531,10.54713,interneurons,interneurons,3,interneurons
zeisel_c000221,8.074857,9.547338,interneurons,interneurons,0,interneurons
zeisel_c000222,4.813457,10.34268,interneurons,interneurons,3,interneurons
zeisel_c000223,4.386605,10.20852,interneurons,interneurons,3,interneurons
zeisel_c000224,4.534059,10.08248,interneurons,interneurons,3,interneurons
zeisel_c000225,7.119442,8.675691,interneurons,interneurons,0,interneurons
zeisel_c000226,4.951881,9.110394,interneurons,interneurons,3,interneurons
zeisel_c000227,6.973745,8.102967,interneurons,interneurons,0,interneurons
zeisel_c000228,6.812243,8.04295,interneurons,interneurons,0,interneurons
zeisel_c000229,6.931514,7.849617,interneurons,interneurons,0,interneurons
zeisel_c000230,7.054716,7.879681,interneurons,interneurons,0,interneurons
zeisel_c000231,7.342803,3.184732,interneurons,interneurons,4,astrocytes_ependymal
zeisel_c000232,7.242336,8.131882,interneurons,interneurons,0,interneurons
zeisel_c000233,6.115942,7.554676,interneurons,interneurons,3,interneurons
zeisel_c000234,4.53891,9.043795,interneurons,interneurons,3,interneurons
zeisel_c000235,5.62827,9.969195,interneurons,interneurons,3,interneurons
zeisel_c000236,4.952649,9.470019,interneurons,interneurons,3,interneurons
zeisel_c000237,4.38399,9.738855,interneurons,interneurons,3,interneurons
zeisel_c000238,4.488073,9.055158,interneurons,interneurons,3,interneurons
zeisel_c000239,5.391026,8.257732,interneurons,interneurons,3,interneurons
zeisel_c000240,5.996016,9.191135,interneurons,interneurons,3,interneurons
zeisel_c000241,5.921007,9.59632,interneurons,interneurons,3,interneurons
zeisel_c000242,4.89375,9.369087,interneurons,interneurons,3,interneurons
zeisel_c000243,4.799819,8.808734,interneurons,interneurons,3,interneurons
zeisel_c000244,4.726194,9.586255,interneurons,interneurons,3,interneurons
zeisel_c000245,4.792231,9.049324,interneurons,interneurons,3,interneurons
zeisel_c000246,5.078861,9.31981,interneurons,interneurons,3,interneurons
zeisel_c000247,15.03993,6.175351,interneurons,interneurons,8,microglia
zeisel_c000248,5.723999,8.371809,interneurons,interneurons,3,interneurons
zeisel_c000249,4.970047,9.282562,interneurons,interneurons,3,interneurons
zeisel_c000250,4.788486,9.996177,interneurons,interneurons,3,interneurons
zeisel_c000251,5.17115,10.13418,interneurons,interneurons,3,interneurons
zeisel_c000252,6.845577,8.721602,interneurons,interneurons,0,interneurons
zeisel_c000253,8.727565,9.286104,interneurons,interneurons,0,interneurons
zeisel_c000254,5.529213,8.593714,interneurons,interneurons,3,interneurons
zeisel_c000255,6.152712,8.975558,interneurons,interneurons,3,interneurons
zeisel_c000256,8.516122,9.274581,interneurons,interneurons,0,interneurons
zeisel_c000257,-0.08033358,-3.611596,interneurons,interneurons,9,pyramidal
zeisel_c000258,0.3911735,-1.328786,interneurons,interneurons,9,pyramidal
zeisel_c000259,8.74192,9.139236,interneurons,interneurons,0,interneurons
zeisel_c000260,5.82828,9.099689,interneurons,interneurons,3,interneurons
zeisel_c000261,8.662049,8.971156,interneurons,interneurons,0,interneurons
zeisel_c000262,9.045486,7.504928,interneurons,interneurons,1,interneurons
zeisel_c000263,10.07923,6.367417,interneurons,interneurons,1,interneurons
zeisel_c000264,9.672343,7.077564,interneurons,interneurons,1,interneurons
zeisel_c000265,6.113826,10.35359,interneurons,interneurons,3,interneurons
zeisel_c000266,-3.78205,8.038476,interneurons,interneurons,6,astrocytes_ependymal
zeisel_c000267,8.265957,8.703939,interneurons,interneurons,0,interneurons
zeisel_c000268,6.093831,8.412289,interneurons,interneurons,3,interneurons
zeisel_c000269,3.953123,9.488241,interneurons,interneurons,3,interneurons
zeisel_c000270,5.295409,9.324482,interneurons,interneurons,3,interneurons
zeisel_c000271,9.262049,6.864586,interneurons,interneurons,1,interneurons
zeisel_c000272,7.861895,8.486922,interneurons,interneurons,0,interneurons
zeisel_c000273,7.350602,10.3781,interneurons,interneurons,0,interneurons
zeisel_c000274,9.011017,7.117476,interneurons,interneurons,1,interneurons
zeisel_c000275,7.167453,8.253062,interneurons,interneurons,0,interneurons
zeisel_c000276,4.479766,8.949741,interneurons,interneurons,3,interneurons
zeisel_c000277,9.294961,6.995417,interneurons,interneurons,1,interneurons
zeisel_c000278,3.906675,9.44358,interneurons,interneurons,3,interneurons
zeisel_c000279,9.301516,6.96804,interneurons,interneurons,1,interneurons
zeisel_c000280,8.160291,6.681921,interneurons,interneurons,1,interneurons
zeisel_c000281,3.722928,9.50702,interneurons,interneurons,3,interneurons
zeisel_c000282,4.91698,10.00037,interneurons,interneurons,3,interneurons
zeisel_c000283,3.967225,9.060847,interneurons,interneurons,3,interneurons
zeisel_c000284,3.989589,9.406778,interneurons,interneurons,3,interneurons
zeisel_c000285,3.791945,9.172942,interneurons,interneurons,3,interneurons
zeisel_c000286,8.653586,6.969087,interneurons,interneurons,1,interneurons
zeisel_c000287,4.646047,9.668866,interneurons,interneurons,3,interneurons
zeisel_c000288,4.603933,10.32222,interneurons,interneurons,3,interneurons
zeisel_c000289,4.931102,9.480011,interneurons,interneurons,3,interneurons
zeisel_c000290,3.499454,6.532242,pyramidal SS,pyramidal,12,pyramidal
zeisel_c000291,4.078514,6.939278,pyramidal SS,pyramidal,12,pyramidal
zeisel_c000292,1.807416,4.20326,pyramidal SS,pyramidal,13,pyramidal
zeisel_c000293,1.848559,5.490697,pyramidal SS,pyramidal,12,pyramidal
zeisel_c000294,3.891327,5.582816,pyramidal SS,pyramidal,12,pyramidal
zeisel_c000295,3.659997,5.288735,pyramidal SS,pyramidal,12,pyramidal
zeisel_c000296,3.957955,6.748981,pyramidal SS,pyramidal,12,pyramidal
zeisel_c000297,2.619282,5.144734,pyramidal SS,pyramidal,12,pyramidal
zeisel_c000298,3.040144,4.991341,pyramidal SS,pyramidal,12,pyramidal
zeisel_c000299,15.43948,1.452306,pyramidal SS,pyramidal,7,oligodendrocytes
zeisel_c000300,4.149516,6.541915,pyramidal SS,pyramidal,12,pyramidal
zeisel_c000301,3.884571,6.761638,pyramidal SS,pyramidal,12,pyramidal
zeisel_c000302,2.723807,5.034423,pyramidal SS,pyramidal,12,pyramidal
zeisel_c000303,1.399777,6.884225,pyramidal SS,pyramidal,12,pyramidal
zeisel_c000304,15.49267,5.662063,pyramidal SS,pyramidal,8,microglia
zeisel_c000305,4.188973,6.362766,pyramidal SS,pyramidal,12,pyramidal
zeisel_c000306,3.615291,6.689613,pyramidal SS,pyramidal,12,pyramidal
zeisel_c000307,3.277519,5.766771,pyramidal SS,pyramidal,12,pyramidal
zeisel_c000308,4.018985,6.947473,pyramidal SS,pyramidal,12,pyramidal
zeisel_c000309,3.346411,6.417594,pyramidal SS,pyramidal,12,pyramidal
zeisel_c000310,15.39139,1.753513,pyramidal SS,pyramidal,7,oligodendrocytes
zeisel_c000311,3.39465,6.868605,pyramidal SS,pyramidal,12,pyramidal
zeisel_c000312,1.565886,6.232323,pyramidal SS,pyramidal,12,pyramidal
zeisel_c000313,3.738659,6.955341,pyramidal SS,pyramidal,12,pyramidal
zeisel_c000314,5.912102,5.256816,pyramidal SS,pyramidal,4,astrocytes_ependymal
zeisel_c000315,4.286963,7.95089,pyramidal SS,pyramidal,3,interneurons
zeisel_c000316,3.234421,6.27294,pyramidal SS,pyramidal,12,pyramidal
zeisel_c000317,3.338271,5.174165,pyramidal SS,pyramidal,12,pyramidal
zeisel_c000318,3.811799,6.691394,pyramidal SS,pyramidal,12,pyramidal
zeisel_c000319,15.51842,5.73771,pyramidal SS,pyramidal,8,microglia
zeisel_c000320,14.86437,2.336184,pyramidal SS,pyramidal,12,pyramidal
zeisel_c000321,14.96705,-0.8063018,pyramidal SS,pyramidal,2,oligodendrocytes
zeisel_c000322,1.231554,6.460793,pyramidal SS,pyramidal,12,pyramidal
zeisel_c000323,1.60072,5.846169,pyramidal SS,pyramidal,12,pyramidal
zeisel_c000324,1.457371,6.36312,pyramidal SS,pyramidal,12,pyramidal
zeisel_c000325,1.301174,6.311121,pyramidal SS,pyramidal,12,pyramidal
zeisel_c000326,1.667036,6.830482,pyramidal SS,pyramidal,12,pyramidal
zeisel_c000327,1.273676,6.881791,pyramidal SS,pyramidal,12,pyramidal
zeisel_c000328,1.37656,6.356747,pyramidal SS,pyramidal,12,pyramidal
zeisel_c000329,1.378573,6.351187,pyramidal SS,pyramidal,12,pyramidal
zeisel_c000330,1.234596,7.054035,pyramidal SS,pyramidal,12,pyramidal
zeisel_c000331,1.844751,6.494537,pyramidal SS,pyramidal,12,pyramidal
zeisel_c000332,1.345561,6.97929,pyramidal SS,pyramidal,12,pyramidal
zeisel_c000333,1.582422,6.149451,pyramidal SS,pyramidal,12,pyramidal
zeisel_c000334,1.527721,6.435863,pyramidal SS,pyramidal,12,pyramidal
zeisel_c000335,1.605896,7.107922,pyramidal SS,pyramidal,12,pyramidal
zeisel_c000336,1.174407,6.999335,pyramidal SS,pyramidal,12,pyramidal
zeisel_c000337,1.732639,6.517173,pyramidal SS,pyramidal,12,pyramidal
zeisel_c000338,2.494111,6.2383,pyramidal SS,pyramidal,12,pyramidal
zeisel_c000339,1.70118,6.650512,pyramidal SS,pyramidal,12,pyramidal
zeisel_c000340,1.324239,6.997782,pyramidal SS,pyramidal,12,pyramidal
zeisel_c000341,1.642294,6.554248,pyramidal SS,pyramidal,12,pyramidal
zeisel_c000342,4.406809,-2.312037,pyramidal SS,pyramidal,14,endothelial-mural
zeisel_c000343,15.43234,1.538421,pyramidal SS,pyramidal,7,oligodendrocytes
zeisel_c000344,2.883205,5.189787,pyramidal SS,pyramidal,12,pyramidal
zeisel_c000345,1.128517,6.539189,pyramidal SS,pyramidal,12,pyramidal
zeisel_c000346,1.735219,6.237518,pyramidal SS,pyramidal,12,pyramidal
zeisel_c000347,15.45627,1.203378,pyramidal SS,pyramidal,7,oligodendrocytes
zeisel_c000348,4.001104,3.656825,pyramidal SS,pyramidal,12,pyramidal
zeisel_c000349,2.627564,5.245125,pyramidal SS,pyramidal,12,pyramidal
zeisel_c000350,2.730991,4.743706,pyramidal SS,pyramidal,12,pyramidal
zeisel_c000351,1.647811,6.618607,pyramidal SS,pyramidal,12,pyramidal
zeisel_c000352,2.45829,4.864591,pyramidal SS,pyramidal,12,pyramidal
zeisel_c000353,2.604671,5.411392,pyramidal SS,pyramidal,12,pyramidal
zeisel_c000354,2.782138,4.826444,pyramidal SS,pyramidal,12,pyramidal
zeisel_c000355,1.693298,4.249054,pyramidal SS,pyramidal,13,pyramidal
zeisel_c000356,1.818863,4.273043,pyramidal SS,pyramidal,13,pyramidal
zeisel_c000357,3.072662,6.248206,pyramidal SS,pyramidal,12,pyramidal
zeisel_c000358,4.404496,-1.680409,pyramidal SS,pyramidal,14,endothelial-mural
zeisel_c000359,3.921077,6.94839,pyramidal SS,pyramidal,12,pyramidal
zeisel_c000360,4.338468,5.657304,pyramidal SS,pyramidal,12,pyramidal
zeisel_c000361,3.912867,6.298136,pyramidal SS,pyramidal,12,pyramidal
zeisel_c000362,3.883913,5.114814,pyramidal SS,pyramidal,12,pyramidal
zeisel_c000363,4.955434,5.78099,pyramidal SS,pyramidal,12,pyramidal
zeisel_c000364,5.41915,-0.09918436,pyramidal SS,pyramidal,14,endothelial-mural
zeisel_c000365,1.859884,4.259134,pyramidal SS,pyramidal,13,pyramidal
zeisel_c000366,3.665813,6.385095,pyramidal SS,pyramidal,12,pyramidal
zeisel_c000367,1.975225,4.412004,pyramidal SS,pyramidal,13,pyramidal
zeisel_c000368,3.85057,6.372086,pyramidal SS,pyramidal,12,pyramidal
zeisel_c000369,3.572151,6.395818,pyramidal SS,pyramidal,12,pyramidal
zeisel_c000370,1.787596,4.149737,pyramidal SS,pyramidal,13,pyramidal
zeisel_c000371,15.19472,1.854264,pyramidal SS,pyramidal,7,oligodendrocytes
zeisel_c000372,3.815631,5.852902,pyramidal SS,pyramidal,12,pyramidal
zeisel_c000373,3.455414,4.316635,pyramidal SS,pyramidal,12,pyramidal
zeisel_c000374,3.992905,5.511287,pyramidal SS,pyramidal,12,pyramidal
zeisel_c000375,15.32049,5.928431,pyramidal SS,pyramidal,8,microglia
zeisel_c000376,4.000736,6.639767,pyramidal SS,pyramidal,12,pyramidal
zeisel_c000377,4.072363,5.405288,pyramidal SS,pyramidal,12,pyramidal
zeisel_c000378,3.78249,6.456425,pyramidal SS,pyramidal,12,pyramidal
zeisel_c000379,15.53242,1.760178,pyramidal SS,pyramidal,7,oligodendrocytes
zeisel_c000380,3.550726,6.225657,pyramidal SS,pyramidal,12,pyramidal
zeisel_c000381,9.731058,-2.572699,pyramidal SS,pyramidal,15,microglia
zeisel_c000382,2.770391,5.215196,pyramidal SS,pyramidal,12,pyramidal
zeisel_c000383,3.218298,4.564051,pyramidal SS,pyramidal,12,pyramidal
zeisel_c000384,4.029539,6.451455,pyramidal SS,pyramidal,12,pyramidal
zeisel_c000385,3.895247,6.183433,pyramidal SS,pyramidal,12,pyramidal
zeisel_c000386,15.20956,1.934339,pyramidal SS,pyramidal,7,oligodendrocytes
zeisel_c000387,1.827291,6.203066,pyramidal SS,pyramidal,12,pyramidal
zeisel_c000388,3.870931,6.429268,pyramidal SS,pyramidal,12,pyramidal
zeisel_c000389,3.020539,6.58294,pyramidal SS,pyramidal,12,pyramidal
zeisel_c000390,1.541325,6.16432,pyramidal SS,pyramidal,12,pyramidal
zeisel_c000391,2.477152,7.014405,pyramidal SS,pyramidal,12,pyramidal
zeisel_c000392,3.353598,5.082167,pyramidal SS,pyramidal,12,pyramidal
zeisel_c000393,15.13683,0.6145204,pyramidal SS,pyramidal,7,oligodendrocytes
zeisel_c000394,2.929646,6.094506,pyramidal SS,pyramidal,12,pyramidal
zeisel_c000395,1.781997,5.947774,pyramidal SS,pyramidal,12,pyramidal
zeisel_c000396,2.024209,6.319781,pyramidal SS,pyramidal,12,pyramidal
zeisel_c000397,2.824254,5.557825,pyramidal SS,pyramidal,12,pyramidal
zeisel_c000398,3.369369,5.882854,pyramidal SS,pyramidal,12,pyramidal
zeisel_c000399,2.388508,6.950428,pyramidal SS,pyramidal,12,pyramidal
zeisel_c000400,6.006233,5.116258,pyramidal SS,pyramidal,4,astrocytes_ependymal
zeisel_c000401,2.860053,5.066635,pyramidal SS,pyramidal,12,pyramidal
zeisel_c000402,4.972618,1.240804,pyramidal SS,pyramidal,16,Unknown
zeisel_c000403,2.546483,5.394926,pyramidal SS,pyramidal,12,pyramidal
zeisel_c000404,2.450887,5.248019,pyramidal SS,pyramidal,12,pyramidal
zeisel_c000405,3.499865,5.452187,pyramidal SS,pyramidal,12,pyramidal
zeisel_c000406,3.36083,6.364645,pyramidal SS,pyramidal,12,pyramidal
zeisel_c000407,2.329849,6.243323,pyramidal SS,pyramidal,12,pyramidal
zeisel_c000408,2.122243,6.619727,pyramidal SS,pyramidal,12,pyramidal
zeisel_c000409,1.756258,6.822618,pyramidal SS,pyramidal,12,pyramidal
zeisel_c000410,2.513026,6.356853,pyramidal SS,pyramidal,12,pyramidal
zeisel_c000411,2.167407,6.391563,pyramidal SS,pyramidal,12,pyramidal
zeisel_c000412,2.700685,5.85355,pyramidal SS,pyramidal,12,pyramidal
zeisel_c000413,4.299463,-1.764857,pyramidal SS,pyramidal,14,endothelial-mural
zeisel_c000414,3.491358,5.692699,pyramidal SS,pyramidal,12,pyramidal
zeisel_c000415,2.550787,5.553391,pyramidal SS,pyramidal,12,pyramidal
zeisel_c000416,15.31379,1.405554,pyramidal SS,pyramidal,7,oligodendrocytes
zeisel_c000417,2.647678,6.963845,pyramidal SS,pyramidal,12,pyramidal
zeisel_c000418,2.271348,6.708501,pyramidal SS,pyramidal,12,pyramidal
zeisel_c000419,1.853226,5.952778,pyramidal SS,pyramidal,12,pyramidal
zeisel_c000420,2.051265,6.542363,pyramidal SS,pyramidal,12,pyramidal
zeisel_c000421,4.463194,-2.187252,pyramidal SS,pyramidal,14,endothelial-mural
zeisel_c000422,3.293049,6.555064,pyramidal SS,pyramidal,12,pyramidal
zeisel_c000423,1.859722,7.022739,pyramidal SS,pyramidal,12,pyramidal
zeisel_c000424,4.592072,-2.395493,pyramidal SS,pyramidal,14,endothelial-mural
zeisel_c000425,2.97331,5.991543,pyramidal SS,pyramidal,12,pyramidal
zeisel_c000426,2.030476,6.773701,pyramidal SS,pyramidal,12,pyramidal
zeisel_c000427,1.405132,6.089252,pyramidal SS,pyramidal,12,pyramidal
zeisel_c000428,4.934209,1.072809,pyramidal SS,pyramidal,16,Unknown
zeisel_c000429,2.707396,6.622216,pyramidal SS,pyramidal,12,pyramidal
zeisel_c000430,1.976455,6.075401,pyramidal SS,pyramidal,12,pyramidal
zeisel_c000431,12.47933,5.220244,pyramidal SS,pyramidal,17,Unknown
zeisel_c000432,5.534885,0.6580477,pyramidal SS,pyramidal,17,Unknown
zeisel_c000433,2.589745,6.39721,pyramidal SS,pyramidal,12,pyramidal
zeisel_c000434,4.637992,-2.032086,pyramidal SS,pyramidal,14,endothelial-mural
zeisel_c000435,2.698058,5.366685,pyramidal SS,pyramidal,12,pyramidal
zeisel_c000436,1.865961,7.266758,pyramidal SS,pyramidal,12,pyramidal
zeisel_c000437,1.497797,6.697351,pyramidal SS,pyramidal,12,pyramidal
zeisel_c000438,2.481355,6.354364,pyramidal SS,pyramidal,12,pyramidal
zeisel_c000439,4.016105,5.727656,pyramidal SS,pyramidal,12,pyramidal
zeisel_c000440,1.689396,6.122326,pyramidal SS,pyramidal,12,pyramidal
zeisel_c000441,4.500149,-2.072904,pyramidal SS,pyramidal,14,endothelial-mural
zeisel_c000442,15.16132,0.3708268,pyramidal SS,pyramidal,7,oligodendrocytes
zeisel_c000443,1.404569,6.354917,pyramidal SS,pyramidal,12,pyramidal
zeisel_c000444,2.188319,7.266864,pyramidal SS,pyramidal,12,pyramidal
zeisel_c000445,1.890681,7.399316,pyramidal SS,pyramidal,12,pyramidal
zeisel_c000446,2.958843,6.710688,pyramidal SS,pyramidal,12,pyramidal
zeisel_c000447,1.74928,7.062643,pyramidal SS,pyramidal,12,pyramidal
zeisel_c000448,4.602305,-2.226631,pyramidal SS,pyramidal,14,endothelial-mural
zeisel_c000449,1.642902,7.042976,pyramidal SS,pyramidal,12,pyramidal
zeisel_c000450,6.49269,-0.6100767,pyramidal SS,pyramidal,14,endothelial-mural
zeisel_c000451,2.623842,6.639193,pyramidal SS,pyramidal,12,pyramidal
zeisel_c000452,2.394043,5.071945,pyramidal SS,pyramidal,12,pyramidal
zeisel_c000453,1.835393,7.175471,pyramidal SS,pyramidal,12,pyramidal
zeisel_c000454,2.062827,6.181571,pyramidal SS,pyramidal,12,pyramidal
zeisel_c000455,2.765992,5.8884,pyramidal SS,pyramidal,12,pyramidal
zeisel_c000456,15.44795,1.12191,pyramidal SS,pyramidal,7,oligodendrocytes
zeisel_c000457,2.938786,6.284526,pyramidal SS,pyramidal,12,pyramidal
zeisel_c000458,1.75579,5.780183,pyramidal SS,pyramidal,12,pyramidal
zeisel_c000459,2.952472,6.317677,pyramidal SS,pyramidal,12,pyramidal
zeisel_c000460,1.683904,6.844007,pyramidal SS,pyramidal,12,pyramidal
zeisel_c000461,2.44363,6.889576,pyramidal SS,pyramidal,12,pyramidal
zeisel_c000462,15.40449,5.656835,pyramidal SS,pyramidal,8,microglia
zeisel_c000463,4.009562,6.105535,pyramidal SS,pyramidal,12,pyramidal
zeisel_c000464,2.663003,6.772749,pyramidal SS,pyramidal,12,pyramidal
zeisel_c000465,2.979967,5.893858,pyramidal SS,pyramidal,12,pyramidal
zeisel_c000466,3.249864,5.888853,pyramidal SS,pyramidal,12,pyramidal
zeisel_c000467,2.342466,6.04722,pyramidal SS,pyramidal,12,pyramidal
zeisel_c000468,2.550842,2.815416,pyramidal CA1,pyramidal,13,pyramidal
zeisel_c000469,3.399028,3.269268,pyramidal SS,pyramidal,12,pyramidal
zeisel_c000470,2.78232,2.963966,pyramidal SS,pyramidal,13,pyramidal
zeisel_c000471,2.571364,2.800907,pyramidal CA1,pyramidal,13,pyramidal
zeisel_c000472,2.962459,4.353536,pyramidal SS,pyramidal,12,pyramidal
zeisel_c000473,3.017256,3.229591,pyramidal SS,pyramidal,12,pyramidal
zeisel_c000474,2.91173,3.169433,pyramidal CA1,pyramidal,13,pyramidal
zeisel_c000475,9.82548,-2.097259,pyramidal SS,pyramidal,15,microglia
zeisel_c000476,2.729553,3.097079,pyramidal CA1,pyramidal,13,pyramidal
zeisel_c000477,4.547652,0.9334256,pyramidal SS,pyramidal,14,endothelial-mural
zeisel_c000478,3.57413,3.320488,pyramidal SS,pyramidal,12,pyramidal
zeisel_c000479,2.676314,3.005033,pyramidal CA1,pyramidal,13,pyramidal
zeisel_c000480,4.833781,-2.771453,pyramidal CA1,pyramidal,14,endothelial-mural
zeisel_c000481,2.667428,2.740521,pyramidal CA1,pyramidal,13,pyramidal
zeisel_c000482,2.806463,2.822123,pyramidal CA1,pyramidal,13,pyramidal
zeisel_c000483,2.551977,2.927766,pyramidal CA1,pyramidal,13,pyramidal
zeisel_c000484,2.596067,2.770265,pyramidal CA1,pyramidal,13,pyramidal
zeisel_c000485,2.703096,2.913915,pyramidal CA1,pyramidal,13,pyramidal
zeisel_c000486,2.725538,3.236055,pyramidal CA1,pyramidal,13,pyramidal
zeisel_c000487,2.614798,2.831933,pyramidal CA1,pyramidal,13,pyramidal
zeisel_c000488,2.510073,2.780175,pyramidal CA1,pyramidal,13,pyramidal
zeisel_c000489,2.578004,2.883052,pyramidal CA1,pyramidal,13,pyramidal
zeisel_c000490,2.827119,2.710742,pyramidal CA1,pyramidal,13,pyramidal
zeisel_c000491,-0.3470179,-1.135125,pyramidal CA1,pyramidal,9,pyramidal
zeisel_c000492,3.770103,3.02389,pyramidal CA1,pyramidal,13,pyramidal
zeisel_c000493,3.925366,4.589942,pyramidal SS,pyramidal,12,pyramidal
zeisel_c000494,9.350021,-0.1513913,pyramidal SS,pyramidal,19,Unknown
zeisel_c000495,2.846816,3.877219,pyramidal SS,pyramidal,12,pyramidal
zeisel_c000496,4.714336,-1.827032,pyramidal SS,pyramidal,14,endothelial-mural
zeisel_c000497,4.264301,-1.989181,pyramidal SS,pyramidal,14,endothelial-mural
zeisel_c000498,6.235545,4.951186,pyramidal SS,pyramidal,4,astrocytes_ependymal
zeisel_c000499,2.884818,3.980892,pyramidal SS,pyramidal,12,pyramidal
zeisel_c000500,4.352538,-1.96964,pyramidal SS,pyramidal,14,endothelial-mural
zeisel_c000501,3.901049,4.524335,pyramidal SS,pyramidal,12,pyramidal
zeisel_c000502,3.058023,4.266571,pyramidal SS,pyramidal,12,pyramidal
zeisel_c000503,4.556646,1.771977,pyramidal SS,pyramidal,16,Unknown
zeisel_c000504,2.73495,3.729527,pyramidal SS,pyramidal,12,pyramidal
zeisel_c000505,2.779031,3.714772,pyramidal SS,pyramidal,12,pyramidal
zeisel_c000506,3.124899,3.640939,pyramidal SS,pyramidal,12,pyramidal
zeisel_c000507,4.493115,-2.234696,pyramidal SS,pyramidal,14,endothelial-mural
zeisel_c000508,2.731417,4.009309,pyramidal SS,pyramidal,12,pyramidal
zeisel_c000509,2.584366,3.954065,pyramidal SS,pyramidal,12,pyramidal
zeisel_c000510,6.141443,4.919916,pyramidal SS,pyramidal,4,astrocytes_ependymal
zeisel_c000511,14.83631,1.679682,pyramidal SS,pyramidal,7,oligodendrocytes
zeisel_c000512,4.336106,1.865288,pyramidal SS,pyramidal,16,Unknown
zeisel_c000513,14.99898,1.112552,pyramidal SS,pyramidal,7,oligodendrocytes
zeisel_c000514,14.94159,1.780165,pyramidal SS,pyramidal,7,oligodendrocytes
zeisel_c000515,3.516531,4.456712,pyramidal SS,pyramidal,12,pyramidal
zeisel_c000516,2.782426,4.11129,pyramidal SS,pyramidal,12,pyramidal
zeisel_c000517,2.855229,3.83172,pyramidal SS,pyramidal,12,pyramidal
zeisel_c000518,2.741884,4.556724,pyramidal SS,pyramidal,12,pyramidal
zeisel_c000519,2.639328,3.948388,pyramidal SS,pyramidal,12,pyramidal
zeisel_c000520,2.888914,3.69408,pyramidal SS,pyramidal,12,pyramidal
zeisel_c000521,3.384098,3.688767,pyramidal SS,pyramidal,12,pyramidal
zeisel_c000522,14.69813,1.781296,pyramidal SS,pyramidal,7,oligodendrocytes
zeisel_c000523,4.440073,5.492902,pyramidal SS,pyramidal,12,pyramidal
zeisel_c000524,3.50495,3.895736,pyramidal SS,pyramidal,12,pyramidal
zeisel_c000525,4.027939,4.61136,pyramidal SS,pyramidal,12,pyramidal
zeisel_c000526,2.593133,-1.528692,pyramidal CA1,pyramidal,14,endothelial-mural
zeisel_c000527,3.581835,5.916277,pyramidal SS,pyramidal,12,pyramidal
zeisel_c000528,2.861971,5.092166,pyramidal SS,pyramidal,12,pyramidal
zeisel_c000529,3.456033,4.848866,pyramidal SS,pyramidal,12,pyramidal
zeisel_c000530,4.918786,5.127112,pyramidal SS,pyramidal,12,pyramidal
zeisel_c000531,3.777691,4.12136,pyramidal SS,pyramidal,12,pyramidal
zeisel_c000532,3.980245,4.275017,pyramidal SS,pyramidal,12,pyramidal
zeisel_c000533,2.644319,4.291866,pyramidal SS,pyramidal,12,pyramidal
zeisel_c000534,3.176605,3.757306,pyramidal SS,pyramidal,12,pyramidal
zeisel_c000535,4.08202,4.631804,pyramidal SS,pyramidal,12,pyramidal
zeisel_c000536,3.089882,3.763006,pyramidal SS,pyramidal,12,pyramidal
zeisel_c000537,6.420313,5.018536,pyramidal SS,pyramidal,4,astrocytes_ependymal
zeisel_c000538,2.976884,4.204154,pyramidal SS,pyramidal,12,pyramidal
zeisel_c000539,3.348369,3.899013,pyramidal SS,pyramidal,12,pyramidal
zeisel_c000540,14.88338,1.985348,pyramidal SS,pyramidal,7,oligodendrocytes
zeisel_c000541,3.215505,4.670251,pyramidal SS,pyramidal,12,pyramidal
zeisel_c000542,3.842209,4.483033,pyramidal SS,pyramidal,12,pyramidal
zeisel_c000543,3.926333,5.024913,pyramidal SS,pyramidal,12,pyramidal
zeisel_c000544,4.131259,2.24438,pyramidal SS,pyramidal,12,pyramidal
zeisel_c000545,3.348,4.723418,pyramidal SS,pyramidal,12,pyramidal
zeisel_c000546,3.503404,3.199374,pyramidal SS,pyramidal,12,pyramidal
zeisel_c000547,3.356008,4.934343,pyramidal SS,pyramidal,12,pyramidal
zeisel_c000548,4.680456,4.815153,pyramidal SS,pyramidal,12,pyramidal
zeisel_c000549,4.329399,4.951196,pyramidal SS,pyramidal,12,pyramidal
zeisel_c000550,3.232096,3.137623,pyramidal SS,pyramidal,12,pyramidal
zeisel_c000551,3.365304,3.12405,pyramidal SS,pyramidal,12,pyramidal
zeisel_c000552,4.176526,4.924922,pyramidal SS,pyramidal,12,pyramidal
zeisel_c000553,5.831526,4.453312,pyramidal SS,pyramidal,4,astrocytes_ependymal
zeisel_c000554,14.89972,1.919592,pyramidal SS,pyramidal,7,oligodendrocytes
zeisel_c000555,3.384533,3.001029,pyramidal SS,pyramidal,12,pyramidal
zeisel_c000556,3.413005,4.297045,pyramidal SS,pyramidal,12,pyramidal
zeisel_c000557,6.288026,4.182447,pyramidal SS,pyramidal,4,astrocytes_ependymal
zeisel_c000558,3.282288,4.090377,pyramidal SS,pyramidal,12,pyramidal
zeisel_c000559,15.29496,0.9913991,pyramidal SS,pyramidal,7,oligodendrocytes
zeisel_c000560,5.595979,5.176604,pyramidal SS,pyramidal,4,astrocytes_ependymal
zeisel_c000561,15.10621,0.7303348,pyramidal SS,pyramidal,7,oligodendrocytes
zeisel_c000562,3.364644,5.503727,pyramidal SS,pyramidal,12,pyramidal
zeisel_c000563,14.66356,-0.4193604,pyramidal SS,pyramidal,2,oligodendrocytes
zeisel_c000564,3.939231,4.294248,pyramidal SS,pyramidal,12,pyramidal
zeisel_c000565,14.59159,5.74655,pyramidal SS,pyramidal,8,microglia
zeisel_c000566,15.23401,1.388313,pyramidal SS,pyramidal,7,oligodendrocytes
zeisel_c000567,14.97676,0.9929318,pyramidal SS,pyramidal,7,oligodendrocytes
zeisel_c000568,3.527297,5.168478,pyramidal SS,pyramidal,12,pyramidal
zeisel_c000569,3.16599,4.033822,pyramidal SS,pyramidal,12,pyramidal
zeisel_c000570,6.804107,8.368271,pyramidal SS,pyramidal,0,interneurons
zeisel_c000571,3.685702,-1.665521,pyramidal SS,pyramidal,14,endothelial-mural
zeisel_c000572,4.126161,6.325327,pyramidal SS,pyramidal,12,pyramidal
zeisel_c000573,9.060833,4.34327,pyramidal SS,pyramidal,5,Unknown
zeisel_c000574,15.5212,1.099389,pyramidal SS,pyramidal,7,oligodendrocytes
zeisel_c000575,6.636453,5.070139,pyramidal SS,pyramidal,4,astrocytes_ependymal
zeisel_c000576,3.771162,3.912458,pyramidal SS,pyramidal,12,pyramidal
zeisel_c000577,3.853767,5.928441,pyramidal SS,pyramidal,12,pyramidal
zeisel_c000578,6.713993,3.966259,pyramidal SS,pyramidal,4,astrocytes_ependymal
zeisel_c000579,3.226636,4.357942,pyramidal SS,pyramidal,12,pyramidal
zeisel_c000580,14.9345,0.3682514,pyramidal SS,pyramidal,7,oligodendrocytes
zeisel_c000581,3.760279,4.128789,pyramidal SS,pyramidal,12,pyramidal
zeisel_c000582,2.396522,3.373583,pyramidal SS,pyramidal,13,pyramidal
zeisel_c000583,3.602347,4.828958,pyramidal SS,pyramidal,12,pyramidal
zeisel_c000584,3.922799,1.870413,pyramidal SS,pyramidal,16,Unknown
zeisel_c000585,4.018403,4.460419,pyramidal SS,pyramidal,12,pyramidal
zeisel_c000586,4.290969,4.680575,pyramidal SS,pyramidal,12,pyramidal
zeisel_c000587,3.494624,5.204119,pyramidal SS,pyramidal,12,pyramidal
zeisel_c000588,3.982825,4.637424,pyramidal SS,pyramidal,12,pyramidal
zeisel_c000589,5.590379,4.949134,pyramidal SS,pyramidal,4,astrocytes_ependymal
zeisel_c000590,4.429503,1.614075,pyramidal SS,pyramidal,16,Unknown
zeisel_c000591,14.80287,-2.140408,pyramidal SS,pyramidal,20,oligodendrocytes
zeisel_c000592,15.73936,5.763462,pyramidal SS,pyramidal,8,microglia
zeisel_c000593,1.705657,4.162426,pyramidal SS,pyramidal,13,pyramidal
zeisel_c000594,3.943072,4.582005,pyramidal SS,pyramidal,12,pyramidal
zeisel_c000595,3.282143,5.589087,pyramidal SS,pyramidal,12,pyramidal
zeisel_c000596,2.58044,4.122954,pyramidal SS,pyramidal,13,pyramidal
zeisel_c000597,4.188032,5.265905,pyramidal SS,pyramidal,12,pyramidal
zeisel_c000598,15.47303,5.545621,pyramidal SS,pyramidal,8,microglia
zeisel_c000599,14.7876,0.1197896,pyramidal SS,pyramidal,7,oligodendrocytes
zeisel_c000600,4.646328,5.251892,pyramidal SS,pyramidal,12,pyramidal
zeisel_c000601,4.497375,-1.756588,pyramidal SS,pyramidal,14,endothelial-mural
zeisel_c000602,9.658107,-2.276331,pyramidal SS,pyramidal,15,microglia
zeisel_c000603,3.927895,6.375871,pyramidal SS,pyramidal,12,pyramidal
zeisel_c000604,5.768984,4.564545,pyramidal SS,pyramidal,4,astrocytes_ependymal
zeisel_c000605,3.200226,6.090465,pyramidal SS,pyramidal,12,pyramidal
zeisel_c000606,3.839636,5.176194,pyramidal SS,pyramidal,12,pyramidal
zeisel_c000607,4.143836,6.387448,pyramidal SS,pyramidal,12,pyramidal
zeisel_c000608,2.921535,5.739118,pyramidal SS,pyramidal,12,pyramidal
zeisel_c000609,9.856928,-2.336326,pyramidal SS,pyramidal,15,microglia
zeisel_c000610,3.174041,5.607372,pyramidal SS,pyramidal,12,pyramidal
zeisel_c000611,4.230128,1.880076,pyramidal SS,pyramidal,16,Unknown
zeisel_c000612,14.1486,2.404385,pyramidal SS,pyramidal,7,oligodendrocytes
zeisel_c000613,3.422955,4.185774,pyramidal SS,pyramidal,12,pyramidal
zeisel_c000614,3.643893,4.573675,pyramidal SS,pyramidal,12,pyramidal
zeisel_c000615,3.243535,5.186008,pyramidal SS,pyramidal,12,pyramidal
zeisel_c000616,3.767499,4.57067,pyramidal SS,pyramidal,12,pyramidal
zeisel_c000617,2.930654,3.726994,pyramidal SS,pyramidal,12,pyramidal
zeisel_c000618,2.808829,5.090652,pyramidal SS,pyramidal,12,pyramidal
zeisel_c000619,5.010578,4.596209,pyramidal SS,pyramidal,4,astrocytes_ependymal
zeisel_c000620,4.171212,-1.75916,pyramidal SS,pyramidal,14,endothelial-mural
zeisel_c000621,4.031452,4.686896,pyramidal SS,pyramidal,12,pyramidal
zeisel_c000622,3.219925,4.930465,pyramidal SS,pyramidal,12,pyramidal
zeisel_c000623,14.97708,1.33238,pyramidal SS,pyramidal,7,oligodendrocytes
zeisel_c000624,2.695372,5.230273,pyramidal SS,pyramidal,12,pyramidal
zeisel_c000625,2.514848,5.799057,pyramidal SS,pyramidal,12,pyramidal
zeisel_c000626,2.786278,5.278804,pyramidal SS,pyramidal,12,pyramidal
zeisel_c000627,14.27389,1.880965,pyramidal SS,pyramidal,7,oligodendrocytes
zeisel_c000628,3.747608,5.517876,pyramidal SS,pyramidal,12,pyramidal
zeisel_c000629,4.068447,5.349487,pyramidal SS,pyramidal,12,pyramidal
zeisel_c000630,4.169537,6.074047,pyramidal SS,pyramidal,12,pyramidal
zeisel_c000631,3.32294,4.860978,pyramidal SS,pyramidal,12,pyramidal
zeisel_c000632,4.176027,6.5588,pyramidal SS,pyramidal,12,pyramidal
zeisel_c000633,3.402501,5.224117,pyramidal SS,pyramidal,12,pyramidal
zeisel_c000634,5.071039,5.234695,pyramidal SS,pyramidal,12,pyramidal
zeisel_c000635,3.097169,5.27457,pyramidal SS,pyramidal,12,pyramidal
zeisel_c000636,2.632222,5.136581,pyramidal SS,pyramidal,12,pyramidal
zeisel_c000637,4.074324,5.513499,pyramidal SS,pyramidal,12,pyramidal
zeisel_c000638,2.970438,3.008252,pyramidal SS,pyramidal,13,pyramidal
zeisel_c000639,3.066643,5.953905,pyramidal SS,pyramidal,12,pyramidal
zeisel_c000640,5.275739,3.62487,pyramidal CA1,pyramidal,21,astrocytes_ependymal
zeisel_c000641,3.923986,6.920159,pyramidal SS,pyramidal,12,pyramidal
zeisel_c000642,3.50821,5.781842,pyramidal SS,pyramidal,12,pyramidal
zeisel_c000643,3.719239,5.23562,pyramidal SS,pyramidal,12,pyramidal
zeisel_c000644,6.28049,5.451322,pyramidal SS,pyramidal,4,astrocytes_ependymal
zeisel_c000645,2.712395,6.706563,pyramidal SS,pyramidal,12,pyramidal
zeisel_c000646,6.396787,4.744098,pyramidal SS,pyramidal,4,astrocytes_ependymal
zeisel_c000647,4.200919,4.800982,pyramidal SS,pyramidal,12,pyramidal
zeisel_c000648,5.490397,4.327736,pyramidal SS,pyramidal,4,astrocytes_ependymal
zeisel_c000649,4.536842,5.747257,pyramidal SS,pyramidal,12,pyramidal
zeisel_c000650,3.869374,6.783023,pyramidal SS,pyramidal,12,pyramidal
zeisel_c000651,4.90562,0.2999771,pyramidal SS,pyramidal,14,endothelial-mural
zeisel_c000652,3.890933,6.125036,pyramidal SS,pyramidal,12,pyramidal
zeisel_c000653,4.064397,4.641732,pyramidal SS,pyramidal,12,pyramidal
zeisel_c000654,5.298584,-2.413882,pyramidal SS,pyramidal,14,endothelial-mural
zeisel_c000655,6.575066,5.254447,pyramidal SS,pyramidal,4,astrocytes_ependymal
zeisel_c000656,4.936256,5.734148,pyramidal SS,pyramidal,12,pyramidal
zeisel_c000657,5.291486,-0.02369173,pyramidal SS,pyramidal,14,endothelial-mural
zeisel_c000658,14.08419,2.289225,pyramidal SS,pyramidal,7,oligodendrocytes
zeisel_c000659,14.20337,0.7786573,pyramidal SS,pyramidal,7,oligodendrocytes
zeisel_c000660,3.319324,5.137023,pyramidal SS,pyramidal,12,pyramidal
zeisel_c000661,4.280393,6.151666,pyramidal SS,pyramidal,12,pyramidal
zeisel_c000662,6.677363,2.14953,pyramidal SS,pyramidal,4,astrocytes_ependymal
zeisel_c000663,4.066385,4.35497,pyramidal SS,pyramidal,12,pyramidal
zeisel_c000664,4.206446,6.024101,pyramidal SS,pyramidal,12,pyramidal
zeisel_c000665,3.849552,4.738584,pyramidal SS,pyramidal,12,pyramidal
zeisel_c000666,15.19048,0.4781315,pyramidal SS,pyramidal,7,oligodendrocytes
zeisel_c000667,5.818,5.25695,pyramidal SS,pyramidal,4,astrocytes_ependymal
zeisel_c000668,3.9466,5.625,pyramidal SS,pyramidal,12,pyramidal
zeisel_c000669,4.618223,4.92678,pyramidal SS,pyramidal,12,pyramidal
zeisel_c000670,4.140986,5.192282,pyramidal SS,pyramidal,12,pyramidal
zeisel_c000671,5.994452,4.85538,pyramidal SS,pyramidal,4,astrocytes_ependymal
zeisel_c000672,6.092993,5.119113,pyramidal SS,pyramidal,4,astrocytes_ependymal
zeisel_c000673,3.440682,5.693255,pyramidal SS,pyramidal,12,pyramidal
zeisel_c000674,3.751331,4.698499,pyramidal SS,pyramidal,12,pyramidal
zeisel_c000675,4.733849,4.988842,pyramidal SS,pyramidal,12,pyramidal
zeisel_c000676,4.191552,5.831792,pyramidal SS,pyramidal,12,pyramidal
zeisel_c000677,3.149991,5.79215,pyramidal SS,pyramidal,12,pyramidal
zeisel_c000678,4.213845,5.868077,pyramidal SS,pyramidal,12,pyramidal
zeisel_c000679,14.62695,2.314339,pyramidal SS,pyramidal,12,pyramidal
zeisel_c000680,0.5141296,-5.031337,pyramidal CA1,pyramidal,11,pyramidal
zeisel_c000681,-0.5257916,-6.409105,pyramidal CA1,pyramidal,11,pyramidal
zeisel_c000682,0.5204392,-0.74522,pyramidal CA1,pyramidal,9,pyramidal
zeisel_c000683,0.3854746,-4.959962,pyramidal CA1,pyramidal,11,pyramidal
zeisel_c000684,1.090346,-5.308876,pyramidal CA1,pyramidal,22,pyramidal
zeisel_c000685,-0.6030737,-1.8253,pyramidal CA1,pyramidal,9,pyramidal
zeisel_c000686,2.821667,5.709373,pyramidal SS,pyramidal,12,pyramidal
zeisel_c000687,-0.8867523,-2.199401,pyramidal CA1,pyramidal,9,pyramidal
zeisel_c000688,-4.129342,7.866516,pyramidal CA1,pyramidal,6,astrocytes_ependymal
zeisel_c000689,5.632064,3.634856,pyramidal CA1,pyramidal,21,astrocytes_ependymal
zeisel_c000690,0.8420478,-5.170022,pyramidal CA1,pyramidal,11,pyramidal
zeisel_c000691,1.706409,-4.191111,pyramidal CA1,pyramidal,22,pyramidal
zeisel_c000692,6.443036,2.877126,pyramidal CA1,pyramidal,21,astrocytes_ependymal
zeisel_c000693,-0.9271706,-5.061609,pyramidal CA1,pyramidal,11,pyramidal
zeisel_c000694,5.506991,2.96056,pyramidal CA1,pyramidal,21,astrocytes_ependymal
zeisel_c000695,2.204247,1.758982,pyramidal CA1,pyramidal,9,pyramidal
zeisel_c000696,4.061769,3.352909,pyramidal CA1,pyramidal,12,pyramidal
zeisel_c000697,-1.366307,-3.275947,pyramidal CA1,pyramidal,9,pyramidal
zeisel_c000698,1.52169,-3.526769,pyramidal CA1,pyramidal,22,pyramidal
zeisel_c000699,1.842292,-4.254264,pyramidal CA1,pyramidal,22,pyramidal
zeisel_c000700,-0.4689281,-3.668833,pyramidal CA1,pyramidal,9,pyramidal
zeisel_c000701,8.587689,9.372861,pyramidal CA1,pyramidal,0,interneurons
zeisel_c000702,5.860586,3.155289,pyramidal CA1,pyramidal,21,astrocytes_ependymal
zeisel_c000703,2.814791,-4.260173,pyramidal CA1,pyramidal,22,pyramidal
zeisel_c000704,13.89261,-1.608773,pyramidal CA1,pyramidal,2,oligodendrocytes
zeisel_c000705,-0.4205123,-4.243217,pyramidal CA1,pyramidal,9,pyramidal
zeisel_c000706,-0.8182883,-2.008373,pyramidal CA1,pyramidal,9,pyramidal
zeisel_c000707,12.75045,-2.57506,pyramidal CA1,pyramidal,2,oligodendrocytes
zeisel_c000708,1.547152,-1.526825,pyramidal CA1,pyramidal,14,endothelial-mural
zeisel_c000709,2.466379,2.764791,pyramidal CA1,pyramidal,13,pyramidal
zeisel_c000710,1.439456,6.570281,pyramidal SS,pyramidal,12,pyramidal
zeisel_c000711,3.017426,4.176536,pyramidal SS,pyramidal,12,pyramidal
zeisel_c000712,3.871616,6.603751,pyramidal SS,pyramidal,12,pyramidal
zeisel_c000713,2.533321,2.609746,pyramidal CA1,pyramidal,13,pyramidal
zeisel_c000714,0.1665601,-2.479808,pyramidal CA1,pyramidal,9,pyramidal
zeisel_c000715,15.73613,6.319086,pyramidal CA1,pyramidal,8,microglia
zeisel_c000716,1.14846,-4.251348,pyramidal CA1,pyramidal,22,pyramidal
zeisel_c000717,0.8226705,-4.619434,pyramidal CA1,pyramidal,11,pyramidal
zeisel_c000718,-0.8095745,-1.927155,pyramidal CA1,pyramidal,9,pyramidal
zeisel_c000719,0.4112455,-4.665292,pyramidal CA1,pyramidal,22,pyramidal
zeisel_c000720,1.456096,6.71868,pyramidal SS,pyramidal,12,pyramidal
zeisel_c000721,-1.201106,-3.272309,pyramidal CA1,pyramidal,9,pyramidal
zeisel_c000722,1.586689,7.346166,pyramidal SS,pyramidal,12,pyramidal
zeisel_c000723,-0.2956225,-3.805082,pyramidal CA1,pyramidal,9,pyramidal
zeisel_c000724,5.88674,3.639091,pyramidal CA1,pyramidal,21,astrocytes_ependymal
zeisel_c000725,1.902028,5.964643,pyramidal SS,pyramidal,12,pyramidal
zeisel_c000726,3.921262,-0.9744627,pyramidal CA1,pyramidal,14,endothelial-mural
zeisel_c000727,0.2264512,-2.914434,pyramidal CA1,pyramidal,22,pyramidal
zeisel_c000728,1.149767,7.078541,pyramidal SS,pyramidal,12,pyramidal
zeisel_c000729,1.401111,7.189014,pyramidal SS,pyramidal,12,pyramidal
zeisel_c000730,9.72826,-2.479609,pyramidal SS,pyramidal,15,microglia
zeisel_c000731,1.203739,6.087265,pyramidal SS,pyramidal,12,pyramidal
zeisel_c000732,1.23641,7.028161,pyramidal SS,pyramidal,12,pyramidal
zeisel_c000733,1.248636,6.752712,pyramidal SS,pyramidal,12,pyramidal
zeisel_c000734,4.657563,-2.228719,pyramidal SS,pyramidal,14,endothelial-mural
zeisel_c000735,-0.4371839,-3.489064,pyramidal CA1,pyramidal,9,pyramidal
zeisel_c000736,4.11763,6.921825,pyramidal SS,pyramidal,12,pyramidal
zeisel_c000737,2.470737,6.804625,pyramidal SS,pyramidal,12,pyramidal
zeisel_c000738,1.726167,6.432549,pyramidal SS,pyramidal,12,pyramidal
zeisel_c000739,0.001781782,-2.016092,pyramidal CA1,pyramidal,9,pyramidal
zeisel_c000740,2.51065,6.824232,pyramidal SS,pyramidal,12,pyramidal
zeisel_c000741,1.5973,7.257145,pyramidal SS,pyramidal,12,pyramidal
zeisel_c000742,1.383871,7.314759,pyramidal SS,pyramidal,12,pyramidal
zeisel_c000743,1.843711,7.195606,pyramidal SS,pyramidal,12,pyramidal
zeisel_c000744,5.441947,-2.102154,pyramidal SS,pyramidal,14,endothelial-mural
zeisel_c000745,1.349323,7.116886,pyramidal SS,pyramidal,12,pyramidal
zeisel_c000746,1.025186,-3.598422,pyramidal CA1,pyramidal,22,pyramidal
zeisel_c000747,1.856002,-3.964569,pyramidal CA1,pyramidal,22,pyramidal
zeisel_c000748,1.57167,-4.292525,pyramidal CA1,pyramidal,22,pyramidal
zeisel_c000749,1.164329,-3.576682,pyramidal CA1,pyramidal,22,pyramidal
zeisel_c000750,9.426397,-3.004738,pyramidal CA1,pyramidal,15,microglia
zeisel_c000751,1.772744,-3.938582,pyramidal CA1,pyramidal,22,pyramidal
zeisel_c000752,4.132444,-0.2399064,pyramidal CA1,pyramidal,14,endothelial-mural
zeisel_c000753,12.22608,-2.632518,pyramidal CA1,pyramidal,2,oligodendrocytes
zeisel_c000754,0.6884723,-3.595139,pyramidal CA1,pyramidal,22,pyramidal
zeisel_c000755,1.674411,-4.099237,pyramidal CA1,pyramidal,22,pyramidal
zeisel_c000756,0.4843481,-4.54471,pyramidal CA1,pyramidal,11,pyramidal
zeisel_c000757,0.6488819,-3.41187,pyramidal CA1,pyramidal,22,pyramidal
zeisel_c000758,1.209996,-4.105638,pyramidal CA1,pyramidal,22,pyramidal
zeisel_c000759,12.79667,-2.12748,pyramidal CA1,pyramidal,2,oligodendrocytes
zeisel_c000760,7.020481,3.726054,pyramidal CA1,pyramidal,21,astrocytes_ependymal
zeisel_c000761,1.26413,-3.444473,pyramidal CA1,pyramidal,22,pyramidal
zeisel_c000762,0.022276,-3.157305,pyramidal CA1,pyramidal,9,pyramidal
zeisel_c000763,1.170135,-3.659195,pyramidal CA1,pyramidal,22,pyramidal
zeisel_c000764,-0.2189008,-2.989618,pyramidal CA1,pyramidal,9,pyramidal
zeisel_c000765,0.8422063,-3.543579,pyramidal CA1,pyramidal,22,pyramidal
zeisel_c000766,0.2676793,-4.517754,pyramidal CA1,pyramidal,11,pyramidal
zeisel_c000767,0.7454529,-3.159873,pyramidal CA1,pyramidal,22,pyramidal
zeisel_c000768,9.642875,6.62331,pyramidal CA1,pyramidal,1,interneurons
zeisel_c000769,0.7453448,-4.013637,pyramidal CA1,pyramidal,22,pyramidal
zeisel_c000770,1.921496,-4.156941,pyramidal CA1,pyramidal,22,pyramidal
zeisel_c000771,-0.6130338,-1.898585,pyramidal CA1,pyramidal,9,pyramidal
zeisel_c000772,0.3897908,-3.54656,pyramidal CA1,pyramidal,22,pyramidal
zeisel_c000773,4.46631,-0.4709968,pyramidal CA1,pyramidal,14,endothelial-mural
zeisel_c000774,2.011259,-4.557224,pyramidal CA1,pyramidal,22,pyramidal
zeisel_c000775,12.34191,-2.422038,pyramidal CA1,pyramidal,2,oligodendrocytes
zeisel_c000776,3.044364,-1.843432,pyramidal CA1,pyramidal,14,endothelial-mural
zeisel_c000777,1.296125,-3.548334,pyramidal CA1,pyramidal,22,pyramidal
zeisel_c000778,-0.4728957,-3.122515,pyramidal CA1,pyramidal,9,pyramidal
zeisel_c000779,15.73042,5.82243,pyramidal CA1,pyramidal,8,microglia
zeisel_c000780,1.919925,-4.35687,pyramidal CA1,pyramidal,22,pyramidal
zeisel_c000781,1.32518,-3.767759,pyramidal CA1,pyramidal,22,pyramidal
zeisel_c000782,-0.362676,-2.350302,pyramidal CA1,pyramidal,9,pyramidal
zeisel_c000783,0.7873722,-3.279982,pyramidal CA1,pyramidal,22,pyramidal
zeisel_c000784,1.287233,-3.778511,pyramidal CA1,pyramidal,22,pyramidal
zeisel_c000785,4.334867,8.904619,pyramidal CA1,pyramidal,3,interneurons
zeisel_c000786,9.559459,-3.082413,pyramidal CA1,pyramidal,15,microglia
zeisel_c000787,0.3297165,-3.105038,pyramidal CA1,pyramidal,22,pyramidal
zeisel_c000788,12.55264,-2.71389,pyramidal CA1,pyramidal,2,oligodendrocytes
zeisel_c000789,0.997373,-3.98307,pyramidal CA1,pyramidal,22,pyramidal
zeisel_c000790,-0.002468583,-2.887455,pyramidal CA1,pyramidal,9,pyramidal
zeisel_c000791,3.594271,0.099873,pyramidal CA1,pyramidal,16,Unknown
zeisel_c000792,14.46312,0.4597568,pyramidal CA1,pyramidal,7,oligodendrocytes
zeisel_c000793,0.4934851,-2.768242,pyramidal CA1,pyramidal,9,pyramidal
zeisel_c000794,0.2152738,-6.89873,pyramidal CA1,pyramidal,11,pyramidal
zeisel_c000795,-0.6662977,-4.667568,pyramidal CA1,pyramidal,11,pyramidal
zeisel_c000796,-0.07431117,-4.440913,pyramidal CA1,pyramidal,9,pyramidal
zeisel_c000797,0.9920985,-3.607667,pyramidal CA1,pyramidal,22,pyramidal
zeisel_c000798,0.2789131,-2.832146,pyramidal CA1,pyramidal,9,pyramidal
zeisel_c000799,6.798799,3.8074,pyramidal CA1,pyramidal,21,astrocytes_ependymal
zeisel_c000800,2.038784,-4.517656,pyramidal CA1,pyramidal,22,pyramidal
zeisel_c000801,11.72632,-2.235334,pyramidal CA1,pyramidal,2,oligodendrocytes
zeisel_c000802,6.04413,3.042331,pyramidal CA1,pyramidal,21,astrocytes_ependymal
zeisel_c000803,1.182743,-4.271724,pyramidal CA1,pyramidal,22,pyramidal
zeisel_c000804,6.556212,3.094069,pyramidal CA1,pyramidal,21,astrocytes_ependymal
zeisel_c000805,0.09646721,-1.397375,pyramidal CA1,pyramidal,9,pyramidal
zeisel_c000806,-0.2793701,-4.783869,pyramidal CA1,pyramidal,11,pyramidal
zeisel_c000807,6.907575,3.628999,pyramidal CA1,pyramidal,21,astrocytes_ependymal
zeisel_c000808,0.4533375,-1.225991,pyramidal CA1,pyramidal,9,pyramidal
zeisel_c000809,0.3562781,-1.847247,pyramidal CA1,pyramidal,9,pyramidal
zeisel_c000810,0.8452738,-6.737813,pyramidal CA1,pyramidal,11,pyramidal
zeisel_c000811,-0.1745793,-4.196364,pyramidal CA1,pyramidal,9,pyramidal
zeisel_c000812,6.734071,4.114557,pyramidal CA1,pyramidal,21,astrocytes_ependymal
zeisel_c000813,0.4182543,-5.397663,pyramidal CA1,pyramidal,11,pyramidal
zeisel_c000814,11.50785,-2.121089,pyramidal CA1,pyramidal,2,oligodendrocytes
zeisel_c000815,0.293112,-6.181529,pyramidal CA1,pyramidal,11,pyramidal
zeisel_c000816,1.087986,-6.160173,pyramidal CA1,pyramidal,11,pyramidal
zeisel_c000817,0.9734949,-4.48632,pyramidal CA1,pyramidal,22,pyramidal
zeisel_c000818,1.220298,-4.297612,pyramidal CA1,pyramidal,22,pyramidal
zeisel_c000819,1.307739,-4.072285,pyramidal CA1,pyramidal,22,pyramidal
zeisel_c000820,3.759215,-0.8184012,pyramidal CA1,pyramidal,14,endothelial-mural
zeisel_c000821,13.25323,-2.180096,pyramidal CA1,pyramidal,2,oligodendrocytes
zeisel_c000822,1.697762,-4.486877,pyramidal CA1,pyramidal,22,pyramidal
zeisel_c000823,2.671276,-4.336529,pyramidal CA1,pyramidal,22,pyramidal
zeisel_c000824,1.92399,-4.693739,pyramidal CA1,pyramidal,22,pyramidal
zeisel_c000825,2.057938,-4.270318,pyramidal CA1,pyramidal,22,pyramidal
zeisel_c000826,0.622684,-3.780472,pyramidal CA1,pyramidal,22,pyramidal
zeisel_c000827,9.319831,-3.227645,pyramidal CA1,pyramidal,15,microglia
zeisel_c000828,1.557406,-4.196113,pyramidal CA1,pyramidal,22,pyramidal
zeisel_c000829,1.095767,-4.526231,pyramidal CA1,pyramidal,22,pyramidal
zeisel_c000830,5.663154,2.853095,pyramidal CA1,pyramidal,21,astrocytes_ependymal
zeisel_c000831,1.481292,-4.389407,pyramidal CA1,pyramidal,22,pyramidal
zeisel_c000832,6.723678,3.979346,pyramidal CA1,pyramidal,21,astrocytes_ependymal
zeisel_c000833,1.407488,-3.961865,pyramidal CA1,pyramidal,22,pyramidal
zeisel_c000834,0.7038282,-4.938018,pyramidal CA1,pyramidal,22,pyramidal
zeisel_c000835,11.52617,-2.437416,pyramidal CA1,pyramidal,2,oligodendrocytes
zeisel_c000836,2.392159,-4.327818,pyramidal CA1,pyramidal,22,pyramidal
zeisel_c000837,6.917746,3.730184,pyramidal CA1,pyramidal,21,astrocytes_ependymal
zeisel_c000838,1.236303,-4.074006,pyramidal CA1,pyramidal,22,pyramidal
zeisel_c000839,1.446443,-4.687126,pyramidal CA1,pyramidal,22,pyramidal
zeisel_c000840,1.429085,-4.335212,pyramidal CA1,pyramidal,22,pyramidal
zeisel_c000841,11.33396,-1.730471,pyramidal CA1,pyramidal,2,oligodendrocytes
zeisel_c000842,-1.628503,-2.46316,pyramidal CA1,pyramidal,9,pyramidal
zeisel_c000843,2.061186,-4.328285,pyramidal CA1,pyramidal,22,pyramidal
zeisel_c000844,15.12461,1.397309,pyramidal SS,pyramidal,7,oligodendrocytes
zeisel_c000845,4.260896,3.003269,pyramidal CA1,pyramidal,12,pyramidal
zeisel_c000846,0.005665092,-2.599225,pyramidal CA1,pyramidal,9,pyramidal
zeisel_c000847,0.3568324,-3.334607,pyramidal CA1,pyramidal,9,pyramidal
zeisel_c000848,-0.9534652,-2.25071,pyramidal CA1,pyramidal,9,pyramidal
zeisel_c000849,0.2037165,-4.234763,pyramidal CA1,pyramidal,22,pyramidal
zeisel_c000850,-0.4932179,-3.403364,pyramidal CA1,pyramidal,9,pyramidal
zeisel_c000851,5.932174,2.795055,pyramidal CA1,pyramidal,21,astrocytes_ependymal
zeisel_c000852,5.321211,3.179417,pyramidal CA1,pyramidal,21,astrocytes_ependymal
zeisel_c000853,12.49127,-2.75116,pyramidal CA1,pyramidal,2,oligodendrocytes
zeisel_c000854,0.66504,-3.996759,pyramidal CA1,pyramidal,22,pyramidal
zeisel_c000855,0.02918077,-4.745863,pyramidal CA1,pyramidal,11,pyramidal
zeisel_c000856,0.8330147,-4.855028,pyramidal CA1,pyramidal,11,pyramidal
zeisel_c000857,-0.4005022,-3.993082,pyramidal CA1,pyramidal,9,pyramidal
zeisel_c000858,8.493526,9.571284,pyramidal CA1,pyramidal,0,interneurons
zeisel_c000859,0.5120013,-1.378177,pyramidal CA1,pyramidal,9,pyramidal
zeisel_c000860,0.5346826,-3.101397,pyramidal CA1,pyramidal,22,pyramidal
zeisel_c000861,-0.5524016,-3.256858,pyramidal CA1,pyramidal,9,pyramidal
zeisel_c000862,0.2375302,-3.588241,pyramidal CA1,pyramidal,9,pyramidal
zeisel_c000863,0.4175741,-0.9531752,pyramidal CA1,pyramidal,9,pyramidal
zeisel_c000864,1.294985,-4.738723,pyramidal CA1,pyramidal,22,pyramidal
zeisel_c000865,0.2882398,-2.792919,pyramidal CA1,pyramidal,9,pyramidal
zeisel_c000866,0.3309838,-3.020809,pyramidal CA1,pyramidal,22,pyramidal
zeisel_c000867,6.674167,3.140863,pyramidal CA1,pyramidal,21,astrocytes_ependymal
zeisel_c000868,0.2919897,-2.209932,pyramidal CA1,pyramidal,9,pyramidal
zeisel_c000869,6.451158,3.280077,pyramidal CA1,pyramidal,21,astrocytes_ependymal
zeisel_c000870,1.457296,-3.73581,pyramidal CA1,pyramidal,22,pyramidal
zeisel_c000871,0.8869874,-4.195275,pyramidal CA1,pyramidal,22,pyramidal
zeisel_c000872,1.380656,-3.589025,pyramidal CA1,pyramidal,22,pyramidal
zeisel_c000873,0.5715328,-3.321892,pyramidal CA1,pyramidal,22,pyramidal
zeisel_c000874,1.979915,-4.392949,pyramidal CA1,pyramidal,22,pyramidal
zeisel_c000875,-0.7533321,-1.601546,pyramidal CA1,pyramidal,9,pyramidal
zeisel_c000876,-0.01787099,-1.147116,pyramidal CA1,pyramidal,9,pyramidal
zeisel_c000877,0.6185744,-2.302594,pyramidal CA1,pyramidal,9,pyramidal
zeisel_c000878,0.1346679,-1.613707,pyramidal CA1,pyramidal,9,pyramidal
zeisel_c000879,-0.5718855,-1.878016,pyramidal CA1,pyramidal,9,pyramidal
zeisel_c000880,-0.8874031,-1.263884,pyramidal CA1,pyramidal,9,pyramidal
zeisel_c000881,-0.4661572,-1.463649,pyramidal CA1,pyramidal,9,pyramidal
zeisel_c000882,-0.3579312,-1.237645,pyramidal CA1,pyramidal,9,pyramidal
zeisel_c000883,2.78326,-1.50782,pyramidal CA1,pyramidal,14,endothelial-mural
zeisel_c000884,2.290124,-1.666609,pyramidal CA1,pyramidal,14,endothelial-mural
zeisel_c000885,15.7823,6.034116,pyramidal CA1,pyramidal,8,microglia
zeisel_c000886,0.2971737,-1.378214,pyramidal CA1,pyramidal,9,pyramidal
zeisel_c000887,-0.1789325,-1.353904,pyramidal CA1,pyramidal,9,pyramidal
zeisel_c000888,5.893798,3.971125,pyramidal CA1,pyramidal,21,astrocytes_ependymal
zeisel_c000889,-0.1167252,-1.417434,pyramidal CA1,pyramidal,9,pyramidal
zeisel_c000890,5.941367,3.835927,pyramidal CA1,pyramidal,21,astrocytes_ependymal
zeisel_c000891,-1.004596,-2.00864,pyramidal CA1,pyramidal,9,pyramidal
zeisel_c000892,-0.07192183,-1.528334,pyramidal CA1,pyramidal,9,pyramidal
zeisel_c000893,-0.6485708,-3.619996,pyramidal CA1,pyramidal,9,pyramidal
zeisel_c000894,12.75068,-2.185695,pyramidal CA1,pyramidal,2,oligodendrocytes
zeisel_c000895,-0.6993903,-1.790675,pyramidal CA1,pyramidal,9,pyramidal
zeisel_c000896,-0.7972287,-1.689798,pyramidal CA1,pyramidal,9,pyramidal
zeisel_c000897,0.3476922,-1.7565,pyramidal CA1,pyramidal,9,pyramidal
zeisel_c000898,-0.4607995,-1.619644,pyramidal CA1,pyramidal,9,pyramidal
zeisel_c000899,-0.9955842,-1.541204,pyramidal CA1,pyramidal,9,pyramidal
zeisel_c000900,-0.07485435,-1.475844,pyramidal CA1,pyramidal,9,pyramidal
zeisel_c000901,-0.5224521,-1.997496,pyramidal CA1,pyramidal,9,pyramidal
zeisel_c000902,0.1401088,-4.054619,pyramidal CA1,pyramidal,9,pyramidal
zeisel_c000903,-0.9553424,-1.662082,pyramidal CA1,pyramidal,9,pyramidal
zeisel_c000904,-0.8831112,-1.704954,pyramidal CA1,pyramidal,9,pyramidal
zeisel_c000905,-1.294837,-2.09651,pyramidal CA1,pyramidal,9,pyramidal
zeisel_c000906,-0.6519311,-2.135611,pyramidal CA1,pyramidal,9,pyramidal
zeisel_c000907,-0.2073072,-2.312478,pyramidal CA1,pyramidal,9,pyramidal
zeisel_c000908,-0.9959615,-4.601109,pyramidal CA1,pyramidal,11,pyramidal
zeisel_c000909,-0.3673113,-1.691164,pyramidal CA1,pyramidal,9,pyramidal
zeisel_c000910,-0.6997394,-3.788556,pyramidal CA1,pyramidal,9,pyramidal
zeisel_c000911,-1.268995,-3.325506,pyramidal CA1,pyramidal,9,pyramidal
zeisel_c000912,5.474432,3.532282,pyramidal CA1,pyramidal,21,astrocytes_ependymal
zeisel_c000913,-0.7163581,-4.798104,pyramidal CA1,pyramidal,11,pyramidal
zeisel_c000914,-1.198923,-3.754741,pyramidal CA1,pyramidal,9,pyramidal
zeisel_c000915,-0.4701594,-2.999311,pyramidal CA1,pyramidal,9,pyramidal
zeisel_c000916,3.492056,-2.105756,pyramidal CA1,pyramidal,14,endothelial-mural
zeisel_c000917,-2.520083,-3.423704,pyramidal CA1,pyramidal,9,pyramidal
zeisel_c000918,-0.4099994,-3.830058,pyramidal CA1,pyramidal,9,pyramidal
zeisel_c000919,2.721979,-1.829068,pyramidal CA1,pyramidal,14,endothelial-mural
zeisel_c000920,-1.077279,-2.056643,pyramidal CA1,pyramidal,9,pyramidal
zeisel_c000921,9.395005,6.277581,pyramidal CA1,pyramidal,1,interneurons
zeisel_c000922,-0.3484737,-3.17065,pyramidal CA1,pyramidal,9,pyramidal
zeisel_c000923,-0.639466,-4.304807,pyramidal CA1,pyramidal,9,pyramidal
zeisel_c000924,0.3920462,-3.621884,pyramidal CA1,pyramidal,22,pyramidal
zeisel_c000925,-0.9617518,-4.028323,pyramidal CA1,pyramidal,9,pyramidal
zeisel_c000926,0.6614801,-3.578301,pyramidal CA1,pyramidal,22,pyramidal
zeisel_c000927,-1.559932,-3.306175,pyramidal CA1,pyramidal,9,pyramidal
zeisel_c000928,-1.526998,-2.564687,pyramidal CA1,pyramidal,9,pyramidal
zeisel_c000929,-1.136124,-3.241361,pyramidal CA1,pyramidal,9,pyramidal
zeisel_c000930,-0.5985254,-3.679718,pyramidal CA1,pyramidal,9,pyramidal
zeisel_c000931,-1.270736,-3.611206,pyramidal CA1,pyramidal,9,pyramidal
zeisel_c000932,-0.8977911,-2.532611,pyramidal CA1,pyramidal,9,pyramidal
zeisel_c000933,5.589738,3.41195,pyramidal CA1,pyramidal,21,astrocytes_ependymal
zeisel_c000934,4.06791,8.883552,pyramidal CA1,pyramidal,3,interneurons
zeisel_c000935,3.69179,0.05539799,pyramidal CA1,pyramidal,16,Unknown
zeisel_c000936,-2.030876,-3.720188,pyramidal CA1,pyramidal,9,pyramidal
zeisel_c000937,-1.592691,-3.208085,pyramidal CA1,pyramidal,9,pyramidal
zeisel_c000938,-0.6365482,-3.777552,pyramidal CA1,pyramidal,9,pyramidal
zeisel_c000939,-1.046142,-3.043595,pyramidal CA1,pyramidal,9,pyramidal
zeisel_c000940,-3.099695,-3.726076,pyramidal CA1,pyramidal,10,pyramidal
zeisel_c000941,-2.494594,-2.64706,pyramidal CA1,pyramidal,9,pyramidal
zeisel_c000942,-1.14241,-3.027416,pyramidal CA1,pyramidal,9,pyramidal
zeisel_c000943,5.756703,3.157927,pyramidal CA1,pyramidal,21,astrocytes_ependymal
zeisel_c000944,9.528761,-3.014889,pyramidal CA1,pyramidal,15,microglia
zeisel_c000945,-2.717545,-3.864101,pyramidal CA1,pyramidal,10,pyramidal
zeisel_c000946,-2.160826,-3.733324,pyramidal CA1,pyramidal,9,pyramidal
zeisel_c000947,-0.1945916,-2.600091,pyramidal CA1,pyramidal,9,pyramidal
zeisel_c000948,-1.092403,-2.339777,pyramidal CA1,pyramidal,9,pyramidal
zeisel_c000949,-0.9115288,-1.737173,pyramidal CA1,pyramidal,9,pyramidal
zeisel_c000950,-2.018698,-2.125446,pyramidal CA1,pyramidal,9,pyramidal
zeisel_c000951,5.407323,3.309922,pyramidal CA1,pyramidal,21,astrocytes_ependymal
zeisel_c000952,-2.14673,-2.001626,pyramidal CA1,pyramidal,9,pyramidal
zeisel_c000953,5.543256,3.479862,pyramidal CA1,pyramidal,21,astrocytes_ependymal
zeisel_c000954,-0.1656769,-2.659617,pyramidal CA1,pyramidal,9,pyramidal
zeisel_c000955,5.527482,3.464695,pyramidal CA1,pyramidal,21,astrocytes_ependymal
zeisel_c000956,-0.9006574,-1.926492,pyramidal CA1,pyramidal,9,pyramidal
zeisel_c000957,-0.7078556,-3.883419,pyramidal CA1,pyramidal,9,pyramidal
zeisel_c000958,-1.818947,-3.142314,pyramidal CA1,pyramidal,9,pyramidal
zeisel_c000959,-2.233692,-3.855108,pyramidal CA1,pyramidal,9,pyramidal
zeisel_c000960,-1.480274,-2.975745,pyramidal CA1,pyramidal,9,pyramidal
zeisel_c000961,2.784341,-1.708096,pyramidal CA1,pyramidal,14,endothelial-mural
zeisel_c000962,-1.746678,-3.335156,pyramidal CA1,pyramidal,9,pyramidal
zeisel_c000963,-0.1803709,-3.033911,pyramidal CA1,pyramidal,9,pyramidal
zeisel_c000964,12.58213,-2.726038,pyramidal CA1,pyramidal,2,oligodendrocytes
zeisel_c000965,-1.513437,-3.15738,pyramidal CA1,pyramidal,9,pyramidal
zeisel_c000966,-0.7079075,-3.382905,pyramidal CA1,pyramidal,9,pyramidal
zeisel_c000967,0.2292082,-2.027231,pyramidal CA1,pyramidal,9,pyramidal
zeisel_c000968,-1.545834,-4.161155,pyramidal CA1,pyramidal,9,pyramidal
zeisel_c000969,-0.6631489,-3.513342,pyramidal CA1,pyramidal,9,pyramidal
zeisel_c000970,5.781535,3.719031,pyramidal CA1,pyramidal,21,astrocytes_ependymal
zeisel_c000971,-0.7756709,-4.479416,pyramidal CA1,pyramidal,11,pyramidal
zeisel_c000972,-1.935966,-3.641768,pyramidal CA1,pyramidal,9,pyramidal
zeisel_c000973,-1.392213,-2.332517,pyramidal CA1,pyramidal,9,pyramidal
zeisel_c000974,-3.172752,-4.317563,pyramidal CA1,pyramidal,10,pyramidal
zeisel_c000975,-0.2384086,-3.121175,pyramidal CA1,pyramidal,9,pyramidal
zeisel_c000976,-2.034182,-3.417333,pyramidal CA1,pyramidal,9,pyramidal
zeisel_c000977,0.06789105,-3.490776,pyramidal CA1,pyramidal,9,pyramidal
zeisel_c000978,-1.656467,-5.208859,pyramidal CA1,pyramidal,11,pyramidal
zeisel_c000979,-0.05970399,-6.769948,pyramidal CA1,pyramidal,11,pyramidal
zeisel_c000980,-0.3530771,-3.697943,pyramidal CA1,pyramidal,9,pyramidal
zeisel_c000981,0.3067429,-1.881124,pyramidal CA1,pyramidal,9,pyramidal
zeisel_c000982,3.638983,-0.9583063,pyramidal CA1,pyramidal,14,endothelial-mural
zeisel_c000983,-0.8844878,-2.929228,pyramidal CA1,pyramidal,9,pyramidal
zeisel_c000984,0.2846098,-1.376981,pyramidal CA1,pyramidal,9,pyramidal
zeisel_c000985,-0.8385155,-3.171196,pyramidal CA1,pyramidal,9,pyramidal
zeisel_c000986,-1.602472,-3.416896,pyramidal CA1,pyramidal,9,pyramidal
zeisel_c000987,0.3622422,-2.174893,pyramidal CA1,pyramidal,9,pyramidal
zeisel_c000988,0.9690151,-3.0757,pyramidal CA1,pyramidal,22,pyramidal
zeisel_c000989,0.6898745,-5.182585,pyramidal CA1,pyramidal,22,pyramidal
zeisel_c000990,0.4513915,-3.779541,pyramidal CA1,pyramidal,22,pyramidal
zeisel_c000991,-0.2599486,-6.277004,pyramidal CA1,pyramidal,11,pyramidal
zeisel_c000992,-0.162236,-5.688921,pyramidal CA1,pyramidal,11,pyramidal
zeisel_c000993,0.168662,-3.086763,pyramidal CA1,pyramidal,9,pyramidal
zeisel_c000994,-1.041121,-3.068898,pyramidal CA1,pyramidal,9,pyramidal
zeisel_c000995,0.8091229,-2.578354,pyramidal CA1,pyramidal,9,pyramidal
zeisel_c000996,-1.122184,-3.504968,pyramidal CA1,pyramidal,9,pyramidal
zeisel_c000997,1.021866,-3.601301,pyramidal CA1,pyramidal,22,pyramidal
zeisel_c000998,0.3067873,-3.512037,pyramidal CA1,pyramidal,9,pyramidal
zeisel_c000999,11.85866,-2.71085,pyramidal CA1,pyramidal,2,oligodendrocytes
zeisel_c001000,0.5794588,-2.622971,pyramidal CA1,pyramidal,9,pyramidal
zeisel_c001001,9.851356,6.328111,pyramidal CA1,pyramidal,1,interneurons
zeisel_c001002,0.1712796,-2.0157,pyramidal CA1,pyramidal,9,pyramidal
zeisel_c001003,0.6032969,-3.234179,pyramidal CA1,pyramidal,9,pyramidal
zeisel_c001004,0.3067009,-3.192047,pyramidal CA1,pyramidal,9,pyramidal
zeisel_c001005,0.2086632,-3.258792,pyramidal CA1,pyramidal,22,pyramidal
zeisel_c001006,3.975194,-0.7724302,pyramidal CA1,pyramidal,14,endothelial-mural
zeisel_c001007,-0.3244617,-3.700612,pyramidal CA1,pyramidal,9,pyramidal
zeisel_c001008,2.924172,-1.184195,pyramidal CA1,pyramidal,14,endothelial-mural
zeisel_c001009,-0.4890173,-4.756215,pyramidal CA1,pyramidal,9,pyramidal
zeisel_c001010,8.792039,2.324199,pyramidal CA1,pyramidal,20,oligodendrocytes
zeisel_c001011,3.307976,-2.023623,pyramidal CA1,pyramidal,14,endothelial-mural
zeisel_c001012,1.220719,-3.141736,pyramidal CA1,pyramidal,22,pyramidal
zeisel_c001013,-0.3127881,-3.875544,pyramidal CA1,pyramidal,9,pyramidal
zeisel_c001014,1.099038,-3.886425,pyramidal CA1,pyramidal,22,pyramidal
zeisel_c001015,9.493954,-2.88386,pyramidal CA1,pyramidal,15,microglia
zeisel_c001016,0.6138229,-2.004085,pyramidal CA1,pyramidal,9,pyramidal
zeisel_c001017,6.018151,3.060291,pyramidal CA1,pyramidal,21,astrocytes_ependymal
zeisel_c001018,1.120277,-3.834235,pyramidal CA1,pyramidal,22,pyramidal
zeisel_c001019,0.6279221,-4.782008,pyramidal CA1,pyramidal,11,pyramidal
zeisel_c001020,2.977105,-1.552047,pyramidal CA1,pyramidal,14,endothelial-mural
zeisel_c001021,1.55824,-4.045815,pyramidal CA1,pyramidal,22,pyramidal
zeisel_c001022,0.5899535,-3.75579,pyramidal CA1,pyramidal,9,pyramidal
zeisel_c001023,1.202063,-2.329578,pyramidal CA1,pyramidal,9,pyramidal
zeisel_c001024,-0.2471844,-4.236519,pyramidal CA1,pyramidal,9,pyramidal
zeisel_c001025,3.982527,0.4598685,pyramidal CA1,pyramidal,16,Unknown
zeisel_c001026,2.321853,-4.356609,pyramidal CA1,pyramidal,22,pyramidal
zeisel_c001027,1.428084,-3.296727,pyramidal CA1,pyramidal,22,pyramidal
zeisel_c001028,5.55645,3.031573,pyramidal CA1,pyramidal,21,astrocytes_ependymal
zeisel_c001029,11.60842,-2.309603,pyramidal CA1,pyramidal,2,oligodendrocytes
zeisel_c001030,0.3521396,-3.203657,pyramidal CA1,pyramidal,22,pyramidal
zeisel_c001031,-0.3629718,-3.926558,pyramidal CA1,pyramidal,9,pyramidal
zeisel_c001032,0.185072,-5.049551,pyramidal CA1,pyramidal,11,pyramidal
zeisel_c001033,-0.916702,-5.415519,pyramidal CA1,pyramidal,11,pyramidal
zeisel_c001034,-0.8344685,-4.998248,pyramidal CA1,pyramidal,11,pyramidal
zeisel_c001035,-1.003138,-5.102956,pyramidal CA1,pyramidal,11,pyramidal
zeisel_c001036,4.094589,0.6234748,pyramidal CA1,pyramidal,16,Unknown
zeisel_c001037,0.7680997,-5.131302,pyramidal CA1,pyramidal,11,pyramidal
zeisel_c001038,0.007424647,-4.887405,pyramidal CA1,pyramidal,11,pyramidal
zeisel_c001039,0.9387195,-5.455729,pyramidal CA1,pyramidal,11,pyramidal
zeisel_c001040,-0.3007762,-4.990823,pyramidal CA1,pyramidal,11,pyramidal
zeisel_c001041,0.9144483,-5.274347,pyramidal CA1,pyramidal,11,pyramidal
zeisel_c001042,0.8088912,-5.290403,pyramidal CA1,pyramidal,11,pyramidal
zeisel_c001043,-0.2989609,-5.549336,pyramidal CA1,pyramidal,11,pyramidal
zeisel_c001044,0.7727919,-7.210386,pyramidal CA1,pyramidal,11,pyramidal
zeisel_c001045,1.783645,-4.53282,pyramidal CA1,pyramidal,22,pyramidal
zeisel_c001046,2.198712,-4.446368,pyramidal CA1,pyramidal,22,pyramidal
zeisel_c001047,0.4207645,-5.061675,pyramidal CA1,pyramidal,11,pyramidal
zeisel_c001048,11.63937,-2.476799,pyramidal CA1,pyramidal,2,oligodendrocytes
zeisel_c001049,3.723144,-2.037329,pyramidal CA1,pyramidal,14,endothelial-mural
zeisel_c001050,0.1741091,-5.378473,pyramidal CA1,pyramidal,11,pyramidal
zeisel_c001051,0.06918811,-5.991652,pyramidal CA1,pyramidal,11,pyramidal
zeisel_c001052,0.1254571,-6.045086,pyramidal CA1,pyramidal,11,pyramidal
zeisel_c001053,0.4682812,-4.589107,pyramidal CA1,pyramidal,22,pyramidal
zeisel_c001054,0.8167695,-6.611969,pyramidal CA1,pyramidal,11,pyramidal
zeisel_c001055,0.7622123,-5.310324,pyramidal CA1,pyramidal,11,pyramidal
zeisel_c001056,1.097761,-5.530669,pyramidal CA1,pyramidal,22,pyramidal
zeisel_c001057,1.14817,-6.120538,pyramidal CA1,pyramidal,11,pyramidal
zeisel_c001058,0.8147007,-5.772096,pyramidal CA1,pyramidal,11,pyramidal
zeisel_c001059,0.6390398,-6.31144,pyramidal CA1,pyramidal,11,pyramidal
zeisel_c001060,-0.2571264,-4.890618,pyramidal CA1,pyramidal,11,pyramidal
zeisel_c001061,-1.063174,-5.663635,pyramidal CA1,pyramidal,11,pyramidal
zeisel_c001062,-0.3229649,-6.099062,pyramidal CA1,pyramidal,11,pyramidal
zeisel_c001063,0.06836781,-5.575102,pyramidal CA1,pyramidal,11,pyramidal
zeisel_c001064,3.522015,-1.91557,pyramidal CA1,pyramidal,14,endothelial-mural
zeisel_c001065,0.1470463,-6.080248,pyramidal CA1,pyramidal,11,pyramidal
zeisel_c001066,11.82625,-2.695153,pyramidal CA1,pyramidal,2,oligodendrocytes
zeisel_c001067,0.6880443,-5.89187,pyramidal SS,pyramidal,11,pyramidal
zeisel_c001068,-0.2263749,-6.528408,pyramidal CA1,pyramidal,11,pyramidal
zeisel_c001069,3.643816,-1.857362,pyramidal CA1,pyramidal,14,endothelial-mural
zeisel_c001070,0.07532021,-6.225679,pyramidal CA1,pyramidal,11,pyramidal
zeisel_c001071,1.155315,-4.91778,pyramidal CA1,pyramidal,22,pyramidal
zeisel_c001072,-0.3300382,-5.948598,pyramidal CA1,pyramidal,11,pyramidal
zeisel_c001073,-0.08284292,-5.416224,pyramidal CA1,pyramidal,11,pyramidal
zeisel_c001074,-0.3508801,-6.083203,pyramidal CA1,pyramidal,11,pyramidal
zeisel_c001075,0.4202162,-6.202035,pyramidal CA1,pyramidal,11,pyramidal
zeisel_c001076,1.185283,-4.472981,pyramidal CA1,pyramidal,22,pyramidal
zeisel_c001077,0.2618153,-5.597044,pyramidal CA1,pyramidal,11,pyramidal
zeisel_c001078,0.2833154,-6.173093,pyramidal CA1,pyramidal,11,pyramidal
zeisel_c001079,-0.1416095,-6.063704,pyramidal CA1,pyramidal,11,pyramidal
zeisel_c001080,9.515712,-3.049516,pyramidal CA1,pyramidal,15,microglia
zeisel_c001081,-1.229181,-5.757858,pyramidal CA1,pyramidal,11,pyramidal
zeisel_c001082,-1.291231,-6.335702,pyramidal CA1,pyramidal,11,pyramidal
zeisel_c001083,-0.8970067,-6.485846,pyramidal CA1,pyramidal,11,pyramidal
zeisel_c001084,0.4035371,-6.371196,pyramidal CA1,pyramidal,11,pyramidal
zeisel_c001085,-0.9567597,-6.044452,pyramidal CA1,pyramidal,11,pyramidal
zeisel_c001086,12.25453,-2.493293,pyramidal CA1,pyramidal,2,oligodendrocytes
zeisel_c001087,-0.5900023,-5.705294,pyramidal CA1,pyramidal,11,pyramidal
zeisel_c001088,-0.822466,-6.088612,pyramidal CA1,pyramidal,11,pyramidal
zeisel_c001089,-0.5359165,-5.722908,pyramidal CA1,pyramidal,11,pyramidal
zeisel_c001090,9.357171,-2.975091,pyramidal CA1,pyramidal,15,microglia
zeisel_c001091,-0.2314203,-5.782515,pyramidal CA1,pyramidal,11,pyramidal
zeisel_c001092,-0.8736414,-4.982731,pyramidal CA1,pyramidal,9,pyramidal
zeisel_c001093,-0.857618,-5.825481,pyramidal CA1,pyramidal,11,pyramidal
zeisel_c001094,6.381201,3.849748,pyramidal CA1,pyramidal,21,astrocytes_ependymal
zeisel_c001095,-0.132767,-6.335348,pyramidal CA1,pyramidal,11,pyramidal
zeisel_c001096,0.1306965,-6.324825,pyramidal CA1,pyramidal,11,pyramidal
zeisel_c001097,-0.6624916,-4.589298,pyramidal CA1,pyramidal,9,pyramidal
zeisel_c001098,5.88826,3.465657,pyramidal CA1,pyramidal,21,astrocytes_ependymal
zeisel_c001099,-0.699798,-6.19905,pyramidal CA1,pyramidal,11,pyramidal
zeisel_c001100,-0.1672387,-5.431081,pyramidal CA1,pyramidal,11,pyramidal
zeisel_c001101,-0.4203405,-6.022676,pyramidal CA1,pyramidal,11,pyramidal
zeisel_c001102,1.102811,-6.406371,pyramidal CA1,pyramidal,11,pyramidal
zeisel_c001103,-1.017224,-7.145586,pyramidal CA1,pyramidal,11,pyramidal
zeisel_c001104,-0.6047773,-6.609951,pyramidal CA1,pyramidal,11,pyramidal
zeisel_c001105,-1.440033,-6.149771,pyramidal CA1,pyramidal,11,pyramidal
zeisel_c001106,-0.9798343,-5.175062,pyramidal CA1,pyramidal,11,pyramidal
zeisel_c001107,0.06866965,-5.19253,pyramidal CA1,pyramidal,11,pyramidal
zeisel_c001108,1.298922,-4.98384,pyramidal CA1,pyramidal,22,pyramidal
zeisel_c001109,6.245332,3.442115,pyramidal CA1,pyramidal,21,astrocytes_ependymal
zeisel_c001110,-1.219186,-6.369974,pyramidal CA1,pyramidal,11,pyramidal
zeisel_c001111,-1.215933,-6.513031,pyramidal CA1,pyramidal,11,pyramidal
zeisel_c001112,0.5285904,-6.899339,pyramidal CA1,pyramidal,11,pyramidal
zeisel_c001113,0.8792093,-6.130478,pyramidal CA1,pyramidal,11,pyramidal
zeisel_c001114,3.077343,-1.977374,pyramidal CA1,pyramidal,14,endothelial-mural
zeisel_c001115,-1.334177,-4.226696,pyramidal CA1,pyramidal,9,pyramidal
zeisel_c001116,0.09943939,-6.494185,pyramidal CA1,pyramidal,11,pyramidal
zeisel_c001117,-1.039714,-6.765565,pyramidal CA1,pyramidal,11,pyramidal
zeisel_c001118,0.6634106,-6.880823,pyramidal CA1,pyramidal,11,pyramidal
zeisel_c001119,0.5197183,-7.109168,pyramidal CA1,pyramidal,11,pyramidal
zeisel_c001120,12.02284,-2.662729,pyramidal CA1,pyramidal,2,oligodendrocytes
zeisel_c001121,-0.03169391,-5.717304,pyramidal CA1,pyramidal,11,pyramidal
zeisel_c001122,-0.01569777,-5.332786,pyramidal CA1,pyramidal,11,pyramidal
zeisel_c001123,-4.235153,7.727087,pyramidal CA1,pyramidal,6,astrocytes_ependymal
zeisel_c001124,-0.553424,-6.721122,pyramidal CA1,pyramidal,11,pyramidal
zeisel_c001125,1.028405,-3.030543,pyramidal CA1,pyramidal,22,pyramidal
zeisel_c001126,-0.04470365,-7.25282,pyramidal CA1,pyramidal,11,pyramidal
zeisel_c001127,0.5839202,-7.21614,pyramidal CA1,pyramidal,11,pyramidal
zeisel_c001128,-0.05816706,-5.439613,pyramidal CA1,pyramidal,11,pyramidal
zeisel_c001129,-0.2950588,-7.223245,pyramidal CA1,pyramidal,11,pyramidal
zeisel_c001130,12.80749,-2.629376,pyramidal CA1,pyramidal,2,oligodendrocytes
zeisel_c001131,0.4170608,-7.288134,pyramidal CA1,pyramidal,11,pyramidal
zeisel_c001132,0.3940424,-6.229301,pyramidal CA1,pyramidal,11,pyramidal
zeisel_c001133,6.454983,3.877432,pyramidal CA1,pyramidal,21,astrocytes_ependymal
zeisel_c001134,0.2759475,-6.650591,pyramidal CA1,pyramidal,11,pyramidal
zeisel_c001135,15.98412,6.28548,pyramidal CA1,pyramidal,8,microglia
zeisel_c001136,-0.0826364,-7.183814,pyramidal CA1,pyramidal,11,pyramidal
zeisel_c001137,3.586435,-1.805577,pyramidal CA1,pyramidal,14,endothelial-mural
zeisel_c001138,0.5749723,-6.512327,pyramidal CA1,pyramidal,11,pyramidal
zeisel_c001139,0.0437427,-6.720693,pyramidal CA1,pyramidal,11,pyramidal
zeisel_c001140,-0.5736271,-6.74423,pyramidal CA1,pyramidal,11,pyramidal
zeisel_c001141,-0.7778199,-7.023437,pyramidal CA1,pyramidal,11,pyramidal
zeisel_c001142,-2.317097,-3.752637,pyramidal CA1,pyramidal,10,pyramidal
zeisel_c001143,6.345159,4.014721,pyramidal CA1,pyramidal,21,astrocytes_ependymal
zeisel_c001144,9.46539,-3.066909,pyramidal CA1,pyramidal,15,microglia
zeisel_c001145,-0.5214103,-5.98687,pyramidal CA1,pyramidal,11,pyramidal
zeisel_c001146,3.381351,-2.293389,pyramidal CA1,pyramidal,14,endothelial-mural
zeisel_c001147,-0.4164381,-7.145859,pyramidal CA1,pyramidal,11,pyramidal
zeisel_c001148,-1.419115,-5.244418,pyramidal CA1,pyramidal,11,pyramidal
zeisel_c001149,3.852131,-0.9290461,pyramidal CA1,pyramidal,14,endothelial-mural
zeisel_c001150,-0.443727,-4.193522,pyramidal CA1,pyramidal,9,pyramidal
zeisel_c001151,4.05272,-1.852253,pyramidal CA1,pyramidal,14,endothelial-mural
zeisel_c001152,3.836191,-0.9579626,pyramidal CA1,pyramidal,14,endothelial-mural
zeisel_c001153,-1.148427,-6.106987,pyramidal CA1,pyramidal,11,pyramidal
zeisel_c001154,-0.07184848,-6.438169,pyramidal CA1,pyramidal,11,pyramidal
zeisel_c001155,-1.13164,-6.671011,pyramidal CA1,pyramidal,11,pyramidal
zeisel_c001156,-0.8818262,-7.087076,pyramidal CA1,pyramidal,11,pyramidal
zeisel_c001157,0.01479046,-7.042771,pyramidal CA1,pyramidal,11,pyramidal
zeisel_c001158,-0.4079835,-6.116417,pyramidal CA1,pyramidal,11,pyramidal
zeisel_c001159,-0.1932533,-7.309815,pyramidal CA1,pyramidal,11,pyramidal
zeisel_c001160,0.2118177,-7.167908,pyramidal CA1,pyramidal,11,pyramidal
zeisel_c001161,0.373986,-3.288684,pyramidal CA1,pyramidal,9,pyramidal
zeisel_c001162,-0.513701,-7.294107,pyramidal CA1,pyramidal,11,pyramidal
zeisel_c001163,-0.646431,-4.245282,pyramidal CA1,pyramidal,9,pyramidal
zeisel_c001164,-1.475284,-6.863737,pyramidal CA1,pyramidal,11,pyramidal
zeisel_c001165,6.313413,3.890244,pyramidal CA1,pyramidal,21,astrocytes_ependymal
zeisel_c001166,-0.432463,-6.871231,pyramidal CA1,pyramidal,11,pyramidal
zeisel_c001167,3.562291,-1.118126,pyramidal CA1,pyramidal,14,endothelial-mural
zeisel_c001168,-0.3147976,-3.820954,pyramidal CA1,pyramidal,9,pyramidal
zeisel_c001169,-0.9225816,-6.872653,pyramidal CA1,pyramidal,11,pyramidal
zeisel_c001170,-0.5987315,-6.310778,pyramidal CA1,pyramidal,11,pyramidal
zeisel_c001171,-1.450586,-6.415812,pyramidal CA1,pyramidal,11,pyramidal
zeisel_c001172,9.70895,-2.650895,pyramidal CA1,pyramidal,15,microglia
zeisel_c001173,-1.103866,-7.05364,pyramidal CA1,pyramidal,11,pyramidal
zeisel_c001174,-0.7246891,-6.190664,pyramidal CA1,pyramidal,11,pyramidal
zeisel_c001175,-1.036555,-5.915361,pyramidal CA1,pyramidal,11,pyramidal
zeisel_c001176,-1.593403,-6.332569,pyramidal CA1,pyramidal,11,pyramidal
zeisel_c001177,-1.158233,-6.701283,pyramidal CA1,pyramidal,11,pyramidal
zeisel_c001178,-2.078346,-5.937995,pyramidal CA1,pyramidal,11,pyramidal
zeisel_c001179,-1.625379,-3.974609,pyramidal CA1,pyramidal,9,pyramidal
zeisel_c001180,-1.334175,-6.18644,pyramidal CA1,pyramidal,11,pyramidal
zeisel_c001181,-1.037482,-7.086852,pyramidal CA1,pyramidal,11,pyramidal
zeisel_c001182,4.052433,-2.247061,pyramidal CA1,pyramidal,14,endothelial-mural
zeisel_c001183,-1.252898,-6.600887,pyramidal CA1,pyramidal,11,pyramidal
zeisel_c001184,-1.535079,-6.114122,pyramidal CA1,pyramidal,11,pyramidal
zeisel_c001185,-1.68807,-6.306942,pyramidal CA1,pyramidal,11,pyramidal
zeisel_c001186,-0.09641847,-6.955075,pyramidal CA1,pyramidal,11,pyramidal
zeisel_c001187,0.3196319,-5.657195,pyramidal CA1,pyramidal,11,pyramidal
zeisel_c001188,-1.944793,-6.252059,pyramidal CA1,pyramidal,11,pyramidal
zeisel_c001189,-1.230702,-5.288075,pyramidal CA1,pyramidal,11,pyramidal
zeisel_c001190,-1.685552,-4.766871,pyramidal CA1,pyramidal,9,pyramidal
zeisel_c001191,-0.6327776,-3.796567,pyramidal CA1,pyramidal,9,pyramidal
zeisel_c001192,3.713039,-0.2950684,pyramidal CA1,pyramidal,16,Unknown
zeisel_c001193,-1.079433,-4.954505,pyramidal CA1,pyramidal,9,pyramidal
zeisel_c001194,-0.5198849,-2.718021,pyramidal CA1,pyramidal,9,pyramidal
zeisel_c001195,-1.905287,-4.343873,pyramidal CA1,pyramidal,9,pyramidal
zeisel_c001196,-1.931776,-6.265551,pyramidal CA1,pyramidal,11,pyramidal
zeisel_c001197,-1.168945,-5.560428,pyramidal CA1,pyramidal,11,pyramidal
zeisel_c001198,0.1026921,-4.762672,pyramidal CA1,pyramidal,11,pyramidal
zeisel_c001199,-0.7119871,-4.959451,pyramidal CA1,pyramidal,11,pyramidal
zeisel_c001200,-1.973737,-5.997138,pyramidal CA1,pyramidal,11,pyramidal
zeisel_c001201,0.06933229,-6.131401,pyramidal CA1,pyramidal,11,pyramidal
zeisel_c001202,-0.7877455,-5.125394,pyramidal CA1,pyramidal,11,pyramidal
zeisel_c001203,-1.063604,-4.832264,pyramidal CA1,pyramidal,9,pyramidal
zeisel_c001204,1.116634,-3.124896,pyramidal CA1,pyramidal,22,pyramidal
zeisel_c001205,-0.6069467,-5.072208,pyramidal CA1,pyramidal,11,pyramidal
zeisel_c001206,-1.698625,-6.431005,pyramidal CA1,pyramidal,11,pyramidal
zeisel_c001207,-0.7089593,-5.008097,pyramidal CA1,pyramidal,11,pyramidal
zeisel_c001208,-0.4039194,-2.66622,pyramidal CA1,pyramidal,9,pyramidal
zeisel_c001209,-2.227996,-5.655407,pyramidal CA1,pyramidal,11,pyramidal
zeisel_c001210,-0.7507214,-5.634304,pyramidal CA1,pyramidal,11,pyramidal
zeisel_c001211,-2.124784,-5.813079,pyramidal CA1,pyramidal,11,pyramidal
zeisel_c001212,6.314501,3.929076,pyramidal CA1,pyramidal,21,astrocytes_ependymal
zeisel_c001213,-1.639014,-4.468397,pyramidal CA1,pyramidal,9,pyramidal
zeisel_c001214,-2.075516,-5.259095,pyramidal CA1,pyramidal,9,pyramidal
zeisel_c001215,-2.042724,-5.70587,pyramidal CA1,pyramidal,11,pyramidal
zeisel_c001216,-1.504569,-3.976048,pyramidal CA1,pyramidal,9,pyramidal
zeisel_c001217,-1.557037,-4.572343,pyramidal CA1,pyramidal,9,pyramidal
zeisel_c001218,-2.473719,-4.856603,pyramidal CA1,pyramidal,9,pyramidal
zeisel_c001219,-2.626227,-4.946233,pyramidal CA1,pyramidal,10,pyramidal
zeisel_c001220,-1.455611,-2.831306,pyramidal CA1,pyramidal,9,pyramidal
zeisel_c001221,-1.80879,-3.761043,pyramidal CA1,pyramidal,9,pyramidal
zeisel_c001222,-0.3770261,-6.82389,pyramidal CA1,pyramidal,11,pyramidal
zeisel_c001223,-2.419266,-4.206763,pyramidal CA1,pyramidal,9,pyramidal
zeisel_c001224,-2.101118,-5.296177,pyramidal CA1,pyramidal,11,pyramidal
zeisel_c001225,-1.718506,-5.101029,pyramidal CA1,pyramidal,9,pyramidal
zeisel_c001226,4.102173,0.5967762,pyramidal CA1,pyramidal,16,Unknown
zeisel_c001227,-3.100485,-4.37802,pyramidal CA1,pyramidal,10,pyramidal
zeisel_c001228,2.845001,2.777057,pyramidal CA1,pyramidal,13,pyramidal
zeisel_c001229,-2.307367,-3.50481,pyramidal CA1,pyramidal,9,pyramidal
zeisel_c001230,2.87171,-1.697573,pyramidal CA1,pyramidal,14,endothelial-mural
zeisel_c001231,-2.503043,-4.519213,pyramidal CA1,pyramidal,11,pyramidal
zeisel_c001232,-3.295991,-4.2858,pyramidal CA1,pyramidal,10,pyramidal
zeisel_c001233,-3.044055,-4.294002,pyramidal CA1,pyramidal,10,pyramidal
zeisel_c001234,-3.316255,-4.160695,pyramidal CA1,pyramidal,10,pyramidal
zeisel_c001235,-0.1372275,-1.511465,pyramidal CA1,pyramidal,9,pyramidal
zeisel_c001236,2.812413,-1.675874,pyramidal CA1,pyramidal,14,endothelial-mural
zeisel_c001237,-1.637158,-3.434722,pyramidal CA1,pyramidal,9,pyramidal
zeisel_c001238,-3.13212,-4.032238,pyramidal CA1,pyramidal,10,pyramidal
zeisel_c001239,-3.119345,-4.131983,pyramidal CA1,pyramidal,10,pyramidal
zeisel_c001240,9.038348,9.274854,pyramidal CA1,pyramidal,0,interneurons
zeisel_c001241,0.03316753,-1.685668,pyramidal CA1,pyramidal,9,pyramidal
zeisel_c001242,4.149488,0.8516271,pyramidal CA1,pyramidal,16,Unknown
zeisel_c001243,-0.03455141,-1.480002,pyramidal CA1,pyramidal,9,pyramidal
zeisel_c001244,0.2362643,-1.588651,pyramidal CA1,pyramidal,9,pyramidal
zeisel_c001245,5.941089,4.023348,pyramidal CA1,pyramidal,21,astrocytes_ependymal
zeisel_c001246,4.200775,0.7983072,pyramidal CA1,pyramidal,16,Unknown
zeisel_c001247,5.434959,3.323455,pyramidal CA1,pyramidal,21,astrocytes_ependymal
zeisel_c001248,-2.468028,-5.022911,pyramidal CA1,pyramidal,9,pyramidal
zeisel_c001249,-1.630136,-3.249224,pyramidal CA1,pyramidal,9,pyramidal
zeisel_c001250,-1.818927,-2.495835,pyramidal CA1,pyramidal,9,pyramidal
zeisel_c001251,-2.21196,-4.003123,pyramidal CA1,pyramidal,9,pyramidal
zeisel_c001252,-0.8225087,-2.998094,pyramidal CA1,pyramidal,9,pyramidal
zeisel_c001253,3.442764,-1.728697,pyramidal CA1,pyramidal,14,endothelial-mural
zeisel_c001254,-2.127468,-3.903367,pyramidal CA1,pyramidal,9,pyramidal
zeisel_c001255,-1.037342,-4.140769,pyramidal CA1,pyramidal,9,pyramidal
zeisel_c001256,-1.745903,-3.955128,pyramidal CA1,pyramidal,9,pyramidal
zeisel_c001257,-2.529363,-3.142308,pyramidal CA1,pyramidal,9,pyramidal
zeisel_c001258,-2.029729,-3.550718,pyramidal CA1,pyramidal,9,pyramidal
zeisel_c001259,6.125042,3.798949,pyramidal CA1,pyramidal,21,astrocytes_ependymal
zeisel_c001260,-2.422989,-4.020471,pyramidal CA1,pyramidal,9,pyramidal
zeisel_c001261,-0.7313777,-2.981814,pyramidal CA1,pyramidal,9,pyramidal
zeisel_c001262,6.57964,3.594117,pyramidal CA1,pyramidal,21,astrocytes_ependymal
zeisel_c001263,-1.93147,-4.179848,pyramidal CA1,pyramidal,9,pyramidal
zeisel_c001264,-1.686862,-4.281378,pyramidal CA1,pyramidal,9,pyramidal
zeisel_c001265,-2.301187,-3.570379,pyramidal CA1,pyramidal,9,pyramidal
zeisel_c001266,-1.480343,-3.521932,pyramidal CA1,pyramidal,9,pyramidal
zeisel_c001267,-2.136217,-3.174491,pyramidal CA1,pyramidal,9,pyramidal
zeisel_c001268,-2.146485,-3.592502,pyramidal CA1,pyramidal,9,pyramidal
zeisel_c001269,-3.244997,-4.235401,pyramidal CA1,pyramidal,10,pyramidal
zeisel_c001270,5.584328,3.405063,pyramidal CA1,pyramidal,21,astrocytes_ependymal
zeisel_c001271,-2.559078,-4.593946,pyramidal CA1,pyramidal,9,pyramidal
zeisel_c001272,-1.330789,-5.777642,pyramidal CA1,pyramidal,11,pyramidal
zeisel_c001273,5.773881,3.526992,pyramidal CA1,pyramidal,21,astrocytes_ependymal
zeisel_c001274,-0.3467536,-1.549497,pyramidal CA1,pyramidal,9,pyramidal
zeisel_c001275,5.301365,3.196533,pyramidal CA1,pyramidal,21,astrocytes_ependymal
zeisel_c001276,3.3155,-1.562615,pyramidal CA1,pyramidal,14,endothelial-mural
zeisel_c001277,-1.451995,-2.948568,pyramidal CA1,pyramidal,9,pyramidal
zeisel_c001278,-1.854581,-3.812181,pyramidal CA1,pyramidal,9,pyramidal
zeisel_c001279,-3.035714,-4.44477,pyramidal CA1,pyramidal,10,pyramidal
zeisel_c001280,-0.8040655,-3.602128,pyramidal CA1,pyramidal,9,pyramidal
zeisel_c001281,-1.113114,-3.522578,pyramidal CA1,pyramidal,9,pyramidal
zeisel_c001282,-2.362008,-4.36747,pyramidal CA1,pyramidal,9,pyramidal
zeisel_c001283,-3.373193,-4.102368,pyramidal CA1,pyramidal,10,pyramidal
zeisel_c001284,-0.5829911,-1.09993,pyramidal CA1,pyramidal,9,pyramidal
zeisel_c001285,6.97879,0.3746169,pyramidal CA1,pyramidal,14,endothelial-mural
zeisel_c001286,-2.152641,-5.476619,pyramidal CA1,pyramidal,11,pyramidal
zeisel_c001287,-2.465979,-3.527035,pyramidal CA1,pyramidal,9,pyramidal
zeisel_c001288,-1.038768,-1.744932,pyramidal CA1,pyramidal,9,pyramidal
zeisel_c001289,-1.664173,-1.947984,pyramidal CA1,pyramidal,9,pyramidal
zeisel_c001290,-1.782401,-2.66319,pyramidal CA1,pyramidal,9,pyramidal
zeisel_c001291,2.951008,3.268988,pyramidal CA1,pyramidal,13,pyramidal
zeisel_c001292,-1.680111,-3.964616,pyramidal CA1,pyramidal,9,pyramidal
zeisel_c001293,-0.7010952,-2.805701,pyramidal CA1,pyramidal,9,pyramidal
zeisel_c001294,-1.25628,-2.833507,pyramidal CA1,pyramidal,9,pyramidal
zeisel_c001295,-2.837694,-2.856356,pyramidal CA1,pyramidal,9,pyramidal
zeisel_c001296,3.801442,-0.2849461,pyramidal CA1,pyramidal,16,Unknown
zeisel_c001297,-0.8109208,-2.470298,pyramidal CA1,pyramidal,9,pyramidal
zeisel_c001298,-1.191288,-4.085829,pyramidal CA1,pyramidal,9,pyramidal
zeisel_c001299,-2.078278,-3.177871,pyramidal CA1,pyramidal,9,pyramidal
zeisel_c001300,3.974062,8.929434,pyramidal CA1,pyramidal,3,interneurons
zeisel_c001301,-0.699295,-2.211234,pyramidal CA1,pyramidal,9,pyramidal
zeisel_c001302,-2.173954,-2.156961,pyramidal CA1,pyramidal,9,pyramidal
zeisel_c001303,-1.000478,-1.241883,pyramidal CA1,pyramidal,9,pyramidal
zeisel_c001304,3.19774,-1.947722,pyramidal CA1,pyramidal,14,endothelial-mural
zeisel_c001305,-0.9019971,-1.103035,pyramidal CA1,pyramidal,9,pyramidal
zeisel_c001306,0.2448154,-1.997054,pyramidal CA1,pyramidal,9,pyramidal
zeisel_c001307,4.09545,-2.388803,pyramidal CA1,pyramidal,14,endothelial-mural
zeisel_c001308,-1.021653,-2.790806,pyramidal CA1,pyramidal,9,pyramidal
zeisel_c001309,0.160511,-3.475121,pyramidal CA1,pyramidal,22,pyramidal
zeisel_c001310,-2.225953,-2.734225,pyramidal CA1,pyramidal,9,pyramidal
zeisel_c001311,-2.610179,-4.647093,pyramidal CA1,pyramidal,9,pyramidal
zeisel_c001312,-0.9280024,-1.071847,pyramidal CA1,pyramidal,9,pyramidal
zeisel_c001313,0.1049346,-1.87046,pyramidal CA1,pyramidal,9,pyramidal
zeisel_c001314,-1.829987,-2.970067,pyramidal CA1,pyramidal,9,pyramidal
zeisel_c001315,-2.549991,-3.045655,pyramidal CA1,pyramidal,9,pyramidal
zeisel_c001316,-1.154674,-1.10392,pyramidal CA1,pyramidal,9,pyramidal
zeisel_c001317,5.848753,3.990065,pyramidal CA1,pyramidal,21,astrocytes_ependymal
zeisel_c001318,-2.021572,-2.483043,pyramidal CA1,pyramidal,9,pyramidal
zeisel_c001319,-2.248466,-2.223459,pyramidal CA1,pyramidal,9,pyramidal
zeisel_c001320,-1.575278,-2.771084,pyramidal CA1,pyramidal,9,pyramidal
zeisel_c001321,-2.421625,-2.870265,pyramidal CA1,pyramidal,9,pyramidal
zeisel_c001322,-1.679707,-1.498322,pyramidal CA1,pyramidal,9,pyramidal
zeisel_c001323,-1.443885,-2.473291,pyramidal CA1,pyramidal,9,pyramidal
zeisel_c001324,-2.309029,-2.245361,pyramidal CA1,pyramidal,9,pyramidal
zeisel_c001325,6.02716,4.008199,pyramidal CA1,pyramidal,21,astrocytes_ependymal
zeisel_c001326,-2.563433,-2.616828,pyramidal CA1,pyramidal,9,pyramidal
zeisel_c001327,-2.544869,-2.326781,pyramidal CA1,pyramidal,9,pyramidal
zeisel_c001328,-1.331068,-1.15414,pyramidal CA1,pyramidal,9,pyramidal
zeisel_c001329,-2.09297,-3.140892,pyramidal CA1,pyramidal,9,pyramidal
zeisel_c001330,-2.4056,-3.228111,pyramidal CA1,pyramidal,9,pyramidal
zeisel_c001331,-1.595236,-3.354389,pyramidal CA1,pyramidal,9,pyramidal
zeisel_c001332,13.75181,-1.909596,pyramidal CA1,pyramidal,2,oligodendrocytes
zeisel_c001333,-2.496155,-2.646549,pyramidal CA1,pyramidal,9,pyramidal
zeisel_c001334,-2.333438,-2.094769,pyramidal CA1,pyramidal,9,pyramidal
zeisel_c001335,-1.88419,-3.228501,pyramidal CA1,pyramidal,9,pyramidal
zeisel_c001336,3.795396,-0.7264739,pyramidal CA1,pyramidal,14,endothelial-mural
zeisel_c001337,-2.34054,-2.742952,pyramidal CA1,pyramidal,9,pyramidal
zeisel_c001338,-2.411014,-3.052944,pyramidal CA1,pyramidal,9,pyramidal
zeisel_c001339,-2.330107,-3.211642,pyramidal CA1,pyramidal,9,pyramidal
zeisel_c001340,-2.343575,-2.96361,pyramidal CA1,pyramidal,9,pyramidal
zeisel_c001341,-1.61232,-2.278956,pyramidal CA1,pyramidal,9,pyramidal
zeisel_c001342,-1.318125,-2.623364,pyramidal CA1,pyramidal,9,pyramidal
zeisel_c001343,-1.959198,-1.926379,pyramidal CA1,pyramidal,9,pyramidal
zeisel_c001344,-1.401709,-1.366863,pyramidal CA1,pyramidal,9,pyramidal
zeisel_c001345,-0.5118813,-5.482642,pyramidal CA1,pyramidal,11,pyramidal
zeisel_c001346,0.7879138,-6.30967,pyramidal CA1,pyramidal,11,pyramidal
zeisel_c001347,0.7350039,-5.507216,pyramidal CA1,pyramidal,11,pyramidal
zeisel_c001348,-0.1783565,-6.062053,pyramidal CA1,pyramidal,11,pyramidal
zeisel_c001349,5.801107,3.356044,pyramidal CA1,pyramidal,21,astrocytes_ependymal
zeisel_c001350,1.046461,-6.375769,pyramidal CA1,pyramidal,11,pyramidal
zeisel_c001351,-1.04368,-4.918868,pyramidal CA1,pyramidal,11,pyramidal
zeisel_c001352,-0.4488081,-5.182295,pyramidal CA1,pyramidal,11,pyramidal
zeisel_c001353,-0.2259376,-5.323017,pyramidal CA1,pyramidal,11,pyramidal
zeisel_c001354,5.811396,3.31977,pyramidal CA1,pyramidal,21,astrocytes_ependymal
zeisel_c001355,-0.9906077,-3.95616,pyramidal CA1,pyramidal,9,pyramidal
zeisel_c001356,-0.9724544,-5.385626,pyramidal CA1,pyramidal,11,pyramidal
zeisel_c001357,-0.2223157,-5.199042,pyramidal CA1,pyramidal,11,pyramidal
zeisel_c001358,-0.8243982,-5.1525,pyramidal CA1,pyramidal,11,pyramidal
zeisel_c001359,4.354587,-0.8083058,pyramidal CA1,pyramidal,14,endothelial-mural
zeisel_c001360,-0.691011,-5.550561,pyramidal CA1,pyramidal,11,pyramidal
zeisel_c001361,-0.8971804,-5.022191,pyramidal CA1,pyramidal,11,pyramidal
zeisel_c001362,-1.23394,-3.731884,pyramidal CA1,pyramidal,9,pyramidal
zeisel_c001363,-4.142205,7.651446,pyramidal CA1,pyramidal,6,astrocytes_ependymal
zeisel_c001364,-0.8876809,-5.679336,pyramidal CA1,pyramidal,11,pyramidal
zeisel_c001365,-1.362255,-2.137479,pyramidal CA1,pyramidal,9,pyramidal
zeisel_c001366,-2.39263,-4.462661,pyramidal CA1,pyramidal,9,pyramidal
zeisel_c001367,0.4116001,-5.160517,pyramidal CA1,pyramidal,11,pyramidal
zeisel_c001368,-2.019321,-2.55107,pyramidal CA1,pyramidal,9,pyramidal
zeisel_c001369,1.124371,-5.133849,pyramidal CA1,pyramidal,22,pyramidal
zeisel_c001370,14.65149,-2.208116,pyramidal CA1,pyramidal,20,oligodendrocytes
zeisel_c001371,-1.449912,-5.140522,pyramidal CA1,pyramidal,11,pyramidal
zeisel_c001372,12.9194,-2.517247,pyramidal CA1,pyramidal,2,oligodendrocytes
zeisel_c001373,-0.2821093,-2.709229,pyramidal CA1,pyramidal,9,pyramidal
zeisel_c001374,-0.8610817,-2.686943,pyramidal CA1,pyramidal,9,pyramidal
zeisel_c001375,-0.2884023,-2.370703,pyramidal CA1,pyramidal,9,pyramidal
zeisel_c001376,-1.358116,-2.074085,pyramidal CA1,pyramidal,9,pyramidal
zeisel_c001377,0.1808173,-6.560225,pyramidal CA1,pyramidal,11,pyramidal
zeisel_c001378,0.7440539,-6.605518,pyramidal CA1,pyramidal,11,pyramidal
zeisel_c001379,-4.251577,7.810173,pyramidal CA1,pyramidal,6,astrocytes_ependymal
zeisel_c001380,-0.8047771,-5.474171,pyramidal CA1,pyramidal,11,pyramidal
zeisel_c001381,-0.4707983,-5.797283,pyramidal CA1,pyramidal,11,pyramidal
zeisel_c001382,6.099857,3.686275,pyramidal CA1,pyramidal,21,astrocytes_ependymal
zeisel_c001383,-1.439966,-4.982032,pyramidal CA1,pyramidal,11,pyramidal
zeisel_c001384,-0.8707371,-6.044458,pyramidal CA1,pyramidal,11,pyramidal
zeisel_c001385,-4.02802,7.745386,pyramidal CA1,pyramidal,6,astrocytes_ependymal
zeisel_c001386,5.878019,3.193208,pyramidal CA1,pyramidal,21,astrocytes_ependymal
zeisel_c001387,-1.212883,-2.691187,pyramidal CA1,pyramidal,9,pyramidal
zeisel_c001388,-1.410504,-4.960821,pyramidal CA1,pyramidal,11,pyramidal
zeisel_c001389,-1.558741,-3.789335,pyramidal CA1,pyramidal,9,pyramidal
zeisel_c001390,0.578238,-1.331202,pyramidal CA1,pyramidal,9,pyramidal
zeisel_c001391,-1.689954,-4.790478,pyramidal CA1,pyramidal,11,pyramidal
zeisel_c001392,-1.082648,-4.553162,pyramidal CA1,pyramidal,9,pyramidal
zeisel_c001393,-0.7402229,-3.043005,pyramidal CA1,pyramidal,9,pyramidal
zeisel_c001394,-2.145711,-4.52316,pyramidal CA1,pyramidal,9,pyramidal
zeisel_c001395,-0.2391553,-6.388238,pyramidal CA1,pyramidal,11,pyramidal
zeisel_c001396,0.3770437,-2.485661,pyramidal CA1,pyramidal,9,pyramidal
zeisel_c001397,-0.9412215,-6.726856,pyramidal SS,pyramidal,11,pyramidal
zeisel_c001398,-1.664185,-5.408055,pyramidal CA1,pyramidal,11,pyramidal
zeisel_c001399,-1.522709,-5.278423,pyramidal CA1,pyramidal,11,pyramidal
zeisel_c001400,4.242281,1.017448,pyramidal CA1,pyramidal,16,Unknown
zeisel_c001401,-1.580786,-2.408888,pyramidal CA1,pyramidal,9,pyramidal
zeisel_c001402,-1.5403,-2.645681,pyramidal CA1,pyramidal,9,pyramidal
zeisel_c001403,-0.5779484,-3.651622,pyramidal CA1,pyramidal,9,pyramidal
zeisel_c001404,-1.166169,-6.72691,pyramidal CA1,pyramidal,11,pyramidal
zeisel_c001405,1.016515,-6.672793,pyramidal CA1,pyramidal,11,pyramidal
zeisel_c001406,0.4761244,-2.55082,pyramidal CA1,pyramidal,9,pyramidal
zeisel_c001407,-0.3325297,-5.663924,pyramidal CA1,pyramidal,11,pyramidal
zeisel_c001408,-0.8312545,-4.589147,pyramidal CA1,pyramidal,9,pyramidal
zeisel_c001409,5.986745,3.697023,pyramidal CA1,pyramidal,21,astrocytes_ependymal
zeisel_c001410,-1.248263,-5.231273,pyramidal CA1,pyramidal,11,pyramidal
zeisel_c001411,-1.330851,-5.498188,pyramidal CA1,pyramidal,11,pyramidal
zeisel_c001412,-0.7069858,-3.473626,pyramidal CA1,pyramidal,9,pyramidal
zeisel_c001413,0.7088578,-3.839091,pyramidal CA1,pyramidal,22,pyramidal
zeisel_c001414,0.4158184,-6.476287,pyramidal CA1,pyramidal,11,pyramidal
zeisel_c001415,-0.8155395,-5.630552,pyramidal CA1,pyramidal,11,pyramidal
zeisel_c001416,0.1752543,-7.36805,pyramidal CA1,pyramidal,11,pyramidal
zeisel_c001417,0.004579144,-6.809461,pyramidal CA1,pyramidal,11,pyramidal
zeisel_c001418,-1.477673,-4.78863,pyramidal CA1,pyramidal,11,pyramidal
zeisel_c001419,-0.4927277,-5.865165,pyramidal CA1,pyramidal,11,pyramidal
zeisel_c001420,0.2912701,-5.88931,pyramidal CA1,pyramidal,11,pyramidal
zeisel_c001421,-1.302634,-4.224355,pyramidal SS,pyramidal,9,pyramidal
zeisel_c001422,-1.90251,-5.674725,pyramidal CA1,pyramidal,11,pyramidal
zeisel_c001423,-1.132368,-5.077333,pyramidal CA1,pyramidal,11,pyramidal
zeisel_c001424,6.08418,3.554874,pyramidal CA1,pyramidal,21,astrocytes_ependymal
zeisel_c001425,-4.135159,7.939353,pyramidal CA1,pyramidal,6,astrocytes_ependymal
zeisel_c001426,-1.515722,-1.574527,pyramidal CA1,pyramidal,9,pyramidal
zeisel_c001427,-0.1118316,-1.986532,pyramidal CA1,pyramidal,9,pyramidal
zeisel_c001428,2.343933,-1.664239,pyramidal CA1,pyramidal,14,endothelial-mural
zeisel_c001429,-0.5528176,-2.110141,pyramidal CA1,pyramidal,9,pyramidal
zeisel_c001430,-0.7112414,-3.358532,pyramidal CA1,pyramidal,9,pyramidal
zeisel_c001431,-0.7285275,-3.164175,pyramidal CA1,pyramidal,9,pyramidal
zeisel_c001432,-0.8218213,-2.215478,pyramidal CA1,pyramidal,9,pyramidal
zeisel_c001433,-0.7309227,-5.805758,pyramidal CA1,pyramidal,11,pyramidal
zeisel_c001434,-0.7212639,-4.920702,pyramidal CA1,pyramidal,11,pyramidal
zeisel_c001435,-0.008229858,-6.679874,pyramidal CA1,pyramidal,11,pyramidal
zeisel_c001436,-0.5451207,-4.463913,pyramidal CA1,pyramidal,11,pyramidal
zeisel_c001437,-1.890681,-5.223246,pyramidal CA1,pyramidal,9,pyramidal
zeisel_c001438,0.09800503,-7.440858,pyramidal CA1,pyramidal,11,pyramidal
zeisel_c001439,0.2874843,-6.001846,pyramidal CA1,pyramidal,11,pyramidal
zeisel_c001440,10.01835,6.289537,pyramidal CA1,pyramidal,1,interneurons
zeisel_c001441,12.34364,-2.597006,pyramidal CA1,pyramidal,2,oligodendrocytes
zeisel_c001442,14.69668,-2.447987,pyramidal CA1,pyramidal,20,oligodendrocytes
zeisel_c001443,-0.607034,-7.143308,pyramidal CA1,pyramidal,11,pyramidal
zeisel_c001444,9.468668,-2.815054,pyramidal CA1,pyramidal,15,microglia
zeisel_c001445,0.1899218,-2.33872,pyramidal CA1,pyramidal,9,pyramidal
zeisel_c001446,-1.180872,-5.234718,pyramidal CA1,pyramidal,11,pyramidal
zeisel_c001447,-2.223738,-4.264589,pyramidal CA1,pyramidal,9,pyramidal
zeisel_c001448,-2.145601,-4.754192,pyramidal CA1,pyramidal,9,pyramidal
zeisel_c001449,-1.648422,-4.91222,pyramidal CA1,pyramidal,9,pyramidal
zeisel_c001450,-0.9898018,-1.291549,pyramidal CA1,pyramidal,9,pyramidal
zeisel_c001451,-1.281728,-2.946727,pyramidal CA1,pyramidal,9,pyramidal
zeisel_c001452,-1.607654,-2.397197,pyramidal CA1,pyramidal,9,pyramidal
zeisel_c001453,3.233762,3.175909,pyramidal CA1,pyramidal,13,pyramidal
zeisel_c001454,-0.408913,-6.545132,pyramidal CA1,pyramidal,11,pyramidal
zeisel_c001455,-0.5654835,-2.879282,pyramidal CA1,pyramidal,9,pyramidal
zeisel_c001456,-1.111119,-3.459135,pyramidal CA1,pyramidal,9,pyramidal
zeisel_c001457,-1.712017,-4.976771,pyramidal CA1,pyramidal,11,pyramidal
zeisel_c001458,13.10006,-1.820024,pyramidal CA1,pyramidal,2,oligodendrocytes
zeisel_c001459,-0.02332698,-6.508665,pyramidal CA1,pyramidal,11,pyramidal
zeisel_c001460,0.6449238,-6.919232,pyramidal CA1,pyramidal,11,pyramidal
zeisel_c001461,-0.1489031,-7.009109,pyramidal CA1,pyramidal,11,pyramidal
zeisel_c001462,-1.996067,-3.997959,pyramidal CA1,pyramidal,9,pyramidal
zeisel_c001463,-0.2959293,-6.859744,pyramidal CA1,pyramidal,11,pyramidal
zeisel_c001464,0.2977224,-5.153273,pyramidal CA1,pyramidal,11,pyramidal
zeisel_c001465,-0.9375612,-7.025126,pyramidal CA1,pyramidal,11,pyramidal
zeisel_c001466,-1.22694,-6.557913,pyramidal CA1,pyramidal,11,pyramidal
zeisel_c001467,-0.4275762,-4.910673,pyramidal CA1,pyramidal,11,pyramidal
zeisel_c001468,9.145709,2.794667,pyramidal CA1,pyramidal,5,Unknown
zeisel_c001469,-0.9757826,-4.011692,pyramidal CA1,pyramidal,9,pyramidal
zeisel_c001470,-1.325519,-5.564869,pyramidal CA1,pyramidal,11,pyramidal
zeisel_c001471,-1.065085,-4.856825,pyramidal SS,pyramidal,9,pyramidal
zeisel_c001472,-1.432204,-5.610461,pyramidal CA1,pyramidal,11,pyramidal
zeisel_c001473,-1.893911,-6.036109,pyramidal CA1,pyramidal,11,pyramidal
zeisel_c001474,-0.4634918,-4.77527,pyramidal CA1,pyramidal,11,pyramidal
zeisel_c001475,-2.344303,-3.719459,pyramidal CA1,pyramidal,9,pyramidal
zeisel_c001476,12.09679,-2.840813,pyramidal CA1,pyramidal,2,oligodendrocytes
zeisel_c001477,9.564382,-3.045619,pyramidal CA1,pyramidal,15,microglia
zeisel_c001478,-1.725657,-2.586977,pyramidal CA1,pyramidal,9,pyramidal
zeisel_c001479,-2.07798,-3.061243,pyramidal CA1,pyramidal,9,pyramidal
zeisel_c001480,-2.238025,-1.864264,pyramidal CA1,pyramidal,9,pyramidal
zeisel_c001481,0.4974359,-1.69356,pyramidal CA1,pyramidal,9,pyramidal
zeisel_c001482,-2.11394,-2.699146,pyramidal CA1,pyramidal,9,pyramidal
zeisel_c001483,-1.138675,-2.251962,pyramidal CA1,pyramidal,9,pyramidal
zeisel_c001484,-3.99231,8.01536,pyramidal CA1,pyramidal,6,astrocytes_ependymal
zeisel_c001485,-0.5549725,-5.81875,pyramidal CA1,pyramidal,11,pyramidal
zeisel_c001486,-1.316351,-5.602751,pyramidal CA1,pyramidal,11,pyramidal
zeisel_c001487,-1.178555,-6.549414,pyramidal CA1,pyramidal,11,pyramidal
zeisel_c001488,0.3755792,-6.71752,pyramidal CA1,pyramidal,11,pyramidal
zeisel_c001489,0.01699952,-7.308855,pyramidal CA1,pyramidal,11,pyramidal
zeisel_c001490,-0.7714912,-6.328954,pyramidal CA1,pyramidal,11,pyramidal
zeisel_c001491,-1.253199,-6.48307,pyramidal CA1,pyramidal,11,pyramidal
zeisel_c001492,-0.06523513,-6.901556,pyramidal CA1,pyramidal,11,pyramidal
zeisel_c001493,-0.1750688,-7.003426,pyramidal CA1,pyramidal,11,pyramidal
zeisel_c001494,-1.039201,-6.861646,pyramidal CA1,pyramidal,11,pyramidal
zeisel_c001495,-2.027154,-5.854113,pyramidal CA1,pyramidal,11,pyramidal
zeisel_c001496,-1.380756,-4.886772,pyramidal CA1,pyramidal,9,pyramidal
zeisel_c001497,2.644236,-1.981515,pyramidal CA1,pyramidal,14,endothelial-mural
zeisel_c001498,-1.705422,-3.041734,pyramidal CA1,pyramidal,9,pyramidal
zeisel_c001499,-1.232053,-3.211224,pyramidal CA1,pyramidal,9,pyramidal
zeisel_c001500,-1.647786,-4.142366,pyramidal CA1,pyramidal,9,pyramidal
zeisel_c001501,3.179686,-1.984036,pyramidal CA1,pyramidal,14,endothelial-mural
zeisel_c001502,6.182298,3.656567,pyramidal CA1,pyramidal,21,astrocytes_ependymal
zeisel_c001503,0.6137453,-3.402048,pyramidal CA1,pyramidal,22,pyramidal
zeisel_c001504,-1.001338,-4.265829,pyramidal CA1,pyramidal,9,pyramidal
zeisel_c001505,-0.1322587,-1.838521,pyramidal CA1,pyramidal,9,pyramidal
zeisel_c001506,-0.2312397,-1.291309,pyramidal CA1,pyramidal,9,pyramidal
zeisel_c001507,-1.686186,-2.397726,pyramidal CA1,pyramidal,9,pyramidal
zeisel_c001508,6.476453,3.827046,pyramidal CA1,pyramidal,21,astrocytes_ependymal
zeisel_c001509,-0.5527572,-1.046473,pyramidal CA1,pyramidal,9,pyramidal
zeisel_c001510,-0.4699555,-1.433642,pyramidal CA1,pyramidal,9,pyramidal
zeisel_c001511,-3.059242,-3.694171,pyramidal CA1,pyramidal,10,pyramidal
zeisel_c001512,0.5855555,-2.185115,pyramidal CA1,pyramidal,9,pyramidal
zeisel_c001513,-1.918727,-4.993347,pyramidal CA1,pyramidal,9,pyramidal
zeisel_c001514,-1.437014,-6.54109,pyramidal CA1,pyramidal,11,pyramidal
zeisel_c001515,-1.364745,-3.685573,pyramidal CA1,pyramidal,9,pyramidal
zeisel_c001516,-0.5169953,-6.54528,pyramidal SS,pyramidal,11,pyramidal
zeisel_c001517,-1.73993,-3.742935,pyramidal CA1,pyramidal,9,pyramidal
zeisel_c001518,-2.304755,-4.946416,pyramidal CA1,pyramidal,9,pyramidal
zeisel_c001519,-1.355252,-4.56965,pyramidal CA1,pyramidal,9,pyramidal
zeisel_c001520,15.94397,6.29577,pyramidal CA1,pyramidal,8,microglia
zeisel_c001521,-1.813188,-6.164728,pyramidal CA1,pyramidal,11,pyramidal
zeisel_c001522,12.5453,-2.440064,pyramidal CA1,pyramidal,2,oligodendrocytes
zeisel_c001523,-1.402315,-2.934958,pyramidal CA1,pyramidal,9,pyramidal
zeisel_c001524,-0.7658846,-7.153251,pyramidal CA1,pyramidal,11,pyramidal
zeisel_c001525,-1.907097,-5.85416,pyramidal CA1,pyramidal,11,pyramidal
zeisel_c001526,-1.156667,-4.610226,pyramidal CA1,pyramidal,9,pyramidal
zeisel_c001527,-2.356865,-5.467968,pyramidal CA1,pyramidal,11,pyramidal
zeisel_c001528,-2.565351,-2.65629,pyramidal CA1,pyramidal,9,pyramidal
zeisel_c001529,11.88368,-2.321157,pyramidal CA1,pyramidal,2,oligodendrocytes
zeisel_c001530,-4.3551,8.093141,pyramidal CA1,pyramidal,6,astrocytes_ependymal
zeisel_c001531,-2.384502,-2.494845,pyramidal CA1,pyramidal,9,pyramidal
zeisel_c001532,-2.376965,-2.123895,pyramidal CA1,pyramidal,9,pyramidal
zeisel_c001533,0.01778089,-2.317957,pyramidal CA1,pyramidal,9,pyramidal
zeisel_c001534,0.02869466,-4.240442,pyramidal CA1,pyramidal,2,oligodendrocytes
zeisel_c001535,0.2462873,-4.255162,pyramidal CA1,pyramidal,22,pyramidal
zeisel_c001536,-0.7411983,-6.553077,pyramidal CA1,pyramidal,11,pyramidal
zeisel_c001537,-2.076545,-2.878172,pyramidal CA1,pyramidal,9,pyramidal
zeisel_c001538,14.75449,-2.442737,pyramidal CA1,pyramidal,20,oligodendrocytes
zeisel_c001539,-1.665055,-5.850144,pyramidal CA1,pyramidal,11,pyramidal
zeisel_c001540,-1.271922,-4.848992,pyramidal CA1,pyramidal,9,pyramidal
zeisel_c001541,-1.286689,-4.11938,pyramidal CA1,pyramidal,9,pyramidal
zeisel_c001542,-1.410513,-5.717859,pyramidal CA1,pyramidal,11,pyramidal
zeisel_c001543,0.4323851,-6.433313,pyramidal CA1,pyramidal,11,pyramidal
zeisel_c001544,3.763005,-1.636957,pyramidal CA1,pyramidal,14,endothelial-mural
zeisel_c001545,-1.486737,-3.15109,pyramidal CA1,pyramidal,9,pyramidal
zeisel_c001546,-0.3616386,-2.958622,pyramidal CA1,pyramidal,9,pyramidal
zeisel_c001547,-0.9589949,-2.19101,pyramidal CA1,pyramidal,9,pyramidal
zeisel_c001548,-1.611284,-3.11468,pyramidal CA1,pyramidal,9,pyramidal
zeisel_c001549,-1.404836,-6.322459,pyramidal CA1,pyramidal,11,pyramidal
zeisel_c001550,-1.578686,-5.608838,pyramidal CA1,pyramidal,11,pyramidal
zeisel_c001551,0.3566676,-4.16202,pyramidal CA1,pyramidal,22,pyramidal
zeisel_c001552,-1.586475,-2.282865,pyramidal CA1,pyramidal,9,pyramidal
zeisel_c001553,-0.6419589,-3.541643,pyramidal CA1,pyramidal,9,pyramidal
zeisel_c001554,-1.431919,-4.612899,pyramidal CA1,pyramidal,9,pyramidal
zeisel_c001555,-1.459719,-4.62773,pyramidal CA1,pyramidal,9,pyramidal
zeisel_c001556,-2.097122,-5.008245,pyramidal CA1,pyramidal,11,pyramidal
zeisel_c001557,12.47821,-2.644478,pyramidal CA1,pyramidal,2,oligodendrocytes
zeisel_c001558,-1.768781,-5.965297,pyramidal CA1,pyramidal,11,pyramidal
zeisel_c001559,-2.439408,-4.817586,pyramidal CA1,pyramidal,9,pyramidal
zeisel_c001560,-0.7737129,-5.373441,pyramidal CA1,pyramidal,11,pyramidal
zeisel_c001561,-2.548369,-2.48649,pyramidal CA1,pyramidal,9,pyramidal
zeisel_c001562,-1.268561,-3.982117,pyramidal CA1,pyramidal,9,pyramidal
zeisel_c001563,5.991433,4.366897,pyramidal CA1,pyramidal,4,astrocytes_ependymal
zeisel_c001564,-2.510442,-2.002208,pyramidal CA1,pyramidal,9,pyramidal
zeisel_c001565,14.58482,-2.38224,pyramidal CA1,pyramidal,20,oligodendrocytes
zeisel_c001566,-2.117582,-1.871524,pyramidal CA1,pyramidal,9,pyramidal
zeisel_c001567,3.891126,-0.7703913,pyramidal CA1,pyramidal,14,endothelial-mural
zeisel_c001568,2.520253,2.359321,pyramidal CA1,pyramidal,13,pyramidal
zeisel_c001569,-0.5919236,-6.377473,pyramidal CA1,pyramidal,11,pyramidal
zeisel_c001570,-0.6151329,-7.187514,pyramidal CA1,pyramidal,11,pyramidal
zeisel_c001571,6.320479,4.03891,pyramidal CA1,pyramidal,21,astrocytes_ependymal
zeisel_c001572,-1.941887,-4.454581,pyramidal CA1,pyramidal,9,pyramidal
zeisel_c001573,-0.9611413,-1.5258,pyramidal CA1,pyramidal,9,pyramidal
zeisel_c001574,-3.175285,-4.075297,pyramidal CA1,pyramidal,10,pyramidal
zeisel_c001575,0.007204947,-3.284897,pyramidal CA1,pyramidal,22,pyramidal
zeisel_c001576,-1.143278,-6.675745,pyramidal CA1,pyramidal,11,pyramidal
zeisel_c001577,6.562671,3.922587,pyramidal CA1,pyramidal,21,astrocytes_ependymal
zeisel_c001578,-0.4519988,-4.602234,pyramidal CA1,pyramidal,11,pyramidal
zeisel_c001579,-1.163035,-2.878797,pyramidal CA1,pyramidal,9,pyramidal
zeisel_c001580,0.09657038,-3.230885,pyramidal CA1,pyramidal,9,pyramidal
zeisel_c001581,12.32932,-2.758245,pyramidal CA1,pyramidal,2,oligodendrocytes
zeisel_c001582,12.71047,-2.662817,pyramidal CA1,pyramidal,2,oligodendrocytes
zeisel_c001583,-1.852595,-3.180956,pyramidal CA1,pyramidal,9,pyramidal
zeisel_c001584,-1.043603,-0.9459113,pyramidal CA1,pyramidal,9,pyramidal
zeisel_c001585,-2.506038,-2.360161,pyramidal CA1,pyramidal,9,pyramidal
zeisel_c001586,-2.12885,-2.66488,pyramidal CA1,pyramidal,9,pyramidal
zeisel_c001587,-0.1464837,-3.962676,pyramidal CA1,pyramidal,9,pyramidal
zeisel_c001588,-0.7175937,-3.623961,pyramidal CA1,pyramidal,9,pyramidal
zeisel_c001589,-2.156164,-4.196485,pyramidal CA1,pyramidal,9,pyramidal
zeisel_c001590,-1.574413,-6.20304,pyramidal CA1,pyramidal,11,pyramidal
zeisel_c001591,-1.893563,-4.178585,pyramidal CA1,pyramidal,9,pyramidal
zeisel_c001592,9.498999,2.365154,pyramidal CA1,pyramidal,5,Unknown
zeisel_c001593,-2.102256,-1.988441,pyramidal CA1,pyramidal,9,pyramidal
zeisel_c001594,13.46767,-2.103549,pyramidal CA1,pyramidal,2,oligodendrocytes
zeisel_c001595,-2.188108,-5.362083,pyramidal CA1,pyramidal,9,pyramidal
zeisel_c001596,-2.009123,-1.700703,pyramidal CA1,pyramidal,9,pyramidal
zeisel_c001597,-2.016667,-1.655829,pyramidal CA1,pyramidal,9,pyramidal
zeisel_c001598,-1.296546,-1.339604,pyramidal CA1,pyramidal,9,pyramidal
zeisel_c001599,5.837453,3.802851,pyramidal CA1,pyramidal,21,astrocytes_ependymal
zeisel_c001600,-2.207746,-3.14859,pyramidal CA1,pyramidal,9,pyramidal
zeisel_c001601,-1.669406,-3.398736,pyramidal CA1,pyramidal,9,pyramidal
zeisel_c001602,-0.5722993,-6.957197,pyramidal CA1,pyramidal,11,pyramidal
zeisel_c001603,-2.007016,-4.562324,pyramidal CA1,pyramidal,9,pyramidal
zeisel_c001604,-1.057131,-4.415204,pyramidal CA1,pyramidal,9,pyramidal
zeisel_c001605,-1.925693,-4.670617,pyramidal CA1,pyramidal,11,pyramidal
zeisel_c001606,-1.023421,-4.576825,pyramidal CA1,pyramidal,9,pyramidal
zeisel_c001607,12.0906,-2.521091,pyramidal CA1,pyramidal,2,oligodendrocytes
zeisel_c001608,-2.221122,-3.880434,pyramidal CA1,pyramidal,9,pyramidal
zeisel_c001609,5.189806,3.047427,pyramidal CA1,pyramidal,21,astrocytes_ependymal
zeisel_c001610,-0.7536865,-2.091667,pyramidal CA1,pyramidal,9,pyramidal
zeisel_c001611,0.00867476,-1.846081,pyramidal CA1,pyramidal,9,pyramidal
zeisel_c001612,-2.00948,-1.930707,pyramidal CA1,pyramidal,9,pyramidal
zeisel_c001613,-1.957729,-1.790044,pyramidal CA1,pyramidal,9,pyramidal
zeisel_c001614,-0.8780158,-5.722685,pyramidal CA1,pyramidal,11,pyramidal
zeisel_c001615,13.39374,-1.926547,pyramidal CA1,pyramidal,2,oligodendrocytes
zeisel_c001616,-1.603992,-3.773658,pyramidal CA1,pyramidal,9,pyramidal
zeisel_c001617,12.14936,-2.720595,pyramidal CA1,pyramidal,2,oligodendrocytes
zeisel_c001618,-1.436378,-4.87314,pyramidal CA1,pyramidal,9,pyramidal
zeisel_c001619,-2.100255,-5.199049,pyramidal CA1,pyramidal,9,pyramidal
zeisel_c001620,-0.7151781,-3.435302,pyramidal CA1,pyramidal,9,pyramidal
zeisel_c001621,4.286442,1.008474,pyramidal CA1,pyramidal,16,Unknown
zeisel_c001622,6.134088,3.942704,pyramidal CA1,pyramidal,21,astrocytes_ependymal
zeisel_c001623,-2.125592,-2.956179,pyramidal CA1,pyramidal,9,pyramidal
zeisel_c001624,-0.9157525,-3.350598,pyramidal CA1,pyramidal,9,pyramidal
zeisel_c001625,2.485667,2.951863,pyramidal CA1,pyramidal,13,pyramidal
zeisel_c001626,12.59176,-2.748796,pyramidal CA1,pyramidal,2,oligodendrocytes
zeisel_c001627,-1.995117,-3.760696,pyramidal CA1,pyramidal,9,pyramidal
zeisel_c001628,15.06177,-2.569193,oligodendrocytes,oligodendrocytes,20,oligodendrocytes
zeisel_c001629,15.1823,-1.737856,oligodendrocytes,oligodendrocytes,20,oligodendrocytes
zeisel_c001630,15.04949,-2.456269,oligodendrocytes,oligodendrocytes,20,oligodendrocytes
zeisel_c001631,15.31956,-2.476276,oligodendrocytes,oligodendrocytes,20,oligodendrocytes
zeisel_c001632,12.21948,4.233922,oligodendrocytes,oligodendrocytes,12,pyramidal
zeisel_c001633,14.83137,-1.284941,oligodendrocytes,oligodendrocytes,2,oligodendrocytes
zeisel_c001634,14.59348,-1.490904,oligodendrocytes,oligodendrocytes,2,oligodendrocytes
zeisel_c001635,13.97006,-0.3025659,oligodendrocytes,oligodendrocytes,18,oligodendrocytes
zeisel_c001636,-4.269648,8.222282,oligodendrocytes,oligodendrocytes,6,astrocytes_ependymal
zeisel_c001637,15.00696,-1.788817,oligodendrocytes,oligodendrocytes,20,oligodendrocytes
zeisel_c001638,14.83488,-1.527411,oligodendrocytes,oligodendrocytes,2,oligodendrocytes
zeisel_c001639,15.07844,-1.725073,oligodendrocytes,oligodendrocytes,20,oligodendrocytes
zeisel_c001640,15.21915,-1.990634,oligodendrocytes,oligodendrocytes,20,oligodendrocytes
zeisel_c001641,15.37353,-1.872619,oligodendrocytes,oligodendrocytes,20,oligodendrocytes
zeisel_c001642,15.31258,-1.876454,oligodendrocytes,oligodendrocytes,20,oligodendrocytes
zeisel_c001643,15.15008,-2.266169,oligodendrocytes,oligodendrocytes,20,oligodendrocytes
zeisel_c001644,9.721972,2.252393,oligodendrocytes,oligodendrocytes,5,Unknown
zeisel_c001645,15.21557,-2.433212,oligodendrocytes,oligodendrocytes,20,oligodendrocytes
zeisel_c001646,14.80361,-2.464465,oligodendrocytes,oligodendrocytes,20,oligodendrocytes
zeisel_c001647,14.41343,-0.4994096,oligodendrocytes,oligodendrocytes,18,oligodendrocytes
zeisel_c001648,15.04911,-2.436701,oligodendrocytes,oligodendrocytes,20,oligodendrocytes
zeisel_c001649,14.44763,-0.5299626,oligodendrocytes,oligodendrocytes,18,oligodendrocytes
zeisel_c001650,15.24055,-2.321428,oligodendrocytes,oligodendrocytes,20,oligodendrocytes
zeisel_c001651,15.24214,-2.241196,oligodendrocytes,oligodendrocytes,20,oligodendrocytes
zeisel_c001652,14.64946,-2.333917,oligodendrocytes,oligodendrocytes,20,oligodendrocytes
zeisel_c001653,9.619604,2.323504,oligodendrocytes,oligodendrocytes,5,Unknown
zeisel_c001654,13.96147,-1.457194,oligodendrocytes,oligodendrocytes,2,oligodendrocytes
zeisel_c001655,15.3194,-1.776111,oligodendrocytes,oligodendrocytes,20,oligodendrocytes
zeisel_c001656,14.64765,-1.71102,oligodendrocytes,oligodendrocytes,20,oligodendrocytes
zeisel_c001657,15.21382,-1.67732,oligodendrocytes,oligodendrocytes,20,oligodendrocytes
zeisel_c001658,15.15138,-2.015932,oligodendrocytes,oligodendrocytes,20,oligodendrocytes
zeisel_c001659,9.431109,2.406555,oligodendrocytes,oligodendrocytes,5,Unknown
zeisel_c001660,15.39153,-2.116599,oligodendrocytes,oligodendrocytes,20,oligodendrocytes
zeisel_c001661,15.38805,-2.018169,oligodendrocytes,oligodendrocytes,20,oligodendrocytes
zeisel_c001662,14.97205,-2.301128,oligodendrocytes,oligodendrocytes,20,oligodendrocytes
zeisel_c001663,14.30043,-0.9881908,oligodendrocytes,oligodendrocytes,2,oligodendrocytes
zeisel_c001664,14.92125,-2.193657,oligodendrocytes,oligodendrocytes,20,oligodendrocytes
zeisel_c001665,14.21096,-0.2055831,oligodendrocytes,oligodendrocytes,18,oligodendrocytes
zeisel_c001666,15.3797,4.201158,oligodendrocytes,oligodendrocytes,8,microglia
zeisel_c001667,14.14478,-0.9055713,oligodendrocytes,oligodendrocytes,2,oligodendrocytes
zeisel_c001668,15.40861,-1.861904,oligodendrocytes,oligodendrocytes,20,oligodendrocytes
zeisel_c001669,14.40016,-0.547399,oligodendrocytes,oligodendrocytes,18,oligodendrocytes
zeisel_c001670,15.27741,-1.7657,oligodendrocytes,oligodendrocytes,20,oligodendrocytes
zeisel_c001671,12.39773,0.005435399,oligodendrocytes,oligodendrocytes,18,oligodendrocytes
zeisel_c001672,10.81199,1.528714,oligodendrocytes,oligodendrocytes,5,Unknown
zeisel_c001673,12.64596,-1.116494,oligodendrocytes,oligodendrocytes,2,oligodendrocytes
zeisel_c001674,13.22424,-1.037717,oligodendrocytes,oligodendrocytes,2,oligodendrocytes
zeisel_c001675,12.44004,-0.4093455,oligodendrocytes,oligodendrocytes,18,oligodendrocytes
zeisel_c001676,12.95575,-0.2098155,oligodendrocytes,oligodendrocytes,18,oligodendrocytes
zeisel_c001677,13.25643,-0.5686947,oligodendrocytes,oligodendrocytes,18,oligodendrocytes
zeisel_c001678,12.62192,-0.2621141,oligodendrocytes,oligodendrocytes,18,oligodendrocytes
zeisel_c001679,14.5545,-0.08698809,oligodendrocytes,oligodendrocytes,7,oligodendrocytes
zeisel_c001680,12.89627,-0.7389742,oligodendrocytes,oligodendrocytes,2,oligodendrocytes
zeisel_c001681,14.7937,-0.853507,oligodendrocytes,oligodendrocytes,2,oligodendrocytes
zeisel_c001682,14.4555,-1.138695,oligodendrocytes,oligodendrocytes,2,oligodendrocytes
zeisel_c001683,14.77526,-1.003835,oligodendrocytes,oligodendrocytes,2,oligodendrocytes
zeisel_c001684,14.62932,-1.007401,oligodendrocytes,oligodendrocytes,2,oligodendrocytes
zeisel_c001685,14.84352,-0.9485009,oligodendrocytes,oligodendrocytes,2,oligodendrocytes
zeisel_c001686,14.85911,-0.05846002,oligodendrocytes,oligodendrocytes,7,oligodendrocytes
zeisel_c001687,14.6881,-1.129831,oligodendrocytes,oligodendrocytes,2,oligodendrocytes
zeisel_c001688,14.58787,0.3311331,oligodendrocytes,oligodendrocytes,7,oligodendrocytes
zeisel_c001689,13.57382,-0.8343192,oligodendrocytes,oligodendrocytes,2,oligodendrocytes
zeisel_c001690,14.11382,-1.258902,oligodendrocytes,oligodendrocytes,2,oligodendrocytes
zeisel_c001691,13.50633,-0.8931061,oligodendrocytes,oligodendrocytes,2,oligodendrocytes
zeisel_c001692,14.65655,-1.542277,oligodendrocytes,oligodendrocytes,2,oligodendrocytes
zeisel_c001693,13.93908,-0.6124743,oligodendrocytes,oligodendrocytes,0,interneurons
zeisel_c001694,14.35643,-0.9623335,oligodendrocytes,oligodendrocytes,2,oligodendrocytes
zeisel_c001695,14.52867,-0.8042514,oligodendrocytes,oligodendrocytes,2,oligodendrocytes
zeisel_c001696,10.9697,1.541638,oligodendrocytes,oligodendrocytes,5,Unknown
zeisel_c001697,13.21546,0.0496679,oligodendrocytes,oligodendrocytes,18,oligodendrocytes
zeisel_c001698,9.857161,-1.950678,oligodendrocytes,oligodendrocytes,15,microglia
zeisel_c001699,14.21441,-0.9018735,oligodendrocytes,oligodendrocytes,2,oligodendrocytes
zeisel_c001700,10.09524,1.921487,oligodendrocytes,oligodendrocytes,5,Unknown
zeisel_c001701,9.83517,2.226577,oligodendrocytes,oligodendrocytes,5,Unknown
zeisel_c001702,15.27805,4.094507,oligodendrocytes,oligodendrocytes,8,microglia
zeisel_c001703,9.854083,2.328021,oligodendrocytes,oligodendrocytes,5,Unknown
zeisel_c001704,9.675451,2.214399,oligodendrocytes,oligodendrocytes,5,Unknown
zeisel_c001705,12.28878,-1.869893,oligodendrocytes,oligodendrocytes,2,oligodendrocytes
zeisel_c001706,15.14685,4.258393,oligodendrocytes,oligodendrocytes,8,microglia
zeisel_c001707,13.54956,-0.9776048,oligodendrocytes,oligodendrocytes,2,oligodendrocytes
zeisel_c001708,13.73468,-0.8983188,oligodendrocytes,oligodendrocytes,2,oligodendrocytes
zeisel_c001709,10.87837,-1.449176,oligodendrocytes,oligodendrocytes,15,microglia
zeisel_c001710,9.75747,2.223269,oligodendrocytes,oligodendrocytes,5,Unknown
zeisel_c001711,13.26482,-0.8656054,oligodendrocytes,oligodendrocytes,2,oligodendrocytes
zeisel_c001712,8.672488,-0.1490097,oligodendrocytes,oligodendrocytes,19,Unknown
zeisel_c001713,7.610094,-0.7579365,oligodendrocytes,oligodendrocytes,19,Unknown
zeisel_c001714,13.22751,-0.5076931,oligodendrocytes,oligodendrocytes,2,oligodendrocytes
zeisel_c001715,10.22052,2.207565,oligodendrocytes,oligodendrocytes,5,Unknown
zeisel_c001716,9.79526,2.382082,oligodendrocytes,oligodendrocytes,5,Unknown
zeisel_c001717,12.05252,-1.203352,oligodendrocytes,oligodendrocytes,2,oligodendrocytes
zeisel_c001718,12.85189,-1.395419,oligodendrocytes,oligodendrocytes,2,oligodendrocytes
zeisel_c001719,9.497416,2.659292,oligodendrocytes,oligodendrocytes,5,Unknown
zeisel_c001720,10.50649,1.78155,oligodendrocytes,oligodendrocytes,5,Unknown
zeisel_c001721,7.883296,-0.9213728,oligodendrocytes,oligodendrocytes,19,Unknown
zeisel_c001722,13.12475,0.109231,oligodendrocytes,oligodendrocytes,2,oligodendrocytes
zeisel_c001723,10.60116,-1.318894,oligodendrocytes,oligodendrocytes,15,microglia
zeisel_c001724,13.60952,-0.09537498,oligodendrocytes,oligodendrocytes,18,oligodendrocytes
zeisel_c001725,13.93862,-0.5530099,oligodendrocytes,oligodendrocytes,18,oligodendrocytes
zeisel_c001726,13.23505,1.032303,oligodendrocytes,oligodendrocytes,18,oligodendrocytes
zeisel_c001727,11.32636,1.445153,oligodendrocytes,oligodendrocytes,5,Unknown
zeisel_c001728,13.55083,-1.082964,oligodendrocytes,oligodendrocytes,2,oligodendrocytes
zeisel_c001729,13.54764,-0.4201659,oligodendrocytes,oligodendrocytes,18,oligodendrocytes
zeisel_c001730,13.08659,-1.619753,oligodendrocytes,oligodendrocytes,2,oligodendrocytes
zeisel_c001731,14.10393,-1.091457,oligodendrocytes,oligodendrocytes,2,oligodendrocytes
zeisel_c001732,13.0162,-0.5494062,oligodendrocytes,oligodendrocytes,2,oligodendrocytes
zeisel_c001733,9.556704,2.31433,oligodendrocytes,oligodendrocytes,5,Unknown
zeisel_c001734,13.61153,-1.793072,oligodendrocytes,oligodendrocytes,2,oligodendrocytes
zeisel_c001735,10.75344,1.386999,oligodendrocytes,oligodendrocytes,5,Unknown
zeisel_c001736,14.70769,-0.2424181,oligodendrocytes,oligodendrocytes,7,oligodendrocytes
zeisel_c001737,10.35268,0.525144,oligodendrocytes,oligodendrocytes,16,Unknown
zeisel_c001738,13.94949,-1.083947,oligodendrocytes,oligodendrocytes,2,oligodendrocytes
zeisel_c001739,14.38063,-1.183776,oligodendrocytes,oligodendrocytes,2,oligodendrocytes
zeisel_c001740,13.89572,-1.050633,oligodendrocytes,oligodendrocytes,2,oligodendrocytes
zeisel_c001741,13.97435,-1.353523,oligodendrocytes,oligodendrocytes,2,oligodendrocytes
zeisel_c001742,13.58684,-1.047286,oligodendrocytes,oligodendrocytes,2,oligodendrocytes
zeisel_c001743,13.51507,-2.000865,oligodendrocytes,oligodendrocytes,2,oligodendrocytes
zeisel_c001744,14.64161,-0.5591261,oligodendrocytes,oligodendrocytes,2,oligodendrocytes
zeisel_c001745,13.77938,-1.179601,oligodendrocytes,oligodendrocytes,2,oligodendrocytes
zeisel_c001746,13.86279,-1.382662,oligodendrocytes,oligodendrocytes,2,oligodendrocytes
zeisel_c001747,14.10622,-0.7618612,oligodendrocytes,oligodendrocytes,2,oligodendrocytes
zeisel_c001748,14.26238,-1.292149,oligodendrocytes,oligodendrocytes,2,oligodendrocytes
zeisel_c001749,14.13183,-1.4557,oligodendrocytes,oligodendrocytes,2,oligodendrocytes
zeisel_c001750,13.85019,-1.437019,oligodendrocytes,oligodendrocytes,2,oligodendrocytes
zeisel_c001751,13.5666,-1.21828,oligodendrocytes,oligodendrocytes,2,oligodendrocytes
zeisel_c001752,13.73657,-1.825412,oligodendrocytes,oligodendrocytes,2,oligodendrocytes
zeisel_c001753,9.861302,2.075415,oligodendrocytes,oligodendrocytes,5,Unknown
zeisel_c001754,14.18676,-1.559319,oligodendrocytes,oligodendrocytes,2,oligodendrocytes
zeisel_c001755,14.0905,-1.647167,oligodendrocytes,oligodendrocytes,2,oligodendrocytes
zeisel_c001756,13.58528,-1.399397,oligodendrocytes,oligodendrocytes,2,oligodendrocytes
zeisel_c001757,13.46287,-1.156241,oligodendrocytes,oligodendrocytes,2,oligodendrocytes
zeisel_c001758,14.02955,-1.448056,oligodendrocytes,oligodendrocytes,2,oligodendrocytes
zeisel_c001759,13.90958,-1.2626,oligodendrocytes,oligodendrocytes,2,oligodendrocytes
zeisel_c001760,14.27656,-1.463315,oligodendrocytes,oligodendrocytes,2,oligodendrocytes
zeisel_c001761,11.62232,1.994447,oligodendrocytes,oligodendrocytes,18,oligodendrocytes
zeisel_c001762,15.0472,4.756687,oligodendrocytes,oligodendrocytes,8,microglia
zeisel_c001763,11.31258,2.121734,oligodendrocytes,oligodendrocytes,18,oligodendrocytes
zeisel_c001764,11.63301,1.71753,oligodendrocytes,oligodendrocytes,18,oligodendrocytes
zeisel_c001765,11.77624,1.095772,oligodendrocytes,oligodendrocytes,18,oligodendrocytes
zeisel_c001766,9.523509,-0.02528755,oligodendrocytes,oligodendrocytes,19,Unknown
zeisel_c001767,11.51434,1.870603,oligodendrocytes,oligodendrocytes,18,oligodendrocytes
zeisel_c001768,11.57705,2.474921,oligodendrocytes,oligodendrocytes,18,oligodendrocytes
zeisel_c001769,12.14449,3.536687,oligodendrocytes,oligodendrocytes,18,oligodendrocytes
zeisel_c001770,11.43387,2.574145,oligodendrocytes,oligodendrocytes,18,oligodendrocytes
zeisel_c001771,9.166651,-0.4424738,oligodendrocytes,oligodendrocytes,19,Unknown
zeisel_c001772,11.49237,1.560842,oligodendrocytes,oligodendrocytes,18,oligodendrocytes
zeisel_c001773,9.851713,2.912794,oligodendrocytes,oligodendrocytes,5,Unknown
zeisel_c001774,9.284965,-0.2200663,oligodendrocytes,oligodendrocytes,19,Unknown
zeisel_c001775,13.93008,0.3872552,oligodendrocytes,oligodendrocytes,7,oligodendrocytes
zeisel_c001776,11.82418,2.017062,oligodendrocytes,oligodendrocytes,18,oligodendrocytes
zeisel_c001777,10.36692,3.289191,oligodendrocytes,oligodendrocytes,5,Unknown
zeisel_c001778,11.86143,2.765049,oligodendrocytes,oligodendrocytes,18,oligodendrocytes
zeisel_c001779,11.69813,0.4632302,oligodendrocytes,oligodendrocytes,18,oligodendrocytes
zeisel_c001780,11.88974,-1.934735,oligodendrocytes,oligodendrocytes,2,oligodendrocytes
zeisel_c001781,11.5599,0.9599057,oligodendrocytes,oligodendrocytes,18,oligodendrocytes
zeisel_c001782,11.51779,1.913918,oligodendrocytes,oligodendrocytes,18,oligodendrocytes
zeisel_c001783,11.74852,2.327536,oligodendrocytes,oligodendrocytes,18,oligodendrocytes
zeisel_c001784,11.51345,1.828707,oligodendrocytes,oligodendrocytes,18,oligodendrocytes
zeisel_c001785,15.58556,1.366946,oligodendrocytes,oligodendrocytes,7,oligodendrocytes
zeisel_c001786,10.41411,2.478553,oligodendrocytes,oligodendrocytes,5,Unknown
zeisel_c001787,11.73931,2.754153,oligodendrocytes,oligodendrocytes,18,oligodendrocytes
zeisel_c001788,9.118546,-0.05996186,oligodendrocytes,oligodendrocytes,19,Unknown
zeisel_c001789,9.842266,2.946938,oligodendrocytes,oligodendrocytes,5,Unknown
zeisel_c001790,11.81353,2.021836,oligodendrocytes,oligodendrocytes,18,oligodendrocytes
zeisel_c001791,11.83069,1.449995,oligodendrocytes,oligodendrocytes,18,oligodendrocytes
zeisel_c001792,14.25831,2.176737,oligodendrocytes,oligodendrocytes,7,oligodendrocytes
zeisel_c001793,11.60518,2.736284,oligodendrocytes,oligodendrocytes,18,oligodendrocytes
zeisel_c001794,9.018193,0.03105277,oligodendrocytes,oligodendrocytes,19,Unknown
zeisel_c001795,11.49487,2.210083,oligodendrocytes,oligodendrocytes,18,oligodendrocytes
zeisel_c001796,11.68052,2.304737,oligodendrocytes,oligodendrocytes,18,oligodendrocytes
zeisel_c001797,12.08685,2.575353,oligodendrocytes,oligodendrocytes,18,oligodendrocytes
zeisel_c001798,15.56234,4.597291,oligodendrocytes,oligodendrocytes,8,microglia
zeisel_c001799,12.25746,2.355492,oligodendrocytes,oligodendrocytes,18,oligodendrocytes
zeisel_c001800,12.13493,2.915301,oligodendrocytes,oligodendrocytes,18,oligodendrocytes
zeisel_c001801,14.17131,1.143202,oligodendrocytes,oligodendrocytes,7,oligodendrocytes
zeisel_c001802,10.36042,3.620728,oligodendrocytes,oligodendrocytes,5,Unknown
zeisel_c001803,13.67259,0.4767294,oligodendrocytes,oligodendrocytes,7,oligodendrocytes
zeisel_c001804,10.12749,3.686585,oligodendrocytes,oligodendrocytes,5,Unknown
zeisel_c001805,11.89743,2.100885,oligodendrocytes,oligodendrocytes,18,oligodendrocytes
zeisel_c001806,9.027547,-0.1078633,oligodendrocytes,oligodendrocytes,19,Unknown
zeisel_c001807,12.50711,3.243401,oligodendrocytes,oligodendrocytes,18,oligodendrocytes
zeisel_c001808,10.53866,2.39788,oligodendrocytes,oligodendrocytes,5,Unknown
zeisel_c001809,9.761299,0.3205064,oligodendrocytes,oligodendrocytes,19,Unknown
zeisel_c001810,12.6716,2.889839,oligodendrocytes,oligodendrocytes,18,oligodendrocytes
zeisel_c001811,12.01158,2.622175,oligodendrocytes,oligodendrocytes,18,oligodendrocytes
zeisel_c001812,15.29693,1.010571,oligodendrocytes,oligodendrocytes,7,oligodendrocytes
zeisel_c001813,15.02803,2.004991,oligodendrocytes,oligodendrocytes,7,oligodendrocytes
zeisel_c001814,10.98093,2.914082,oligodendrocytes,oligodendrocytes,5,Unknown
zeisel_c001815,9.317665,1.127456,oligodendrocytes,oligodendrocytes,16,Unknown
zeisel_c001816,11.9068,2.55757,oligodendrocytes,oligodendrocytes,18,oligodendrocytes
zeisel_c001817,11.77809,2.683206,oligodendrocytes,oligodendrocytes,18,oligodendrocytes
zeisel_c001818,12.96318,1.211136,oligodendrocytes,oligodendrocytes,18,oligodendrocytes
zeisel_c001819,11.58657,2.653582,oligodendrocytes,oligodendrocytes,18,oligodendrocytes
zeisel_c001820,11.47422,2.854146,oligodendrocytes,oligodendrocytes,18,oligodendrocytes
zeisel_c001821,12.00839,2.738541,oligodendrocytes,oligodendrocytes,18,oligodendrocytes
zeisel_c001822,11.94007,2.322731,oligodendrocytes,oligodendrocytes,18,oligodendrocytes
zeisel_c001823,9.161494,-0.390331,oligodendrocytes,oligodendrocytes,19,Unknown
zeisel_c001824,11.77719,2.756872,oligodendrocytes,oligodendrocytes,18,oligodendrocytes
zeisel_c001825,11.7982,2.485929,oligodendrocytes,oligodendrocytes,18,oligodendrocytes
zeisel_c001826,11.96201,3.318424,oligodendrocytes,oligodendrocytes,18,oligodendrocytes
zeisel_c001827,9.142388,-0.5325537,oligodendrocytes,oligodendrocytes,19,Unknown
zeisel_c001828,11.53403,1.94054,oligodendrocytes,oligodendrocytes,18,oligodendrocytes
zeisel_c001829,9.192117,3.144742,oligodendrocytes,oligodendrocytes,5,Unknown
zeisel_c001830,15.88413,4.94645,oligodendrocytes,oligodendrocytes,8,microglia
zeisel_c001831,10.53994,3.187756,oligodendrocytes,oligodendrocytes,5,Unknown
zeisel_c001832,11.69484,2.406934,oligodendrocytes,oligodendrocytes,18,oligodendrocytes
zeisel_c001833,14.29901,1.735583,oligodendrocytes,oligodendrocytes,7,oligodendrocytes
zeisel_c001834,11.7086,2.010515,oligodendrocytes,oligodendrocytes,18,oligodendrocytes
zeisel_c001835,12.22243,2.003538,oligodendrocytes,oligodendrocytes,18,oligodendrocytes
zeisel_c001836,11.92251,2.104368,oligodendrocytes,oligodendrocytes,18,oligodendrocytes
zeisel_c001837,13.03898,1.396624,oligodendrocytes,oligodendrocytes,18,oligodendrocytes
zeisel_c001838,11.55229,2.675946,oligodendrocytes,oligodendrocytes,18,oligodendrocytes
zeisel_c001839,12.82944,1.206932,oligodendrocytes,oligodendrocytes,18,oligodendrocytes
zeisel_c001840,10.34108,-1.333051,oligodendrocytes,oligodendrocytes,15,microglia
zeisel_c001841,12.26554,1.589499,oligodendrocytes,oligodendrocytes,18,oligodendrocytes
zeisel_c001842,11.86376,2.575861,oligodendrocytes,oligodendrocytes,18,oligodendrocytes
zeisel_c001843,12.14089,2.17507,oligodendrocytes,oligodendrocytes,18,oligodendrocytes
zeisel_c001844,11.60168,1.578041,oligodendrocytes,oligodendrocytes,18,oligodendrocytes
zeisel_c001845,11.69329,2.092972,oligodendrocytes,oligodendrocytes,18,oligodendrocytes
zeisel_c001846,12.20834,2.677038,oligodendrocytes,oligodendrocytes,18,oligodendrocytes
zeisel_c001847,11.48723,0.3070602,oligodendrocytes,oligodendrocytes,18,oligodendrocytes
zeisel_c001848,8.6189,-0.9977041,oligodendrocytes,oligodendrocytes,19,Unknown
zeisel_c001849,12.80734,3.173621,oligodendrocytes,oligodendrocytes,18,oligodendrocytes
zeisel_c001850,8.056433,-0.1161366,oligodendrocytes,oligodendrocytes,19,Unknown
zeisel_c001851,12.68141,2.443949,oligodendrocytes,oligodendrocytes,18,oligodendrocytes
zeisel_c001852,12.76519,2.787533,oligodendrocytes,oligodendrocytes,18,oligodendrocytes
zeisel_c001853,12.98364,2.575911,oligodendrocytes,oligodendrocytes,18,oligodendrocytes
zeisel_c001854,11.92109,1.471029,oligodendrocytes,oligodendrocytes,18,oligodendrocytes
zeisel_c001855,13.61879,1.587832,oligodendrocytes,oligodendrocytes,7,oligodendrocytes
zeisel_c001856,13.03856,2.490662,oligodendrocytes,oligodendrocytes,18,oligodendrocytes
zeisel_c001857,12.62083,1.994824,oligodendrocytes,oligodendrocytes,18,oligodendrocytes
zeisel_c001858,13.37528,1.532824,oligodendrocytes,oligodendrocytes,18,oligodendrocytes
zeisel_c001859,15.09097,4.304565,oligodendrocytes,oligodendrocytes,8,microglia
zeisel_c001860,12.79245,3.035001,oligodendrocytes,oligodendrocytes,18,oligodendrocytes
zeisel_c001861,8.823721,-0.5502318,oligodendrocytes,oligodendrocytes,19,Unknown
zeisel_c001862,12.57471,1.271884,oligodendrocytes,oligodendrocytes,18,oligodendrocytes
zeisel_c001863,14.52695,2.359401,oligodendrocytes,oligodendrocytes,7,oligodendrocytes
zeisel_c001864,12.4532,2.367738,oligodendrocytes,oligodendrocytes,18,oligodendrocytes
zeisel_c001865,13.09541,1.622234,oligodendrocytes,oligodendrocytes,18,oligodendrocytes
zeisel_c001866,12.63393,1.939353,oligodendrocytes,oligodendrocytes,18,oligodendrocytes
zeisel_c001867,10.85745,2.845656,oligodendrocytes,oligodendrocytes,5,Unknown
zeisel_c001868,10.53747,3.460533,oligodendrocytes,oligodendrocytes,5,Unknown
zeisel_c001869,12.76249,0.7220578,oligodendrocytes,oligodendrocytes,1,interneurons
zeisel_c001870,11.85206,0.8287426,oligodendrocytes,oligodendrocytes,18,oligodendrocytes
zeisel_c001871,11.9043,0.3631049,oligodendrocytes,oligodendrocytes,18,oligodendrocytes
zeisel_c001872,8.548205,-0.6519225,oligodendrocytes,oligodendrocytes,19,Unknown
zeisel_c001873,8.710779,-0.8307571,oligodendrocytes,oligodendrocytes,19,Unknown
zeisel_c001874,11.46659,0.2616206,oligodendrocytes,oligodendrocytes,18,oligodendrocytes
zeisel_c001875,11.57901,0.3858081,oligodendrocytes,oligodendrocytes,18,oligodendrocytes
zeisel_c001876,10.7677,3.255988,oligodendrocytes,oligodendrocytes,5,Unknown
zeisel_c001877,13.49054,2.247523,oligodendrocytes,oligodendrocytes,7,oligodendrocytes
zeisel_c001878,9.378765,1.043962,oligodendrocytes,oligodendrocytes,16,Unknown
zeisel_c001879,8.857369,-0.5614476,oligodendrocytes,oligodendrocytes,19,Unknown
zeisel_c001880,13.03664,4.580335,oligodendrocytes,oligodendrocytes,17,Unknown
zeisel_c001881,12.73827,2.066546,oligodendrocytes,oligodendrocytes,18,oligodendrocytes
zeisel_c001882,8.206418,-1.18348,oligodendrocytes,oligodendrocytes,19,Unknown
zeisel_c001883,11.63254,0.189992,oligodendrocytes,oligodendrocytes,18,oligodendrocytes
zeisel_c001884,12.63683,1.261336,oligodendrocytes,oligodendrocytes,18,oligodendrocytes
zeisel_c001885,13.59031,1.018743,oligodendrocytes,oligodendrocytes,7,oligodendrocytes
zeisel_c001886,11.81894,1.888042,oligodendrocytes,oligodendrocytes,18,oligodendrocytes
zeisel_c001887,11.60936,0.6954729,oligodendrocytes,oligodendrocytes,18,oligodendrocytes
zeisel_c001888,12.6341,0.6677893,oligodendrocytes,oligodendrocytes,18,oligodendrocytes
zeisel_c001889,9.677915,0.8853848,oligodendrocytes,oligodendrocytes,16,Unknown
zeisel_c001890,13.93255,0.1462702,oligodendrocytes,oligodendrocytes,7,oligodendrocytes
zeisel_c001891,11.45816,0.1870299,oligodendrocytes,oligodendrocytes,18,oligodendrocytes
zeisel_c001892,11.46012,0.005379411,oligodendrocytes,oligodendrocytes,18,oligodendrocytes
zeisel_c001893,11.91412,-1.342266,oligodendrocytes,oligodendrocytes,2,oligodendrocytes
zeisel_c001894,12.77356,1.722618,oligodendrocytes,oligodendrocytes,18,oligodendrocytes
zeisel_c001895,5.564736,1.554963,oligodendrocytes,oligodendrocytes,16,Unknown
zeisel_c001896,14.62918,1.098209,oligodendrocytes,oligodendrocytes,7,oligodendrocytes
zeisel_c001897,9.312071,1.729787,oligodendrocytes,oligodendrocytes,16,Unknown
zeisel_c001898,13.03743,0.5879862,oligodendrocytes,oligodendrocytes,7,oligodendrocytes
zeisel_c001899,11.93549,-2.527658,oligodendrocytes,oligodendrocytes,2,oligodendrocytes
zeisel_c001900,11.40309,0.310622,oligodendrocytes,oligodendrocytes,18,oligodendrocytes
zeisel_c001901,14.8647,1.229471,oligodendrocytes,oligodendrocytes,7,oligodendrocytes
zeisel_c001902,8.302079,-1.124347,oligodendrocytes,oligodendrocytes,19,Unknown
zeisel_c001903,11.38255,-0.2896068,oligodendrocytes,oligodendrocytes,18,oligodendrocytes
zeisel_c001904,15.18894,4.59221,oligodendrocytes,oligodendrocytes,8,microglia
zeisel_c001905,14.98024,4.47627,oligodendrocytes,oligodendrocytes,8,microglia
zeisel_c001906,12.06197,-0.2934604,oligodendrocytes,oligodendrocytes,18,oligodendrocytes
zeisel_c001907,12.7605,0.3950523,oligodendrocytes,oligodendrocytes,18,oligodendrocytes
zeisel_c001908,14.25023,1.028069,oligodendrocytes,oligodendrocytes,7,oligodendrocytes
zeisel_c001909,15.26481,4.815002,oligodendrocytes,oligodendrocytes,8,microglia
zeisel_c001910,11.63526,0.4686222,oligodendrocytes,oligodendrocytes,18,oligodendrocytes
zeisel_c001911,8.501525,-1.198427,oligodendrocytes,oligodendrocytes,19,Unknown
zeisel_c001912,11.91008,1.537426,oligodendrocytes,oligodendrocytes,18,oligodendrocytes
zeisel_c001913,8.669706,-0.5231205,oligodendrocytes,oligodendrocytes,19,Unknown
zeisel_c001914,9.474197,0.9078609,oligodendrocytes,oligodendrocytes,16,Unknown
zeisel_c001915,7.524276,-0.08922877,oligodendrocytes,oligodendrocytes,14,endothelial-mural
zeisel_c001916,10.45447,-1.104325,oligodendrocytes,oligodendrocytes,15,microglia
zeisel_c001917,12.98667,0.7351575,oligodendrocytes,oligodendrocytes,18,oligodendrocytes
zeisel_c001918,8.399311,-0.8231155,oligodendrocytes,oligodendrocytes,19,Unknown
zeisel_c001919,11.76347,1.077085,oligodendrocytes,oligodendrocytes,18,oligodendrocytes
zeisel_c001920,11.7122,0.4997253,oligodendrocytes,oligodendrocytes,18,oligodendrocytes
zeisel_c001921,13.68358,0.5415298,oligodendrocytes,oligodendrocytes,7,oligodendrocytes
zeisel_c001922,13.20752,1.303535,oligodendrocytes,oligodendrocytes,7,oligodendrocytes
zeisel_c001923,10.23313,3.538136,oligodendrocytes,oligodendrocytes,5,Unknown
zeisel_c001924,12.3734,2.004147,oligodendrocytes,oligodendrocytes,18,oligodendrocytes
zeisel_c001925,10.37221,3.633859,oligodendrocytes,oligodendrocytes,5,Unknown
zeisel_c001926,13.4202,0.9918396,oligodendrocytes,oligodendrocytes,7,oligodendrocytes
zeisel_c001927,14.04551,1.125084,oligodendrocytes,oligodendrocytes,7,oligodendrocytes
zeisel_c001928,10.47998,2.708653,oligodendrocytes,oligodendrocytes,5,Unknown
zeisel_c001929,11.13619,1.002859,oligodendrocytes,oligodendrocytes,18,oligodendrocytes
zeisel_c001930,14.6349,1.959458,oligodendrocytes,oligodendrocytes,7,oligodendrocytes
zeisel_c001931,11.93423,0.5382714,oligodendrocytes,oligodendrocytes,18,oligodendrocytes
zeisel_c001932,9.543601,0.8582729,oligodendrocytes,oligodendrocytes,16,Unknown
zeisel_c001933,13.85215,1.132219,oligodendrocytes,oligodendrocytes,7,oligodendrocytes
zeisel_c001934,12.55092,1.64364,oligodendrocytes,oligodendrocytes,18,oligodendrocytes
zeisel_c001935,13.45686,0.9233912,oligodendrocytes,oligodendrocytes,7,oligodendrocytes
zeisel_c001936,10.04197,0.9456971,oligodendrocytes,oligodendrocytes,16,Unknown
zeisel_c001937,8.941396,-0.2378832,oligodendrocytes,oligodendrocytes,19,Unknown
zeisel_c001938,8.888905,-0.5978662,oligodendrocytes,oligodendrocytes,19,Unknown
zeisel_c001939,13.5403,1.402799,oligodendrocytes,oligodendrocytes,7,oligodendrocytes
zeisel_c001940,11.8379,2.232125,oligodendrocytes,oligodendrocytes,18,oligodendrocytes
zeisel_c001941,12.0049,2.247389,oligodendrocytes,oligodendrocytes,18,oligodendrocytes
zeisel_c001942,13.06922,1.261889,oligodendrocytes,oligodendrocytes,18,oligodendrocytes
zeisel_c001943,11.55864,2.432214,oligodendrocytes,oligodendrocytes,18,oligodendrocytes
zeisel_c001944,15.42746,4.689314,oligodendrocytes,oligodendrocytes,8,microglia
zeisel_c001945,12.21049,1.849958,oligodendrocytes,oligodendrocytes,18,oligodendrocytes
zeisel_c001946,12.39597,1.853475,oligodendrocytes,oligodendrocytes,18,oligodendrocytes
zeisel_c001947,9.730411,3.598151,oligodendrocytes,oligodendrocytes,5,Unknown
zeisel_c001948,15.45784,4.691953,oligodendrocytes,oligodendrocytes,8,microglia
zeisel_c001949,13.77682,0.5948167,oligodendrocytes,oligodendrocytes,7,oligodendrocytes
zeisel_c001950,12.0387,2.014896,oligodendrocytes,oligodendrocytes,18,oligodendrocytes
zeisel_c001951,10.25766,3.418242,oligodendrocytes,oligodendrocytes,5,Unknown
zeisel_c001952,11.94739,1.893037,oligodendrocytes,oligodendrocytes,18,oligodendrocytes
zeisel_c001953,13.49267,0.7460844,oligodendrocytes,oligodendrocytes,7,oligodendrocytes
zeisel_c001954,12.15815,1.413238,oligodendrocytes,oligodendrocytes,18,oligodendrocytes
zeisel_c001955,12.04682,1.639635,oligodendrocytes,oligodendrocytes,18,oligodendrocytes
zeisel_c001956,12.29599,2.326057,oligodendrocytes,oligodendrocytes,18,oligodendrocytes
zeisel_c001957,12.62581,1.713766,oligodendrocytes,oligodendrocytes,18,oligodendrocytes
zeisel_c001958,12.12655,1.603628,oligodendrocytes,oligodendrocytes,18,oligodendrocytes
zeisel_c001959,12.98392,4.449881,oligodendrocytes,oligodendrocytes,17,Unknown
zeisel_c001960,12.02023,1.283638,oligodendrocytes,oligodendrocytes,18,oligodendrocytes
zeisel_c001961,13.19201,1.743878,oligodendrocytes,oligodendrocytes,7,oligodendrocytes
zeisel_c001962,8.738025,-0.6406515,oligodendrocytes,oligodendrocytes,19,Unknown
zeisel_c001963,11.04214,0.4192043,oligodendrocytes,oligodendrocytes,18,oligodendrocytes
zeisel_c001964,11.72014,1.744096,oligodendrocytes,oligodendrocytes,18,oligodendrocytes
zeisel_c001965,14.29053,1.161854,oligodendrocytes,oligodendrocytes,7,oligodendrocytes
zeisel_c001966,10.44237,-1.248269,oligodendrocytes,oligodendrocytes,15,microglia
zeisel_c001967,12.1672,1.492455,oligodendrocytes,oligodendrocytes,18,oligodendrocytes
zeisel_c001968,12.46508,1.433627,oligodendrocytes,oligodendrocytes,18,oligodendrocytes
zeisel_c001969,12.28212,1.94589,oligodendrocytes,oligodendrocytes,18,oligodendrocytes
zeisel_c001970,13.48706,1.529303,oligodendrocytes,oligodendrocytes,7,oligodendrocytes
zeisel_c001971,9.401854,3.39075,oligodendrocytes,oligodendrocytes,5,Unknown
zeisel_c001972,14.51992,1.840389,oligodendrocytes,oligodendrocytes,7,oligodendrocytes
zeisel_c001973,12.58534,1.310389,oligodendrocytes,oligodendrocytes,18,oligodendrocytes
zeisel_c001974,13.67659,1.613996,oligodendrocytes,oligodendrocytes,7,oligodendrocytes
zeisel_c001975,12.20425,1.349997,oligodendrocytes,oligodendrocytes,18,oligodendrocytes
zeisel_c001976,11.85751,1.981833,oligodendrocytes,oligodendrocytes,18,oligodendrocytes
zeisel_c001977,9.442984,-0.2514626,oligodendrocytes,oligodendrocytes,19,Unknown
zeisel_c001978,12.56634,1.021121,oligodendrocytes,oligodendrocytes,18,oligodendrocytes
zeisel_c001979,12.5828,2.256949,oligodendrocytes,oligodendrocytes,18,oligodendrocytes
zeisel_c001980,13.00067,1.578301,oligodendrocytes,oligodendrocytes,18,oligodendrocytes
zeisel_c001981,12.30474,1.132879,oligodendrocytes,oligodendrocytes,18,oligodendrocytes
zeisel_c001982,12.72125,1.606004,oligodendrocytes,oligodendrocytes,18,oligodendrocytes
zeisel_c001983,12.10979,1.661614,oligodendrocytes,oligodendrocytes,18,oligodendrocytes
zeisel_c001984,11.91439,0.7621445,oligodendrocytes,oligodendrocytes,18,oligodendrocytes
zeisel_c001985,15.12765,1.821561,oligodendrocytes,oligodendrocytes,7,oligodendrocytes
zeisel_c001986,13.59323,2.524833,oligodendrocytes,oligodendrocytes,7,oligodendrocytes
zeisel_c001987,11.71339,0.2255275,oligodendrocytes,oligodendrocytes,18,oligodendrocytes
zeisel_c001988,12.1463,2.508208,oligodendrocytes,oligodendrocytes,18,oligodendrocytes
zeisel_c001989,8.782173,-0.8667414,oligodendrocytes,oligodendrocytes,19,Unknown
zeisel_c001990,10.79283,3.294262,oligodendrocytes,oligodendrocytes,5,Unknown
zeisel_c001991,10.20871,3.541415,oligodendrocytes,oligodendrocytes,5,Unknown
zeisel_c001992,15.11428,4.625986,oligodendrocytes,oligodendrocytes,8,microglia
zeisel_c001993,11.79164,0.8790001,oligodendrocytes,oligodendrocytes,18,oligodendrocytes
zeisel_c001994,8.670704,-0.9540738,oligodendrocytes,oligodendrocytes,19,Unknown
zeisel_c001995,14.57762,1.926974,oligodendrocytes,oligodendrocytes,7,oligodendrocytes
zeisel_c001996,12.33558,1.563901,oligodendrocytes,oligodendrocytes,18,oligodendrocytes
zeisel_c001997,12.01358,1.976349,oligodendrocytes,oligodendrocytes,18,oligodendrocytes
zeisel_c001998,11.37522,2.313643,oligodendrocytes,oligodendrocytes,18,oligodendrocytes
zeisel_c001999,8.378209,-0.9296863,oligodendrocytes,oligodendrocytes,19,Unknown
zeisel_c002000,12.21245,0.7100399,oligodendrocytes,oligodendrocytes,18,oligodendrocytes
zeisel_c002001,12.94606,2.920771,oligodendrocytes,oligodendrocytes,18,oligodendrocytes
zeisel_c002002,15.12235,1.560468,oligodendrocytes,oligodendrocytes,7,oligodendrocytes
zeisel_c002003,14.53869,1.734379,oligodendrocytes,oligodendrocytes,7,oligodendrocytes
zeisel_c002004,12.65913,2.116572,oligodendrocytes,oligodendrocytes,18,oligodendrocytes
zeisel_c002005,13.70119,0.7658262,oligodendrocytes,oligodendrocytes,7,oligodendrocytes
zeisel_c002006,6.521628,-0.1946861,oligodendrocytes,oligodendrocytes,14,endothelial-mural
zeisel_c002007,12.4455,-0.8519471,oligodendrocytes,oligodendrocytes,2,oligodendrocytes
zeisel_c002008,12.16251,0.6674796,oligodendrocytes,oligodendrocytes,18,oligodendrocytes
zeisel_c002009,11.80425,0.6371852,oligodendrocytes,oligodendrocytes,18,oligodendrocytes
zeisel_c002010,13.94554,1.532503,oligodendrocytes,oligodendrocytes,7,oligodendrocytes
zeisel_c002011,12.58169,2.195943,oligodendrocytes,oligodendrocytes,18,oligodendrocytes
zeisel_c002012,13.00606,2.129117,oligodendrocytes,oligodendrocytes,18,oligodendrocytes
zeisel_c002013,12.79664,1.573909,oligodendrocytes,oligodendrocytes,18,oligodendrocytes
zeisel_c002014,13.96734,1.44152,oligodendrocytes,oligodendrocytes,7,oligodendrocytes
zeisel_c002015,13.71791,1.431617,oligodendrocytes,oligodendrocytes,7,oligodendrocytes
zeisel_c002016,13.5389,1.74051,oligodendrocytes,oligodendrocytes,7,oligodendrocytes
zeisel_c002017,12.30531,0.863822,oligodendrocytes,oligodendrocytes,18,oligodendrocytes
zeisel_c002018,12.86906,2.279383,oligodendrocytes,oligodendrocytes,18,oligodendrocytes
zeisel_c002019,13.04206,2.678198,oligodendrocytes,oligodendrocytes,18,oligodendrocytes
zeisel_c002020,10.60362,3.286483,oligodendrocytes,oligodendrocytes,5,Unknown
zeisel_c002021,8.601588,-0.8873937,oligodendrocytes,oligodendrocytes,19,Unknown
zeisel_c002022,12.23904,1.458279,oligodendrocytes,oligodendrocytes,18,oligodendrocytes
zeisel_c002023,11.73294,0.488431,oligodendrocytes,oligodendrocytes,18,oligodendrocytes
zeisel_c002024,11.68779,0.3395725,oligodendrocytes,oligodendrocytes,18,oligodendrocytes
zeisel_c002025,9.86187,3.768105,oligodendrocytes,oligodendrocytes,5,Unknown
zeisel_c002026,12.63284,2.326266,oligodendrocytes,oligodendrocytes,18,oligodendrocytes
zeisel_c002027,8.768793,-0.7208254,oligodendrocytes,oligodendrocytes,19,Unknown
zeisel_c002028,14.83031,1.422105,oligodendrocytes,oligodendrocytes,7,oligodendrocytes
zeisel_c002029,14.33722,1.110727,oligodendrocytes,oligodendrocytes,7,oligodendrocytes
zeisel_c002030,14.06062,1.853796,oligodendrocytes,oligodendrocytes,7,oligodendrocytes
zeisel_c002031,10.85366,3.144337,oligodendrocytes,oligodendrocytes,5,Unknown
zeisel_c002032,13.18906,4.753401,oligodendrocytes,oligodendrocytes,17,Unknown
zeisel_c002033,10.10325,1.356515,oligodendrocytes,oligodendrocytes,16,Unknown
zeisel_c002034,14.35002,1.639416,oligodendrocytes,oligodendrocytes,7,oligodendrocytes
zeisel_c002035,13.56279,1.705101,oligodendrocytes,oligodendrocytes,7,oligodendrocytes
zeisel_c002036,10.25389,-1.474455,oligodendrocytes,oligodendrocytes,15,microglia
zeisel_c002037,9.899031,3.615178,oligodendrocytes,oligodendrocytes,5,Unknown
zeisel_c002038,14.82831,4.685029,oligodendrocytes,oligodendrocytes,8,microglia
zeisel_c002039,10.49634,1.006672,oligodendrocytes,oligodendrocytes,16,Unknown
zeisel_c002040,14.57207,1.816801,oligodendrocytes,oligodendrocytes,7,oligodendrocytes
zeisel_c002041,16.3355,5.319141,oligodendrocytes,oligodendrocytes,8,microglia
zeisel_c002042,9.283556,1.080071,oligodendrocytes,oligodendrocytes,16,Unknown
zeisel_c002043,10.57996,3.193606,oligodendrocytes,oligodendrocytes,5,Unknown
zeisel_c002044,14.14258,-0.2971171,oligodendrocytes,oligodendrocytes,18,oligodendrocytes
zeisel_c002045,9.412475,3.354051,oligodendrocytes,oligodendrocytes,5,Unknown
zeisel_c002046,11.92444,-0.06774241,oligodendrocytes,oligodendrocytes,18,oligodendrocytes
zeisel_c002047,14.99378,1.58146,oligodendrocytes,oligodendrocytes,7,oligodendrocytes
zeisel_c002048,13.21795,1.259072,oligodendrocytes,oligodendrocytes,18,oligodendrocytes
zeisel_c002049,8.7749,-0.7739902,oligodendrocytes,oligodendrocytes,19,Unknown
zeisel_c002050,15.17962,4.427018,oligodendrocytes,oligodendrocytes,8,microglia
zeisel_c002051,9.40941,0.9657517,oligodendrocytes,oligodendrocytes,16,Unknown
zeisel_c002052,11.75547,3.119771,oligodendrocytes,oligodendrocytes,18,oligodendrocytes
zeisel_c002053,13.05699,2.396383,oligodendrocytes,oligodendrocytes,18,oligodendrocytes
zeisel_c002054,12.82761,2.125359,oligodendrocytes,oligodendrocytes,18,oligodendrocytes
zeisel_c002055,10.24265,-1.417637,oligodendrocytes,oligodendrocytes,15,microglia
zeisel_c002056,14.68538,5.236008,oligodendrocytes,oligodendrocytes,8,microglia
zeisel_c002057,9.665759,3.305941,oligodendrocytes,oligodendrocytes,5,Unknown
zeisel_c002058,9.197758,3.201421,oligodendrocytes,oligodendrocytes,5,Unknown
zeisel_c002059,9.198218,3.211231,oligodendrocytes,oligodendrocytes,5,Unknown
zeisel_c002060,13.16016,2.143666,oligodendrocytes,oligodendrocytes,18,oligodendrocytes
zeisel_c002061,13.77283,2.282015,oligodendrocytes,oligodendrocytes,7,oligodendrocytes
zeisel_c002062,13.98129,1.661836,oligodendrocytes,oligodendrocytes,7,oligodendrocytes
zeisel_c002063,8.404996,0.1849054,oligodendrocytes,oligodendrocytes,19,Unknown
zeisel_c002064,10.18402,3.281569,oligodendrocytes,oligodendrocytes,5,Unknown
zeisel_c002065,14.44363,1.880465,oligodendrocytes,oligodendrocytes,7,oligodendrocytes
zeisel_c002066,12.63023,-2.115217,oligodendrocytes,oligodendrocytes,2,oligodendrocytes
zeisel_c002067,13.36572,2.450147,oligodendrocytes,oligodendrocytes,18,oligodendrocytes
zeisel_c002068,14.48997,0.7823964,oligodendrocytes,oligodendrocytes,7,oligodendrocytes
zeisel_c002069,12.42815,1.144566,oligodendrocytes,oligodendrocytes,18,oligodendrocytes
zeisel_c002070,10.32653,3.441779,oligodendrocytes,oligodendrocytes,5,Unknown
zeisel_c002071,12.87543,3.066254,oligodendrocytes,oligodendrocytes,18,oligodendrocytes
zeisel_c002072,15.07218,4.497235,oligodendrocytes,oligodendrocytes,8,microglia
zeisel_c002073,11.14221,3.434561,oligodendrocytes,oligodendrocytes,5,Unknown
zeisel_c002074,9.865587,1.121207,oligodendrocytes,oligodendrocytes,16,Unknown
zeisel_c002075,15.04528,1.249954,oligodendrocytes,oligodendrocytes,7,oligodendrocytes
zeisel_c002076,12.15068,2.95636,oligodendrocytes,oligodendrocytes,18,oligodendrocytes
zeisel_c002077,13.88706,2.188788,oligodendrocytes,oligodendrocytes,7,oligodendrocytes
zeisel_c002078,8.574422,0.3513997,oligodendrocytes,oligodendrocytes,19,Unknown
zeisel_c002079,12.81411,2.934878,oligodendrocytes,oligodendrocytes,18,oligodendrocytes
zeisel_c002080,12.46917,2.277333,oligodendrocytes,oligodendrocytes,18,oligodendrocytes
zeisel_c002081,15.22464,1.196491,oligodendrocytes,oligodendrocytes,7,oligodendrocytes
zeisel_c002082,12.54696,2.872259,oligodendrocytes,oligodendrocytes,18,oligodendrocytes
zeisel_c002083,8.937446,0.3421392,oligodendrocytes,oligodendrocytes,19,Unknown
zeisel_c002084,8.082512,-0.4316692,oligodendrocytes,oligodendrocytes,19,Unknown
zeisel_c002085,13.41789,2.756725,oligodendrocytes,oligodendrocytes,18,oligodendrocytes
zeisel_c002086,8.939474,-0.2311754,oligodendrocytes,oligodendrocytes,19,Unknown
zeisel_c002087,12.73788,3.125541,oligodendrocytes,oligodendrocytes,18,oligodendrocytes
zeisel_c002088,8.612857,0.1875603,oligodendrocytes,oligodendrocytes,19,Unknown
zeisel_c002089,13.08473,2.937044,oligodendrocytes,oligodendrocytes,18,oligodendrocytes
zeisel_c002090,8.745046,0.3144876,oligodendrocytes,oligodendrocytes,19,Unknown
zeisel_c002091,10.0128,2.28982,oligodendrocytes,oligodendrocytes,5,Unknown
zeisel_c002092,15.0911,1.455354,oligodendrocytes,oligodendrocytes,7,oligodendrocytes
zeisel_c002093,13.6481,1.828896,oligodendrocytes,oligodendrocytes,7,oligodendrocytes
zeisel_c002094,14.70687,0.5494899,oligodendrocytes,oligodendrocytes,7,oligodendrocytes
zeisel_c002095,13.41756,2.018087,oligodendrocytes,oligodendrocytes,7,oligodendrocytes
zeisel_c002096,10.25916,3.414795,oligodendrocytes,oligodendrocytes,5,Unknown
zeisel_c002097,10.64889,3.446393,oligodendrocytes,oligodendrocytes,5,Unknown
zeisel_c002098,10.47176,2.877443,oligodendrocytes,oligodendrocytes,5,Unknown
zeisel_c002099,12.54732,3.388856,oligodendrocytes,oligodendrocytes,18,oligodendrocytes
zeisel_c002100,8.518495,0.3238806,oligodendrocytes,oligodendrocytes,19,Unknown
zeisel_c002101,14.35167,0.4315295,oligodendrocytes,oligodendrocytes,7,oligodendrocytes
zeisel_c002102,13.75749,1.679826,oligodendrocytes,oligodendrocytes,7,oligodendrocytes
zeisel_c002103,12.88419,3.49491,oligodendrocytes,oligodendrocytes,18,oligodendrocytes
zeisel_c002104,8.924021,1.199465,oligodendrocytes,oligodendrocytes,16,Unknown
zeisel_c002105,12.00384,1.650289,oligodendrocytes,oligodendrocytes,18,oligodendrocytes
zeisel_c002106,13.00186,1.191015,oligodendrocytes,oligodendrocytes,18,oligodendrocytes
zeisel_c002107,10.357,1.460867,oligodendrocytes,oligodendrocytes,12,pyramidal
zeisel_c002108,12.76287,3.411826,oligodendrocytes,oligodendrocytes,18,oligodendrocytes
zeisel_c002109,12.64622,3.401368,oligodendrocytes,oligodendrocytes,18,oligodendrocytes
zeisel_c002110,12.66077,3.743315,oligodendrocytes,oligodendrocytes,18,oligodendrocytes
zeisel_c002111,11.24608,3.602594,oligodendrocytes,oligodendrocytes,5,Unknown
zeisel_c002112,12.84937,2.915359,oligodendrocytes,oligodendrocytes,18,oligodendrocytes
zeisel_c002113,12.51822,4.557522,oligodendrocytes,oligodendrocytes,17,Unknown
zeisel_c002114,12.57569,3.958794,oligodendrocytes,oligodendrocytes,18,oligodendrocytes
zeisel_c002115,10.7926,3.574291,oligodendrocytes,oligodendrocytes,5,Unknown
zeisel_c002116,12.7923,3.595083,oligodendrocytes,oligodendrocytes,18,oligodendrocytes
zeisel_c002117,11.42508,2.369426,oligodendrocytes,oligodendrocytes,18,oligodendrocytes
zeisel_c002118,12.69174,3.948276,oligodendrocytes,oligodendrocytes,18,oligodendrocytes
zeisel_c002119,15.02725,4.575435,oligodendrocytes,oligodendrocytes,8,microglia
zeisel_c002120,12.60061,4.883607,oligodendrocytes,oligodendrocytes,17,Unknown
zeisel_c002121,11.72996,3.562093,oligodendrocytes,oligodendrocytes,18,oligodendrocytes
zeisel_c002122,13.97672,2.390454,oligodendrocytes,oligodendrocytes,7,oligodendrocytes
zeisel_c002123,11.52983,3.846065,oligodendrocytes,oligodendrocytes,18,oligodendrocytes
zeisel_c002124,12.50729,5.04528,oligodendrocytes,oligodendrocytes,17,Unknown
zeisel_c002125,12.50062,4.999753,oligodendrocytes,oligodendrocytes,17,Unknown
zeisel_c002126,12.46483,5.213028,oligodendrocytes,oligodendrocytes,17,Unknown
zeisel_c002127,12.61881,3.956917,oligodendrocytes,oligodendrocytes,18,oligodendrocytes
zeisel_c002128,12.62817,4.100098,oligodendrocytes,oligodendrocytes,18,oligodendrocytes
zeisel_c002129,12.41868,3.747993,oligodendrocytes,oligodendrocytes,18,oligodendrocytes
zeisel_c002130,13.07863,3.365341,oligodendrocytes,oligodendrocytes,18,oligodendrocytes
zeisel_c002131,10.00566,0.8498217,oligodendrocytes,oligodendrocytes,16,Unknown
zeisel_c002132,12.46881,4.965956,oligodendrocytes,oligodendrocytes,17,Unknown
zeisel_c002133,9.836565,3.343779,oligodendrocytes,oligodendrocytes,5,Unknown
zeisel_c002134,13.20981,2.810566,oligodendrocytes,oligodendrocytes,18,oligodendrocytes
zeisel_c002135,10.76118,1.633272,oligodendrocytes,oligodendrocytes,16,Unknown
zeisel_c002136,12.02931,3.78198,oligodendrocytes,oligodendrocytes,18,oligodendrocytes
zeisel_c002137,12.68074,3.873544,oligodendrocytes,oligodendrocytes,18,oligodendrocytes
zeisel_c002138,9.473748,3.119728,oligodendrocytes,oligodendrocytes,5,Unknown
zeisel_c002139,15.40014,4.333297,oligodendrocytes,oligodendrocytes,8,microglia
zeisel_c002140,15.04264,4.595447,oligodendrocytes,oligodendrocytes,8,microglia
zeisel_c002141,10.54967,3.678201,oligodendrocytes,oligodendrocytes,5,Unknown
zeisel_c002142,12.61546,3.871958,oligodendrocytes,oligodendrocytes,18,oligodendrocytes
zeisel_c002143,10.19549,1.292423,oligodendrocytes,oligodendrocytes,16,Unknown
zeisel_c002144,11.91461,3.899938,oligodendrocytes,oligodendrocytes,18,oligodendrocytes
zeisel_c002145,12.43144,3.709389,oligodendrocytes,oligodendrocytes,18,oligodendrocytes
zeisel_c002146,14.52839,4.917739,oligodendrocytes,oligodendrocytes,8,microglia
zeisel_c002147,8.529189,0.2030993,oligodendrocytes,oligodendrocytes,19,Unknown
zeisel_c002148,12.75939,3.370405,oligodendrocytes,oligodendrocytes,18,oligodendrocytes
zeisel_c002149,12.62264,1.197562,oligodendrocytes,oligodendrocytes,18,oligodendrocytes
zeisel_c002150,13.14664,1.983344,oligodendrocytes,oligodendrocytes,18,oligodendrocytes
zeisel_c002151,14.91386,0.8485692,oligodendrocytes,oligodendrocytes,7,oligodendrocytes
zeisel_c002152,14.50443,2.169947,oligodendrocytes,oligodendrocytes,7,oligodendrocytes
zeisel_c002153,10.10406,2.611835,oligodendrocytes,oligodendrocytes,5,Unknown
zeisel_c002154,12.6842,1.990999,oligodendrocytes,oligodendrocytes,18,oligodendrocytes
zeisel_c002155,14.42787,1.185384,oligodendrocytes,oligodendrocytes,7,oligodendrocytes
zeisel_c002156,13.48477,2.658054,oligodendrocytes,oligodendrocytes,18,oligodendrocytes
zeisel_c002157,8.656464,-0.8876874,oligodendrocytes,oligodendrocytes,19,Unknown
zeisel_c002158,10.8439,2.876494,oligodendrocytes,oligodendrocytes,5,Unknown
zeisel_c002159,8.622268,0.1728472,oligodendrocytes,oligodendrocytes,19,Unknown
zeisel_c002160,12.40326,3.019815,oligodendrocytes,oligodendrocytes,18,oligodendrocytes
zeisel_c002161,12.56497,0.4352872,oligodendrocytes,oligodendrocytes,18,oligodendrocytes
zeisel_c002162,12.67856,3.217037,oligodendrocytes,oligodendrocytes,18,oligodendrocytes
zeisel_c002163,12.63665,3.350611,oligodendrocytes,oligodendrocytes,18,oligodendrocytes
zeisel_c002164,13.27886,2.074527,oligodendrocytes,oligodendrocytes,18,oligodendrocytes
zeisel_c002165,12.95973,2.4375,oligodendrocytes,oligodendrocytes,18,oligodendrocytes
zeisel_c002166,12.04,1.341935,oligodendrocytes,oligodendrocytes,18,oligodendrocytes
zeisel_c002167,13.54904,2.495583,oligodendrocytes,oligodendrocytes,18,oligodendrocytes
zeisel_c002168,15.28089,1.29203,oligodendrocytes,oligodendrocytes,7,oligodendrocytes
zeisel_c002169,12.54161,2.902276,oligodendrocytes,oligodendrocytes,18,oligodendrocytes
zeisel_c002170,14.00604,0.6526078,oligodendrocytes,oligodendrocytes,7,oligodendrocytes
zeisel_c002171,13.84794,1.674012,oligodendrocytes,oligodendrocytes,7,oligodendrocytes
zeisel_c002172,14.3022,1.494812,oligodendrocytes,oligodendrocytes,7,oligodendrocytes
zeisel_c002173,12.78602,1.302739,oligodendrocytes,oligodendrocytes,18,oligodendrocytes
zeisel_c002174,12.31462,3.107525,oligodendrocytes,oligodendrocytes,18,oligodendrocytes
zeisel_c002175,14.28212,2.399683,oligodendrocytes,oligodendrocytes,7,oligodendrocytes
zeisel_c002176,12.90523,0.9424382,oligodendrocytes,oligodendrocytes,18,oligodendrocytes
zeisel_c002177,12.92285,2.992384,oligodendrocytes,oligodendrocytes,18,oligodendrocytes
zeisel_c002178,15.68514,4.677745,oligodendrocytes,oligodendrocytes,8,microglia
zeisel_c002179,10.52301,3.555022,oligodendrocytes,oligodendrocytes,5,Unknown
zeisel_c002180,13.32474,0.7442282,oligodendrocytes,oligodendrocytes,7,oligodendrocytes
zeisel_c002181,13.70541,1.005403,oligodendrocytes,oligodendrocytes,7,oligodendrocytes
zeisel_c002182,10.65467,3.282667,oligodendrocytes,oligodendrocytes,5,Unknown
zeisel_c002183,12.76227,3.093601,oligodendrocytes,oligodendrocytes,18,oligodendrocytes
zeisel_c002184,14.30648,1.189232,oligodendrocytes,oligodendrocytes,7,oligodendrocytes
zeisel_c002185,13.10914,2.701204,oligodendrocytes,oligodendrocytes,18,oligodendrocytes
zeisel_c002186,12.42537,1.403196,oligodendrocytes,oligodendrocytes,18,oligodendrocytes
zeisel_c002187,13.58615,2.716653,oligodendrocytes,oligodendrocytes,7,oligodendrocytes
zeisel_c002188,14.55133,1.16911,oligodendrocytes,oligodendrocytes,7,oligodendrocytes
zeisel_c002189,13.655,2.137274,oligodendrocytes,oligodendrocytes,7,oligodendrocytes
zeisel_c002190,8.279835,-0.5383274,oligodendrocytes,oligodendrocytes,19,Unknown
zeisel_c002191,15.18977,1.165388,oligodendrocytes,oligodendrocytes,7,oligodendrocytes
zeisel_c002192,15.19123,4.591565,oligodendrocytes,oligodendrocytes,8,microglia
zeisel_c002193,13.60546,2.239148,oligodendrocytes,oligodendrocytes,7,oligodendrocytes
zeisel_c002194,14.37648,2.127715,oligodendrocytes,oligodendrocytes,7,oligodendrocytes
zeisel_c002195,14.91821,1.961043,oligodendrocytes,oligodendrocytes,7,oligodendrocytes
zeisel_c002196,14.51776,1.227537,oligodendrocytes,oligodendrocytes,7,oligodendrocytes
zeisel_c002197,10.24904,-1.433512,oligodendrocytes,oligodendrocytes,15,microglia
zeisel_c002198,14.33035,1.258894,oligodendrocytes,oligodendrocytes,7,oligodendrocytes
zeisel_c002199,11.47253,-0.1976337,oligodendrocytes,oligodendrocytes,18,oligodendrocytes
zeisel_c002200,9.590484,0.2602288,oligodendrocytes,oligodendrocytes,19,Unknown
zeisel_c002201,12.49665,-2.216728,oligodendrocytes,oligodendrocytes,2,oligodendrocytes
zeisel_c002202,11.50574,-0.735711,oligodendrocytes,oligodendrocytes,2,oligodendrocytes
zeisel_c002203,14.93715,0.691527,oligodendrocytes,oligodendrocytes,7,oligodendrocytes
zeisel_c002204,14.78217,1.003341,oligodendrocytes,oligodendrocytes,7,oligodendrocytes
zeisel_c002205,4.774511,-1.833498,oligodendrocytes,oligodendrocytes,14,endothelial-mural
zeisel_c002206,4.657198,-2.227012,oligodendrocytes,oligodendrocytes,14,endothelial-mural
zeisel_c002207,15.06032,1.034165,oligodendrocytes,oligodendrocytes,7,oligodendrocytes
zeisel_c002208,15.11723,1.389355,oligodendrocytes,oligodendrocytes,7,oligodendrocytes
zeisel_c002209,14.58191,0.9781918,oligodendrocytes,oligodendrocytes,7,oligodendrocytes
zeisel_c002210,9.477848,2.240197,oligodendrocytes,oligodendrocytes,5,Unknown
zeisel_c002211,14.57372,0.7654187,oligodendrocytes,oligodendrocytes,7,oligodendrocytes
zeisel_c002212,13.40965,-0.04887193,oligodendrocytes,oligodendrocytes,2,oligodendrocytes
zeisel_c002213,10.19453,3.563844,oligodendrocytes,oligodendrocytes,5,Unknown
zeisel_c002214,13.88613,0.2227065,oligodendrocytes,oligodendrocytes,7,oligodendrocytes
zeisel_c002215,13.98198,2.006908,oligodendrocytes,oligodendrocytes,7,oligodendrocytes
zeisel_c002216,13.74226,1.193484,oligodendrocytes,oligodendrocytes,7,oligodendrocytes
zeisel_c002217,7.086088,-0.4079845,oligodendrocytes,oligodendrocytes,19,Unknown
zeisel_c002218,15.40898,4.428496,oligodendrocytes,oligodendrocytes,8,microglia
zeisel_c002219,12.16644,-1.01919,oligodendrocytes,oligodendrocytes,2,oligodendrocytes
zeisel_c002220,11.94001,-0.8054719,oligodendrocytes,oligodendrocytes,2,oligodendrocytes
zeisel_c002221,13.09481,2.080595,oligodendrocytes,oligodendrocytes,18,oligodendrocytes
zeisel_c002222,8.335546,-0.6301369,oligodendrocytes,oligodendrocytes,19,Unknown
zeisel_c002223,14.84565,0.5031403,oligodendrocytes,oligodendrocytes,7,oligodendrocytes
zeisel_c002224,13.52034,-0.3657168,oligodendrocytes,oligodendrocytes,2,oligodendrocytes
zeisel_c002225,12.07443,-2.345389,oligodendrocytes,oligodendrocytes,2,oligodendrocytes
zeisel_c002226,13.22561,-0.5656002,oligodendrocytes,oligodendrocytes,2,oligodendrocytes
zeisel_c002227,14.77132,0.56994,oligodendrocytes,oligodendrocytes,7,oligodendrocytes
zeisel_c002228,12.72675,-2.322052,oligodendrocytes,oligodendrocytes,2,oligodendrocytes
zeisel_c002229,14.25537,0.8387554,oligodendrocytes,oligodendrocytes,7,oligodendrocytes
zeisel_c002230,13.04657,-0.8383628,oligodendrocytes,oligodendrocytes,2,oligodendrocytes
zeisel_c002231,13.21195,-2.142118,oligodendrocytes,oligodendrocytes,2,oligodendrocytes
zeisel_c002232,12.71229,-0.8944482,oligodendrocytes,oligodendrocytes,2,oligodendrocytes
zeisel_c002233,14.87709,0.1436047,oligodendrocytes,oligodendrocytes,7,oligodendrocytes
zeisel_c002234,9.938956,0.848913,oligodendrocytes,oligodendrocytes,16,Unknown
zeisel_c002235,13.05744,0.463778,oligodendrocytes,oligodendrocytes,18,oligodendrocytes
zeisel_c002236,10.33344,-1.448029,oligodendrocytes,oligodendrocytes,15,microglia
zeisel_c002237,13.37385,-0.7246922,oligodendrocytes,oligodendrocytes,2,oligodendrocytes
zeisel_c002238,12.65641,-2.150712,oligodendrocytes,oligodendrocytes,2,oligodendrocytes
zeisel_c002239,13.93884,0.7766879,oligodendrocytes,oligodendrocytes,7,oligodendrocytes
zeisel_c002240,9.902723,1.001366,oligodendrocytes,oligodendrocytes,16,Unknown
zeisel_c002241,12.34292,-1.426669,oligodendrocytes,oligodendrocytes,2,oligodendrocytes
zeisel_c002242,11.581,2.543487,oligodendrocytes,oligodendrocytes,18,oligodendrocytes
zeisel_c002243,14.97116,0.649829,oligodendrocytes,oligodendrocytes,7,oligodendrocytes
zeisel_c002244,10.18332,0.8028406,oligodendrocytes,oligodendrocytes,16,Unknown
zeisel_c002245,14.75459,1.01711,oligodendrocytes,oligodendrocytes,7,oligodendrocytes
zeisel_c002246,11.5173,1.430525,oligodendrocytes,oligodendrocytes,18,oligodendrocytes
zeisel_c002247,13.82537,1.098048,oligodendrocytes,oligodendrocytes,7,oligodendrocytes
zeisel_c002248,11.88581,-0.9687364,oligodendrocytes,oligodendrocytes,2,oligodendrocytes
zeisel_c002249,10.72014,3.250121,oligodendrocytes,oligodendrocytes,5,Unknown
zeisel_c002250,11.1629,1.953138,oligodendrocytes,oligodendrocytes,18,oligodendrocytes
zeisel_c002251,14.8744,0.2952614,oligodendrocytes,oligodendrocytes,7,oligodendrocytes
zeisel_c002252,12.26765,0.707962,oligodendrocytes,oligodendrocytes,18,oligodendrocytes
zeisel_c002253,12.26573,-1.775883,oligodendrocytes,oligodendrocytes,2,oligodendrocytes
zeisel_c002254,9.344027,-0.354232,oligodendrocytes,oligodendrocytes,19,Unknown
zeisel_c002255,13.04928,-0.5624517,oligodendrocytes,oligodendrocytes,2,oligodendrocytes
zeisel_c002256,12.88862,1.073812,oligodendrocytes,oligodendrocytes,18,oligodendrocytes
zeisel_c002257,11.68106,1.291137,oligodendrocytes,oligodendrocytes,18,oligodendrocytes
zeisel_c002258,15.27692,4.610835,oligodendrocytes,oligodendrocytes,8,microglia
zeisel_c002259,15.14235,4.61143,oligodendrocytes,oligodendrocytes,8,microglia
zeisel_c002260,12.07189,1.291516,oligodendrocytes,oligodendrocytes,18,oligodendrocytes
zeisel_c002261,10.45525,2.720423,oligodendrocytes,oligodendrocytes,5,Unknown
zeisel_c002262,11.5623,1.333531,oligodendrocytes,oligodendrocytes,18,oligodendrocytes
zeisel_c002263,13.05021,-0.3344349,oligodendrocytes,oligodendrocytes,2,oligodendrocytes
zeisel_c002264,10.13724,3.613122,oligodendrocytes,oligodendrocytes,5,Unknown
zeisel_c002265,10.81461,3.068641,oligodendrocytes,oligodendrocytes,5,Unknown
zeisel_c002266,12.23747,-1.299742,oligodendrocytes,oligodendrocytes,2,oligodendrocytes
zeisel_c002267,11.07549,2.713191,oligodendrocytes,oligodendrocytes,5,Unknown
zeisel_c002268,11.10569,2.688273,oligodendrocytes,oligodendrocytes,18,oligodendrocytes
zeisel_c002269,9.649161,4.168429,oligodendrocytes,oligodendrocytes,5,Unknown
zeisel_c002270,12.46041,-1.452227,oligodendrocytes,oligodendrocytes,2,oligodendrocytes
zeisel_c002271,10.0519,2.788246,oligodendrocytes,oligodendrocytes,5,Unknown
zeisel_c002272,11.59398,2.224704,oligodendrocytes,oligodendrocytes,18,oligodendrocytes
zeisel_c002273,11.21052,2.22197,oligodendrocytes,oligodendrocytes,18,oligodendrocytes
zeisel_c002274,13.16389,-0.4111033,oligodendrocytes,oligodendrocytes,2,oligodendrocytes
zeisel_c002275,6.245514,-2.673055,oligodendrocytes,oligodendrocytes,14,endothelial-mural
zeisel_c002276,6.9001,-2.47997,oligodendrocytes,oligodendrocytes,14,endothelial-mural
zeisel_c002277,15.39695,4.496969,oligodendrocytes,oligodendrocytes,8,microglia
zeisel_c002278,11.26698,1.804705,oligodendrocytes,oligodendrocytes,18,oligodendrocytes
zeisel_c002279,7.93631,-1.30019,oligodendrocytes,oligodendrocytes,19,Unknown
zeisel_c002280,10.52681,-1.154804,oligodendrocytes,oligodendrocytes,15,microglia
zeisel_c002281,9.217365,1.314677,oligodendrocytes,oligodendrocytes,16,Unknown
zeisel_c002282,11.99251,-2.461932,oligodendrocytes,oligodendrocytes,2,oligodendrocytes
zeisel_c002283,8.878191,-0.7919519,oligodendrocytes,oligodendrocytes,19,Unknown
zeisel_c002284,12.54632,-0.8596525,oligodendrocytes,oligodendrocytes,2,oligodendrocytes
zeisel_c002285,12.11551,-1.15362,oligodendrocytes,oligodendrocytes,2,oligodendrocytes
zeisel_c002286,12.29747,-1.126299,oligodendrocytes,oligodendrocytes,2,oligodendrocytes
zeisel_c002287,15.64415,4.581776,oligodendrocytes,oligodendrocytes,8,microglia
zeisel_c002288,12.02396,-0.9164938,oligodendrocytes,oligodendrocytes,2,oligodendrocytes
zeisel_c002289,8.335753,-1.233001,oligodendrocytes,oligodendrocytes,19,Unknown
zeisel_c002290,12.06772,-1.115495,oligodendrocytes,oligodendrocytes,2,oligodendrocytes
zeisel_c002291,12.33596,0.2448233,oligodendrocytes,oligodendrocytes,18,oligodendrocytes
zeisel_c002292,12.36319,-0.5571079,oligodendrocytes,oligodendrocytes,2,oligodendrocytes
zeisel_c002293,11.80381,-1.01466,oligodendrocytes,oligodendrocytes,2,oligodendrocytes
zeisel_c002294,12.1234,-1.057039,oligodendrocytes,oligodendrocytes,2,oligodendrocytes
zeisel_c002295,12.48677,-0.9611852,oligodendrocytes,oligodendrocytes,2,oligodendrocytes
zeisel_c002296,12.1048,-0.9561793,oligodendrocytes,oligodendrocytes,2,oligodendrocytes
zeisel_c002297,14.53021,1.434389,oligodendrocytes,oligodendrocytes,7,oligodendrocytes
zeisel_c002298,12.96387,-1.065968,oligodendrocytes,oligodendrocytes,2,oligodendrocytes
zeisel_c002299,10.49166,2.38385,oligodendrocytes,oligodendrocytes,5,Unknown
zeisel_c002300,11.67637,-0.9992921,oligodendrocytes,oligodendrocytes,2,oligodendrocytes
zeisel_c002301,11.87807,-0.9231873,oligodendrocytes,oligodendrocytes,2,oligodendrocytes
zeisel_c002302,5.682232,-0.2797208,oligodendrocytes,oligodendrocytes,14,endothelial-mural
zeisel_c002303,11.8649,-0.6468577,oligodendrocytes,oligodendrocytes,2,oligodendrocytes
zeisel_c002304,10.61804,2.232065,oligodendrocytes,oligodendrocytes,5,Unknown
zeisel_c002305,8.700668,-0.4193767,oligodendrocytes,oligodendrocytes,19,Unknown
zeisel_c002306,8.204291,-0.7686204,oligodendrocytes,oligodendrocytes,19,Unknown
zeisel_c002307,12.31785,-0.5979905,oligodendrocytes,oligodendrocytes,2,oligodendrocytes
zeisel_c002308,11.25968,0.2465151,oligodendrocytes,oligodendrocytes,18,oligodendrocytes
zeisel_c002309,12.26888,-1.106714,oligodendrocytes,oligodendrocytes,2,oligodendrocytes
zeisel_c002310,11.66918,-0.8862653,oligodendrocytes,oligodendrocytes,2,oligodendrocytes
zeisel_c002311,11.34927,-0.7107047,oligodendrocytes,oligodendrocytes,2,oligodendrocytes
zeisel_c002312,10.24342,-1.457579,oligodendrocytes,oligodendrocytes,15,microglia
zeisel_c002313,15.34536,4.509665,oligodendrocytes,oligodendrocytes,8,microglia
zeisel_c002314,11.12949,0.6300274,oligodendrocytes,oligodendrocytes,5,Unknown
zeisel_c002315,12.16109,-1.676975,oligodendrocytes,oligodendrocytes,2,oligodendrocytes
zeisel_c002316,11.61074,-0.9474111,oligodendrocytes,oligodendrocytes,2,oligodendrocytes
zeisel_c002317,9.547396,2.608681,oligodendrocytes,oligodendrocytes,5,Unknown
zeisel_c002318,12.02031,-0.9380545,oligodendrocytes,oligodendrocytes,2,oligodendrocytes
zeisel_c002319,11.88932,-0.8890082,oligodendrocytes,oligodendrocytes,2,oligodendrocytes
zeisel_c002320,10.06491,-1.558744,oligodendrocytes,oligodendrocytes,15,microglia
zeisel_c002321,11.54258,-0.9242222,oligodendrocytes,oligodendrocytes,2,oligodendrocytes
zeisel_c002322,12.20739,-1.161816,oligodendrocytes,oligodendrocytes,2,oligodendrocytes
zeisel_c002323,10.39233,2.296239,oligodendrocytes,oligodendrocytes,5,Unknown
zeisel_c002324,9.478592,2.50304,oligodendrocytes,oligodendrocytes,5,Unknown
zeisel_c002325,11.70779,-1.81001,oligodendrocytes,oligodendrocytes,2,oligodendrocytes
zeisel_c002326,11.65124,-2.225174,oligodendrocytes,oligodendrocytes,2,oligodendrocytes
zeisel_c002327,11.71393,-1.931446,oligodendrocytes,oligodendrocytes,2,oligodendrocytes
zeisel_c002328,11.59753,-1.042279,oligodendrocytes,oligodendrocytes,2,oligodendrocytes
zeisel_c002329,12.09804,-0.8674086,oligodendrocytes,oligodendrocytes,2,oligodendrocytes
zeisel_c002330,8.107021,-0.819082,oligodendrocytes,oligodendrocytes,19,Unknown
zeisel_c002331,11.58552,-1.608054,oligodendrocytes,oligodendrocytes,2,oligodendrocytes
zeisel_c002332,8.21985,-0.5703537,oligodendrocytes,oligodendrocytes,19,Unknown
zeisel_c002333,10.40967,2.086443,oligodendrocytes,oligodendrocytes,5,Unknown
zeisel_c002334,12.46146,-1.131079,oligodendrocytes,oligodendrocytes,2,oligodendrocytes
zeisel_c002335,11.72999,-0.944768,oligodendrocytes,oligodendrocytes,2,oligodendrocytes
zeisel_c002336,10.82856,-0.7751734,oligodendrocytes,oligodendrocytes,15,microglia
zeisel_c002337,13.13354,0.6243593,oligodendrocytes,oligodendrocytes,7,oligodendrocytes
zeisel_c002338,11.61983,-0.4231621,oligodendrocytes,oligodendrocytes,18,oligodendrocytes
zeisel_c002339,11.10361,0.3962609,oligodendrocytes,oligodendrocytes,18,oligodendrocytes
zeisel_c002340,11.91556,-2.751102,oligodendrocytes,oligodendrocytes,2,oligodendrocytes
zeisel_c002341,11.83511,-2.363745,oligodendrocytes,oligodendrocytes,2,oligodendrocytes
zeisel_c002342,10.76059,2.017716,oligodendrocytes,oligodendrocytes,5,Unknown
zeisel_c002343,12.99136,0.9439626,oligodendrocytes,oligodendrocytes,18,oligodendrocytes
zeisel_c002344,8.531283,0.05637877,oligodendrocytes,oligodendrocytes,19,Unknown
zeisel_c002345,12.45099,-1.363099,oligodendrocytes,oligodendrocytes,2,oligodendrocytes
zeisel_c002346,15.57388,4.452114,oligodendrocytes,oligodendrocytes,8,microglia
zeisel_c002347,13.95329,0.3171596,oligodendrocytes,oligodendrocytes,7,oligodendrocytes
zeisel_c002348,12.80547,0.8931466,oligodendrocytes,oligodendrocytes,18,oligodendrocytes
zeisel_c002349,9.667911,0.9834511,oligodendrocytes,oligodendrocytes,16,Unknown
zeisel_c002350,13.00422,1.795092,oligodendrocytes,oligodendrocytes,18,oligodendrocytes
zeisel_c002351,9.41308,0.2992584,oligodendrocytes,oligodendrocytes,19,Unknown
zeisel_c002352,13.99238,1.908708,oligodendrocytes,oligodendrocytes,7,oligodendrocytes
zeisel_c002353,8.545165,-0.2993537,oligodendrocytes,oligodendrocytes,19,Unknown
zeisel_c002354,10.15013,3.543556,oligodendrocytes,oligodendrocytes,5,Unknown
zeisel_c002355,12.98978,0.6057341,oligodendrocytes,oligodendrocytes,18,oligodendrocytes
zeisel_c002356,12.84467,1.65703,oligodendrocytes,oligodendrocytes,18,oligodendrocytes
zeisel_c002357,12.49475,2.527526,oligodendrocytes,oligodendrocytes,18,oligodendrocytes
zeisel_c002358,13.31141,2.300431,oligodendrocytes,oligodendrocytes,18,oligodendrocytes
zeisel_c002359,12.99955,1.557688,oligodendrocytes,oligodendrocytes,18,oligodendrocytes
zeisel_c002360,13.83148,0.9370676,oligodendrocytes,oligodendrocytes,7,oligodendrocytes
zeisel_c002361,13.19558,0.0984644,oligodendrocytes,oligodendrocytes,18,oligodendrocytes
zeisel_c002362,8.150965,-0.807646,oligodendrocytes,oligodendrocytes,19,Unknown
zeisel_c002363,13.21597,1.09565,oligodendrocytes,oligodendrocytes,18,oligodendrocytes
zeisel_c002364,9.652934,3.18656,oligodendrocytes,oligodendrocytes,5,Unknown
zeisel_c002365,10.36286,3.194868,oligodendrocytes,oligodendrocytes,5,Unknown
zeisel_c002366,9.983997,3.197198,oligodendrocytes,oligodendrocytes,5,Unknown
zeisel_c002367,9.862355,1.002945,oligodendrocytes,oligodendrocytes,16,Unknown
zeisel_c002368,13.29812,1.603937,oligodendrocytes,oligodendrocytes,18,oligodendrocytes
zeisel_c002369,8.868937,-0.4617026,oligodendrocytes,oligodendrocytes,19,Unknown
zeisel_c002370,12.40622,0.9044005,oligodendrocytes,oligodendrocytes,18,oligodendrocytes
zeisel_c002371,13.11866,1.421845,oligodendrocytes,oligodendrocytes,18,oligodendrocytes
zeisel_c002372,10.38344,-1.31541,oligodendrocytes,oligodendrocytes,15,microglia
zeisel_c002373,14.11984,1.980385,oligodendrocytes,oligodendrocytes,7,oligodendrocytes
zeisel_c002374,14.51024,1.948448,oligodendrocytes,oligodendrocytes,7,oligodendrocytes
zeisel_c002375,14.5631,2.131386,oligodendrocytes,oligodendrocytes,7,oligodendrocytes
zeisel_c002376,14.12809,1.537844,oligodendrocytes,oligodendrocytes,7,oligodendrocytes
zeisel_c002377,15.43824,4.75136,oligodendrocytes,oligodendrocytes,8,microglia
zeisel_c002378,10.3576,-1.380049,oligodendrocytes,oligodendrocytes,15,microglia
zeisel_c002379,13.05566,1.218515,oligodendrocytes,oligodendrocytes,18,oligodendrocytes
zeisel_c002380,8.622375,0.3051821,oligodendrocytes,oligodendrocytes,19,Unknown
zeisel_c002381,8.924282,0.2207724,oligodendrocytes,oligodendrocytes,19,Unknown
zeisel_c002382,12.56497,-2.246439,oligodendrocytes,oligodendrocytes,2,oligodendrocytes
zeisel_c002383,13.0988,0.9324829,oligodendrocytes,oligodendrocytes,18,oligodendrocytes
zeisel_c002384,12.34005,-0.4228565,oligodendrocytes,oligodendrocytes,2,oligodendrocytes
zeisel_c002385,13.16759,1.16843,oligodendrocytes,oligodendrocytes,18,oligodendrocytes
zeisel_c002386,5.999276,-0.3195823,oligodendrocytes,oligodendrocytes,14,endothelial-mural
zeisel_c002387,9.667645,-0.03305614,oligodendrocytes,oligodendrocytes,19,Unknown
zeisel_c002388,12.78089,-0.4095026,oligodendrocytes,oligodendrocytes,18,oligodendrocytes
zeisel_c002389,12.90818,0.4149051,oligodendrocytes,oligodendrocytes,18,oligodendrocytes
zeisel_c002390,11.0289,2.344739,oligodendrocytes,oligodendrocytes,18,oligodendrocytes
zeisel_c002391,12.79831,-0.6884331,oligodendrocytes,oligodendrocytes,2,oligodendrocytes
zeisel_c002392,12.01432,-1.35731,oligodendrocytes,oligodendrocytes,2,oligodendrocytes
zeisel_c002393,12.53903,-0.1737356,oligodendrocytes,oligodendrocytes,18,oligodendrocytes
zeisel_c002394,12.86799,0.07090124,oligodendrocytes,oligodendrocytes,18,oligodendrocytes
zeisel_c002395,12.11771,0.01594434,oligodendrocytes,oligodendrocytes,18,oligodendrocytes
zeisel_c002396,12.33798,0.8866152,oligodendrocytes,oligodendrocytes,18,oligodendrocytes
zeisel_c002397,12.41456,-0.9017985,oligodendrocytes,oligodendrocytes,2,oligodendrocytes
zeisel_c002398,12.82449,4.51759,oligodendrocytes,oligodendrocytes,17,Unknown
zeisel_c002399,12.19024,0.2807269,oligodendrocytes,oligodendrocytes,18,oligodendrocytes
zeisel_c002400,12.6405,0.1018656,oligodendrocytes,oligodendrocytes,18,oligodendrocytes
zeisel_c002401,12.40417,0.7524097,oligodendrocytes,oligodendrocytes,18,oligodendrocytes
zeisel_c002402,12.52384,0.271603,oligodendrocytes,oligodendrocytes,18,oligodendrocytes
zeisel_c002403,9.613176,1.106989,oligodendrocytes,oligodendrocytes,16,Unknown
zeisel_c002404,12.78791,-0.4308976,oligodendrocytes,oligodendrocytes,18,oligodendrocytes
zeisel_c002405,9.956813,-1.161917,oligodendrocytes,oligodendrocytes,15,microglia
zeisel_c002406,7.857669,-0.9250554,oligodendrocytes,oligodendrocytes,19,Unknown
zeisel_c002407,12.36551,0.5252317,oligodendrocytes,oligodendrocytes,18,oligodendrocytes
zeisel_c002408,11.35002,-0.3863824,oligodendrocytes,oligodendrocytes,18,oligodendrocytes
zeisel_c002409,12.5803,-0.4080188,oligodendrocytes,oligodendrocytes,18,oligodendrocytes
zeisel_c002410,11.81938,-0.2057612,oligodendrocytes,oligodendrocytes,18,oligodendrocytes
zeisel_c002411,9.812325,2.741881,oligodendrocytes,oligodendrocytes,5,Unknown
zeisel_c002412,7.968038,-1.102703,oligodendrocytes,oligodendrocytes,19,Unknown
zeisel_c002413,12.70012,-0.1809814,oligodendrocytes,oligodendrocytes,18,oligodendrocytes
zeisel_c002414,12.20382,0.2788594,oligodendrocytes,oligodendrocytes,18,oligodendrocytes
zeisel_c002415,12.88406,-0.1746577,oligodendrocytes,oligodendrocytes,18,oligodendrocytes
zeisel_c002416,7.506542,-0.9148818,oligodendrocytes,oligodendrocytes,19,Unknown
zeisel_c002417,10.16765,0.6425785,oligodendrocytes,oligodendrocytes,16,Unknown
zeisel_c002418,15.43274,4.864415,oligodendrocytes,oligodendrocytes,8,microglia
zeisel_c002419,12.15042,-0.4402358,oligodendrocytes,oligodendrocytes,18,oligodendrocytes
zeisel_c002420,11.71521,-0.5910898,oligodendrocytes,oligodendrocytes,18,oligodendrocytes
zeisel_c002421,7.974384,-1.199355,oligodendrocytes,oligodendrocytes,19,Unknown
zeisel_c002422,11.77388,-0.4566118,oligodendrocytes,oligodendrocytes,18,oligodendrocytes
zeisel_c002423,9.60081,0.8698757,oligodendrocytes,oligodendrocytes,16,Unknown
zeisel_c002424,10.08722,0.6185604,oligodendrocytes,oligodendrocytes,16,Unknown
zeisel_c002425,9.874743,0.8719435,oligodendrocytes,oligodendrocytes,16,Unknown
zeisel_c002426,11.76066,-0.6951073,oligodendrocytes,oligodendrocytes,18,oligodendrocytes
zeisel_c002427,8.637708,-0.4258783,oligodendrocytes,oligodendrocytes,19,Unknown
zeisel_c002428,11.72135,-0.3446508,oligodendrocytes,oligodendrocytes,18,oligodendrocytes
zeisel_c002429,15.34674,5.026949,oligodendrocytes,oligodendrocytes,8,microglia
zeisel_c002430,11.64873,0.8527874,oligodendrocytes,oligodendrocytes,18,oligodendrocytes
zeisel_c002431,11.42363,-0.09755482,oligodendrocytes,oligodendrocytes,18,oligodendrocytes
zeisel_c002432,11.64996,-0.422732,oligodendrocytes,oligodendrocytes,18,oligodendrocytes
zeisel_c002433,11.29792,-0.04582537,oligodendrocytes,oligodendrocytes,18,oligodendrocytes
zeisel_c002434,11.45514,-0.2943055,oligodendrocytes,oligodendrocytes,18,oligodendrocytes
zeisel_c002435,11.22768,0.1598335,oligodendrocytes,oligodendrocytes,18,oligodendrocytes
zeisel_c002436,11.10277,-0.3597268,oligodendrocytes,oligodendrocytes,18,oligodendrocytes
zeisel_c002437,11.69093,-0.02689323,oligodendrocytes,oligodendrocytes,18,oligodendrocytes
zeisel_c002438,11.53073,-0.2154927,oligodendrocytes,oligodendrocytes,18,oligodendrocytes
zeisel_c002439,11.05626,-0.270314,oligodendrocytes,oligodendrocytes,18,oligodendrocytes
zeisel_c002440,9.597631,0.8786992,oligodendrocytes,oligodendrocytes,16,Unknown
zeisel_c002441,8.446238,-1.162669,oligodendrocytes,oligodendrocytes,19,Unknown
zeisel_c002442,11.91136,0.2589972,oligodendrocytes,oligodendrocytes,18,oligodendrocytes
zeisel_c002443,11.54894,-0.2260523,oligodendrocytes,oligodendrocytes,18,oligodendrocytes
zeisel_c002444,11.33949,0.002495766,oligodendrocytes,oligodendrocytes,18,oligodendrocytes
zeisel_c002445,11.43453,-0.6024747,oligodendrocytes,oligodendrocytes,2,oligodendrocytes
zeisel_c002446,10.95623,-0.1029757,oligodendrocytes,oligodendrocytes,18,oligodendrocytes
zeisel_c002447,14.69678,0.9749547,oligodendrocytes,oligodendrocytes,7,oligodendrocytes
zeisel_c002448,9.131392,-2.642711,microglia,microglia,15,microglia
zeisel_c002449,15.93902,6.651537,microglia,microglia,8,microglia
zeisel_c002450,9.241555,-2.768604,microglia,microglia,15,microglia
zeisel_c002451,9.624875,-2.490056,microglia,microglia,15,microglia
zeisel_c002452,9.117964,-2.778234,microglia,microglia,15,microglia
zeisel_c002453,9.570425,-2.287456,microglia,microglia,15,microglia
zeisel_c002454,9.245412,-2.715223,microglia,microglia,15,microglia
zeisel_c002455,13.92478,6.807328,microglia,microglia,8,microglia
zeisel_c002456,8.164542,-2.262671,microglia,microglia,15,microglia
zeisel_c002457,9.086258,-2.433599,microglia,microglia,15,microglia
zeisel_c002458,9.402181,-2.279963,microglia,microglia,15,microglia
zeisel_c002459,9.407544,-2.584596,microglia,microglia,15,microglia
zeisel_c002460,9.021488,-2.531434,microglia,microglia,15,microglia
zeisel_c002461,14.45787,5.639104,microglia,microglia,8,microglia
zeisel_c002462,9.706089,-2.222459,microglia,microglia,15,microglia
zeisel_c002463,9.153613,-2.864964,microglia,microglia,15,microglia
zeisel_c002464,9.34587,-2.757363,microglia,microglia,15,microglia
zeisel_c002465,9.644859,-1.945041,microglia,microglia,15,microglia
zeisel_c002466,8.811288,-2.343641,microglia,microglia,15,microglia
zeisel_c002467,9.474586,-2.24917,microglia,microglia,15,microglia
zeisel_c002468,9.230673,-2.641972,microglia,microglia,15,microglia
zeisel_c002469,8.330805,-1.887093,microglia,microglia,15,microglia
zeisel_c002470,12.52636,5.254669,microglia,microglia,17,Unknown
zeisel_c002471,9.853103,-1.609209,microglia,microglia,15,microglia
zeisel_c002472,15.5369,6.759158,microglia,microglia,8,microglia
zeisel_c002473,16.47118,5.501759,microglia,microglia,8,microglia
zeisel_c002474,15.423,6.840463,microglia,microglia,8,microglia
zeisel_c002475,15.91035,6.592301,microglia,microglia,8,microglia
zeisel_c002476,15.50189,6.970517,microglia,microglia,8,microglia
zeisel_c002477,15.47565,6.521399,microglia,microglia,8,microglia
zeisel_c002478,14.24346,6.934013,microglia,microglia,8,microglia
zeisel_c002479,15.67825,6.972983,microglia,microglia,8,microglia
zeisel_c002480,15.76699,6.922012,microglia,microglia,8,microglia
zeisel_c002481,14.53643,5.94427,microglia,microglia,8,microglia
zeisel_c002482,15.52085,6.21496,microglia,microglia,8,microglia
zeisel_c002483,15.8013,6.696542,microglia,microglia,8,microglia
zeisel_c002484,16.24721,5.586264,microglia,microglia,8,microglia
zeisel_c002485,15.70205,6.586111,microglia,microglia,8,microglia
zeisel_c002486,14.9344,6.446295,microglia,microglia,8,microglia
zeisel_c002487,15.51863,6.462018,microglia,microglia,8,microglia
zeisel_c002488,15.56114,6.7979,microglia,microglia,8,microglia
zeisel_c002489,15.49537,6.836794,microglia,microglia,8,microglia
zeisel_c002490,14.79271,5.905545,microglia,microglia,8,microglia
zeisel_c002491,15.80584,6.563458,microglia,microglia,8,microglia
zeisel_c002492,15.00071,5.478945,microglia,microglia,8,microglia
zeisel_c002493,15.53909,6.343193,microglia,microglia,8,microglia
zeisel_c002494,16.22598,5.697781,microglia,microglia,8,microglia
zeisel_c002495,15.75582,5.941915,microglia,microglia,8,microglia
zeisel_c002496,15.0582,6.52516,microglia,microglia,8,microglia
zeisel_c002497,14.96212,5.933578,microglia,microglia,8,microglia
zeisel_c002498,14.51351,5.717603,microglia,microglia,8,microglia
zeisel_c002499,15.01924,6.155248,microglia,microglia,8,microglia
zeisel_c002500,15.23475,6.16989,microglia,microglia,8,microglia
zeisel_c002501,15.49478,7.025254,microglia,microglia,8,microglia
zeisel_c002502,15.23391,6.914835,microglia,microglia,8,microglia
zeisel_c002503,15.26926,6.803806,microglia,microglia,8,microglia
zeisel_c002504,14.98526,5.815308,microglia,microglia,8,microglia
zeisel_c002505,15.06412,6.667713,microglia,microglia,8,microglia
zeisel_c002506,15.08253,6.717657,microglia,microglia,8,microglia
zeisel_c002507,15.2141,6.916326,microglia,microglia,8,microglia
zeisel_c002508,15.4424,6.593629,microglia,microglia,8,microglia
zeisel_c002509,14.21213,6.988504,microglia,microglia,8,microglia
zeisel_c002510,14.33258,6.834977,microglia,microglia,8,microglia
zeisel_c002511,14.22527,6.882971,microglia,microglia,8,microglia
zeisel_c002512,15.40752,5.916944,microglia,microglia,8,microglia
zeisel_c002513,14.17769,6.948859,microglia,microglia,8,microglia
zeisel_c002514,15.28211,4.859057,microglia,microglia,8,microglia
zeisel_c002515,14.88941,6.381878,microglia,microglia,8,microglia
zeisel_c002516,15.03683,6.627883,microglia,microglia,8,microglia
zeisel_c002517,15.19542,6.405772,microglia,microglia,8,microglia
zeisel_c002518,15.1521,6.093104,microglia,microglia,8,microglia
zeisel_c002519,15.14777,6.831757,microglia,microglia,8,microglia
zeisel_c002520,15.16743,6.89613,microglia,microglia,8,microglia
zeisel_c002521,14.26705,5.633622,microglia,microglia,8,microglia
zeisel_c002522,15.77437,6.095754,microglia,microglia,8,microglia
zeisel_c002523,15.07279,5.934369,microglia,microglia,8,microglia
zeisel_c002524,15.39349,6.576332,microglia,microglia,8,microglia
zeisel_c002525,15.45684,6.148307,microglia,microglia,8,microglia
zeisel_c002526,14.69957,6.54183,microglia,microglia,8,microglia
zeisel_c002527,14.58705,6.060294,microglia,microglia,8,microglia
zeisel_c002528,15.48502,5.816127,microglia,microglia,8,microglia
zeisel_c002529,16.16114,5.650263,microglia,microglia,8,microglia
zeisel_c002530,14.83926,6.359517,microglia,microglia,8,microglia
zeisel_c002531,14.87891,6.201992,microglia,microglia,8,microglia
zeisel_c002532,14.90888,6.34721,microglia,microglia,8,microglia
zeisel_c002533,15.57955,6.46553,microglia,microglia,8,microglia
zeisel_c002534,16.4333,5.460462,microglia,microglia,8,microglia
zeisel_c002535,15.27929,5.532612,microglia,microglia,8,microglia
zeisel_c002536,14.53618,5.68373,microglia,microglia,8,microglia
zeisel_c002537,15.27358,5.809837,microglia,microglia,8,microglia
zeisel_c002538,16.48272,5.386714,microglia,microglia,8,microglia
zeisel_c002539,15.09892,6.182192,microglia,microglia,8,microglia
zeisel_c002540,14.82174,5.164226,microglia,microglia,8,microglia
zeisel_c002541,15.17544,6.196933,microglia,microglia,8,microglia
zeisel_c002542,14.17234,6.962126,microglia,microglia,8,microglia
zeisel_c002543,14.786,6.253022,microglia,microglia,8,microglia
zeisel_c002544,15.19009,5.976272,microglia,microglia,8,microglia
zeisel_c002545,14.41707,5.622602,microglia,microglia,8,microglia
zeisel_c002546,5.542164,-0.4026292,endothelial-mural,endothelial-mural,14,endothelial-mural
zeisel_c002547,5.335519,-0.2506356,endothelial-mural,endothelial-mural,14,endothelial-mural
zeisel_c002548,5.793808,-0.3284354,endothelial-mural,endothelial-mural,14,endothelial-mural
zeisel_c002549,5.534405,-0.3939634,endothelial-mural,endothelial-mural,14,endothelial-mural
zeisel_c002550,5.68513,-0.09647942,endothelial-mural,endothelial-mural,14,endothelial-mural
zeisel_c002551,6.161946,-0.5432346,endothelial-mural,endothelial-mural,14,endothelial-mural
zeisel_c002552,6.095321,-0.6244476,endothelial-mural,endothelial-mural,14,endothelial-mural
zeisel_c002553,5.777335,-0.4603125,endothelial-mural,endothelial-mural,14,endothelial-mural
zeisel_c002554,6.278614,-0.7600768,endothelial-mural,endothelial-mural,14,endothelial-mural
zeisel_c002555,7.030351,-1.970567,endothelial-mural,endothelial-mural,14,endothelial-mural
zeisel_c002556,6.526073,-1.196713,endothelial-mural,endothelial-mural,14,endothelial-mural
zeisel_c002557,6.294681,-1.272594,endothelial-mural,endothelial-mural,14,endothelial-mural
zeisel_c002558,6.176571,-0.9705047,endothelial-mural,endothelial-mural,14,endothelial-mural
zeisel_c002559,5.902421,-0.6433426,endothelial-mural,endothelial-mural,14,endothelial-mural
zeisel_c002560,5.957815,-0.878764,endothelial-mural,endothelial-mural,14,endothelial-mural
zeisel_c002561,5.623185,-0.2349521,endothelial-mural,endothelial-mural,14,endothelial-mural
zeisel_c002562,6.245904,-1.309465,endothelial-mural,endothelial-mural,14,endothelial-mural
zeisel_c002563,5.545795,-0.2258537,endothelial-mural,endothelial-mural,14,endothelial-mural
zeisel_c002564,5.39657,-0.07787529,endothelial-mural,endothelial-mural,14,endothelial-mural
zeisel_c002565,6.28839,-0.8204434,endothelial-mural,endothelial-mural,14,endothelial-mural
zeisel_c002566,5.458394,0.04526905,endothelial-mural,endothelial-mural,14,endothelial-mural
zeisel_c002567,5.798251,-2.17156,endothelial-mural,endothelial-mural,14,endothelial-mural
zeisel_c002568,5.954387,-1.468319,endothelial-mural,endothelial-mural,14,endothelial-mural
zeisel_c002569,5.14666,-0.1733687,endothelial-mural,endothelial-mural,14,endothelial-mural
zeisel_c002570,6.40856,-1.178127,endothelial-mural,endothelial-mural,14,endothelial-mural
zeisel_c002571,6.294158,-1.411459,endothelial-mural,endothelial-mural,14,endothelial-mural
zeisel_c002572,5.414143,-0.2024345,endothelial-mural,endothelial-mural,14,endothelial-mural
zeisel_c002573,6.553442,-1.177678,endothelial-mural,endothelial-mural,14,endothelial-mural
zeisel_c002574,6.668171,-0.570012,endothelial-mural,endothelial-mural,14,endothelial-mural
zeisel_c002575,7.112211,-2.116634,endothelial-mural,endothelial-mural,14,endothelial-mural
zeisel_c002576,6.817132,-1.760265,endothelial-mural,endothelial-mural,14,endothelial-mural
zeisel_c002577,6.30507,-3.009769,endothelial-mural,endothelial-mural,14,endothelial-mural
zeisel_c002578,6.9128,-2.639537,endothelial-mural,endothelial-mural,14,endothelial-mural
zeisel_c002579,6.555647,-2.858683,endothelial-mural,endothelial-mural,14,endothelial-mural
zeisel_c002580,7.063983,-2.081009,endothelial-mural,endothelial-mural,14,endothelial-mural
zeisel_c002581,6.976286,-2.267396,endothelial-mural,endothelial-mural,14,endothelial-mural
zeisel_c002582,6.943813,-2.480577,endothelial-mural,endothelial-mural,14,endothelial-mural
zeisel_c002583,6.889369,-2.241061,endothelial-mural,endothelial-mural,14,endothelial-mural
zeisel_c002584,6.868201,-1.871928,endothelial-mural,endothelial-mural,14,endothelial-mural
zeisel_c002585,6.797108,-0.8079403,endothelial-mural,endothelial-mural,14,endothelial-mural
zeisel_c002586,6.861936,-2.148622,endothelial-mural,endothelial-mural,14,endothelial-mural
zeisel_c002587,6.782259,-1.87909,endothelial-mural,endothelial-mural,14,endothelial-mural
zeisel_c002588,6.719393,-2.264694,endothelial-mural,endothelial-mural,14,endothelial-mural
zeisel_c002589,6.638488,-2.255929,endothelial-mural,endothelial-mural,14,endothelial-mural
zeisel_c002590,6.340417,-1.454059,endothelial-mural,endothelial-mural,14,endothelial-mural
zeisel_c002591,5.959391,-1.842686,endothelial-mural,endothelial-mural,14,endothelial-mural
zeisel_c002592,6.169989,-1.378897,endothelial-mural,endothelial-mural,14,endothelial-mural
zeisel_c002593,6.614871,-2.095957,endothelial-mural,endothelial-mural,14,endothelial-mural
zeisel_c002594,6.504749,-2.481082,endothelial-mural,endothelial-mural,14,endothelial-mural
zeisel_c002595,6.182417,-1.888696,endothelial-mural,endothelial-mural,14,endothelial-mural
zeisel_c002596,6.433001,-1.971818,endothelial-mural,endothelial-mural,14,endothelial-mural
zeisel_c002597,6.851864,-2.30037,endothelial-mural,endothelial-mural,14,endothelial-mural
zeisel_c002598,5.720093,-2.61333,endothelial-mural,endothelial-mural,14,endothelial-mural
zeisel_c002599,6.311033,-1.627204,endothelial-mural,endothelial-mural,14,endothelial-mural
zeisel_c002600,5.071919,-0.2632178,endothelial-mural,endothelial-mural,14,endothelial-mural
zeisel_c002601,6.503851,-2.663326,endothelial-mural,endothelial-mural,14,endothelial-mural
zeisel_c002602,6.495567,-2.202939,endothelial-mural,endothelial-mural,14,endothelial-mural
zeisel_c002603,6.247155,-2.378522,endothelial-mural,endothelial-mural,14,endothelial-mural
zeisel_c002604,6.010101,-1.927304,endothelial-mural,endothelial-mural,14,endothelial-mural
zeisel_c002605,5.267682,-1.91148,endothelial-mural,endothelial-mural,14,endothelial-mural
zeisel_c002606,5.640323,-2.098967,endothelial-mural,endothelial-mural,14,endothelial-mural
zeisel_c002607,5.701177,-2.147154,endothelial-mural,endothelial-mural,14,endothelial-mural
zeisel_c002608,5.98687,-1.842003,endothelial-mural,endothelial-mural,14,endothelial-mural
zeisel_c002609,5.889046,-2.249887,endothelial-mural,endothelial-mural,14,endothelial-mural
zeisel_c002610,6.28184,-2.066212,endothelial-mural,endothelial-mural,14,endothelial-mural
zeisel_c002611,5.431415,-2.188302,endothelial-mural,endothelial-mural,14,endothelial-mural
zeisel_c002612,5.685264,-2.083155,endothelial-mural,endothelial-mural,14,endothelial-mural
zeisel_c002613,6.011136,-2.353087,endothelial-mural,endothelial-mural,14,endothelial-mural
zeisel_c002614,5.851896,-2.234124,endothelial-mural,endothelial-mural,14,endothelial-mural
zeisel_c002615,5.813061,-2.18813,endothelial-mural,endothelial-mural,14,endothelial-mural
zeisel_c002616,5.112598,-2.052717,endothelial-mural,endothelial-mural,14,endothelial-mural
zeisel_c002617,5.945123,-2.28827,endothelial-mural,endothelial-mural,14,endothelial-mural
zeisel_c002618,6.533601,-1.299635,endothelial-mural,endothelial-mural,14,endothelial-mural
zeisel_c002619,6.418351,-1.896033,endothelial-mural,endothelial-mural,14,endothelial-mural
zeisel_c002620,6.036047,-2.137193,endothelial-mural,endothelial-mural,14,endothelial-mural
zeisel_c002621,6.156247,-2.231743,endothelial-mural,endothelial-mural,14,endothelial-mural
zeisel_c002622,6.419231,-2.571533,endothelial-mural,endothelial-mural,14,endothelial-mural
zeisel_c002623,5.975052,-2.154585,endothelial-mural,endothelial-mural,14,endothelial-mural
zeisel_c002624,5.578507,-2.285936,endothelial-mural,endothelial-mural,14,endothelial-mural
zeisel_c002625,6.081217,-2.136688,endothelial-mural,endothelial-mural,14,endothelial-mural
zeisel_c002626,5.586274,-2.134525,endothelial-mural,endothelial-mural,14,endothelial-mural
zeisel_c002627,6.391308,-1.388904,endothelial-mural,endothelial-mural,14,endothelial-mural
zeisel_c002628,6.531143,-0.4899949,endothelial-mural,endothelial-mural,14,endothelial-mural
zeisel_c002629,5.357885,-0.7091517,endothelial-mural,endothelial-mural,14,endothelial-mural
zeisel_c002630,6.20747,-1.497772,endothelial-mural,endothelial-mural,14,endothelial-mural
zeisel_c002631,5.28777,-0.8061106,endothelial-mural,endothelial-mural,14,endothelial-mural
zeisel_c002632,5.200173,-1.372141,endothelial-mural,endothelial-mural,14,endothelial-mural
zeisel_c002633,5.078094,-1.331778,endothelial-mural,endothelial-mural,14,endothelial-mural
zeisel_c002634,4.90203,-0.5881253,endothelial-mural,endothelial-mural,14,endothelial-mural
zeisel_c002635,4.935945,-0.8561053,endothelial-mural,endothelial-mural,14,endothelial-mural
zeisel_c002636,5.208097,-0.7285679,endothelial-mural,endothelial-mural,14,endothelial-mural
zeisel_c002637,5.235662,-0.8566798,endothelial-mural,endothelial-mural,14,endothelial-mural
zeisel_c002638,4.968539,-1.085315,endothelial-mural,endothelial-mural,14,endothelial-mural
zeisel_c002639,4.95927,-0.952549,endothelial-mural,endothelial-mural,14,endothelial-mural
zeisel_c002640,5.101333,-0.7457401,endothelial-mural,endothelial-mural,14,endothelial-mural
zeisel_c002641,6.173355,-0.5885234,endothelial-mural,endothelial-mural,14,endothelial-mural
zeisel_c002642,4.812232,-0.367785,endothelial-mural,endothelial-mural,14,endothelial-mural
zeisel_c002643,4.709885,-0.5672268,endothelial-mural,endothelial-mural,14,endothelial-mural
zeisel_c002644,4.725841,-0.8902407,endothelial-mural,endothelial-mural,14,endothelial-mural
zeisel_c002645,4.987398,-0.5672414,endothelial-mural,endothelial-mural,14,endothelial-mural
zeisel_c002646,4.452796,-0.627441,endothelial-mural,endothelial-mural,14,endothelial-mural
zeisel_c002647,4.471304,-0.6713169,endothelial-mural,endothelial-mural,14,endothelial-mural
zeisel_c002648,5.626541,0.06621762,endothelial-mural,endothelial-mural,14,endothelial-mural
zeisel_c002649,4.951922,-0.04934514,endothelial-mural,endothelial-mural,14,endothelial-mural
zeisel_c002650,4.546483,-0.7364675,endothelial-mural,endothelial-mural,14,endothelial-mural
zeisel_c002651,4.072052,-0.9203706,endothelial-mural,endothelial-mural,14,endothelial-mural
zeisel_c002652,4.585345,-0.506134,endothelial-mural,endothelial-mural,14,endothelial-mural
zeisel_c002653,6.653625,-1.228131,endothelial-mural,endothelial-mural,14,endothelial-mural
zeisel_c002654,3.03726,-2.065762,endothelial-mural,endothelial-mural,14,endothelial-mural
zeisel_c002655,4.289995,-2.272388,endothelial-mural,endothelial-mural,14,endothelial-mural
zeisel_c002656,5.385237,-2.022528,endothelial-mural,endothelial-mural,14,endothelial-mural
zeisel_c002657,4.700683,-1.772384,endothelial-mural,endothelial-mural,14,endothelial-mural
zeisel_c002658,5.801323,-1.876251,endothelial-mural,endothelial-mural,14,endothelial-mural
zeisel_c002659,6.332691,-1.687369,endothelial-mural,endothelial-mural,14,endothelial-mural
zeisel_c002660,5.709209,-1.853045,endothelial-mural,endothelial-mural,14,endothelial-mural
zeisel_c002661,6.534675,-1.300834,endothelial-mural,endothelial-mural,14,endothelial-mural
zeisel_c002662,5.756963,-3.361886,endothelial-mural,endothelial-mural,14,endothelial-mural
zeisel_c002663,5.207866,-2.446584,endothelial-mural,endothelial-mural,14,endothelial-mural
zeisel_c002664,5.599548,-3.332212,endothelial-mural,endothelial-mural,14,endothelial-mural
zeisel_c002665,5.780762,-3.145897,endothelial-mural,endothelial-mural,14,endothelial-mural
zeisel_c002666,5.443324,-3.404946,endothelial-mural,endothelial-mural,14,endothelial-mural
zeisel_c002667,5.263453,-3.173825,endothelial-mural,endothelial-mural,14,endothelial-mural
zeisel_c002668,5.288503,-3.055062,endothelial-mural,endothelial-mural,14,endothelial-mural
zeisel_c002669,5.610359,-2.974967,endothelial-mural,endothelial-mural,14,endothelial-mural
zeisel_c002670,5.697927,-2.730491,endothelial-mural,endothelial-mural,14,endothelial-mural
zeisel_c002671,6.047632,-3.221879,endothelial-mural,endothelial-mural,14,endothelial-mural
zeisel_c002672,5.439471,-3.335435,endothelial-mural,endothelial-mural,14,endothelial-mural
zeisel_c002673,5.37035,-3.224735,endothelial-mural,endothelial-mural,14,endothelial-mural
zeisel_c002674,5.442908,-2.766354,endothelial-mural,endothelial-mural,14,endothelial-mural
zeisel_c002675,5.132299,-3.082869,endothelial-mural,endothelial-mural,14,endothelial-mural
zeisel_c002676,5.50282,-2.797526,endothelial-mural,endothelial-mural,14,endothelial-mural
zeisel_c002677,5.009539,-2.89502,endothelial-mural,endothelial-mural,14,endothelial-mural
zeisel_c002678,6.363644,-2.892216,endothelial-mural,endothelial-mural,14,endothelial-mural
zeisel_c002679,5.482699,-3.014122,endothelial-mural,endothelial-mural,14,endothelial-mural
zeisel_c002680,7.031881,-0.07251443,endothelial-mural,endothelial-mural,14,endothelial-mural
zeisel_c002681,5.76242,-3.059204,endothelial-mural,endothelial-mural,14,endothelial-mural
zeisel_c002682,6.48943,-1.26315,endothelial-mural,endothelial-mural,14,endothelial-mural
zeisel_c002683,6.675866,-2.740679,endothelial-mural,endothelial-mural,14,endothelial-mural
zeisel_c002684,5.095358,-1.353667,endothelial-mural,endothelial-mural,14,endothelial-mural
zeisel_c002685,6.223752,-2.682819,endothelial-mural,endothelial-mural,14,endothelial-mural
zeisel_c002686,7.083066,-2.299154,endothelial-mural,endothelial-mural,14,endothelial-mural
zeisel_c002687,5.060153,-3.157942,endothelial-mural,endothelial-mural,14,endothelial-mural
zeisel_c002688,5.261111,-3.289732,endothelial-mural,endothelial-mural,14,endothelial-mural
zeisel_c002689,6.732134,-0.1124186,endothelial-mural,endothelial-mural,14,endothelial-mural
zeisel_c002690,4.8459,-2.885978,endothelial-mural,endothelial-mural,14,endothelial-mural
zeisel_c002691,5.786676,-2.510697,endothelial-mural,endothelial-mural,14,endothelial-mural
zeisel_c002692,5.126443,-1.799883,endothelial-mural,endothelial-mural,14,endothelial-mural
zeisel_c002693,5.199245,-2.180408,endothelial-mural,endothelial-mural,14,endothelial-mural
zeisel_c002694,6.459694,-2.468928,endothelial-mural,endothelial-mural,14,endothelial-mural
zeisel_c002695,6.589915,-0.4393745,endothelial-mural,endothelial-mural,14,endothelial-mural
zeisel_c002696,6.981112,-0.09520761,endothelial-mural,endothelial-mural,14,endothelial-mural
zeisel_c002697,3.93193,-2.226046,endothelial-mural,endothelial-mural,14,endothelial-mural
zeisel_c002698,6.845546,-0.6922563,endothelial-mural,endothelial-mural,14,endothelial-mural
zeisel_c002699,6.960247,-1.981024,endothelial-mural,endothelial-mural,14,endothelial-mural
zeisel_c002700,6.837141,-1.100104,endothelial-mural,endothelial-mural,14,endothelial-mural
zeisel_c002701,6.800879,-1.132809,endothelial-mural,endothelial-mural,14,endothelial-mural
zeisel_c002702,4.808616,-1.536254,endothelial-mural,endothelial-mural,14,endothelial-mural
zeisel_c002703,13.27876,4.823259,endothelial-mural,endothelial-mural,17,Unknown
zeisel_c002704,6.414411,-1.394064,endothelial-mural,endothelial-mural,14,endothelial-mural
zeisel_c002705,6.643847,-2.256186,endothelial-mural,endothelial-mural,14,endothelial-mural
zeisel_c002706,13.26034,4.795189,endothelial-mural,endothelial-mural,17,Unknown
zeisel_c002707,6.209147,-1.777382,endothelial-mural,endothelial-mural,14,endothelial-mural
zeisel_c002708,6.207624,-2.618835,endothelial-mural,endothelial-mural,14,endothelial-mural
zeisel_c002709,5.89395,-2.037445,endothelial-mural,endothelial-mural,14,endothelial-mural
zeisel_c002710,6.768693,-2.884257,endothelial-mural,endothelial-mural,14,endothelial-mural
zeisel_c002711,6.109696,-2.134385,endothelial-mural,endothelial-mural,14,endothelial-mural
zeisel_c002712,4.48314,-1.821227,endothelial-mural,endothelial-mural,14,endothelial-mural
zeisel_c002713,5.626192,-2.226852,endothelial-mural,endothelial-mural,14,endothelial-mural
zeisel_c002714,5.106411,-2.697585,endothelial-mural,endothelial-mural,14,endothelial-mural
zeisel_c002715,5.553737,-3.040591,endothelial-mural,endothelial-mural,14,endothelial-mural
zeisel_c002716,6.332526,-2.515717,endothelial-mural,endothelial-mural,14,endothelial-mural
zeisel_c002717,5.660542,-2.073301,endothelial-mural,endothelial-mural,14,endothelial-mural
zeisel_c002718,5.893231,-2.340718,endothelial-mural,endothelial-mural,14,endothelial-mural
zeisel_c002719,6.835852,-0.9749062,endothelial-mural,endothelial-mural,14,endothelial-mural
zeisel_c002720,5.111921,-3.382114,endothelial-mural,endothelial-mural,14,endothelial-mural
zeisel_c002721,7.989404,3.830522,astrocytes_ependymal,astrocytes_ependymal,4,astrocytes_ependymal
zeisel_c002722,8.028157,2.5601,astrocytes_ependymal,astrocytes_ependymal,4,astrocytes_ependymal
zeisel_c002723,7.94724,3.934513,astrocytes_ependymal,astrocytes_ependymal,4,astrocytes_ependymal
zeisel_c002724,7.926734,3.413258,astrocytes_ependymal,astrocytes_ependymal,4,astrocytes_ependymal
zeisel_c002725,8.277035,3.482126,astrocytes_ependymal,astrocytes_ependymal,4,astrocytes_ependymal
zeisel_c002726,8.182492,3.434989,astrocytes_ependymal,astrocytes_ependymal,4,astrocytes_ependymal
zeisel_c002727,7.987184,3.651065,astrocytes_ependymal,astrocytes_ependymal,4,astrocytes_ependymal
zeisel_c002728,8.008066,3.580472,astrocytes_ependymal,astrocytes_ependymal,4,astrocytes_ependymal
zeisel_c002729,8.00444,3.134564,astrocytes_ependymal,astrocytes_ependymal,4,astrocytes_ependymal
zeisel_c002730,8.065483,3.238971,astrocytes_ependymal,astrocytes_ependymal,4,astrocytes_ependymal
zeisel_c002731,8.917171,3.952698,astrocytes_ependymal,astrocytes_ependymal,4,astrocytes_ependymal
zeisel_c002732,7.078532,4.739369,astrocytes_ependymal,astrocytes_ependymal,4,astrocytes_ependymal
zeisel_c002733,8.08598,2.220453,astrocytes_ependymal,astrocytes_ependymal,4,astrocytes_ependymal
zeisel_c002734,7.959883,2.681897,astrocytes_ependymal,astrocytes_ependymal,4,astrocytes_ependymal
zeisel_c002735,7.899219,2.444343,astrocytes_ependymal,astrocytes_ependymal,4,astrocytes_ependymal
zeisel_c002736,8.067536,1.921033,astrocytes_ependymal,astrocytes_ependymal,4,astrocytes_ependymal
zeisel_c002737,7.971239,2.434729,astrocytes_ependymal,astrocytes_ependymal,4,astrocytes_ependymal
zeisel_c002738,8.064238,2.178417,astrocytes_ependymal,astrocytes_ependymal,4,astrocytes_ependymal
zeisel_c002739,7.972846,2.36889,astrocytes_ependymal,astrocytes_ependymal,4,astrocytes_ependymal
zeisel_c002740,8.097556,2.026856,astrocytes_ependymal,astrocytes_ependymal,4,astrocytes_ependymal
zeisel_c002741,7.571013,2.351361,astrocytes_ependymal,astrocytes_ependymal,4,astrocytes_ependymal
zeisel_c002742,8.051357,2.085254,astrocytes_ependymal,astrocytes_ependymal,4,astrocytes_ependymal
zeisel_c002743,7.901839,2.339552,astrocytes_ependymal,astrocytes_ependymal,4,astrocytes_ependymal
zeisel_c002744,7.977563,2.128817,astrocytes_ependymal,astrocytes_ependymal,4,astrocytes_ependymal
zeisel_c002745,7.872752,2.234823,astrocytes_ependymal,astrocytes_ependymal,4,astrocytes_ependymal
zeisel_c002746,6.825417,3.434394,astrocytes_ependymal,astrocytes_ependymal,4,astrocytes_ependymal
zeisel_c002747,8.051581,2.101872,astrocytes_ependymal,astrocytes_ependymal,4,astrocytes_ependymal
zeisel_c002748,7.950348,1.996843,astrocytes_ependymal,astrocytes_ependymal,4,astrocytes_ependymal
zeisel_c002749,7.86938,2.272047,astrocytes_ependymal,astrocytes_ependymal,4,astrocytes_ependymal
zeisel_c002750,7.176264,0.8783863,astrocytes_ependymal,astrocytes_ependymal,14,endothelial-mural
zeisel_c002751,7.774857,2.298215,astrocytes_ependymal,astrocytes_ependymal,4,astrocytes_ependymal
zeisel_c002752,7.974761,2.130868,astrocytes_ependymal,astrocytes_ependymal,4,astrocytes_ependymal
zeisel_c002753,7.608302,2.792588,astrocytes_ependymal,astrocytes_ependymal,4,astrocytes_ependymal
zeisel_c002754,7.150245,0.8240894,astrocytes_ependymal,astrocytes_ependymal,14,endothelial-mural
zeisel_c002755,7.550892,3.154586,astrocytes_ependymal,astrocytes_ependymal,4,astrocytes_ependymal
zeisel_c002756,7.790606,3.610167,astrocytes_ependymal,astrocytes_ependymal,4,astrocytes_ependymal
zeisel_c002757,7.657703,3.642607,astrocytes_ependymal,astrocytes_ependymal,4,astrocytes_ependymal
zeisel_c002758,7.250997,2.696986,astrocytes_ependymal,astrocytes_ependymal,4,astrocytes_ependymal
zeisel_c002759,7.097103,1.05512,astrocytes_ependymal,astrocytes_ependymal,14,endothelial-mural
zeisel_c002760,7.743244,2.913755,astrocytes_ependymal,astrocytes_ependymal,4,astrocytes_ependymal
zeisel_c002761,7.707975,2.138989,astrocytes_ependymal,astrocytes_ependymal,4,astrocytes_ependymal
zeisel_c002762,8.702064,2.714881,astrocytes_ependymal,astrocytes_ependymal,5,Unknown
zeisel_c002763,7.856623,3.440628,astrocytes_ependymal,astrocytes_ependymal,4,astrocytes_ependymal
zeisel_c002764,7.649818,2.45827,astrocytes_ependymal,astrocytes_ependymal,4,astrocytes_ependymal
zeisel_c002765,8.57924,2.712725,astrocytes_ependymal,astrocytes_ependymal,5,Unknown
zeisel_c002766,8.032449,3.351549,astrocytes_ependymal,astrocytes_ependymal,4,astrocytes_ependymal
zeisel_c002767,7.689197,2.513065,astrocytes_ependymal,astrocytes_ependymal,4,astrocytes_ependymal
zeisel_c002768,7.359087,2.445619,astrocytes_ependymal,astrocytes_ependymal,4,astrocytes_ependymal
zeisel_c002769,7.505695,2.679599,astrocytes_ependymal,astrocytes_ependymal,4,astrocytes_ependymal
zeisel_c002770,7.636888,2.078325,astrocytes_ependymal,astrocytes_ependymal,4,astrocytes_ependymal
zeisel_c002771,7.570909,2.357903,astrocytes_ependymal,astrocytes_ependymal,4,astrocytes_ependymal
zeisel_c002772,7.79396,2.889154,astrocytes_ependymal,astrocytes_ependymal,4,astrocytes_ependymal
zeisel_c002773,7.778391,2.332743,astrocytes_ependymal,astrocytes_ependymal,4,astrocytes_ependymal
zeisel_c002774,7.176594,3.326835,astrocytes_ependymal,astrocytes_ependymal,4,astrocytes_ependymal
zeisel_c002775,7.096242,2.809375,astrocytes_ependymal,astrocytes_ependymal,4,astrocytes_ependymal
zeisel_c002776,6.652187,1.418705,astrocytes_ependymal,astrocytes_ependymal,16,Unknown
zeisel_c002777,7.165102,0.8985428,astrocytes_ependymal,astrocytes_ependymal,14,endothelial-mural
zeisel_c002778,7.29155,2.627794,astrocytes_ependymal,astrocytes_ependymal,4,astrocytes_ependymal
zeisel_c002779,7.756772,2.604256,astrocytes_ependymal,astrocytes_ependymal,4,astrocytes_ependymal
zeisel_c002780,7.20128,1.241442,astrocytes_ependymal,astrocytes_ependymal,14,endothelial-mural
zeisel_c002781,7.034996,3.515843,astrocytes_ependymal,astrocytes_ependymal,4,astrocytes_ependymal
zeisel_c002782,7.538306,2.222947,astrocytes_ependymal,astrocytes_ependymal,4,astrocytes_ependymal
zeisel_c002783,6.894417,0.3051206,astrocytes_ependymal,astrocytes_ependymal,14,endothelial-mural
zeisel_c002784,7.686766,2.627063,astrocytes_ependymal,astrocytes_ependymal,4,astrocytes_ependymal
zeisel_c002785,8.120373,2.612863,astrocytes_ependymal,astrocytes_ependymal,4,astrocytes_ependymal
zeisel_c002786,7.456595,2.275249,astrocytes_ependymal,astrocytes_ependymal,4,astrocytes_ependymal
zeisel_c002787,7.169704,2.321026,astrocytes_ependymal,astrocytes_ependymal,4,astrocytes_ependymal
zeisel_c002788,7.499574,1.786843,astrocytes_ependymal,astrocytes_ependymal,4,astrocytes_ependymal
zeisel_c002789,6.969475,2.839264,astrocytes_ependymal,astrocytes_ependymal,4,astrocytes_ependymal
zeisel_c002790,7.861096,2.580117,astrocytes_ependymal,astrocytes_ependymal,4,astrocytes_ependymal
zeisel_c002791,7.470143,3.145614,astrocytes_ependymal,astrocytes_ependymal,4,astrocytes_ependymal
zeisel_c002792,7.428325,2.674264,astrocytes_ependymal,astrocytes_ependymal,4,astrocytes_ependymal
zeisel_c002793,7.497667,2.652791,astrocytes_ependymal,astrocytes_ependymal,4,astrocytes_ependymal
zeisel_c002794,7.018535,1.578255,astrocytes_ependymal,astrocytes_ependymal,4,astrocytes_ependymal
zeisel_c002795,8.135871,3.557561,astrocytes_ependymal,astrocytes_ependymal,4,astrocytes_ependymal
zeisel_c002796,8.08824,3.019955,astrocytes_ependymal,astrocytes_ependymal,4,astrocytes_ependymal
zeisel_c002797,7.588503,3.554969,astrocytes_ependymal,astrocytes_ependymal,4,astrocytes_ependymal
zeisel_c002798,7.042324,3.644382,astrocytes_ependymal,astrocytes_ependymal,21,astrocytes_ependymal
zeisel_c002799,7.762889,3.346629,astrocytes_ependymal,astrocytes_ependymal,4,astrocytes_ependymal
zeisel_c002800,9.476336,3.082414,astrocytes_ependymal,astrocytes_ependymal,5,Unknown
zeisel_c002801,7.581752,3.925044,astrocytes_ependymal,astrocytes_ependymal,4,astrocytes_ependymal
zeisel_c002802,7.985859,3.560015,astrocytes_ependymal,astrocytes_ependymal,4,astrocytes_ependymal
zeisel_c002803,7.900261,3.606711,astrocytes_ependymal,astrocytes_ependymal,4,astrocytes_ependymal
zeisel_c002804,7.558963,4.011374,astrocytes_ependymal,astrocytes_ependymal,4,astrocytes_ependymal
zeisel_c002805,8.045875,3.725459,astrocytes_ependymal,astrocytes_ependymal,4,astrocytes_ependymal
zeisel_c002806,9.420897,2.570208,astrocytes_ependymal,astrocytes_ependymal,5,Unknown
zeisel_c002807,7.670895,4.049705,astrocytes_ependymal,astrocytes_ependymal,4,astrocytes_ependymal
zeisel_c002808,7.892634,4.14847,astrocytes_ependymal,astrocytes_ependymal,4,astrocytes_ependymal
zeisel_c002809,7.671014,4.094721,astrocytes_ependymal,astrocytes_ependymal,4,astrocytes_ependymal
zeisel_c002810,7.69072,3.946473,astrocytes_ependymal,astrocytes_ependymal,4,astrocytes_ependymal
zeisel_c002811,7.611333,4.378115,astrocytes_ependymal,astrocytes_ependymal,4,astrocytes_ependymal
zeisel_c002812,6.919933,4.06322,astrocytes_ependymal,astrocytes_ependymal,21,astrocytes_ependymal
zeisel_c002813,7.194567,4.206609,astrocytes_ependymal,astrocytes_ependymal,4,astrocytes_ependymal
zeisel_c002814,9.380697,1.739463,astrocytes_ependymal,astrocytes_ependymal,5,Unknown
zeisel_c002815,9.312105,2.17572,astrocytes_ependymal,astrocytes_ependymal,5,Unknown
zeisel_c002816,7.23948,4.405485,astrocytes_ependymal,astrocytes_ependymal,4,astrocytes_ependymal
zeisel_c002817,8.318331,4.740744,astrocytes_ependymal,astrocytes_ependymal,4,astrocytes_ependymal
zeisel_c002818,6.929431,4.127867,astrocytes_ependymal,astrocytes_ependymal,21,astrocytes_ependymal
zeisel_c002819,7.59066,4.82217,astrocytes_ependymal,astrocytes_ependymal,4,astrocytes_ependymal
zeisel_c002820,7.134045,1.290675,astrocytes_ependymal,astrocytes_ependymal,16,Unknown
zeisel_c002821,8.140108,5.109708,astrocytes_ependymal,astrocytes_ependymal,4,astrocytes_ependymal
zeisel_c002822,7.586008,4.709621,astrocytes_ependymal,astrocytes_ependymal,4,astrocytes_ependymal
zeisel_c002823,7.686028,4.854127,astrocytes_ependymal,astrocytes_ependymal,4,astrocytes_ependymal
zeisel_c002824,7.429802,4.278791,astrocytes_ependymal,astrocytes_ependymal,4,astrocytes_ependymal
zeisel_c002825,7.551081,5.169245,astrocytes_ependymal,astrocytes_ependymal,4,astrocytes_ependymal
zeisel_c002826,7.521114,5.314659,astrocytes_ependymal,astrocytes_ependymal,4,astrocytes_ependymal
zeisel_c002827,7.09267,5.358693,astrocytes_ependymal,astrocytes_ependymal,4,astrocytes_ependymal
zeisel_c002828,9.633756,3.131922,astrocytes_ependymal,astrocytes_ependymal,5,Unknown
zeisel_c002829,7.255435,5.097786,astrocytes_ependymal,astrocytes_ependymal,4,astrocytes_ependymal
zeisel_c002830,6.880468,0.7390585,astrocytes_ependymal,astrocytes_ependymal,14,endothelial-mural
zeisel_c002831,7.217535,5.299859,astrocytes_ependymal,astrocytes_ependymal,4,astrocytes_ependymal
zeisel_c002832,7.390171,5.242252,astrocytes_ependymal,astrocytes_ependymal,4,astrocytes_ependymal
zeisel_c002833,7.692481,5.416376,astrocytes_ependymal,astrocytes_ependymal,4,astrocytes_ependymal
zeisel_c002834,7.638797,4.194144,astrocytes_ependymal,astrocytes_ependymal,4,astrocytes_ependymal
zeisel_c002835,7.980663,5.035462,astrocytes_ependymal,astrocytes_ependymal,4,astrocytes_ependymal
zeisel_c002836,7.458214,5.268899,astrocytes_ependymal,astrocytes_ependymal,4,astrocytes_ependymal
zeisel_c002837,7.642632,5.36009,astrocytes_ependymal,astrocytes_ependymal,4,astrocytes_ependymal
zeisel_c002838,7.034206,4.927759,astrocytes_ependymal,astrocytes_ependymal,4,astrocytes_ependymal
zeisel_c002839,9.336114,3.499887,astrocytes_ependymal,astrocytes_ependymal,5,Unknown
zeisel_c002840,9.780299,-1.073667,astrocytes_ependymal,astrocytes_ependymal,15,microglia
zeisel_c002841,7.538765,5.377064,astrocytes_ependymal,astrocytes_ependymal,4,astrocytes_ependymal
zeisel_c002842,6.44815,1.292015,astrocytes_ependymal,astrocytes_ependymal,16,Unknown
zeisel_c002843,7.20389,4.94266,astrocytes_ependymal,astrocytes_ependymal,4,astrocytes_ependymal
zeisel_c002844,8.047471,4.724373,astrocytes_ependymal,astrocytes_ependymal,4,astrocytes_ependymal
zeisel_c002845,7.126656,5.992554,astrocytes_ependymal,astrocytes_ependymal,4,astrocytes_ependymal
zeisel_c002846,7.152027,5.294253,astrocytes_ependymal,astrocytes_ependymal,4,astrocytes_ependymal
zeisel_c002847,6.562456,3.983739,astrocytes_ependymal,astrocytes_ependymal,21,astrocytes_ependymal
zeisel_c002848,13.77311,4.898355,astrocytes_ependymal,astrocytes_ependymal,8,microglia
zeisel_c002849,8.234962,4.482396,astrocytes_ependymal,astrocytes_ependymal,4,astrocytes_ependymal
zeisel_c002850,5.924579,3.675357,astrocytes_ependymal,astrocytes_ependymal,21,astrocytes_ependymal
zeisel_c002851,7.432222,5.05597,astrocytes_ependymal,astrocytes_ependymal,4,astrocytes_ependymal
zeisel_c002852,7.526657,4.468645,astrocytes_ependymal,astrocytes_ependymal,4,astrocytes_ependymal
zeisel_c002853,7.91221,5.049826,astrocytes_ependymal,astrocytes_ependymal,4,astrocytes_ependymal
zeisel_c002854,7.06543,-0.1795087,astrocytes_ependymal,astrocytes_ependymal,14,endothelial-mural
zeisel_c002855,8.373835,4.66537,astrocytes_ependymal,astrocytes_ependymal,4,astrocytes_ependymal
zeisel_c002856,6.861898,-0.1491938,astrocytes_ependymal,astrocytes_ependymal,14,endothelial-mural
zeisel_c002857,8.520395,4.714797,astrocytes_ependymal,astrocytes_ependymal,4,astrocytes_ependymal
zeisel_c002858,8.267773,4.382892,astrocytes_ependymal,astrocytes_ependymal,4,astrocytes_ependymal
zeisel_c002859,8.404479,4.89195,astrocytes_ependymal,astrocytes_ependymal,4,astrocytes_ependymal
zeisel_c002860,6.469499,5.318645,astrocytes_ependymal,astrocytes_ependymal,4,astrocytes_ependymal
zeisel_c002861,8.104579,4.694539,astrocytes_ependymal,astrocytes_ependymal,4,astrocytes_ependymal
zeisel_c002862,7.915968,4.279164,astrocytes_ependymal,astrocytes_ependymal,4,astrocytes_ependymal
zeisel_c002863,8.002712,4.871003,astrocytes_ependymal,astrocytes_ependymal,4,astrocytes_ependymal
zeisel_c002864,6.414559,-0.4835815,astrocytes_ependymal,astrocytes_ependymal,14,endothelial-mural
zeisel_c002865,8.505773,4.635939,astrocytes_ependymal,astrocytes_ependymal,4,astrocytes_ependymal
zeisel_c002866,9.614574,3.133018,astrocytes_ependymal,astrocytes_ependymal,5,Unknown
zeisel_c002867,14.29439,5.612392,astrocytes_ependymal,astrocytes_ependymal,8,microglia
zeisel_c002868,6.406745,1.151863,astrocytes_ependymal,astrocytes_ependymal,16,Unknown
zeisel_c002869,7.409063,5.039251,astrocytes_ependymal,astrocytes_ependymal,4,astrocytes_ependymal
zeisel_c002870,8.17805,4.569359,astrocytes_ependymal,astrocytes_ependymal,4,astrocytes_ependymal
zeisel_c002871,8.039916,4.884321,astrocytes_ependymal,astrocytes_ependymal,4,astrocytes_ependymal
zeisel_c002872,8.168617,4.813003,astrocytes_ependymal,astrocytes_ependymal,4,astrocytes_ependymal
zeisel_c002873,7.78406,4.928123,astrocytes_ependymal,astrocytes_ependymal,4,astrocytes_ependymal
zeisel_c002874,7.765529,5.098558,astrocytes_ependymal,astrocytes_ependymal,4,astrocytes_ependymal
zeisel_c002875,6.745383,3.44884,astrocytes_ependymal,astrocytes_ependymal,21,astrocytes_ependymal
zeisel_c002876,7.343359,5.33168,astrocytes_ependymal,astrocytes_ependymal,4,astrocytes_ependymal
zeisel_c002877,8.287608,4.742835,astrocytes_ependymal,astrocytes_ependymal,4,astrocytes_ependymal
zeisel_c002878,7.092943,3.926157,astrocytes_ependymal,astrocytes_ependymal,21,astrocytes_ependymal
zeisel_c002879,7.910404,4.445854,astrocytes_ependymal,astrocytes_ependymal,4,astrocytes_ependymal
zeisel_c002880,8.024385,4.301793,astrocytes_ependymal,astrocytes_ependymal,4,astrocytes_ependymal
zeisel_c002881,8.146805,3.805652,astrocytes_ependymal,astrocytes_ependymal,4,astrocytes_ependymal
zeisel_c002882,8.162983,3.80696,astrocytes_ependymal,astrocytes_ependymal,4,astrocytes_ependymal
zeisel_c002883,6.863537,4.370138,astrocytes_ependymal,astrocytes_ependymal,4,astrocytes_ependymal
zeisel_c002884,-4.393206,7.968992,astrocytes_ependymal,astrocytes_ependymal,6,astrocytes_ependymal
zeisel_c002885,6.856154,-0.2814947,astrocytes_ependymal,astrocytes_ependymal,14,endothelial-mural
zeisel_c002886,9.161317,4.342597,astrocytes_ependymal,astrocytes_ependymal,5,Unknown
zeisel_c002887,6.286384,7.748401,astrocytes_ependymal,astrocytes_ependymal,3,interneurons
zeisel_c002888,7.587044,5.337744,astrocytes_ependymal,astrocytes_ependymal,4,astrocytes_ependymal
zeisel_c002889,7.79095,5.284073,astrocytes_ependymal,astrocytes_ependymal,4,astrocytes_ependymal
zeisel_c002890,7.586666,5.417558,astrocytes_ependymal,astrocytes_ependymal,4,astrocytes_ependymal
zeisel_c002891,6.95724,0.1679666,astrocytes_ependymal,astrocytes_ependymal,14,endothelial-mural
zeisel_c002892,6.550507,5.343671,astrocytes_ependymal,astrocytes_ependymal,4,astrocytes_ependymal
zeisel_c002893,7.281508,1.194941,astrocytes_ependymal,astrocytes_ependymal,14,endothelial-mural
zeisel_c002894,6.458667,5.163625,astrocytes_ependymal,astrocytes_ependymal,4,astrocytes_ependymal
zeisel_c002895,6.251756,7.235253,astrocytes_ependymal,astrocytes_ependymal,3,interneurons
zeisel_c002896,7.033223,0.8136695,astrocytes_ependymal,astrocytes_ependymal,14,endothelial-mural
zeisel_c002897,6.287882,3.606404,astrocytes_ependymal,astrocytes_ependymal,21,astrocytes_ependymal
zeisel_c002898,7.100932,5.274777,astrocytes_ependymal,astrocytes_ependymal,4,astrocytes_ependymal
zeisel_c002899,8.103665,3.880188,astrocytes_ependymal,astrocytes_ependymal,4,astrocytes_ependymal
zeisel_c002900,6.389976,3.772857,astrocytes_ependymal,astrocytes_ependymal,21,astrocytes_ependymal
zeisel_c002901,7.731743,5.485089,astrocytes_ependymal,astrocytes_ependymal,4,astrocytes_ependymal
zeisel_c002902,9.050327,4.577413,astrocytes_ependymal,astrocytes_ependymal,5,Unknown
zeisel_c002903,6.974239,5.245822,astrocytes_ependymal,astrocytes_ependymal,4,astrocytes_ependymal
zeisel_c002904,8.337543,4.51049,astrocytes_ependymal,astrocytes_ependymal,5,Unknown
zeisel_c002905,6.44001,4.41772,astrocytes_ependymal,astrocytes_ependymal,21,astrocytes_ependymal
zeisel_c002906,7.64135,4.374687,astrocytes_ependymal,astrocytes_ependymal,4,astrocytes_ependymal
zeisel_c002907,6.387644,5.055102,astrocytes_ependymal,astrocytes_ependymal,4,astrocytes_ependymal
zeisel_c002908,6.825196,-0.05747686,astrocytes_ependymal,astrocytes_ependymal,14,endothelial-mural
zeisel_c002909,7.010148,0.7528582,astrocytes_ependymal,astrocytes_ependymal,14,endothelial-mural
zeisel_c002910,7.727504,4.417235,astrocytes_ependymal,astrocytes_ependymal,4,astrocytes_ependymal
zeisel_c002911,9.037635,4.741528,astrocytes_ependymal,astrocytes_ependymal,5,Unknown
zeisel_c002912,6.614003,-0.2781092,astrocytes_ependymal,astrocytes_ependymal,14,endothelial-mural
zeisel_c002913,6.136789,4.943271,astrocytes_ependymal,astrocytes_ependymal,4,astrocytes_ependymal
zeisel_c002914,6.97872,5.191792,astrocytes_ependymal,astrocytes_ependymal,4,astrocytes_ependymal
zeisel_c002915,9.656483,3.401913,astrocytes_ependymal,astrocytes_ependymal,5,Unknown
zeisel_c002916,6.98692,5.542483,astrocytes_ependymal,astrocytes_ependymal,4,astrocytes_ependymal
zeisel_c002917,6.942224,0.4997613,astrocytes_ependymal,astrocytes_ependymal,14,endothelial-mural
zeisel_c002918,6.523489,6.402334,astrocytes_ependymal,astrocytes_ependymal,3,interneurons
zeisel_c002919,6.407142,3.035633,astrocytes_ependymal,astrocytes_ependymal,21,astrocytes_ependymal
zeisel_c002920,-4.013743,8.144526,astrocytes_ependymal,astrocytes_ependymal,6,astrocytes_ependymal
zeisel_c002921,-4.225337,8.160686,astrocytes_ependymal,astrocytes_ependymal,6,astrocytes_ependymal
zeisel_c002922,-4.308169,7.964851,astrocytes_ependymal,astrocytes_ependymal,6,astrocytes_ependymal
zeisel_c002923,-3.961209,8.148293,astrocytes_ependymal,astrocytes_ependymal,6,astrocytes_ependymal
zeisel_c002924,-4.268782,7.903156,astrocytes_ependymal,astrocytes_ependymal,6,astrocytes_ependymal
zeisel_c002925,-4.194765,7.923293,astrocytes_ependymal,astrocytes_ependymal,6,astrocytes_ependymal
zeisel_c002926,-4.062301,8.145578,astrocytes_ependymal,astrocytes_ependymal,6,astrocytes_ependymal
zeisel_c002927,-4.20646,8.241475,astrocytes_ependymal,astrocytes_ependymal,6,astrocytes_ependymal
zeisel_c002928,-4.268372,8.181315,astrocytes_ependymal,astrocytes_ependymal,6,astrocytes_ependymal
zeisel_c002929,-3.880713,8.008622,astrocytes_ependymal,astrocytes_ependymal,6,astrocytes_ependymal
zeisel_c002930,-4.242591,7.907238,astrocytes_ependymal,astrocytes_ependymal,6,astrocytes_ependymal
zeisel_c002931,-4.301743,8.136507,astrocytes_ependymal,astrocytes_ependymal,6,astrocytes_ependymal
zeisel_c002932,-4.045625,8.298024,astrocytes_ependymal,astrocytes_ependymal,6,astrocytes_ependymal
zeisel_c002933,-4.297505,8.019018,astrocytes_ependymal,astrocytes_ependymal,6,astrocytes_ependymal
zeisel_c002934,-3.869898,8.154418,astrocytes_ependymal,astrocytes_ependymal,6,astrocytes_ependymal
zeisel_c002935,13.16497,4.853327,astrocytes_ependymal,astrocytes_ependymal,17,Unknown
zeisel_c002936,12.42454,5.24623,astrocytes_ependymal,astrocytes_ependymal,17,Unknown
zeisel_c002937,12.51346,5.155137,astrocytes_ependymal,astrocytes_ependymal,17,Unknown
zeisel_c002938,12.58006,5.03435,astrocytes_ependymal,astrocytes_ependymal,17,Unknown
zeisel_c002939,7.198044,4.972404,astrocytes_ependymal,astrocytes_ependymal,4,astrocytes_ependymal
zeisel_c002940,9.475394,4.14133,astrocytes_ependymal,astrocytes_ependymal,5,Unknown
zeisel_c002941,9.847604,3.837225,astrocytes_ependymal,astrocytes_ependymal,5,Unknown
zeisel_c002942,9.242556,4.387331,astrocytes_ependymal,astrocytes_ependymal,5,Unknown
zeisel_c002943,6.972222,7.63391,astrocytes_ependymal,astrocytes_ependymal,0,interneurons
zeisel_c002944,6.35785,5.222081,astrocytes_ependymal,astrocytes_ependymal,4,astrocytes_ependymal
zeisel_c002945,5.747776,-0.4837784,endothelial-mural,endothelial-mural,14,endothelial-mural
zeisel_c002946,5.498641,1.331419,endothelial-mural,endothelial-mural,16,Unknown
zeisel_c002947,5.114565,1.362428,endothelial-mural,endothelial-mural,16,Unknown
zeisel_c002948,5.396817,1.506316,endothelial-mural,endothelial-mural,16,Unknown
zeisel_c002949,5.33468,-0.3273734,endothelial-mural,endothelial-mural,14,endothelial-mural
zeisel_c002950,5.016827,1.540354,endothelial-mural,endothelial-mural,16,Unknown
zeisel_c002951,5.328304,1.346271,endothelial-mural,endothelial-mural,16,Unknown
zeisel_c002952,5.619519,1.384756,endothelial-mural,endothelial-mural,16,Unknown
zeisel_c002953,6.148028,1.32025,endothelial-mural,endothelial-mural,16,Unknown
zeisel_c002954,6.216028,-0.376483,endothelial-mural,endothelial-mural,14,endothelial-mural
zeisel_c002955,5.326516,1.368247,endothelial-mural,endothelial-mural,16,Unknown
zeisel_c002956,5.232472,1.464733,endothelial-mural,endothelial-mural,16,Unknown
zeisel_c002957,6.107,1.275097,endothelial-mural,endothelial-mural,16,Unknown
zeisel_c002958,4.778918,1.400798,endothelial-mural,endothelial-mural,16,Unknown
zeisel_c002959,9.534612,1.057758,endothelial-mural,endothelial-mural,16,Unknown
zeisel_c002960,5.407124,1.532189,endothelial-mural,endothelial-mural,16,Unknown
zeisel_c002961,5.165874,1.539465,endothelial-mural,endothelial-mural,16,Unknown
zeisel_c002962,5.045344,1.6502,endothelial-mural,endothelial-mural,16,Unknown
zeisel_c002963,5.246349,-0.06849699,endothelial-mural,endothelial-mural,14,endothelial-mural
zeisel_c002964,16.5185,5.375708,endothelial-mural,endothelial-mural,8,microglia
zeisel_c002965,4.877052,1.632547,endothelial-mural,endothelial-mural,16,Unknown
zeisel_c002966,4.961301,1.687817,endothelial-mural,endothelial-mural,16,Unknown
zeisel_c002967,4.90062,1.749205,endothelial-mural,endothelial-mural,16,Unknown
zeisel_c002968,5.450772,0.172873,endothelial-mural,endothelial-mural,14,endothelial-mural
zeisel_c002969,5.153975,0.5723444,endothelial-mural,endothelial-mural,16,Unknown
zeisel_c002970,5.239877,1.696507,endothelial-mural,endothelial-mural,16,Unknown
zeisel_c002971,4.738088,1.509463,endothelial-mural,endothelial-mural,16,Unknown
zeisel_c002972,4.973123,1.708174,endothelial-mural,endothelial-mural,16,Unknown
zeisel_c002973,4.812735,1.243624,endothelial-mural,endothelial-mural,16,Unknown
zeisel_c002974,5.175663,1.700121,endothelial-mural,endothelial-mural,16,Unknown
zeisel_c002975,4.867097,1.652444,endothelial-mural,endothelial-mural,16,Unknown
zeisel_c002976,4.90962,1.52396,endothelial-mural,endothelial-mural,16,Unknown
zeisel_c002977,16.57075,5.316174,endothelial-mural,endothelial-mural,8,microglia
zeisel_c002978,5.407822,1.567917,endothelial-mural,endothelial-mural,16,Unknown
zeisel_c002979,4.861815,1.542653,endothelial-mural,endothelial-mural,16,Unknown
zeisel_c002980,5.287107,1.698915,endothelial-mural,endothelial-mural,16,Unknown
zeisel_c002981,4.745536,1.42869,endothelial-mural,endothelial-mural,16,Unknown
zeisel_c002982,4.988361,1.572342,endothelial-mural,endothelial-mural,16,Unknown
zeisel_c002983,4.873638,1.160225,endothelial-mural,endothelial-mural,16,Unknown
zeisel_c002984,4.911638,1.839805,endothelial-mural,endothelial-mural,16,Unknown
zeisel_c002985,5.502299,-0.2565534,endothelial-mural,endothelial-mural,14,endothelial-mural
zeisel_c002986,5.466502,1.367898,endothelial-mural,endothelial-mural,16,Unknown
zeisel_c002987,6.185823,1.393964,endothelial-mural,endothelial-mural,16,Unknown
zeisel_c002988,5.094499,-0.3125151,endothelial-mural,endothelial-mural,14,endothelial-mural
zeisel_c002989,4.753634,1.264685,endothelial-mural,endothelial-mural,16,Unknown
zeisel_c002990,5.118913,-0.2125038,endothelial-mural,endothelial-mural,14,endothelial-mural
zeisel_c002991,4.548258,1.177599,endothelial-mural,endothelial-mural,16,Unknown
zeisel_c002992,5.358148,1.428038,endothelial-mural,endothelial-mural,16,Unknown
zeisel_c002993,6.220169,1.144195,endothelial-mural,endothelial-mural,16,Unknown
zeisel_c002994,4.900576,1.226102,endothelial-mural,endothelial-mural,16,Unknown
zeisel_c002995,-3.969401,7.898039,endothelial-mural,endothelial-mural,6,astrocytes_ependymal
zeisel_c002996,5.677649,8.624886,endothelial-mural,endothelial-mural,3,interneurons
zeisel_c002997,6.67533,8.222161,endothelial-mural,endothelial-mural,0,interneurons
zeisel_c002998,6.276637,7.868733,endothelial-mural,endothelial-mural,0,interneurons
zeisel_c002999,4.659073,1.086415,endothelial-mural,endothelial-mural,16,Unknown
zeisel_c003000,5.270447,-0.4708266,endothelial-mural,endothelial-mural,14,endothelial-mural
zeisel_c003001,5.023401,-0.4810109,endothelial-mural,endothelial-mural,14,endothelial-mural
zeisel_c003002,4.834707,1.319208,endothelial-mural,endothelial-mural,16,Unknown
zeisel_c003003,5.935912,1.312098,endothelial-mural,endothelial-mural,16,Unknown
zeisel_c003004,6.745186,-0.4908951,endothelial-mural,endothelial-mural,14,endothelial-mural
