cell_id,umap_1,umap_2,reference_fine,reference_broad,cluster,proposal
baron_c000000,6.045856,17.10678,acinar,acinar,0,acinar
baron_c000002,6.462716,17.66755,acinar,acinar,0,acinar
baron_c000003,6.946602,16.80618,acinar,acinar,1,acinar
baron_c000005,7.39529,18.1037,acinar,acinar,1,acinar
baron_c000006,3.629088,-4.548161,beta,beta,2,beta
baron_c000007,6.440418,17.46581,acinar,acinar,0,acinar
baron_c000008,6.259346,16.69155,acinar,acinar,0,acinar
baron_c000010,6.102823,16.90908,acinar,acinar,0,acinar
baron_c000011,6.658686,17.93202,acinar,acinar,0,acinar
baron_c000013,14.92705,1.834124,delta,delta,3,delta
baron_c000015,13.77263,-2.316478,activated_stellate,stellate,4,stellate
baron_c000016,2.503634,-3.554881,beta,beta,2,beta
baron_c000017,6.548148,17.08231,acinar,acinar,0,acinar
baron_c000018,7.714732,7.670069,ductal,ductal,5,ductal
baron_c000019,4.645972,-6.540344,beta,beta,2,beta
baron_c000021,-4.048577,4.812126,alpha,alpha,6,alpha
baron_c000022,7.242439,8.059475,ductal,ductal,5,ductal
baron_c000024,13.45345,1.368632,delta,delta,3,delta
baron_c000025,-4.496368,4.878112,alpha,alpha,6,alpha
baron_c000027,7.764273,15.90845,acinar,acinar,1,acinar
baron_c000028,6.56934,17.87902,acinar,acinar,0,acinar
baron_c000030,13.64132,0.452911,delta,delta,3,delta
baron_c000031,14.70619,1.804253,delta,delta,3,delta
baron_c000032,14.41918,1.696641,delta,delta,3,delta
baron_c000034,4.339412,-5.163955,beta,beta,2,beta
baron_c000035,6.514215,16.87697,acinar,acinar,0,acinar
baron_c000037,3.097057,-4.706279,beta,beta,2,beta
baron_c000038,5.507169,-3.837898,beta,beta,7,beta
baron_c000039,13.84527,0.4629994,delta,delta,3,delta
baron_c000040,13.83949,-2.447572,activated_stellate,stellate,4,stellate
baron_c000041,2.561332,-5.197708,beta,beta,2,beta
baron_c000044,12.92621,-3.113029,activated_stellate,stellate,4,stellate
baron_c000047,14.09397,-2.492867,activated_stellate,stellate,4,stellate
baron_c000049,2.400758,-5.214415,beta,beta,2,beta
baron_c000051,4.467545,-5.552878,beta,beta,2,beta
baron_c000052,6.042094,17.1305,acinar,acinar,0,acinar
baron_c000053,5.138897,-5.803112,beta,beta,2,beta
baron_c000054,4.534949,-4.666419,beta,beta,2,beta
baron_c000055,13.40399,-2.28417,activated_stellate,stellate,4,stellate
baron_c000056,4.183054,-5.260312,beta,beta,2,beta
baron_c000057,4.472769,-5.31056,beta,beta,2,beta
baron_c000062,6.932189,-4.338263,beta,beta,7,beta
baron_c000063,8.263234,9.900257,ductal,ductal,8,ductal
baron_c000064,7.040038,8.514711,ductal,ductal,5,ductal
baron_c000065,6.339899,17.46599,acinar,acinar,0,acinar
baron_c000069,-3.83953,5.146811,alpha,alpha,6,alpha
baron_c000070,6.028505,-3.791847,beta,beta,7,beta
baron_c000075,4.011212,-6.101326,beta,beta,2,beta
baron_c000076,13.59101,0.497391,delta,delta,3,delta
baron_c000078,4.623987,-5.969569,beta,beta,2,beta
baron_c000079,3.786823,-5.773416,beta,beta,2,beta
baron_c000080,4.507419,-5.125238,beta,beta,2,beta
baron_c000081,4.924287,-4.142154,beta,beta,7,beta
baron_c000083,6.778226,17.3136,acinar,acinar,0,acinar
baron_c000084,13.44388,-2.572459,activated_stellate,stellate,4,stellate
baron_c000085,13.53897,0.8669488,delta,delta,3,delta
baron_c000090,2.976864,-5.979038,beta,beta,2,beta
baron_c000091,4.08255,-5.546316,beta,beta,2,beta
baron_c000092,3.501848,-6.305561,beta,beta,2,beta
baron_c000093,3.35187,-3.50712,beta,beta,2,beta
baron_c000094,4.820814,-5.949347,beta,beta,2,beta
baron_c000096,4.614551,-5.412246,beta,beta,2,beta
baron_c000097,13.85995,0.5806066,delta,delta,3,delta
baron_c000098,13.14894,0.7630128,delta,delta,3,delta
baron_c000099,2.614789,-5.593645,beta,beta,2,beta
baron_c000100,13.95987,1.606704,delta,delta,3,delta
baron_c000103,14.78247,2.154116,delta,delta,3,delta
baron_c000105,3.469715,-6.228246,beta,beta,2,beta
baron_c000108,6.302883,16.78467,acinar,acinar,0,acinar
baron_c000109,13.2724,0.2909957,delta,delta,3,delta
baron_c000112,14.16727,1.561851,delta,delta,3,delta
baron_c000113,4.700996,-5.463375,beta,beta,2,beta
baron_c000114,4.14366,-5.511868,beta,beta,2,beta
baron_c000115,2.289295,-5.132365,beta,beta,2,beta
baron_c000117,3.769332,-5.116019,beta,beta,2,beta
baron_c000118,13.73984,0.979997,delta,delta,3,delta
baron_c000119,4.234819,-4.873052,beta,beta,2,beta
baron_c000121,4.2033,-4.405436,beta,beta,2,beta
baron_c000123,3.291862,-6.396872,beta,beta,2,beta
baron_c000124,4.127,-5.526735,beta,beta,2,beta
baron_c000125,2.615227,-4.533978,beta,beta,2,beta
baron_c000126,-1.710971,5.109653,delta,delta,6,alpha
baron_c000127,4.905303,-5.661237,beta,beta,2,beta
baron_c000128,14.67237,1.56966,delta,delta,3,delta
baron_c000129,3.804427,-6.563997,beta,beta,2,beta
baron_c000131,-2.944104,5.349339,alpha,alpha,6,alpha
baron_c000132,4.400608,-5.996657,beta,beta,2,beta
baron_c000133,6.623767,17.4867,acinar,acinar,0,acinar
baron_c000134,-3.897108,5.179102,alpha,alpha,6,alpha
baron_c000135,2.905328,-4.426114,beta,beta,2,beta
baron_c000136,3.336011,-5.898809,beta,beta,2,beta
baron_c000138,4.968747,-5.871325,beta,beta,2,beta
baron_c000140,6.793371,-4.347717,beta,beta,7,beta
baron_c000141,2.782916,-4.028842,beta,beta,2,beta
baron_c000143,3.131817,-3.809769,beta,beta,2,beta
baron_c000144,3.412468,-4.997173,beta,beta,2,beta
baron_c000146,6.359617,-4.546032,beta,beta,7,beta
baron_c000147,7.186953,8.301482,ductal,ductal,8,ductal
baron_c000149,3.7683,-3.602026,beta,beta,2,beta
baron_c000151,3.44715,-5.310928,beta,beta,2,beta
baron_c000152,4.400057,-6.037302,beta,beta,2,beta
baron_c000153,14.49687,1.465879,delta,delta,3,delta
baron_c000154,5.05806,-5.686917,beta,beta,2,beta
baron_c000155,13.48896,-2.350282,activated_stellate,stellate,4,stellate
baron_c000158,-3.992237,5.19651,alpha,alpha,6,alpha
baron_c000159,3.505539,-4.873966,beta,beta,2,beta
baron_c000163,4.058329,-5.205083,beta,beta,2,beta
baron_c000164,5.306623,-4.737592,beta,beta,2,beta
baron_c000165,5.550495,-3.487026,beta,beta,7,beta
baron_c000166,6.148245,-3.71904,beta,beta,7,beta
baron_c000167,3.160884,-5.988645,beta,beta,2,beta
baron_c000168,3.161554,-4.775837,beta,beta,2,beta
baron_c000170,6.463915,17.69932,acinar,acinar,0,acinar
baron_c000172,6.107558,17.10907,acinar,acinar,0,acinar
baron_c000173,2.553151,-4.399566,beta,beta,2,beta
baron_c000176,6.383999,17.86517,acinar,acinar,0,acinar
baron_c000177,14.011,1.147882,delta,delta,3,delta
baron_c000178,3.065716,-5.832406,beta,beta,2,beta
baron_c000179,14.16595,0.6324385,delta,delta,3,delta
baron_c000183,4.080661,-6.739889,beta,beta,2,beta
baron_c000184,-3.263469,4.923422,alpha,alpha,6,alpha
baron_c000185,3.42058,-6.13915,beta,beta,2,beta
baron_c000186,-4.717153,5.585103,alpha,alpha,6,alpha
baron_c000188,5.046982,-5.241088,beta,beta,2,beta
baron_c000191,14.78045,1.362264,delta,delta,3,delta
baron_c000192,4.084173,-6.203753,beta,beta,2,beta
baron_c000193,3.906569,-6.072041,beta,beta,2,beta
baron_c000194,14.63301,1.816597,delta,delta,3,delta
baron_c000196,-5.033965,15.13227,gamma,gamma,9,gamma
baron_c000197,-4.540461,5.12519,alpha,alpha,6,alpha
baron_c000198,2.688528,-5.621539,beta,beta,2,beta
baron_c000199,2.217653,-5.611821,beta,beta,2,beta
baron_c000200,14.86752,1.419505,delta,delta,3,delta
baron_c000201,-4.549869,5.55213,alpha,alpha,6,alpha
baron_c000202,8.69649,11.62876,ductal,ductal,8,ductal
baron_c000203,2.430896,-5.53424,beta,beta,2,beta
baron_c000204,-2.845205,4.825816,alpha,alpha,6,alpha
baron_c000205,1.79506,-5.364207,beta,beta,2,beta
baron_c000206,6.389805,9.270966,ductal,ductal,8,ductal
baron_c000209,2.70058,-5.568911,beta,beta,2,beta
baron_c000211,-4.36305,5.451732,alpha,alpha,6,alpha
baron_c000212,4.036939,-6.020316,beta,beta,2,beta
baron_c000213,3.629516,-4.490986,beta,beta,2,beta
baron_c000214,11.50777,-5.766776,quiescent_stellate,stellate,10,stellate
baron_c000215,6.660438,9.465489,ductal,ductal,8,ductal
baron_c000217,13.73826,-5.284523,endothelial,endothelial,10,stellate
baron_c000219,2.823142,-5.775583,beta,beta,2,beta
baron_c000220,14.76178,2.009383,delta,delta,3,delta
baron_c000221,-5.008321,15.09529,gamma,gamma,9,gamma
baron_c000223,4.956038,-3.121147,beta,beta,7,beta
baron_c000224,2.574789,-4.536906,beta,beta,2,beta
baron_c000227,1.620989,-5.241308,beta,beta,2,beta
baron_c000228,14.70751,1.553352,delta,delta,3,delta
baron_c000229,7.755188,7.777725,ductal,ductal,5,ductal
baron_c000230,3.341546,-3.608794,beta,beta,2,beta
baron_c000231,13.5358,0.568509,delta,delta,3,delta
baron_c000233,3.578902,-4.280813,beta,beta,2,beta
baron_c000234,14.17363,1.043434,delta,delta,3,delta
baron_c000235,5.291438,-2.759283,beta,beta,11,beta
baron_c000236,13.338,-2.550187,activated_stellate,stellate,4,stellate
baron_c000237,4.094559,-3.555418,beta,beta,2,beta
baron_c000238,4.486947,-5.040454,beta,beta,2,beta
baron_c000239,13.66785,0.6966971,delta,delta,3,delta
baron_c000241,11.98747,-5.387915,quiescent_stellate,stellate,10,stellate
baron_c000242,2.801526,-3.957576,beta,beta,2,beta
baron_c000243,6.336407,17.44336,acinar,acinar,0,acinar
baron_c000244,-5.085224,6.292756,alpha,alpha,12,alpha
baron_c000245,13.57567,0.4428875,delta,delta,3,delta
baron_c000246,2.216584,-5.539874,beta,beta,2,beta
baron_c000249,17.1607,-5.646701,endothelial,endothelial,13,endothelial
baron_c000251,14.78,2.725724,delta,delta,3,delta
baron_c000253,2.353892,-4.618474,beta,beta,2,beta
baron_c000254,14.54312,1.970078,delta,delta,3,delta
baron_c000256,-2.797297,5.088841,alpha,alpha,6,alpha
baron_c000257,2.27967,-5.640633,beta,beta,2,beta
baron_c000258,3.245911,-5.726163,beta,beta,2,beta
baron_c000259,2.869456,-4.390179,beta,beta,2,beta
baron_c000263,3.84595,-5.384846,beta,beta,2,beta
baron_c000264,-4.746944,14.77824,gamma,gamma,9,gamma
baron_c000265,3.168475,-5.330246,beta,beta,2,beta
baron_c000266,2.560432,-5.101761,beta,beta,2,beta
baron_c000267,2.269017,-5.428649,beta,beta,2,beta
baron_c000268,12.59967,-5.851489,quiescent_stellate,stellate,10,stellate
baron_c000269,-2.912167,5.050881,alpha,alpha,6,alpha
baron_c000272,17.1242,-6.804439,endothelial,endothelial,13,endothelial
baron_c000274,13.75006,1.291621,delta,delta,3,delta
baron_c000277,6.477209,8.710877,ductal,ductal,8,ductal
baron_c000278,-4.013452,4.873253,alpha,alpha,6,alpha
baron_c000279,-1.760629,6.220271,alpha,alpha,14,alpha
baron_c000280,15.02707,1.487392,delta,delta,3,delta
baron_c000281,3.516726,-5.071867,beta,beta,2,beta
baron_c000282,2.735645,-4.090949,beta,beta,2,beta
baron_c000283,7.186527,7.893633,ductal,ductal,5,ductal
baron_c000286,14.18911,0.945492,delta,delta,3,delta
baron_c000289,2.897803,-4.906199,beta,beta,2,beta
baron_c000290,3.068218,-5.320507,beta,beta,2,beta
baron_c000292,6.892953,-4.411074,beta,beta,7,beta
baron_c000293,2.213527,-3.872092,beta,beta,2,beta
baron_c000294,3.618118,-6.473606,beta,beta,2,beta
baron_c000295,2.131508,-4.653556,beta,beta,2,beta
baron_c000296,4.815885,-2.980258,beta,beta,11,beta
baron_c000297,2.008223,-5.425219,beta,beta,2,beta
baron_c000298,3.413351,-4.635827,beta,beta,2,beta
baron_c000299,4.816313,-2.963397,beta,beta,11,beta
baron_c000300,-4.982168,15.38659,gamma,gamma,9,gamma
baron_c000301,16.88841,-5.596646,endothelial,endothelial,13,endothelial
baron_c000302,4.729423,-5.598076,beta,beta,2,beta
baron_c000304,5.706046,-3.828562,beta,beta,7,beta
baron_c000306,1.793539,-5.299456,beta,beta,2,beta
baron_c000307,-5.044987,15.27654,gamma,gamma,9,gamma
baron_c000308,-7.782476,13.19177,epsilon,epsilon,16,epsilon
baron_c000309,14.62521,2.317278,delta,delta,3,delta
baron_c000310,4.073946,-4.337467,beta,beta,2,beta
baron_c000311,2.874772,-5.446122,beta,beta,2,beta
baron_c000312,-4.713327,14.96075,gamma,gamma,9,gamma
baron_c000316,4.311656,-6.620267,beta,beta,2,beta
baron_c000317,4.33206,-4.410307,beta,beta,2,beta
baron_c000318,17.64355,-6.541439,endothelial,endothelial,13,endothelial
baron_c000319,3.79528,-6.490952,beta,beta,2,beta
baron_c000320,14.89558,1.75719,delta,delta,3,delta
baron_c000321,-6.155924,6.968957,alpha,alpha,12,alpha
baron_c000323,-4.666488,5.260063,alpha,alpha,6,alpha
baron_c000324,12.50568,-6.238468,quiescent_stellate,stellate,10,stellate
baron_c000326,-4.822319,4.968179,alpha,alpha,6,alpha
baron_c000327,4.315368,-6.231681,beta,beta,2,beta
baron_c000328,3.725968,-5.502454,beta,beta,2,beta
baron_c000329,6.544673,9.821609,ductal,ductal,17,ductal
baron_c000330,6.055656,-4.036703,beta,beta,7,beta
baron_c000331,-2.24979,5.522434,alpha,alpha,6,alpha
baron_c000332,3.087189,-4.375568,beta,beta,2,beta
baron_c000333,-2.773691,4.920514,alpha,alpha,6,alpha
baron_c000334,5.285886,-4.987991,beta,beta,2,beta
baron_c000335,5.882749,-3.742414,beta,beta,7,beta
baron_c000336,14.28957,2.041077,delta,delta,3,delta
baron_c000337,14.66577,1.890584,delta,delta,3,delta
baron_c000339,6.031008,-4.019685,beta,beta,7,beta
baron_c000340,4.087729,-5.400043,beta,beta,2,beta
baron_c000342,6.377036,17.67357,acinar,acinar,0,acinar
baron_c000343,1.962021,-4.549381,beta,beta,2,beta
baron_c000344,-3.543508,4.393191,alpha,alpha,6,alpha
baron_c000345,3.25849,-6.451935,beta,beta,2,beta
baron_c000346,2.734414,-4.453219,beta,beta,2,beta
baron_c000348,4.244475,-4.374214,beta,beta,2,beta
baron_c000349,12.31311,-5.666617,quiescent_stellate,stellate,10,stellate
baron_c000353,-4.54325,14.72308,gamma,gamma,9,gamma
baron_c000355,4.834208,-4.538105,beta,beta,2,beta
baron_c000357,13.63441,-1.734162,schwann,schwann,4,stellate
baron_c000358,3.297499,-5.93405,beta,beta,2,beta
baron_c000359,12.77783,-6.378888,quiescent_stellate,stellate,10,stellate
baron_c000360,17.56243,-6.539265,endothelial,endothelial,13,endothelial
baron_c000361,-4.775576,15.39484,gamma,gamma,9,gamma
baron_c000362,4.044968,-5.976906,beta,beta,2,beta
baron_c000363,3.970491,-5.608039,beta,beta,2,beta
baron_c000364,-4.836441,5.469522,alpha,alpha,6,alpha
baron_c000365,-4.254108,5.052603,alpha,alpha,6,alpha
baron_c000366,-5.041169,14.81908,gamma,gamma,9,gamma
baron_c000368,4.699877,-4.305899,beta,beta,2,beta
baron_c000369,14.6544,1.485491,delta,delta,3,delta
baron_c000371,6.537092,17.762,acinar,acinar,0,acinar
baron_c000372,-4.893462,15.37863,gamma,gamma,9,gamma
baron_c000373,7.290093,9.427339,ductal,ductal,8,ductal
baron_c000375,17.03834,-6.596391,endothelial,endothelial,13,endothelial
baron_c000376,14.65298,1.91497,delta,delta,3,delta
baron_c000377,4.123986,-5.438535,beta,beta,2,beta
baron_c000378,1.358889,-3.085906,beta,beta,18,beta
baron_c000380,-4.779758,5.276073,alpha,alpha,6,alpha
baron_c000382,17.92647,-5.841479,endothelial,endothelial,13,endothelial
baron_c000384,-4.772692,5.3758,alpha,alpha,6,alpha
baron_c000385,6.057804,-3.694041,beta,beta,7,beta
baron_c000391,5.222092,-4.840068,beta,beta,2,beta
baron_c000392,3.045732,-5.805347,beta,beta,2,beta
baron_c000393,5.860736,-3.74288,beta,beta,7,beta
baron_c000394,3.9641,-4.358691,beta,beta,2,beta
baron_c000396,5.444697,-3.923043,beta,beta,7,beta
baron_c000398,13.34934,-2.314401,activated_stellate,stellate,4,stellate
baron_c000400,-3.296563,5.501378,alpha,alpha,6,alpha
baron_c000401,6.627091,-4.222025,beta,beta,7,beta
baron_c000402,-5.198989,15.30461,gamma,gamma,9,gamma
baron_c000403,12.39655,-5.791345,quiescent_stellate,stellate,10,stellate
baron_c000404,4.510766,-6.457929,beta,beta,2,beta
baron_c000405,-3.672646,4.738762,alpha,alpha,6,alpha
baron_c000407,18.07821,-5.414632,endothelial,endothelial,13,endothelial
baron_c000408,3.392168,-5.776839,beta,beta,2,beta
baron_c000409,6.927413,8.354988,ductal,ductal,8,ductal
baron_c000411,6.008029,11.14164,ductal,ductal,17,ductal
baron_c000412,6.379195,17.0575,acinar,acinar,0,acinar
baron_c000413,-4.419364,6.773409,alpha,alpha,6,alpha
baron_c000415,14.36418,1.387148,beta,beta,3,delta
baron_c000416,-1.081773,13.30199,macrophage,macrophage,19,Unknown
baron_c000417,6.15547,12.24511,ductal,ductal,15,acinar
baron_c000418,18.22707,-5.563825,endothelial,endothelial,13,endothelial
baron_c000419,18.01045,-5.480123,endothelial,endothelial,13,endothelial
baron_c000420,-4.927843,15.27457,gamma,gamma,9,gamma
baron_c000423,4.998825,-3.79474,beta,beta,7,beta
baron_c000424,3.3909,-3.666324,beta,beta,2,beta
baron_c000425,-4.873154,14.82845,gamma,gamma,9,gamma
baron_c000426,-4.014089,4.655484,beta,beta,6,alpha
baron_c000427,-2.204853,12.5424,mast,mast,19,Unknown
baron_c000428,5.740647,-3.707992,beta,beta,7,beta
baron_c000429,16.92269,-6.813088,endothelial,endothelial,13,endothelial
baron_c000430,-4.708147,15.45198,gamma,gamma,9,gamma
baron_c000431,11.86661,-5.461012,quiescent_stellate,stellate,10,stellate
baron_c000432,-4.82688,5.264217,alpha,alpha,6,alpha
baron_c000433,3.44174,-5.445129,beta,beta,2,beta
baron_c000435,6.226284,16.80577,acinar,acinar,0,acinar
baron_c000439,5.979383,10.84673,ductal,ductal,17,ductal
baron_c000440,3.715445,-5.844553,beta,beta,2,beta
baron_c000443,6.64347,16.5479,acinar,acinar,0,acinar
baron_c000444,17.5585,-5.933008,endothelial,endothelial,13,endothelial
baron_c000445,4.231311,-4.029115,beta,beta,2,beta
baron_c000446,12.77141,1.505716,beta,beta,3,delta
baron_c000447,3.077055,-3.680098,beta,beta,2,beta
baron_c000448,8.106641,9.214376,ductal,ductal,5,ductal
baron_c000449,13.53953,-2.493202,activated_stellate,stellate,4,stellate
baron_c000450,4.236885,-4.638916,beta,beta,2,beta
baron_c000451,11.60021,-5.757224,quiescent_stellate,stellate,10,stellate
baron_c000452,6.419394,17.31991,acinar,acinar,0,acinar
baron_c000453,-5.564493,15.25771,gamma,gamma,9,gamma
baron_c000454,11.73957,-5.764277,quiescent_stellate,stellate,10,stellate
baron_c000455,17.73182,-5.221066,endothelial,endothelial,13,endothelial
baron_c000457,-5.1427,5.997527,alpha,alpha,6,alpha
baron_c000458,12.28892,-6.05626,quiescent_stellate,stellate,10,stellate
baron_c000459,4.633883,-4.594758,beta,beta,2,beta
baron_c000460,6.924057,16.05304,acinar,acinar,1,acinar
baron_c000462,16.91456,-6.779471,endothelial,endothelial,13,endothelial
baron_c000463,17.3786,-5.648335,endothelial,endothelial,13,endothelial
baron_c000465,6.321989,17.41972,acinar,acinar,0,acinar
baron_c000466,13.96158,1.403701,delta,delta,3,delta
baron_c000467,2.308767,-5.534672,beta,beta,2,beta
baron_c000468,3.105651,-5.472377,beta,beta,2,beta
baron_c000470,4.502252,-5.218116,beta,beta,2,beta
baron_c000471,5.281303,-3.557219,beta,beta,7,beta
baron_c000473,2.68101,-1.047638,beta,beta,2,beta
baron_c000476,7.165831,9.095119,ductal,ductal,8,ductal
baron_c000477,2.025585,-3.369103,beta,beta,2,beta
baron_c000478,-4.821018,15.044,gamma,gamma,9,gamma
baron_c000480,13.60239,1.013886,delta,delta,3,delta
baron_c000481,3.116622,-3.890217,beta,beta,2,beta
baron_c000482,4.232106,-6.302609,beta,beta,2,beta
baron_c000483,-4.628136,14.91951,gamma,gamma,9,gamma
baron_c000485,12.73335,1.291958,delta,delta,3,delta
baron_c000486,4.327788,-5.397752,beta,beta,2,beta
baron_c000487,12.93911,1.494294,delta,delta,3,delta
baron_c000488,11.70191,-5.95221,quiescent_stellate,stellate,10,stellate
baron_c000490,2.771224,-5.481889,beta,beta,2,beta
baron_c000492,13.95357,1.843751,delta,delta,3,delta
baron_c000494,12.82474,-5.686785,quiescent_stellate,stellate,10,stellate
baron_c000495,12.85491,-6.338823,quiescent_stellate,stellate,10,stellate
baron_c000496,4.729202,-3.414186,beta,beta,11,beta
baron_c000499,13.34229,-2.47468,activated_stellate,stellate,4,stellate
baron_c000500,3.327999,-4.986671,beta,beta,2,beta
baron_c000501,-5.022767,5.357449,alpha,alpha,6,alpha
baron_c000503,3.218708,-5.237368,beta,beta,2,beta
baron_c000505,-4.432154,6.111391,alpha,alpha,6,alpha
baron_c000506,12.12729,-5.996707,quiescent_stellate,stellate,10,stellate
baron_c000507,4.41445,-4.736385,beta,beta,2,beta
baron_c000508,18.14311,-5.375639,endothelial,endothelial,13,endothelial
baron_c000509,13.20073,-2.564753,activated_stellate,stellate,4,stellate
baron_c000510,-5.015729,15.37648,gamma,gamma,9,gamma
baron_c000512,12.91262,-5.817604,quiescent_stellate,stellate,10,stellate
baron_c000513,4.150798,-5.477974,beta,beta,2,beta
baron_c000514,17.23573,-5.668722,endothelial,endothelial,13,endothelial
baron_c000517,3.821037,-3.883741,beta,beta,2,beta
baron_c000518,-3.342461,5.563175,alpha,alpha,6,alpha
baron_c000519,17.28127,-5.963431,endothelial,endothelial,13,endothelial
baron_c000520,-4.8778,15.36256,gamma,gamma,9,gamma
baron_c000521,2.370623,-2.817155,beta,beta,2,beta
baron_c000522,1.801179,-5.117389,beta,beta,2,beta
baron_c000523,6.878495,-4.269076,beta,beta,7,beta
baron_c000524,12.33305,1.239242,beta,beta,3,delta
baron_c000525,17.11677,-6.022419,endothelial,endothelial,13,endothelial
baron_c000526,-2.169529,12.5256,mast,mast,19,Unknown
baron_c000527,2.29888,-4.932955,beta,beta,2,beta
baron_c000528,2.693214,-3.707124,beta,beta,2,beta
baron_c000529,17.27258,-5.571774,endothelial,endothelial,13,endothelial
baron_c000530,3.823146,-5.095461,beta,beta,2,beta
baron_c000531,16.95281,-6.760688,endothelial,endothelial,13,endothelial
baron_c000532,2.450543,-4.406855,beta,beta,2,beta
baron_c000533,18.12407,-5.657034,endothelial,endothelial,13,endothelial
baron_c000534,2.302984,-4.912027,beta,beta,2,beta
baron_c000535,12.38077,-6.211388,quiescent_stellate,stellate,10,stellate
baron_c000536,18.00145,-5.644814,endothelial,endothelial,13,endothelial
baron_c000537,18.01832,-5.890813,endothelial,endothelial,13,endothelial
baron_c000538,3.955288,-4.058512,beta,beta,2,beta
baron_c000539,18.03834,-5.64295,endothelial,endothelial,13,endothelial
baron_c000541,3.433989,-3.913324,beta,beta,2,beta
baron_c000542,-4.643184,5.524456,alpha,alpha,6,alpha
baron_c000543,6.919686,9.33765,ductal,ductal,8,ductal
baron_c000544,16.84481,-5.894861,endothelial,endothelial,13,endothelial
baron_c000547,18.17816,-5.656658,endothelial,endothelial,13,endothelial
baron_c000548,2.948558,-3.338167,beta,beta,2,beta
baron_c000551,17.21914,-6.056584,endothelial,endothelial,13,endothelial
baron_c000553,17.16074,-6.025001,endothelial,endothelial,13,endothelial
baron_c000554,7.568151,7.797721,ductal,ductal,5,ductal
baron_c000555,4.060254,-4.464144,beta,beta,2,beta
baron_c000556,6.989313,8.800733,ductal,ductal,8,ductal
baron_c000558,12.01214,-6.020024,quiescent_stellate,stellate,10,stellate
baron_c000559,3.35484,-4.646025,beta,beta,2,beta
baron_c000560,17.8478,-5.756763,endothelial,endothelial,13,endothelial
baron_c000561,17.86979,-5.826382,endothelial,endothelial,13,endothelial
baron_c000565,13.69133,0.8106903,alpha,alpha,3,delta
baron_c000566,7.127403,8.795508,ductal,ductal,8,ductal
baron_c000568,6.38541,17.18584,delta,delta,0,acinar
baron_c000569,14.01106,0.7502329,delta,delta,3,delta
baron_c000570,14.30682,2.066696,delta,delta,3,delta
baron_c000572,6.90498,17.52529,acinar,acinar,0,acinar
baron_c000575,13.98172,0.8169051,delta,delta,3,delta
baron_c000579,13.51818,0.2613618,delta,delta,3,delta
baron_c000581,14.81024,1.630817,delta,delta,3,delta
baron_c000582,13.78126,1.645628,delta,delta,3,delta
baron_c000584,2.706734,-5.78921,beta,beta,2,beta
baron_c000585,6.223816,17.13481,acinar,acinar,0,acinar
baron_c000586,17.48438,-5.829762,endothelial,endothelial,13,endothelial
baron_c000588,3.62453,-3.601419,beta,beta,2,beta
baron_c000589,13.74566,1.412544,delta,delta,3,delta
baron_c000590,-3.892502,4.610415,alpha,alpha,6,alpha
baron_c000591,6.698112,9.637271,ductal,ductal,17,ductal
baron_c000592,13.72595,0.4805399,delta,delta,3,delta
baron_c000593,14.37974,1.445291,delta,delta,3,delta
baron_c000594,3.239377,-5.909327,beta,beta,2,beta
baron_c000595,14.37157,1.448119,delta,delta,3,delta
baron_c000596,4.551818,-5.173884,beta,beta,2,beta
baron_c000598,12.6432,1.256461,delta,delta,3,delta
baron_c000600,3.662322,-6.462365,beta,beta,2,beta
baron_c000601,13.97612,1.841562,delta,delta,3,delta
baron_c000604,2.784983,-3.551141,beta,beta,2,beta
baron_c000605,-4.647103,4.869097,alpha,alpha,6,alpha
baron_c000606,4.047298,-5.803044,beta,beta,2,beta
baron_c000607,14.50903,1.780228,delta,delta,3,delta
baron_c000611,14.96611,1.245492,delta,delta,3,delta
baron_c000612,6.268089,10.30185,ductal,ductal,17,ductal
baron_c000613,2.196432,-4.624615,beta,beta,2,beta
baron_c000614,13.83115,0.7167156,delta,delta,3,delta
baron_c000615,13.53892,0.7409843,delta,delta,3,delta
baron_c000617,3.673675,-5.078529,beta,beta,2,beta
baron_c000618,-2.222603,5.719193,alpha,alpha,6,alpha
baron_c000619,-4.965437,5.595417,alpha,alpha,6,alpha
baron_c000620,2.005378,-5.611906,beta,beta,2,beta
baron_c000621,6.891633,16.76993,acinar,acinar,0,acinar
baron_c000622,2.491189,-4.504741,beta,beta,2,beta
baron_c000623,5.171895,-5.177623,beta,beta,2,beta
baron_c000627,3.17857,-5.107113,beta,beta,2,beta
baron_c000629,3.86209,-5.513075,beta,beta,2,beta
baron_c000630,13.88794,0.9941773,delta,delta,3,delta
baron_c000634,6.723608,17.13327,acinar,acinar,1,acinar
baron_c000635,14.36797,1.972817,delta,delta,3,delta
baron_c000637,3.029649,-4.152198,beta,beta,2,beta
baron_c000638,2.930223,-4.189493,beta,beta,2,beta
baron_c000639,6.504596,17.39059,acinar,acinar,0,acinar
baron_c000640,3.644464,-6.611778,beta,beta,2,beta
baron_c000641,14.13591,1.645382,delta,delta,3,delta
baron_c000645,14.9228,1.651561,delta,delta,3,delta
baron_c000646,13.30351,0.7770719,delta,delta,3,delta
baron_c000647,2.466843,-5.873046,beta,beta,2,beta
baron_c000648,14.54892,1.009847,delta,delta,3,delta
baron_c000651,4.120955,-5.978406,beta,beta,2,beta
baron_c000652,2.816536,-5.730207,beta,beta,2,beta
baron_c000654,4.824435,-4.756352,beta,beta,2,beta
baron_c000655,6.702276,16.37992,acinar,acinar,0,acinar
baron_c000658,4.442658,-6.693432,beta,beta,2,beta
baron_c000659,-4.163886,4.797335,alpha,alpha,6,alpha
baron_c000660,17.19574,-6.647872,endothelial,endothelial,13,endothelial
baron_c000661,2.318958,-3.15825,beta,beta,2,beta
baron_c000662,13.50115,1.200079,delta,delta,3,delta
baron_c000663,3.76088,-6.552823,beta,beta,2,beta
baron_c000664,14.99379,1.650495,delta,delta,3,delta
baron_c000665,4.599961,-6.313716,beta,beta,2,beta
baron_c000666,13.77808,0.5744417,delta,delta,3,delta
baron_c000667,2.940206,-4.031925,beta,beta,2,beta
baron_c000668,2.858012,-5.872831,beta,beta,2,beta
baron_c000671,3.052097,-4.440468,beta,beta,2,beta
baron_c000672,2.448723,-3.861378,beta,beta,2,beta
baron_c000673,6.851148,8.447284,ductal,ductal,8,ductal
baron_c000675,2.971747,-5.642818,beta,beta,2,beta
baron_c000677,3.687478,-5.362597,beta,beta,2,beta
baron_c000678,6.322021,16.94075,acinar,acinar,0,acinar
baron_c000679,6.467356,17.64909,acinar,acinar,0,acinar
baron_c000680,2.724687,-3.987408,beta,beta,2,beta
baron_c000682,3.745029,-5.659534,beta,beta,2,beta
baron_c000684,3.405744,-4.172496,beta,beta,2,beta
baron_c000685,4.414837,-4.975451,beta,beta,2,beta
baron_c000686,4.776629,-4.8185,beta,beta,2,beta
baron_c000687,4.650837,-6.199216,beta,beta,2,beta
baron_c000688,6.650843,-4.362904,beta,beta,7,beta
baron_c000689,7.156162,8.10203,ductal,ductal,8,ductal
baron_c000692,3.764781,-6.604644,beta,beta,2,beta
baron_c000693,6.301156,17.75216,acinar,acinar,0,acinar
baron_c000694,4.412863,-5.807417,beta,beta,2,beta
baron_c000695,6.08385,8.875347,ductal,ductal,8,ductal
baron_c000696,2.070984,-5.290183,beta,beta,2,beta
baron_c000697,13.63901,-2.294497,activated_stellate,stellate,4,stellate
baron_c000698,-4.216619,4.848783,alpha,alpha,6,alpha
baron_c000699,2.276432,-4.442711,beta,beta,2,beta
baron_c000700,13.6598,0.3709365,delta,delta,3,delta
baron_c000701,13.86702,0.8683876,delta,delta,3,delta
baron_c000703,2.848516,-4.390583,beta,beta,2,beta
baron_c000704,4.682431,-5.319222,beta,beta,2,beta
baron_c000705,6.738148,-4.241385,beta,beta,7,beta
baron_c000708,2.300267,-5.15618,beta,beta,2,beta
baron_c000709,4.293096,-6.646846,beta,beta,2,beta
baron_c000710,14.68192,1.979016,delta,delta,3,delta
baron_c000711,5.291006,-3.686014,beta,beta,7,beta
baron_c000712,6.444827,8.631386,ductal,ductal,8,ductal
baron_c000715,7.647956,7.570617,ductal,ductal,5,ductal
baron_c000716,-0.9171202,13.72512,macrophage,macrophage,19,Unknown
baron_c000717,2.979605,-6.309683,beta,beta,2,beta
baron_c000718,14.58321,2.798441,delta,delta,3,delta
baron_c000719,4.479677,-6.2262,beta,beta,2,beta
baron_c000720,4.701196,-6.019639,beta,beta,2,beta
baron_c000721,4.510829,-5.568469,beta,beta,2,beta
baron_c000722,3.025571,-5.987046,beta,beta,2,beta
baron_c000723,4.154272,-5.50675,beta,beta,2,beta
baron_c000725,4.025564,-5.86304,beta,beta,2,beta
baron_c000727,7.653285,7.49652,ductal,ductal,5,ductal
baron_c000728,4.510728,-5.228967,beta,beta,2,beta
baron_c000730,2.070532,-3.660212,beta,beta,2,beta
baron_c000732,4.056591,-4.826161,beta,beta,2,beta
baron_c000733,13.41154,0.2996711,delta,delta,3,delta
baron_c000735,1.977258,-4.308825,beta,beta,2,beta
baron_c000736,14.52874,1.769211,delta,delta,3,delta
baron_c000737,2.794947,-6.012703,beta,beta,2,beta
baron_c000739,3.931138,-6.71393,beta,beta,2,beta
baron_c000740,4.249639,-6.549385,beta,beta,2,beta
baron_c000741,-5.739172,5.878003,alpha,alpha,12,alpha
baron_c000742,6.376861,-3.999436,beta,beta,7,beta
baron_c000743,3.580561,-6.388331,beta,beta,2,beta
baron_c000746,6.739284,-4.223657,beta,beta,7,beta
baron_c000747,4.262621,-4.668358,beta,beta,2,beta
baron_c000748,3.005149,-5.881216,beta,beta,2,beta
baron_c000749,6.206665,10.48033,ductal,ductal,17,ductal
baron_c000750,2.808343,-3.525166,beta,beta,2,beta
baron_c000752,4.041008,-5.673735,beta,beta,2,beta
baron_c000754,6.11376,-3.920331,beta,beta,7,beta
baron_c000757,2.979435,-3.512517,beta,beta,2,beta
baron_c000758,14.25582,1.411396,delta,delta,3,delta
baron_c000759,2.655742,-5.986185,beta,beta,2,beta
baron_c000760,3.611963,-6.595455,beta,beta,2,beta
baron_c000761,13.86496,1.295061,delta,delta,3,delta
baron_c000762,2.196625,-5.517545,beta,beta,2,beta
baron_c000763,2.449558,-3.84749,beta,beta,2,beta
baron_c000764,3.885559,-6.245415,beta,beta,2,beta
baron_c000765,3.707626,-6.650129,beta,beta,2,beta
baron_c000767,4.227213,-6.474901,beta,beta,2,beta
baron_c000768,5.423451,-5.024344,beta,beta,2,beta
baron_c000770,2.314661,-4.43957,beta,beta,2,beta
baron_c000772,13.51855,2.226495,delta,delta,3,delta
baron_c000773,6.916234,9.107978,ductal,ductal,8,ductal
baron_c000775,5.188471,-5.861877,beta,beta,2,beta
baron_c000779,6.510248,8.368777,ductal,ductal,8,ductal
baron_c000781,3.627884,-4.363117,beta,beta,2,beta
baron_c000782,3.592317,-6.557899,beta,beta,2,beta
baron_c000783,3.272402,-6.023359,beta,beta,2,beta
baron_c000786,6.78244,-4.149622,beta,beta,7,beta
baron_c000787,-2.213208,5.0644,alpha,alpha,6,alpha
baron_c000788,3.587979,-4.286978,beta,beta,2,beta
baron_c000791,-3.930111,4.933005,alpha,alpha,6,alpha
baron_c000792,6.662804,17.13107,acinar,acinar,1,acinar
baron_c000793,-4.707599,14.82251,gamma,gamma,9,gamma
baron_c000794,2.270084,-5.252782,beta,beta,2,beta
baron_c000795,2.890561,-5.889005,beta,beta,2,beta
baron_c000796,2.603212,-4.199639,beta,beta,2,beta
baron_c000798,-4.380115,5.449049,alpha,alpha,6,alpha
baron_c000799,15.66161,-6.257655,endothelial,endothelial,13,endothelial
baron_c000800,-5.000982,15.56286,gamma,gamma,9,gamma
baron_c000801,5.181897,-6.046421,beta,beta,2,beta
baron_c000804,4.730657,-5.774817,beta,beta,2,beta
baron_c000806,14.06179,0.8916366,beta,beta,3,delta
baron_c000808,17.104,-6.615831,endothelial,endothelial,13,endothelial
baron_c000809,3.21334,-4.542128,beta,beta,2,beta
baron_c000810,14.32164,0.9470888,delta,delta,3,delta
baron_c000811,3.034227,-5.898569,beta,beta,2,beta
baron_c000812,-3.986322,5.533782,alpha,alpha,6,alpha
baron_c000813,4.281434,-5.827944,beta,beta,2,beta
baron_c000814,-3.470397,5.281802,alpha,alpha,6,alpha
baron_c000815,-4.947708,5.052622,alpha,alpha,6,alpha
baron_c000816,14.32169,1.737572,delta,delta,3,delta
baron_c000818,6.099899,8.625508,ductal,ductal,8,ductal
baron_c000819,3.04476,-3.917104,beta,beta,2,beta
baron_c000820,-5.183032,6.195081,alpha,alpha,6,alpha
baron_c000822,2.375983,-4.11791,beta,beta,2,beta
baron_c000824,6.091896,10.8682,ductal,ductal,17,ductal
baron_c000826,3.827667,-2.883662,beta,beta,11,beta
baron_c000827,2.837237,-4.573775,beta,beta,2,beta
baron_c000829,-4.46758,4.860662,alpha,alpha,6,alpha
baron_c000831,-4.724203,15.12316,gamma,gamma,9,gamma
baron_c000832,-4.940115,5.100907,alpha,alpha,6,alpha
baron_c000833,1.91362,-2.099815,beta,beta,18,beta
baron_c000834,-2.623885,4.87819,alpha,alpha,6,alpha
baron_c000835,7.809316,7.285615,ductal,ductal,5,ductal
baron_c000836,3.632295,-6.62626,beta,beta,2,beta
baron_c000837,-4.883917,15.46889,gamma,gamma,9,gamma
baron_c000838,4.473501,-4.968057,beta,beta,2,beta
baron_c000839,13.46976,-1.224807,schwann,schwann,4,stellate
baron_c000840,13.78404,0.4450799,delta,delta,3,delta
baron_c000841,2.922682,-3.588384,beta,beta,2,beta
baron_c000842,-4.630855,5.7565,alpha,alpha,6,alpha
baron_c000846,1.845376,-5.456673,beta,beta,2,beta
baron_c000848,2.936311,-5.351449,beta,beta,2,beta
baron_c000849,1.927301,-5.331951,beta,beta,2,beta
baron_c000852,3.025697,-6.152338,beta,beta,2,beta
baron_c000853,4.867852,-4.660883,beta,beta,2,beta
baron_c000854,-1.189826,13.85968,macrophage,macrophage,19,Unknown
baron_c000855,-5.021486,14.99715,gamma,gamma,9,gamma
baron_c000856,6.658172,-4.317489,beta,beta,7,beta
baron_c000857,5.500845,-4.4289,beta,beta,7,beta
baron_c000858,-3.757109,5.554626,alpha,alpha,6,alpha
baron_c000861,-3.783792,5.446771,alpha,alpha,6,alpha
baron_c000863,-5.01585,5.355829,alpha,alpha,6,alpha
baron_c000864,-2.969785,4.938918,alpha,alpha,6,alpha
baron_c000865,-3.307168,5.025579,alpha,alpha,6,alpha
baron_c000866,5.498595,-4.186785,beta,beta,7,beta
baron_c000867,4.22577,-6.464995,beta,beta,2,beta
baron_c000869,-4.770372,4.828858,alpha,alpha,6,alpha
baron_c000870,-0.7913827,13.61066,macrophage,macrophage,19,Unknown
baron_c000873,2.685548,-4.906302,beta,beta,2,beta
baron_c000874,12.19753,1.08977,beta,beta,3,delta
baron_c000875,-4.705455,5.2901,alpha,alpha,6,alpha
baron_c000876,12.96894,-2.838081,activated_stellate,stellate,4,stellate
baron_c000878,-4.660839,5.559206,alpha,alpha,6,alpha
baron_c000879,-4.311132,5.398118,alpha,alpha,6,alpha
baron_c000880,17.26733,-6.739982,endothelial,endothelial,13,endothelial
baron_c000882,13.44356,-0.1242524,delta,delta,3,delta
baron_c000883,4.464409,-6.309572,beta,beta,2,beta
baron_c000885,4.503869,-4.052552,beta,beta,2,beta
baron_c000886,6.018346,8.545336,ductal,ductal,8,ductal
baron_c000887,6.494034,-4.103473,beta,beta,7,beta
baron_c000888,6.192816,9.062524,ductal,ductal,8,ductal
baron_c000890,3.371164,-5.913984,beta,beta,2,beta
baron_c000891,12.35284,-4.654318,activated_stellate,stellate,10,stellate
baron_c000896,13.88889,1.075199,delta,delta,3,delta
baron_c000897,6.219095,8.416479,ductal,ductal,8,ductal
baron_c000898,-3.148346,5.323702,alpha,alpha,6,alpha
baron_c000899,6.26583,9.162808,ductal,ductal,8,ductal
baron_c000901,-4.516668,14.74988,gamma,gamma,9,gamma
baron_c000902,6.570779,8.556327,ductal,ductal,8,ductal
baron_c000904,-4.856779,15.58102,gamma,gamma,9,gamma
baron_c000906,-5.237412,6.418418,alpha,alpha,6,alpha
baron_c000907,-5.178924,15.01161,gamma,gamma,9,gamma
baron_c000908,-4.245369,5.107919,alpha,alpha,6,alpha
baron_c000909,3.367885,-5.723886,beta,beta,2,beta
baron_c000910,-0.9592659,13.51145,macrophage,macrophage,19,Unknown
baron_c000912,4.330644,-6.24362,beta,beta,2,beta
baron_c000913,12.61265,-6.042445,quiescent_stellate,stellate,10,stellate
baron_c000915,3.272155,-4.496274,beta,beta,2,beta
baron_c000916,-3.826235,5.209101,alpha,alpha,6,alpha
baron_c000917,3.575079,-5.159785,beta,beta,2,beta
baron_c000918,-2.97338,5.329319,alpha,alpha,6,alpha
baron_c000920,3.956847,-6.287229,beta,beta,2,beta
baron_c000921,-4.765474,15.37902,gamma,gamma,9,gamma
baron_c000922,-3.364622,4.730516,alpha,alpha,6,alpha
baron_c000924,3.015528,-5.597107,beta,beta,2,beta
baron_c000925,2.650299,-4.270316,beta,beta,2,beta
baron_c000926,5.941988,-4.293461,beta,beta,7,beta
baron_c000927,-0.7391628,13.42249,macrophage,macrophage,19,Unknown
baron_c000929,13.35607,0.6973992,delta,delta,3,delta
baron_c000930,4.25481,-5.681514,beta,beta,2,beta
baron_c000931,-4.782231,15.71234,gamma,gamma,9,gamma
baron_c000932,-7.896254,13.13503,epsilon,epsilon,16,epsilon
baron_c000933,14.8231,1.490641,delta,delta,3,delta
baron_c000936,3.372454,-4.902034,beta,beta,2,beta
baron_c000938,-4.208003,4.930753,alpha,alpha,6,alpha
baron_c000940,5.591992,-3.649761,beta,beta,7,beta
baron_c000941,13.00902,-3.043137,activated_stellate,stellate,4,stellate
baron_c000942,6.376924,17.01454,acinar,acinar,1,acinar
baron_c000944,6.528582,17.3155,acinar,acinar,0,acinar
baron_c000946,-5.09883,15.27405,gamma,gamma,9,gamma
baron_c000947,-1.222044,13.67327,macrophage,macrophage,19,Unknown
baron_c000948,4.65412,-4.734122,beta,beta,2,beta
baron_c000949,2.49027,-5.806522,beta,beta,2,beta
baron_c000950,6.288218,17.60838,acinar,acinar,0,acinar
baron_c000952,4.04928,-5.746056,beta,beta,2,beta
baron_c000953,-4.150681,5.646745,alpha,alpha,6,alpha
baron_c000954,14.82519,1.378222,delta,delta,3,delta
baron_c000956,6.412467,10.26517,ductal,ductal,17,ductal
baron_c000957,-4.162458,5.552881,alpha,alpha,6,alpha
baron_c000958,3.108477,-5.194832,beta,beta,2,beta
baron_c000959,14.3027,1.10591,delta,delta,3,delta
baron_c000960,7.01823,-4.325566,beta,beta,7,beta
baron_c000961,5.559923,-3.700638,beta,beta,7,beta
baron_c000962,6.83958,17.81346,acinar,acinar,0,acinar
baron_c000965,3.350045,-4.074832,beta,beta,2,beta
baron_c000971,6.126809,17.37398,acinar,acinar,0,acinar
baron_c000973,2.322691,-5.751389,beta,beta,2,beta
baron_c000976,-5.443882,6.024256,alpha,alpha,6,alpha
baron_c000977,14.44327,1.947604,delta,delta,3,delta
baron_c000978,5.801935,-3.936285,beta,beta,7,beta
baron_c000980,6.094121,-3.937826,beta,beta,7,beta
baron_c000981,2.819364,-5.975057,beta,beta,2,beta
baron_c000983,3.321841,-5.345275,beta,beta,2,beta
baron_c000984,12.2559,-5.738853,quiescent_stellate,stellate,10,stellate
baron_c000985,17.29483,-6.261985,endothelial,endothelial,13,endothelial
baron_c000986,6.560022,17.53571,acinar,acinar,0,acinar
baron_c000987,13.02154,-2.887205,activated_stellate,stellate,4,stellate
baron_c000988,13.4733,0.5024582,delta,delta,3,delta
baron_c000989,4.218948,-3.223995,beta,beta,11,beta
baron_c000990,-2.017812,6.051695,alpha,alpha,6,alpha
baron_c000992,17.69332,-5.76452,endothelial,endothelial,13,endothelial
baron_c000993,-5.31574,5.673493,alpha,alpha,12,alpha
baron_c000997,5.996378,11.15823,ductal,ductal,17,ductal
baron_c000999,-1.618677,5.493172,alpha,alpha,6,alpha
baron_c001000,3.055515,-4.79493,beta,beta,2,beta
baron_c001002,-4.535764,5.245269,alpha,alpha,6,alpha
baron_c001004,12.656,-6.190931,quiescent_stellate,stellate,10,stellate
baron_c001005,3.965833,-6.469909,beta,beta,2,beta
baron_c001006,-2.464314,5.285302,alpha,alpha,6,alpha
baron_c001008,6.511539,10.08767,ductal,ductal,17,ductal
baron_c001009,2.46473,-5.568016,beta,beta,2,beta
baron_c001011,2.957769,-4.677749,beta,beta,2,beta
baron_c001014,4.494633,-1.187136,beta,beta,11,beta
baron_c001016,3.708185,-5.203658,beta,beta,2,beta
baron_c001017,2.932954,-5.7405,beta,beta,2,beta
baron_c001018,13.55733,-1.601939,schwann,schwann,4,stellate
baron_c001019,17.99692,-5.764134,endothelial,endothelial,13,endothelial
baron_c001020,4.345157,-5.21566,beta,beta,2,beta
baron_c001021,1.73714,-5.214121,beta,beta,2,beta
baron_c001024,-4.783475,4.765056,alpha,alpha,6,alpha
baron_c001026,-4.592967,5.656669,alpha,alpha,6,alpha
baron_c001027,13.14169,-2.779633,quiescent_stellate,stellate,4,stellate
baron_c001028,17.56017,-6.225462,endothelial,endothelial,13,endothelial
baron_c001030,12.73086,1.349699,delta,delta,3,delta
baron_c001031,4.155308,-6.433178,beta,beta,2,beta
baron_c001032,7.048586,9.422013,ductal,ductal,17,ductal
baron_c001035,14.59655,1.895044,delta,delta,3,delta
baron_c001038,6.727275,17.69491,acinar,acinar,0,acinar
baron_c001040,13.33169,0.8403725,delta,delta,3,delta
baron_c001042,13.91628,-2.741558,activated_stellate,stellate,4,stellate
baron_c001043,17.36526,-6.001647,endothelial,endothelial,13,endothelial
baron_c001044,3.549007,-5.628066,beta,beta,2,beta
baron_c001045,6.255507,10.37243,ductal,ductal,17,ductal
baron_c001047,2.225917,-3.96527,beta,beta,2,beta
baron_c001048,-2.227331,5.452039,alpha,alpha,6,alpha
baron_c001050,5.512828,-3.81953,beta,beta,7,beta
baron_c001051,6.190475,10.83744,ductal,ductal,17,ductal
baron_c001053,-7.435454,8.017344,alpha,alpha,20,alpha
baron_c001054,16.8996,-5.559423,endothelial,endothelial,13,endothelial
baron_c001055,18.01196,-5.734859,endothelial,endothelial,13,endothelial
baron_c001056,2.129701,-5.088295,beta,beta,2,beta
baron_c001057,16.64749,-5.69686,endothelial,endothelial,13,endothelial
baron_c001058,17.42867,-6.476374,endothelial,endothelial,13,endothelial
baron_c001059,-3.350851,5.263632,alpha,alpha,6,alpha
baron_c001060,12.59203,-6.08498,quiescent_stellate,stellate,10,stellate
baron_c001061,7.520809,8.861349,ductal,ductal,17,ductal
baron_c001062,4.313708,-5.950376,beta,beta,2,beta
baron_c001064,-7.835515,13.04002,epsilon,epsilon,16,epsilon
baron_c001065,14.28679,2.039054,delta,delta,3,delta
baron_c001066,-1.332769,13.91311,macrophage,macrophage,19,Unknown
baron_c001067,-4.75962,15.47673,gamma,gamma,9,gamma
baron_c001069,-2.879085,5.252319,alpha,alpha,6,alpha
baron_c001071,-3.477986,5.178813,alpha,alpha,6,alpha
baron_c001072,17.18333,-6.784098,endothelial,endothelial,13,endothelial
baron_c001073,3.930574,-5.28862,beta,beta,2,beta
baron_c001075,2.267732,-4.58049,beta,beta,2,beta
baron_c001076,4.260231,-5.635433,beta,beta,2,beta
baron_c001078,-4.279788,4.727827,alpha,alpha,6,alpha
baron_c001079,4.041223,-4.209188,beta,beta,2,beta
baron_c001080,-4.816513,15.67949,gamma,gamma,9,gamma
baron_c001081,-4.240228,6.022264,alpha,alpha,6,alpha
baron_c001082,-2.205539,5.683582,alpha,alpha,6,alpha
baron_c001086,11.53647,-5.734841,quiescent_stellate,stellate,10,stellate
baron_c001087,18.00021,-5.432805,endothelial,endothelial,13,endothelial
baron_c001090,5.71044,-3.717679,beta,beta,7,beta
baron_c001091,4.136311,-3.996854,beta,beta,2,beta
baron_c001092,6.232486,8.845551,ductal,ductal,8,ductal
baron_c001094,-3.330601,5.247818,alpha,alpha,6,alpha
baron_c001095,11.62255,-5.948765,quiescent_stellate,stellate,10,stellate
baron_c001096,3.188604,-4.525053,beta,beta,2,beta
baron_c001097,18.01971,-5.788599,endothelial,endothelial,13,endothelial
baron_c001099,6.195079,10.74229,ductal,ductal,17,ductal
baron_c001103,3.996672,-6.612273,beta,beta,2,beta
baron_c001104,7.031354,8.455198,ductal,ductal,8,ductal
baron_c001105,3.128416,-5.716035,beta,beta,2,beta
baron_c001106,17.39478,-5.713026,endothelial,endothelial,13,endothelial
baron_c001107,3.7374,-2.988153,beta,beta,11,beta
baron_c001108,4.146719,-4.187982,beta,beta,2,beta
baron_c001109,6.441397,16.87225,acinar,acinar,0,acinar
baron_c001110,-3.126367,5.107133,alpha,alpha,6,alpha
baron_c001111,13.49398,-1.521779,schwann,schwann,4,stellate
baron_c001114,11.60572,-5.801336,quiescent_stellate,stellate,10,stellate
baron_c001115,3.795488,-4.205145,beta,beta,2,beta
baron_c001117,17.55332,-5.652353,endothelial,endothelial,13,endothelial
baron_c001119,-2.166076,12.67974,mast,mast,19,Unknown
baron_c001120,2.876671,-4.473407,beta,beta,2,beta
baron_c001121,-4.775127,15.40777,gamma,gamma,9,gamma
baron_c001122,12.05164,-4.940009,quiescent_stellate,stellate,10,stellate
baron_c001124,3.825702,-3.514089,beta,beta,2,beta
baron_c001125,3.249214,-4.47471,beta,beta,2,beta
baron_c001126,16.73517,-6.115447,endothelial,endothelial,13,endothelial
baron_c001127,4.590977,-5.864749,beta,beta,2,beta
baron_c001128,-4.184543,5.586899,alpha,alpha,6,alpha
baron_c001129,11.67309,-5.725696,quiescent_stellate,stellate,10,stellate
baron_c001130,12.96012,-2.725459,activated_stellate,stellate,4,stellate
baron_c001133,17.17217,-6.690001,endothelial,endothelial,13,endothelial
baron_c001134,11.82684,-5.961567,quiescent_stellate,stellate,10,stellate
baron_c001135,17.59237,-5.876984,endothelial,endothelial,13,endothelial
baron_c001136,18.20887,-5.403279,endothelial,endothelial,13,endothelial
baron_c001137,18.07718,-5.543787,endothelial,endothelial,13,endothelial
baron_c001139,7.117911,8.414197,ductal,ductal,8,ductal
baron_c001140,4.329922,-4.076044,beta,beta,2,beta
baron_c001141,6.775399,9.412083,ductal,ductal,8,ductal
baron_c001142,12.50068,-6.543309,quiescent_stellate,stellate,10,stellate
baron_c001143,4.214112,-4.335211,beta,beta,2,beta
baron_c001147,12.45994,-5.82936,quiescent_stellate,stellate,10,stellate
baron_c001149,7.180686,17.59073,acinar,acinar,0,acinar
baron_c001150,-4.741323,14.88715,gamma,gamma,9,gamma
baron_c001151,18.04239,-5.41172,endothelial,endothelial,13,endothelial
baron_c001152,3.660556,-5.318187,beta,beta,2,beta
baron_c001153,11.71428,-5.941026,quiescent_stellate,stellate,10,stellate
baron_c001154,13.60523,-2.660613,activated_stellate,stellate,4,stellate
baron_c001155,3.659245,-4.569207,beta,beta,2,beta
baron_c001156,3.42055,-4.840196,beta,beta,2,beta
baron_c001157,17.59225,-6.274914,endothelial,endothelial,13,endothelial
baron_c001158,-3.932424,5.602176,alpha,alpha,6,alpha
baron_c001161,12.31088,-6.18624,quiescent_stellate,stellate,10,stellate
baron_c001163,16.56274,-6.626083,endothelial,endothelial,13,endothelial
baron_c001165,12.58942,-6.466089,quiescent_stellate,stellate,10,stellate
baron_c001166,3.847478,-4.624359,beta,beta,2,beta
baron_c001167,12.67434,-6.618915,quiescent_stellate,stellate,10,stellate
baron_c001171,4.462746,-4.074813,beta,beta,2,beta
baron_c001172,3.170237,-3.834424,beta,beta,2,beta
baron_c001174,17.93762,-5.715227,endothelial,endothelial,13,endothelial
baron_c001175,-5.035845,5.931139,alpha,alpha,6,alpha
baron_c001177,17.80171,-6.091137,endothelial,endothelial,13,endothelial
baron_c001179,13.38689,-2.559597,activated_stellate,stellate,4,stellate
baron_c001180,-4.883906,5.417673,alpha,alpha,6,alpha
baron_c001182,4.121932,-4.042144,beta,beta,2,beta
baron_c001183,6.725673,16.96924,acinar,acinar,0,acinar
baron_c001185,17.83427,-6.170319,endothelial,endothelial,13,endothelial
baron_c001187,18.06718,-5.610789,endothelial,endothelial,13,endothelial
baron_c001188,3.609208,-3.900664,delta,delta,2,beta
baron_c001189,17.75168,-5.926574,endothelial,endothelial,13,endothelial
baron_c001190,-4.341335,5.068794,alpha,alpha,6,alpha
baron_c001192,11.85866,-5.091349,quiescent_stellate,stellate,10,stellate
baron_c001194,12.27286,-6.403694,quiescent_stellate,stellate,10,stellate
baron_c001195,-3.319037,5.986686,alpha,alpha,6,alpha
baron_c001196,12.25581,-5.973282,quiescent_stellate,stellate,10,stellate
baron_c001197,6.569912,17.83313,acinar,acinar,0,acinar
baron_c001198,6.22133,16.61663,acinar,acinar,0,acinar
baron_c001199,14.17981,2.21177,delta,delta,3,delta
baron_c001201,13.65938,-2.228777,activated_stellate,stellate,4,stellate
baron_c001202,6.135554,16.98966,acinar,acinar,0,acinar
baron_c001203,6.331482,17.10465,acinar,acinar,0,acinar
baron_c001206,13.4286,0.6903993,delta,delta,3,delta
baron_c001207,5.988241,17.24755,acinar,acinar,0,acinar
baron_c001208,4.132252,-5.954688,beta,beta,2,beta
baron_c001211,13.395,0.8237571,delta,delta,3,delta
baron_c001212,13.96525,0.8077651,delta,delta,3,delta
baron_c001213,14.79638,1.606961,delta,delta,3,delta
baron_c001215,12.51957,1.139805,delta,delta,3,delta
baron_c001217,13.56986,-2.236996,activated_stellate,stellate,4,stellate
baron_c001220,3.163851,-5.132036,beta,beta,2,beta
baron_c001221,6.145941,17.40257,acinar,acinar,0,acinar
baron_c001222,13.93371,0.6854602,delta,delta,3,delta
baron_c001223,3.586977,-6.03122,beta,beta,2,beta
baron_c001224,14.26147,1.552018,delta,delta,3,delta
baron_c001225,6.240182,14.40407,ductal,ductal,15,acinar
baron_c001226,6.217565,16.94519,acinar,acinar,0,acinar
baron_c001228,14.78246,1.677844,delta,delta,3,delta
baron_c001229,3.639732,-6.621813,beta,beta,2,beta
baron_c001230,5.066017,-5.43251,beta,beta,2,beta
baron_c001231,3.06892,-4.272909,beta,beta,2,beta
baron_c001232,13.72429,0.7051994,delta,delta,3,delta
baron_c001234,2.348499,-5.734046,beta,beta,2,beta
baron_c001235,5.140327,-5.529055,beta,beta,2,beta
baron_c001236,14.1413,1.945463,delta,delta,3,delta
baron_c001238,13.90889,2.68943,delta,delta,3,delta
baron_c001239,6.360125,16.58469,acinar,acinar,0,acinar
baron_c001240,7.771928,7.465837,ductal,ductal,5,ductal
baron_c001241,14.65858,1.120652,delta,delta,3,delta
baron_c001242,13.49419,-2.290373,activated_stellate,stellate,4,stellate
baron_c001243,2.838258,-6.132277,beta,beta,2,beta
baron_c001244,13.65336,-1.327337,activated_stellate,stellate,4,stellate
baron_c001245,-4.643452,4.675523,alpha,alpha,6,alpha
baron_c001246,14.99757,2.085778,delta,delta,3,delta
baron_c001247,4.453614,-3.806204,beta,beta,2,beta
baron_c001248,3.297336,-5.391129,beta,beta,2,beta
baron_c001249,4.574932,-6.035254,beta,beta,2,beta
baron_c001250,7.50578,16.62171,acinar,acinar,1,acinar
baron_c001251,14.20023,1.00771,delta,delta,3,delta
baron_c001252,7.3996,7.819864,ductal,ductal,5,ductal
baron_c001253,-1.264036,13.84225,macrophage,macrophage,19,Unknown
baron_c001254,14.56957,1.037279,delta,delta,3,delta
baron_c001256,3.294136,-5.303294,beta,beta,2,beta
baron_c001257,13.59837,0.448166,delta,delta,3,delta
baron_c001258,12.91516,0.8829772,delta,delta,3,delta
baron_c001259,4.886367,-3.097456,beta,beta,11,beta
baron_c001260,14.4467,1.205579,delta,delta,3,delta
baron_c001262,14.67776,1.843806,delta,delta,3,delta
baron_c001264,13.24868,1.443324,delta,delta,3,delta
baron_c001265,4.631874,-4.752321,beta,beta,2,beta
baron_c001266,6.60118,16.76534,acinar,acinar,0,acinar
baron_c001267,2.357177,-5.675209,beta,beta,2,beta
baron_c001268,4.725453,-5.406924,beta,beta,2,beta
baron_c001269,6.288354,10.44699,ductal,ductal,17,ductal
baron_c001270,14.93076,1.391111,delta,delta,3,delta
baron_c001271,14.39027,1.292517,delta,delta,3,delta
baron_c001272,4.169782,-5.549671,beta,beta,2,beta
baron_c001274,14.92057,1.78629,delta,delta,3,delta
baron_c001275,2.45844,-3.875654,beta,beta,2,beta
baron_c001277,3.522724,-6.047038,beta,beta,2,beta
baron_c001278,6.466738,16.65534,acinar,acinar,0,acinar
baron_c001279,-2.309498,5.589903,alpha,alpha,6,alpha
baron_c001281,2.151681,-4.859487,beta,beta,2,beta
baron_c001283,2.038862,-5.535674,beta,beta,2,beta
baron_c001284,4.45868,-6.427483,beta,beta,2,beta
baron_c001285,2.446949,-4.850698,beta,beta,2,beta
baron_c001286,4.090579,-5.831164,beta,beta,2,beta
baron_c001287,2.776923,-4.00342,beta,beta,2,beta
baron_c001288,3.2859,-6.166704,beta,beta,2,beta
baron_c001290,4.315339,-6.175967,beta,beta,2,beta
baron_c001293,2.010774,-4.150213,beta,beta,2,beta
baron_c001295,4.079139,-5.056037,beta,beta,2,beta
baron_c001296,-4.589451,4.628153,alpha,alpha,6,alpha
baron_c001297,13.40348,0.3481404,delta,delta,3,delta
baron_c001298,-4.698625,5.789758,alpha,alpha,6,alpha
baron_c001300,14.32744,1.607764,delta,delta,3,delta
baron_c001301,2.56104,-5.364749,beta,beta,2,beta
baron_c001302,14.11594,-3.027143,activated_stellate,stellate,4,stellate
baron_c001303,4.984273,-5.452744,beta,beta,2,beta
baron_c001304,6.996869,-4.3544,beta,beta,7,beta
baron_c001305,14.7027,1.718285,delta,delta,3,delta
baron_c001306,14.88772,2.279103,delta,delta,3,delta
baron_c001307,6.286487,10.31249,ductal,ductal,17,ductal
baron_c001308,6.589514,16.28994,acinar,acinar,0,acinar
baron_c001310,15.14058,1.802679,delta,delta,3,delta
baron_c001311,7.030802,8.221162,ductal,ductal,8,ductal
baron_c001312,14.28007,0.8612067,delta,delta,3,delta
baron_c001313,4.013343,-4.617923,beta,beta,2,beta
baron_c001314,6.675184,8.853608,ductal,ductal,8,ductal
baron_c001315,5.575054,-4.276936,beta,beta,7,beta
baron_c001318,4.149373,-6.230009,beta,beta,2,beta
baron_c001319,-3.562874,4.700791,alpha,alpha,6,alpha
baron_c001320,2.963935,-5.487726,beta,beta,2,beta
baron_c001321,4.850499,-3.828317,beta,beta,7,beta
baron_c001323,4.597867,-6.285345,beta,beta,2,beta
baron_c001324,4.478865,-5.510772,beta,beta,2,beta
baron_c001325,-4.629893,4.758021,alpha,alpha,6,alpha
baron_c001326,6.425618,17.13023,acinar,acinar,1,acinar
baron_c001327,4.378832,-6.530572,beta,beta,2,beta
baron_c001328,2.386822,-3.215464,beta,beta,2,beta
baron_c001329,2.045713,-5.28924,beta,beta,2,beta
baron_c001331,15.06615,2.267936,delta,delta,3,delta
baron_c001332,4.679747,-6.11536,beta,beta,2,beta
baron_c001333,3.999472,-6.619972,beta,beta,2,beta
baron_c001334,4.955951,-6.171406,beta,beta,2,beta
baron_c001335,13.2182,-2.4542,activated_stellate,stellate,4,stellate
baron_c001336,3.947679,-5.885383,beta,beta,2,beta
baron_c001337,14.73025,1.949939,delta,delta,3,delta
baron_c001338,2.54738,-3.496749,beta,beta,2,beta
baron_c001340,5.048909,-5.463676,beta,beta,2,beta
baron_c001341,4.595656,-6.471754,beta,beta,2,beta
baron_c001344,4.497521,-5.006944,beta,beta,2,beta
baron_c001346,7.886504,9.957526,quiescent_stellate,stellate,8,ductal
baron_c001347,14.03836,-2.173386,activated_stellate,stellate,4,stellate
baron_c001348,6.378226,16.37195,acinar,acinar,0,acinar
baron_c001350,-4.741796,4.902006,alpha,alpha,6,alpha
baron_c001351,13.58188,0.6297061,delta,delta,3,delta
baron_c001352,6.486259,17.83091,acinar,acinar,0,acinar
baron_c001353,2.428887,-5.205287,beta,beta,2,beta
baron_c001355,4.350242,-6.748249,beta,beta,2,beta
baron_c001357,6.008401,8.984035,ductal,ductal,8,ductal
baron_c001358,4.840749,-5.30021,beta,beta,2,beta
baron_c001359,5.985771,16.99747,acinar,acinar,0,acinar
baron_c001360,2.216871,-5.836086,beta,beta,2,beta
baron_c001363,2.703488,-5.673331,beta,beta,2,beta
baron_c001364,3.927965,-6.642132,beta,beta,2,beta
baron_c001366,-2.452668,4.969402,alpha,alpha,6,alpha
baron_c001368,3.646638,-5.804471,beta,beta,2,beta
baron_c001369,6.97926,-4.254308,beta,beta,7,beta
baron_c001370,-4.715136,4.850387,alpha,alpha,6,alpha
baron_c001371,3.190355,-4.228852,beta,beta,2,beta
baron_c001372,4.551579,-4.276388,beta,beta,2,beta
baron_c001375,-1.377637,13.99901,macrophage,macrophage,19,Unknown
baron_c001376,-4.675425,4.801537,alpha,alpha,6,alpha
baron_c001377,13.98254,0.5844548,delta,delta,3,delta
baron_c001378,2.044401,-5.586939,beta,beta,2,beta
baron_c001379,6.655639,8.409692,ductal,ductal,8,ductal
baron_c001380,7.610558,7.685403,ductal,ductal,5,ductal
baron_c001381,-4.085948,5.121995,alpha,alpha,6,alpha
baron_c001383,6.781153,-4.391233,beta,beta,7,beta
baron_c001385,17.28357,-6.304838,endothelial,endothelial,13,endothelial
baron_c001387,-4.84053,15.68589,gamma,gamma,9,gamma
baron_c001389,12.36623,-6.502897,quiescent_stellate,stellate,10,stellate
baron_c001390,3.61757,-6.238814,beta,beta,2,beta
baron_c001393,6.04457,8.842714,ductal,ductal,8,ductal
baron_c001394,3.029518,-6.137531,beta,beta,2,beta
baron_c001395,-4.287667,4.937342,alpha,alpha,6,alpha
baron_c001396,3.749283,-3.800949,beta,beta,2,beta
baron_c001397,13.85065,1.36392,delta,delta,3,delta
baron_c001398,6.665269,-4.404061,beta,beta,7,beta
baron_c001399,-2.475839,5.24012,alpha,alpha,6,alpha
baron_c001405,12.70538,1.112224,delta,delta,3,delta
baron_c001407,1.638752,-5.177704,beta,beta,2,beta
baron_c001409,14.98865,2.209323,delta,delta,3,delta
baron_c001413,5.975395,8.623606,ductal,ductal,8,ductal
baron_c001414,7.274105,7.763372,ductal,ductal,5,ductal
baron_c001415,3.224695,-5.883721,beta,beta,2,beta
baron_c001416,2.488327,-4.824561,beta,beta,2,beta
baron_c001417,3.676994,-5.940664,beta,beta,2,beta
baron_c001418,2.487541,-5.069568,beta,beta,2,beta
baron_c001420,4.608641,-5.673277,beta,beta,2,beta
baron_c001422,-3.801136,4.968424,alpha,alpha,6,alpha
baron_c001423,3.373325,-3.932982,beta,beta,2,beta
baron_c001425,-4.413505,4.766389,alpha,alpha,6,alpha
baron_c001426,3.279508,-6.133443,beta,beta,2,beta
baron_c001427,6.34852,17.59975,acinar,acinar,0,acinar
baron_c001430,4.276849,-6.382854,beta,beta,2,beta
baron_c001431,6.061868,8.609322,ductal,ductal,8,ductal
baron_c001432,8.391819,10.6414,ductal,ductal,8,ductal
baron_c001435,3.85705,-5.959826,beta,beta,2,beta
baron_c001437,6.779405,8.321157,ductal,ductal,8,ductal
baron_c001438,-4.593347,4.831219,alpha,alpha,6,alpha
baron_c001440,4.068582,-6.501205,beta,beta,2,beta
baron_c001441,-2.728655,5.23162,alpha,alpha,6,alpha
baron_c001442,6.175709,8.510137,ductal,ductal,8,ductal
baron_c001443,14.48221,2.067861,delta,delta,3,delta
baron_c001444,-4.958877,4.812977,alpha,alpha,6,alpha
baron_c001445,-4.905121,15.16139,gamma,gamma,9,gamma
baron_c001446,2.760979,-5.946819,beta,beta,2,beta
baron_c001447,12.80764,-2.950287,activated_stellate,stellate,4,stellate
baron_c001448,6.199232,10.47682,ductal,ductal,17,ductal
baron_c001449,-3.091947,4.292925,beta,beta,6,alpha
baron_c001450,3.264808,-6.731741,beta,beta,2,beta
baron_c001452,3.634844,-6.192917,beta,beta,2,beta
baron_c001453,14.23544,1.843747,delta,delta,3,delta
baron_c001454,12.92926,-2.995281,activated_stellate,stellate,4,stellate
baron_c001456,-5.128935,14.80268,gamma,gamma,9,gamma
baron_c001458,5.213635,-5.65611,beta,beta,2,beta
baron_c001459,2.723074,-5.027968,beta,beta,2,beta
baron_c001460,14.92582,2.418101,delta,delta,3,delta
baron_c001463,-4.573908,5.858165,alpha,alpha,6,alpha
baron_c001464,2.860288,-3.709132,beta,beta,2,beta
baron_c001465,-4.713521,5.096248,alpha,alpha,6,alpha
baron_c001466,14.16316,0.7077343,epsilon,epsilon,3,delta
baron_c001467,12.84584,-2.72,activated_stellate,stellate,4,stellate
baron_c001468,2.042336,-4.45997,beta,beta,2,beta
baron_c001469,-4.41294,5.347737,alpha,alpha,6,alpha
baron_c001471,-4.513615,5.413334,alpha,alpha,6,alpha
baron_c001472,3.972339,-5.993985,beta,beta,2,beta
baron_c001477,-4.686824,5.057621,alpha,alpha,6,alpha
baron_c001480,3.863299,-3.112044,beta,beta,11,beta
baron_c001481,4.811841,-6.327065,beta,beta,2,beta
baron_c001484,13.65123,-2.284877,activated_stellate,stellate,4,stellate
baron_c001486,5.400905,-3.724334,beta,beta,7,beta
baron_c001487,6.305851,9.19413,ductal,ductal,8,ductal
baron_c001489,-4.848936,5.013844,alpha,alpha,6,alpha
baron_c001490,-3.428703,5.263618,alpha,alpha,6,alpha
baron_c001491,5.440189,-4.571713,beta,beta,7,beta
baron_c001494,14.02879,1.561339,delta,delta,3,delta
baron_c001495,-3.19406,5.346348,alpha,alpha,6,alpha
baron_c001496,5.454556,-3.519343,beta,beta,7,beta
baron_c001497,3.128718,-6.019305,beta,beta,2,beta
baron_c001499,2.517766,-4.066738,beta,beta,2,beta
baron_c001500,5.036057,-5.937018,beta,beta,2,beta
baron_c001501,14.18404,1.048398,delta,delta,3,delta
baron_c001502,4.869356,-5.907628,beta,beta,2,beta
baron_c001504,3.763321,-6.764871,beta,beta,2,beta
baron_c001505,-4.861471,4.728355,alpha,alpha,6,alpha
baron_c001506,3.764507,-5.025546,beta,beta,2,beta
baron_c001507,-4.632897,14.67237,gamma,gamma,9,gamma
baron_c001508,4.267774,-4.199896,beta,beta,2,beta
baron_c001509,13.67991,-2.398144,activated_stellate,stellate,4,stellate
baron_c001511,-4.750109,5.6081,alpha,alpha,6,alpha
baron_c001512,-3.94261,4.879468,alpha,alpha,6,alpha
baron_c001513,2.003386,-3.363458,beta,beta,2,beta
baron_c001515,13.50103,0.5838251,delta,delta,3,delta
baron_c001516,3.216019,-6.323729,beta,beta,2,beta
baron_c001519,3.375423,-4.780527,beta,beta,2,beta
baron_c001521,2.952238,-5.262855,beta,beta,2,beta
baron_c001522,11.55207,-5.404038,quiescent_stellate,stellate,10,stellate
baron_c001523,6.632306,9.293862,ductal,ductal,8,ductal
baron_c001524,6.377688,10.11075,ductal,ductal,17,ductal
baron_c001525,14.78034,1.941309,delta,delta,3,delta
baron_c001526,-2.88873,4.9958,alpha,alpha,6,alpha
baron_c001527,4.411551,-5.727002,beta,beta,2,beta
baron_c001529,4.564238,-6.008555,beta,beta,2,beta
baron_c001530,2.336122,-5.132966,beta,beta,2,beta
baron_c001532,1.902441,-4.895843,beta,beta,2,beta
baron_c001533,-4.748361,14.70445,gamma,gamma,9,gamma
baron_c001534,2.963398,-5.653125,beta,beta,2,beta
baron_c001535,5.325727,-3.620966,beta,beta,7,beta
baron_c001536,-4.929166,15.82048,gamma,gamma,9,gamma
baron_c001537,-4.578097,5.217046,alpha,alpha,6,alpha
baron_c001538,3.152903,-5.246731,beta,beta,2,beta
baron_c001539,-3.210114,4.897373,alpha,alpha,6,alpha
baron_c001540,-5.827887,8.025682,alpha,alpha,20,alpha
baron_c001541,3.259186,-4.982507,beta,beta,2,beta
baron_c001542,13.68303,1.624737,delta,delta,3,delta
baron_c001543,3.104301,-6.024302,beta,beta,2,beta
baron_c001544,2.919765,-4.039749,beta,beta,2,beta
baron_c001545,5.84666,-4.200655,beta,beta,7,beta
baron_c001546,3.692076,-6.159181,beta,beta,2,beta
baron_c001548,4.068207,-5.648625,beta,beta,2,beta
baron_c001549,11.53568,-5.772834,quiescent_stellate,stellate,10,stellate
baron_c001550,4.441691,-5.367566,beta,beta,2,beta
baron_c001551,3.429312,-5.417546,beta,beta,2,beta
baron_c001552,-5.033657,6.155645,alpha,alpha,6,alpha
baron_c001553,6.041324,8.512225,ductal,ductal,8,ductal
baron_c001555,3.348312,-5.415309,beta,beta,2,beta
baron_c001556,-4.963953,15.40788,gamma,gamma,9,gamma
baron_c001557,-3.069693,5.093929,alpha,alpha,6,alpha
baron_c001559,4.57768,-5.306997,beta,beta,2,beta
baron_c001560,3.689451,-6.239161,beta,beta,2,beta
baron_c001561,-6.141753,7.76834,alpha,alpha,20,alpha
baron_c001562,-4.663694,7.893066,alpha,alpha,14,alpha
baron_c001563,6.811963,7.958837,ductal,ductal,5,ductal
baron_c001564,1.671567,-3.738717,beta,beta,2,beta
baron_c001567,13.77612,1.215295,delta,delta,3,delta
baron_c001568,6.182808,9.056233,ductal,ductal,8,ductal
baron_c001569,4.554454,-5.194022,beta,beta,2,beta
baron_c001570,2.444628,-4.044797,beta,beta,2,beta
baron_c001572,2.078488,-5.480806,beta,beta,2,beta
baron_c001573,4.541296,-5.149977,beta,beta,2,beta
baron_c001574,4.307138,-6.400076,beta,beta,2,beta
baron_c001575,6.579258,9.956361,ductal,ductal,17,ductal
baron_c001576,2.552712,-3.925029,beta,beta,2,beta
baron_c001577,-2.82643,5.213238,alpha,alpha,6,alpha
baron_c001578,5.419481,-4.965372,beta,beta,2,beta
baron_c001579,2.158352,-4.031686,beta,beta,2,beta
baron_c001580,-4.829364,4.767753,alpha,alpha,6,alpha
baron_c001581,6.481965,17.53828,acinar,acinar,0,acinar
baron_c001583,3.189914,-4.152476,beta,beta,2,beta
baron_c001584,3.351156,-4.680946,beta,beta,2,beta
baron_c001585,6.793647,-4.416885,beta,beta,7,beta
baron_c001589,-4.987295,6.325793,alpha,alpha,6,alpha
baron_c001591,-3.540618,4.977974,alpha,alpha,6,alpha
baron_c001592,4.190165,-5.015691,beta,beta,2,beta
baron_c001593,-4.804844,5.643159,alpha,alpha,6,alpha
baron_c001594,3.58796,-5.615794,beta,beta,2,beta
baron_c001595,4.914926,-3.766089,beta,beta,7,beta
baron_c001596,2.992307,-4.920463,beta,beta,2,beta
baron_c001598,15.01993,1.610347,delta,delta,3,delta
baron_c001599,-3.300905,5.248651,alpha,alpha,6,alpha
baron_c001600,4.571781,-6.286623,beta,beta,2,beta
baron_c001601,3.119812,-6.206673,beta,beta,2,beta
baron_c001603,-7.178999,7.361817,alpha,alpha,12,alpha
baron_c001604,-4.783542,14.6497,gamma,gamma,9,gamma
baron_c001608,14.25558,1.126335,delta,delta,3,delta
baron_c001609,2.871361,-3.270956,beta,beta,2,beta
baron_c001610,6.290797,8.679098,ductal,ductal,8,ductal
baron_c001612,4.272167,-5.571255,beta,beta,2,beta
baron_c001614,12.16396,1.560541,ductal,ductal,3,delta
baron_c001615,15.06501,1.930417,delta,delta,3,delta
baron_c001616,-5.000408,15.32929,gamma,gamma,9,gamma
baron_c001617,3.667424,-6.364592,beta,beta,2,beta
baron_c001618,3.756466,-6.150737,beta,beta,2,beta
baron_c001619,3.710066,-6.216153,beta,beta,2,beta
baron_c001620,-4.782825,14.56459,gamma,gamma,9,gamma
baron_c001621,6.026522,8.726564,ductal,ductal,8,ductal
baron_c001622,-3.558721,5.34139,alpha,alpha,6,alpha
baron_c001623,6.293818,17.73153,acinar,acinar,0,acinar
baron_c001624,6.231716,8.502192,ductal,ductal,8,ductal
baron_c001628,5.044483,-4.443346,beta,beta,7,beta
baron_c001629,2.96821,-4.987851,beta,beta,2,beta
baron_c001630,4.854432,-3.541947,beta,beta,7,beta
baron_c001631,3.215999,-4.826876,beta,beta,2,beta
baron_c001632,-2.623249,4.969923,alpha,alpha,6,alpha
baron_c001633,5.159778,-3.655411,beta,beta,7,beta
baron_c001634,6.710629,8.207848,ductal,ductal,8,ductal
baron_c001635,6.215655,10.3936,ductal,ductal,17,ductal
baron_c001636,3.13634,-5.649685,beta,beta,2,beta
baron_c001637,4.516425,-5.926919,beta,beta,2,beta
baron_c001641,6.849625,9.371149,ductal,ductal,8,ductal
baron_c001642,4.166048,-3.916388,beta,beta,2,beta
baron_c001644,6.216101,9.067249,ductal,ductal,8,ductal
baron_c001645,17.07189,-5.179484,endothelial,endothelial,13,endothelial
baron_c001646,6.31493,17.1166,acinar,acinar,0,acinar
baron_c001647,-5.117332,15.08361,gamma,gamma,9,gamma
baron_c001648,5.616859,-3.702935,beta,beta,7,beta
baron_c001650,11.53049,-5.657349,quiescent_stellate,stellate,10,stellate
baron_c001653,-7.769657,13.04817,epsilon,epsilon,16,epsilon
baron_c001655,-2.683353,5.104727,alpha,alpha,6,alpha
baron_c001657,13.2899,1.325455,delta,delta,3,delta
baron_c001659,-7.828734,13.09898,epsilon,epsilon,16,epsilon
baron_c001662,5.37227,-4.826929,beta,beta,2,beta
baron_c001663,6.071935,-4.024951,beta,beta,7,beta
baron_c001664,-4.902483,14.65378,gamma,gamma,9,gamma
baron_c001665,8.766052,14.78363,acinar,acinar,1,acinar
baron_c001666,5.862635,-3.957186,beta,beta,7,beta
baron_c001667,-2.853088,4.963243,alpha,alpha,6,alpha
baron_c001669,-2.620822,5.98147,alpha,alpha,6,alpha
baron_c001670,7.070317,8.3265,ductal,ductal,8,ductal
baron_c001671,-2.330695,5.488956,alpha,alpha,6,alpha
baron_c001675,3.569705,-5.559491,beta,beta,2,beta
baron_c001677,12.9896,1.986891,delta,delta,3,delta
baron_c001678,13.40682,0.5017895,delta,delta,3,delta
baron_c001679,14.00311,0.7005045,delta,delta,3,delta
baron_c001681,2.336305,-4.853908,beta,beta,2,beta
baron_c001682,2.313097,-5.676805,beta,beta,2,beta
baron_c001683,-3.380957,4.698123,alpha,alpha,6,alpha
baron_c001686,-3.112554,5.970681,alpha,alpha,6,alpha
baron_c001687,3.3875,-5.711483,beta,beta,2,beta
baron_c001690,-4.505105,6.492477,alpha,alpha,6,alpha
baron_c001694,-5.26594,7.47164,alpha,alpha,6,alpha
baron_c001696,-4.748682,14.98506,gamma,gamma,9,gamma
baron_c001698,4.493922,-6.588141,beta,beta,2,beta
baron_c001699,12.29119,-5.989627,quiescent_stellate,stellate,10,stellate
baron_c001700,3.088359,-5.094998,beta,beta,2,beta
baron_c001701,-3.047865,4.76289,alpha,alpha,6,alpha
baron_c001702,13.25639,0.5301154,delta,delta,3,delta
baron_c001703,4.097002,-6.734049,beta,beta,2,beta
baron_c001705,4.219596,-6.118268,beta,beta,2,beta
baron_c001706,17.25131,-6.034907,endothelial,endothelial,13,endothelial
baron_c001707,17.03528,-6.729656,endothelial,endothelial,13,endothelial
baron_c001708,2.398077,-3.364239,beta,beta,2,beta
baron_c001709,4.145821,-3.089955,beta,beta,11,beta
baron_c001710,-2.453086,5.412779,alpha,alpha,6,alpha
baron_c001711,3.315198,-5.108694,beta,beta,2,beta
baron_c001712,-2.07477,12.85049,mast,mast,19,Unknown
baron_c001713,2.529983,-4.773955,beta,beta,2,beta
baron_c001714,-7.600198,7.474019,alpha,alpha,20,alpha
baron_c001715,17.22836,-6.511451,endothelial,endothelial,13,endothelial
baron_c001716,-3.181873,4.628232,beta,beta,6,alpha
baron_c001718,2.865876,-3.896508,beta,beta,2,beta
baron_c001719,16.8313,-6.041355,endothelial,endothelial,13,endothelial
baron_c001722,3.944398,-4.30501,beta,beta,2,beta
baron_c001723,4.083222,-5.972567,beta,beta,2,beta
baron_c001724,6.85138,-4.304811,beta,beta,7,beta
baron_c001725,-4.969858,5.4561,alpha,alpha,6,alpha
baron_c001726,-2.200861,12.59419,mast,mast,19,Unknown
baron_c001727,2.244407,-4.557728,beta,beta,2,beta
baron_c001728,-7.871709,13.11136,epsilon,epsilon,16,epsilon
baron_c001729,17.97551,-5.918058,endothelial,endothelial,13,endothelial
baron_c001731,-4.808276,5.353909,alpha,alpha,6,alpha
baron_c001736,13.27234,0.5431532,delta,delta,3,delta
baron_c001737,6.53252,16.59614,acinar,acinar,0,acinar
baron_c001738,2.589814,-3.942631,beta,beta,2,beta
baron_c001739,2.272247,-4.076742,beta,beta,2,beta
baron_c001740,17.06892,-6.66619,endothelial,endothelial,13,endothelial
baron_c001741,2.912738,-5.280433,beta,beta,2,beta
baron_c001742,-0.7022534,13.52153,macrophage,macrophage,19,Unknown
baron_c001744,11.77248,-5.165715,quiescent_stellate,stellate,10,stellate
baron_c001745,2.195565,-5.217017,beta,beta,2,beta
baron_c001746,3.018493,-3.3961,beta,beta,2,beta
baron_c001747,3.564393,-4.813034,beta,beta,2,beta
baron_c001750,3.129978,-5.017577,beta,beta,2,beta
baron_c001751,6.521589,9.159127,ductal,ductal,8,ductal
baron_c001752,6.959957,-4.315417,beta,beta,7,beta
baron_c001753,4.298984,-3.194074,beta,beta,11,beta
baron_c001754,12.78405,-6.427464,quiescent_stellate,stellate,10,stellate
baron_c001755,2.460859,-4.732474,beta,beta,2,beta
baron_c001759,4.636552,-4.762641,beta,beta,2,beta
baron_c001760,1.938187,-4.621978,beta,beta,2,beta
baron_c001761,2.075694,-5.311265,beta,beta,2,beta
baron_c001762,5.373748,-3.615032,beta,beta,7,beta
baron_c001763,11.85506,-5.929622,quiescent_stellate,stellate,10,stellate
baron_c001764,-3.066172,5.080924,alpha,alpha,6,alpha
baron_c001765,17.44843,-5.860567,endothelial,endothelial,13,endothelial
baron_c001766,2.487378,-3.734956,beta,beta,2,beta
baron_c001768,-4.817228,15.73215,gamma,gamma,9,gamma
baron_c001769,3.648165,-5.321202,beta,beta,2,beta
baron_c001770,12.65484,-6.251097,quiescent_stellate,stellate,10,stellate
baron_c001771,17.48241,-6.359121,endothelial,endothelial,13,endothelial
baron_c001772,-4.728593,5.42698,alpha,alpha,6,alpha
baron_c001773,4.790063,-5.552297,beta,beta,2,beta
baron_c001774,6.006511,11.15012,ductal,ductal,17,ductal
baron_c001775,3.284512,-5.363205,beta,beta,2,beta
baron_c001776,2.845691,-4.654567,beta,beta,2,beta
baron_c001777,3.371579,-4.196893,beta,beta,2,beta
baron_c001778,11.61027,-5.535305,quiescent_stellate,stellate,10,stellate
baron_c001779,3.161458,-3.242107,beta,beta,2,beta
baron_c001780,-7.918679,13.16334,epsilon,epsilon,16,epsilon
baron_c001781,-2.041261,5.808157,beta,beta,6,alpha
baron_c001782,3.551653,-3.909531,beta,beta,2,beta
baron_c001783,-2.010026,5.847446,alpha,alpha,6,alpha
baron_c001784,4.907981,-5.258267,beta,beta,2,beta
baron_c001786,16.74944,-5.789703,endothelial,endothelial,13,endothelial
baron_c001787,11.70891,-5.25597,quiescent_stellate,stellate,10,stellate
baron_c001792,1.771706,-3.490628,beta,beta,2,beta
baron_c001793,-2.225767,12.59869,mast,mast,19,Unknown
baron_c001794,6.009964,11.02581,ductal,ductal,17,ductal
baron_c001795,-4.113715,5.257767,alpha,alpha,6,alpha
baron_c001796,6.512883,16.47722,acinar,acinar,0,acinar
baron_c001797,6.372914,16.58425,acinar,acinar,0,acinar
baron_c001798,18.09794,-5.630267,endothelial,endothelial,13,endothelial
baron_c001799,7.50471,8.377602,ductal,ductal,5,ductal
baron_c001800,17.01855,-5.627812,endothelial,endothelial,13,endothelial
baron_c001801,-4.753719,5.443681,alpha,alpha,6,alpha
baron_c001802,12.62847,1.950556,delta,delta,3,delta
baron_c001803,2.726156,-3.519934,beta,beta,2,beta
baron_c001804,3.751945,-5.734409,beta,beta,2,beta
baron_c001805,3.894081,-4.371301,beta,beta,2,beta
baron_c001806,6.499737,9.838699,ductal,ductal,17,ductal
baron_c001807,12.58701,-6.372622,quiescent_stellate,stellate,10,stellate
baron_c001809,-1.033611,13.71682,macrophage,macrophage,19,Unknown
baron_c001810,12.60947,1.087731,delta,delta,3,delta
baron_c001811,17.09897,-6.560344,endothelial,endothelial,13,endothelial
baron_c001812,-6.795991,7.057103,alpha,alpha,12,alpha
baron_c001814,17.81621,-6.093094,endothelial,endothelial,13,endothelial
baron_c001815,4.089455,-4.434943,beta,beta,2,beta
baron_c001817,17.58081,-5.822351,endothelial,endothelial,13,endothelial
baron_c001818,13.62656,0.5794646,delta,delta,3,delta
baron_c001819,8.550047,14.65323,acinar,acinar,1,acinar
baron_c001820,6.402813,17.59541,acinar,acinar,0,acinar
baron_c001821,17.25292,-6.337908,endothelial,endothelial,13,endothelial
baron_c001823,17.20293,-5.793824,endothelial,endothelial,13,endothelial
baron_c001824,6.285845,17.41976,acinar,acinar,0,acinar
baron_c001825,4.609454,-5.472169,beta,beta,2,beta
baron_c001826,13.79505,0.7755216,delta,delta,3,delta
baron_c001827,12.60506,-6.149496,quiescent_stellate,stellate,10,stellate
baron_c001828,12.50476,-6.248047,quiescent_stellate,stellate,10,stellate
baron_c001829,3.32754,-4.527499,beta,beta,2,beta
baron_c001830,4.317308,-4.365459,beta,beta,2,beta
baron_c001831,12.28217,-5.925985,quiescent_stellate,stellate,10,stellate
baron_c001832,-3.190008,8.750311,alpha,alpha,14,alpha
baron_c001834,12.52773,-5.763854,quiescent_stellate,stellate,10,stellate
baron_c001835,4.252799,-4.912499,beta,beta,2,beta
baron_c001836,12.37583,-6.264022,quiescent_stellate,stellate,10,stellate
baron_c001839,4.466234,-5.262465,beta,beta,2,beta
baron_c001840,2.97676,-4.301183,beta,beta,2,beta
baron_c001841,4.028961,-5.368107,beta,beta,2,beta
baron_c001842,2.457552,-5.712366,beta,beta,2,beta
baron_c001843,3.687508,-4.627744,beta,beta,2,beta
baron_c001844,4.495177,-4.499017,beta,beta,2,beta
baron_c001846,6.229689,10.73351,ductal,ductal,17,ductal
baron_c001847,2.570927,-5.311965,beta,beta,2,beta
baron_c001849,4.016261,-4.114097,beta,beta,2,beta
baron_c001850,1.696527,-5.180173,beta,beta,2,beta
baron_c001853,12.65808,-6.375854,quiescent_stellate,stellate,10,stellate
baron_c001854,2.469954,-4.707221,beta,beta,2,beta
baron_c001855,2.886425,-3.961484,beta,beta,2,beta
baron_c001857,6.478047,9.958068,ductal,ductal,17,ductal
baron_c001858,12.60115,-6.506851,quiescent_stellate,stellate,10,stellate
baron_c001859,3.602484,-4.06528,beta,beta,2,beta
baron_c001860,18.22519,-5.408571,endothelial,endothelial,13,endothelial
baron_c001861,13.91813,1.67569,delta,delta,3,delta
baron_c001862,3.031537,-4.757192,beta,beta,2,beta
baron_c001864,-2.258059,5.393448,alpha,alpha,6,alpha
baron_c001865,2.533735,-4.304552,beta,beta,2,beta
baron_c001866,3.919238,-4.169803,beta,beta,2,beta
baron_c001867,17.0013,-5.734807,endothelial,endothelial,13,endothelial
baron_c001869,17.84593,-5.555934,endothelial,endothelial,13,endothelial
baron_c001870,-4.259204,4.869756,alpha,alpha,6,alpha
baron_c001871,12.45656,-6.323973,quiescent_stellate,stellate,10,stellate
baron_c001874,-4.390523,5.667025,alpha,alpha,6,alpha
baron_c001875,6.826743,9.26914,ductal,ductal,8,ductal
baron_c001876,12.11211,-5.825046,quiescent_stellate,stellate,10,stellate
baron_c001877,17.13615,-6.252842,endothelial,endothelial,13,endothelial
baron_c001878,4.910267,-5.117668,beta,beta,2,beta
baron_c001879,-4.781481,14.88245,gamma,gamma,9,gamma
baron_c001880,-7.760945,13.08139,epsilon,epsilon,16,epsilon
baron_c001881,13.32241,-2.360183,activated_stellate,stellate,4,stellate
baron_c001883,13.68452,-2.67359,activated_stellate,stellate,4,stellate
baron_c001884,3.316432,-6.044723,beta,beta,2,beta
baron_c001885,4.531921,-4.407141,beta,beta,2,beta
baron_c001887,13.52593,-2.560024,activated_stellate,stellate,4,stellate
baron_c001888,-7.741954,13.06157,epsilon,epsilon,16,epsilon
baron_c001889,12.62668,-6.473053,quiescent_stellate,stellate,10,stellate
baron_c001890,17.37749,-6.65875,endothelial,endothelial,13,endothelial
baron_c001892,3.847963,-4.32838,beta,beta,2,beta
baron_c001893,12.09016,-6.142297,quiescent_stellate,stellate,10,stellate
baron_c001894,12.03649,-6.061669,quiescent_stellate,stellate,10,stellate
baron_c001895,-2.432893,5.476052,alpha,alpha,6,alpha
baron_c001896,1.796202,-4.955553,beta,beta,2,beta
baron_c001898,4.064141,-2.776984,beta,beta,11,beta
baron_c001899,5.365604,-5.214919,beta,beta,2,beta
baron_c001900,-2.02236,12.31924,t_cell,t_cell,19,Unknown
baron_c001902,2.770845,-4.083836,beta,beta,2,beta
baron_c001903,2.376662,-4.080547,beta,beta,2,beta
baron_c001906,17.26168,-6.503416,endothelial,endothelial,13,endothelial
baron_c001909,3.782477,-4.177604,beta,beta,2,beta
baron_c001911,2.704807,-4.27085,beta,beta,2,beta
baron_c001912,3.176308,-5.650493,beta,beta,2,beta
baron_c001913,2.892082,-3.286252,beta,beta,2,beta
baron_c001914,4.067941,-4.159033,beta,beta,2,beta
baron_c001915,2.663357,-4.833189,beta,beta,2,beta
baron_c001916,17.46743,-6.628445,endothelial,endothelial,13,endothelial
baron_c001917,-2.34465,11.97984,t_cell,t_cell,19,Unknown
baron_c001918,6.996604,9.641168,ductal,ductal,8,ductal
baron_c001919,13.13651,-2.82171,quiescent_stellate,stellate,4,stellate
baron_c001920,3.872809,-5.321618,beta,beta,2,beta
baron_c001921,3.982704,-4.265421,beta,beta,2,beta
baron_c001922,12.53416,-6.326943,quiescent_stellate,stellate,10,stellate
baron_c001923,12.42933,-6.434426,quiescent_stellate,stellate,10,stellate
baron_c001925,4.096987,-4.002502,beta,beta,2,beta
baron_c001926,4.094034,-4.047688,beta,beta,2,beta
baron_c001927,-2.775395,6.474446,alpha,alpha,6,alpha
baron_c001929,4.718031,-4.312065,beta,beta,2,beta
baron_c001930,2.865043,-3.741359,beta,beta,2,beta
baron_c001932,17.73329,-6.204091,endothelial,endothelial,13,endothelial
baron_c001933,3.410451,-4.067791,beta,beta,2,beta
baron_c001935,4.093659,-4.266789,beta,beta,2,beta
baron_c001936,11.91881,-6.073415,quiescent_stellate,stellate,10,stellate
baron_c001937,13.6521,1.68193,delta,delta,3,delta
baron_c001938,14.08499,2.351302,delta,delta,3,delta
baron_c001940,14.3687,3.221164,delta,delta,3,delta
baron_c001942,14.84822,2.958339,delta,delta,3,delta
baron_c001943,13.13259,2.453773,delta,delta,3,delta
baron_c001944,14.75983,2.911371,delta,delta,3,delta
baron_c001945,14.44972,-2.479202,activated_stellate,stellate,4,stellate
baron_c001946,5.737719,14.29133,ductal,ductal,15,acinar
baron_c001947,13.30661,2.313132,delta,delta,3,delta
baron_c001948,14.60602,2.899831,delta,delta,3,delta
baron_c001950,14.67883,2.493664,delta,delta,3,delta
baron_c001951,-7.467021,7.371638,alpha,alpha,20,alpha
baron_c001952,-7.624969,7.490747,alpha,alpha,20,alpha
baron_c001953,-0.2164173,-3.456573,beta,beta,18,beta
baron_c001954,7.848825,10.39476,ductal,ductal,8,ductal
baron_c001955,-6.686773,7.917605,alpha,alpha,20,alpha
baron_c001956,-6.335819,8.754644,alpha,alpha,20,alpha
baron_c001959,-6.437805,7.74168,alpha,alpha,20,alpha
baron_c001962,-7.415593,9.738508,alpha,alpha,20,alpha
baron_c001963,14.58342,3.393596,delta,delta,3,delta
baron_c001965,7.028093,13.32737,ductal,ductal,15,acinar
baron_c001966,7.021226,14.12605,ductal,ductal,15,acinar
baron_c001969,-6.704444,8.501908,alpha,alpha,20,alpha
baron_c001970,14.0512,2.979447,delta,delta,3,delta
baron_c001972,14.74106,3.361861,delta,delta,3,delta
baron_c001973,-7.567431,9.442428,alpha,alpha,20,alpha
baron_c001974,5.710728,14.88591,ductal,ductal,15,acinar
baron_c001976,-1.640901,13.77878,macrophage,macrophage,19,Unknown
baron_c001978,15.02135,3.270959,delta,delta,3,delta
baron_c001979,5.850735,15.21476,ductal,ductal,15,acinar
baron_c001981,-7.728343,8.056691,alpha,alpha,20,alpha
baron_c001983,-7.314821,9.394401,alpha,alpha,20,alpha
baron_c001984,-7.667325,9.847484,alpha,alpha,20,alpha
baron_c001986,15.10732,-3.068698,activated_stellate,stellate,4,stellate
baron_c001987,5.72826,14.43098,ductal,ductal,15,acinar
baron_c001988,-7.235164,9.369752,alpha,alpha,20,alpha
baron_c001989,14.16524,-4.939973,quiescent_stellate,stellate,10,stellate
baron_c001990,0.7232583,-3.351662,beta,beta,18,beta
baron_c001991,-7.924581,9.121397,alpha,alpha,20,alpha
baron_c001993,-0.2269974,-1.193926,beta,beta,21,beta
baron_c001994,1.971485,-2.3207,beta,beta,2,beta
baron_c001996,14.07416,1.833756,delta,delta,3,delta
baron_c001997,15.04035,3.422327,delta,delta,3,delta
baron_c001998,-6.042208,8.501835,alpha,alpha,20,alpha
baron_c001999,-0.01529983,-2.795979,beta,beta,18,beta
baron_c002001,-7.33395,7.165133,alpha,alpha,20,alpha
baron_c002002,-7.322433,8.579469,alpha,alpha,20,alpha
baron_c002005,7.037462,11.0193,ductal,ductal,17,ductal
baron_c002007,6.323806,13.99393,ductal,ductal,15,acinar
baron_c002009,0.1458529,-3.356491,beta,beta,18,beta
baron_c002011,-8.657676,8.232172,alpha,alpha,20,alpha
baron_c002013,-7.709754,9.248735,alpha,alpha,20,alpha
baron_c002015,-7.428836,6.996815,alpha,alpha,20,alpha
baron_c002016,1.364525,-2.514379,beta,beta,18,beta
baron_c002017,-7.469266,7.912713,alpha,alpha,20,alpha
baron_c002018,8.136536,12.21257,ductal,ductal,8,ductal
baron_c002020,-8.694155,7.877184,alpha,alpha,20,alpha
baron_c002022,5.568161,14.91639,ductal,ductal,15,acinar
baron_c002023,-8.094227,7.404874,alpha,alpha,20,alpha
baron_c002024,-8.802008,8.655151,alpha,alpha,20,alpha
baron_c002025,-7.752528,7.264223,alpha,alpha,20,alpha
baron_c002026,1.102958,-3.346252,beta,beta,18,beta
baron_c002027,-6.979401,9.073028,alpha,alpha,20,alpha
baron_c002028,0.2632976,-3.155775,beta,beta,18,beta
baron_c002029,-6.516181,8.708007,alpha,alpha,20,alpha
baron_c002030,5.818975,15.11057,ductal,ductal,15,acinar
baron_c002031,14.60583,3.015534,delta,delta,3,delta
baron_c002032,-6.050434,15.19657,gamma,gamma,9,gamma
baron_c002033,-8.041451,8.313705,alpha,alpha,20,alpha
baron_c002034,7.907657,9.763225,ductal,ductal,8,ductal
baron_c002036,1.201115,-3.969498,beta,beta,18,beta
baron_c002037,0.9829093,-3.752508,beta,beta,18,beta
baron_c002038,-6.479239,15.1369,gamma,gamma,9,gamma
baron_c002040,13.79961,3.377302,delta,delta,3,delta
baron_c002042,-6.647316,8.591273,alpha,alpha,20,alpha
baron_c002043,-0.3457687,-3.015203,beta,beta,18,beta
baron_c002044,-7.641508,8.283579,alpha,alpha,20,alpha
baron_c002045,-7.176532,8.450624,alpha,alpha,20,alpha
baron_c002046,-6.078443,7.874653,alpha,alpha,20,alpha
baron_c002047,3.619914,-6.315148,beta,beta,2,beta
baron_c002050,-8.283262,8.943065,alpha,alpha,20,alpha
baron_c002051,-0.5321754,-2.965933,beta,beta,18,beta
baron_c002052,-6.481457,14.93651,alpha,alpha,9,gamma
baron_c002054,-8.234329,9.243943,alpha,alpha,20,alpha
baron_c002056,-7.806554,7.877562,alpha,alpha,20,alpha
baron_c002058,-8.039953,7.261151,alpha,alpha,20,alpha
baron_c002060,0.2513545,-1.618744,beta,beta,21,beta
baron_c002061,5.725361,13.95664,ductal,ductal,15,acinar
baron_c002062,-0.0959273,-3.595198,beta,beta,18,beta
baron_c002063,-6.988086,9.510622,alpha,alpha,20,alpha
baron_c002066,-8.375137,9.276456,alpha,alpha,20,alpha
baron_c002067,-7.72426,10.00399,alpha,alpha,20,alpha
baron_c002068,-7.848894,7.194558,alpha,alpha,20,alpha
baron_c002070,7.082577,8.342678,ductal,ductal,8,ductal
baron_c002071,-8.01389,7.08464,alpha,alpha,20,alpha
baron_c002072,7.786051,11.08658,ductal,ductal,8,ductal
baron_c002074,5.868298,13.84227,ductal,ductal,15,acinar
baron_c002075,0.2981772,-3.492539,beta,beta,18,beta
baron_c002076,-7.045045,7.423024,alpha,alpha,20,alpha
baron_c002078,-8.786174,7.659084,alpha,alpha,20,alpha
baron_c002079,14.52266,-4.193463,activated_stellate,stellate,4,stellate
baron_c002080,-8.79168,7.931442,alpha,alpha,20,alpha
baron_c002083,-6.116239,8.422672,alpha,alpha,20,alpha
baron_c002085,-7.296661,9.26099,alpha,alpha,20,alpha
baron_c002086,1.607022,-1.403915,beta,beta,21,beta
baron_c002088,14.64684,-3.354793,activated_stellate,stellate,4,stellate
baron_c002089,-6.906932,9.548717,alpha,alpha,20,alpha
baron_c002090,-8.50715,7.755187,alpha,alpha,20,alpha
baron_c002091,7.438035,10.93467,ductal,ductal,8,ductal
baron_c002092,14.5876,2.964336,delta,delta,3,delta
baron_c002093,-6.192465,8.369863,alpha,alpha,20,alpha
baron_c002095,7.634647,7.553322,ductal,ductal,5,ductal
baron_c002096,8.172507,11.09865,ductal,ductal,8,ductal
baron_c002097,-7.115539,7.711986,alpha,alpha,20,alpha
baron_c002098,-8.910188,8.921747,alpha,alpha,20,alpha
baron_c002100,-7.3619,9.216912,alpha,alpha,20,alpha
baron_c002101,14.807,-3.082974,activated_stellate,stellate,4,stellate
baron_c002103,-1.437836,14.08488,macrophage,macrophage,19,Unknown
baron_c002104,-7.646633,7.617047,alpha,alpha,20,alpha
baron_c002105,15.00676,3.765927,delta,delta,3,delta
baron_c002106,-8.882886,7.993562,alpha,alpha,20,alpha
baron_c002107,14.6729,-2.624634,activated_stellate,stellate,4,stellate
baron_c002110,-6.44087,7.744391,alpha,alpha,20,alpha
baron_c002114,-7.985184,7.183175,alpha,alpha,20,alpha
baron_c002115,-8.649223,7.829388,alpha,alpha,20,alpha
baron_c002118,-0.2365143,-3.752473,beta,beta,18,beta
baron_c002119,-0.2371605,-3.599441,beta,beta,18,beta
baron_c002120,-7.435025,8.605619,alpha,alpha,20,alpha
baron_c002121,-5.971783,15.33636,gamma,gamma,9,gamma
baron_c002122,6.57582,13.4046,ductal,ductal,15,acinar
baron_c002123,-0.3764027,-3.224931,beta,beta,18,beta
baron_c002124,16.68443,-4.920111,endothelial,endothelial,13,endothelial
baron_c002125,-6.343476,15.81801,gamma,gamma,9,gamma
baron_c002126,7.433935,10.73176,ductal,ductal,8,ductal
baron_c002127,-7.066963,8.49665,alpha,alpha,20,alpha
baron_c002128,7.47367,11.81267,ductal,ductal,8,ductal
baron_c002130,5.923316,15.1052,ductal,ductal,15,acinar
baron_c002132,1.17277,-1.984884,beta,beta,18,beta
baron_c002133,16.89498,-4.652743,endothelial,endothelial,13,endothelial
baron_c002134,0.8969064,-1.615167,beta,beta,21,beta
baron_c002135,-6.438344,7.838501,alpha,alpha,20,alpha
baron_c002136,14.96827,3.841274,delta,delta,3,delta
baron_c002137,-0.4399323,-3.025069,beta,beta,18,beta
baron_c002139,-8.958786,8.407954,alpha,alpha,20,alpha
baron_c002141,8.053649,8.298501,ductal,ductal,5,ductal
baron_c002143,-5.615178,15.67741,gamma,gamma,9,gamma
baron_c002145,-7.035194,8.547287,alpha,alpha,20,alpha
baron_c002146,-7.179376,9.557611,alpha,alpha,20,alpha
baron_c002149,5.801382,14.84845,ductal,ductal,15,acinar
baron_c002150,-7.404698,8.480254,alpha,alpha,20,alpha
baron_c002152,16.64545,-4.968887,endothelial,endothelial,13,endothelial
baron_c002153,14.62741,-2.219221,activated_stellate,stellate,4,stellate
baron_c002156,-8.932195,7.668388,alpha,alpha,20,alpha
baron_c002157,-7.501367,7.786772,alpha,alpha,20,alpha
baron_c002159,1.581139,-2.676926,beta,beta,18,beta
baron_c002162,-5.507803,15.27141,gamma,gamma,9,gamma
baron_c002163,0.02702078,-3.472711,beta,beta,18,beta
baron_c002164,-7.650519,7.032481,alpha,alpha,20,alpha
baron_c002165,-7.214005,7.222754,alpha,alpha,20,alpha
baron_c002166,-5.976057,8.69636,alpha,alpha,20,alpha
baron_c002167,-0.5713371,-3.3473,beta,beta,18,beta
baron_c002168,8.247394,11.45222,ductal,ductal,8,ductal
baron_c002169,0.9987518,-1.201697,beta,beta,21,beta
baron_c002170,15.01964,-2.332191,activated_stellate,stellate,4,stellate
baron_c002171,-7.362639,6.976365,alpha,alpha,20,alpha
baron_c002172,0.4224116,-2.949025,beta,beta,18,beta
baron_c002173,0.6101905,-3.638583,beta,beta,18,beta
baron_c002174,-5.280249,15.542,gamma,gamma,9,gamma
baron_c002175,-6.351635,8.13617,alpha,alpha,20,alpha
baron_c002177,-6.1421,8.631979,alpha,alpha,20,alpha
baron_c002182,14.1218,3.694126,delta,delta,3,delta
baron_c002184,-5.945644,14.86114,gamma,gamma,9,gamma
baron_c002185,0.971507,-3.431111,beta,beta,18,beta
baron_c002186,-7.498476,9.17363,alpha,alpha,20,alpha
baron_c002187,8.037673,10.72355,ductal,ductal,8,ductal
baron_c002189,-5.942815,14.74223,gamma,gamma,9,gamma
baron_c002190,0.224469,-2.983686,beta,beta,18,beta
baron_c002191,-0.1680414,-2.808622,beta,beta,18,beta
baron_c002192,7.173823,11.02219,ductal,ductal,8,ductal
baron_c002193,7.466033,11.1322,ductal,ductal,8,ductal
baron_c002195,1.263985,-2.765261,beta,beta,18,beta
baron_c002196,1.80009,-2.179243,beta,beta,18,beta
baron_c002197,7.340478,9.793392,ductal,ductal,8,ductal
baron_c002198,-0.4454877,-2.661523,beta,beta,18,beta
baron_c002199,7.477409,10.43423,ductal,ductal,8,ductal
baron_c002200,-7.817423,9.324739,alpha,alpha,20,alpha
baron_c002201,-6.836091,8.516064,alpha,alpha,20,alpha
baron_c002205,14.53485,-2.89865,activated_stellate,stellate,4,stellate
baron_c002206,-0.5721154,-2.926775,beta,beta,18,beta
baron_c002208,15.19189,3.590404,delta,delta,3,delta
baron_c002209,0.2014512,-1.717681,beta,beta,18,beta
baron_c002210,0.301242,-2.227907,beta,beta,18,beta
baron_c002212,7.589395,11.02538,ductal,ductal,8,ductal
baron_c002213,-8.071508,8.353702,alpha,alpha,20,alpha
baron_c002215,-6.77687,6.767702,alpha,alpha,12,alpha
baron_c002216,-0.1939822,-2.580876,beta,beta,18,beta
baron_c002217,7.729897,10.70938,ductal,ductal,8,ductal
baron_c002218,0.8207469,-2.343283,beta,beta,18,beta
baron_c002219,16.15115,-5.677586,endothelial,endothelial,13,endothelial
baron_c002220,6.755954,10.81623,ductal,ductal,17,ductal
baron_c002221,0.5100784,-2.243984,beta,beta,18,beta
baron_c002222,-7.502766,8.070457,alpha,alpha,20,alpha
baron_c002223,14.45186,-3.219978,activated_stellate,stellate,4,stellate
baron_c002224,0.8460217,-3.674932,beta,beta,18,beta
baron_c002226,1.520032,-1.658121,beta,beta,21,beta
baron_c002228,-6.299911,8.478992,alpha,alpha,20,alpha
baron_c002230,-6.021763,8.803433,alpha,alpha,20,alpha
baron_c002231,-5.687571,14.87928,gamma,gamma,9,gamma
baron_c002232,1.066999,-1.250838,beta,beta,21,beta
baron_c002233,7.688929,11.62007,ductal,ductal,8,ductal
baron_c002234,1.189134,-2.61212,beta,beta,18,beta
baron_c002235,-7.213685,7.91538,alpha,alpha,20,alpha
baron_c002236,-8.881596,7.778209,alpha,alpha,20,alpha
baron_c002238,-8.040776,9.682354,alpha,alpha,20,alpha
baron_c002240,0.3751349,-2.257213,beta,beta,18,beta
baron_c002241,-5.931864,8.771244,alpha,alpha,20,alpha
baron_c002242,-8.036381,8.270652,alpha,alpha,20,alpha
baron_c002244,-6.994858,7.194494,alpha,alpha,20,alpha
baron_c002245,9.076121,10.21361,ductal,ductal,8,ductal
baron_c002247,-6.291737,8.364761,alpha,alpha,20,alpha
baron_c002248,-6.096264,14.71008,gamma,gamma,9,gamma
baron_c002249,5.879516,15.17644,ductal,ductal,15,acinar
baron_c002250,7.05106,11.17708,ductal,ductal,8,ductal
baron_c002252,-7.890528,8.573076,alpha,alpha,20,alpha
baron_c002253,6.589431,14.04091,ductal,ductal,15,acinar
baron_c002254,0.3059441,-2.33795,beta,beta,18,beta
baron_c002255,7.443756,10.65509,ductal,ductal,8,ductal
baron_c002256,-8.664359,8.105132,alpha,alpha,20,alpha
baron_c002257,8.123107,11.5458,ductal,ductal,8,ductal
baron_c002258,-6.623526,9.160932,alpha,alpha,20,alpha
baron_c002260,0.2293256,-3.019218,beta,beta,18,beta
baron_c002261,1.459648,-2.454731,beta,beta,18,beta
baron_c002262,1.937437,-2.575018,beta,beta,18,beta
baron_c002264,7.852557,10.65418,ductal,ductal,8,ductal
baron_c002265,-8.842209,8.419312,alpha,alpha,20,alpha
baron_c002268,-0.243544,-2.592252,beta,beta,18,beta
baron_c002270,16.92343,-4.85787,endothelial,endothelial,13,endothelial
baron_c002272,-7.596851,9.88034,alpha,alpha,20,alpha
baron_c002273,-8.099653,9.039678,alpha,alpha,20,alpha
baron_c002274,-6.847669,8.50624,alpha,alpha,20,alpha
baron_c002275,-8.275822,9.627826,alpha,alpha,20,alpha
baron_c002279,-7.843649,9.055743,alpha,alpha,20,alpha
baron_c002280,8.729654,10.26561,ductal,ductal,8,ductal
baron_c002281,-8.657963,8.450961,alpha,alpha,20,alpha
baron_c002285,-8.850255,7.997141,alpha,alpha,20,alpha
baron_c002286,14.68014,-3.503468,activated_stellate,stellate,4,stellate
baron_c002287,7.251473,10.84838,ductal,ductal,8,ductal
baron_c002289,-7.85231,9.569345,alpha,alpha,20,alpha
baron_c002291,14.52941,3.366318,delta,delta,3,delta
baron_c002292,-7.63279,9.926132,alpha,alpha,20,alpha
baron_c002293,-8.517426,9.213472,alpha,alpha,20,alpha
baron_c002294,7.753134,11.29548,ductal,ductal,8,ductal
baron_c002298,8.14892,10.10012,ductal,ductal,8,ductal
baron_c002299,-6.762939,6.909502,alpha,alpha,12,alpha
baron_c002300,13.69415,3.218489,delta,delta,3,delta
baron_c002301,16.83017,-4.643561,endothelial,endothelial,13,endothelial
baron_c002302,0.9403743,-2.547173,beta,beta,18,beta
baron_c002303,-6.195564,6.719884,alpha,alpha,12,alpha
baron_c002305,-8.485975,8.804363,alpha,alpha,20,alpha
baron_c002306,-8.045397,9.768582,alpha,alpha,20,alpha
baron_c002307,-7.250789,9.013101,alpha,alpha,20,alpha
baron_c002309,7.670774,10.63932,ductal,ductal,8,ductal
baron_c002310,-3.724334,8.414174,alpha,alpha,14,alpha
baron_c002311,-7.237668,9.272993,alpha,alpha,20,alpha
baron_c002312,-6.18564,14.73846,gamma,gamma,9,gamma
baron_c002313,-8.678515,8.011589,alpha,alpha,20,alpha
baron_c002314,14.08593,-5.243477,quiescent_stellate,stellate,10,stellate
baron_c002316,6.689552,13.52904,ductal,ductal,15,acinar
baron_c002317,6.188935,13.72219,ductal,ductal,15,acinar
baron_c002318,-0.1032595,-3.512861,beta,beta,18,beta
baron_c002319,-8.808375,8.828498,alpha,alpha,20,alpha
baron_c002320,-8.780302,8.977375,alpha,alpha,20,alpha
baron_c002321,-8.416126,8.692739,alpha,alpha,20,alpha
baron_c002322,-7.91029,9.395578,alpha,alpha,20,alpha
baron_c002324,0.7374947,-3.373713,beta,beta,18,beta
baron_c002326,0.4360419,-2.282304,beta,beta,18,beta
baron_c002327,7.101893,11.2424,ductal,ductal,8,ductal
baron_c002328,-5.720105,15.43147,gamma,gamma,9,gamma
baron_c002329,1.163023,-3.376886,beta,beta,18,beta
baron_c002330,14.64108,-1.95464,activated_stellate,stellate,4,stellate
baron_c002331,8.311582,10.91697,ductal,ductal,8,ductal
baron_c002332,7.731102,11.64584,ductal,ductal,8,ductal
baron_c002334,-6.251538,15.57424,gamma,gamma,9,gamma
baron_c002335,-8.032674,13.11649,epsilon,epsilon,16,epsilon
baron_c002336,-8.181879,7.397254,alpha,alpha,20,alpha
baron_c002337,15.16215,3.638783,delta,delta,3,delta
baron_c002338,-6.334065,8.842812,alpha,alpha,20,alpha
baron_c002339,6.202922,15.06084,ductal,ductal,15,acinar
baron_c002341,1.608315,-1.841577,beta,beta,21,beta
baron_c002342,14.62294,-3.316566,activated_stellate,stellate,4,stellate
baron_c002343,-6.245232,15.04455,gamma,gamma,9,gamma
baron_c002344,-8.76847,7.677207,alpha,alpha,20,alpha
baron_c002347,5.959234,13.85066,ductal,ductal,15,acinar
baron_c002348,-6.150568,8.516829,alpha,alpha,20,alpha
baron_c002350,-5.643671,14.95746,gamma,gamma,9,gamma
baron_c002351,-8.149818,7.645279,alpha,alpha,20,alpha
baron_c002352,-7.467983,7.975,alpha,alpha,20,alpha
baron_c002353,-6.23818,7.55146,alpha,alpha,20,alpha
baron_c002354,-7.448424,9.563233,alpha,alpha,20,alpha
baron_c002355,-7.466342,8.627947,alpha,alpha,20,alpha
baron_c002356,-7.557704,9.688445,alpha,alpha,20,alpha
baron_c002357,1.282324,-1.794486,beta,beta,18,beta
baron_c002358,-0.8005342,13.6039,macrophage,macrophage,19,Unknown
baron_c002359,8.864574,11.27286,ductal,ductal,8,ductal
baron_c002360,-8.492674,8.188593,alpha,alpha,20,alpha
baron_c002363,-8.105735,8.275015,alpha,alpha,20,alpha
baron_c002364,-6.471864,6.53018,alpha,alpha,12,alpha
baron_c002365,-7.918215,7.129743,alpha,alpha,20,alpha
baron_c002369,13.53524,2.027119,delta,delta,3,delta
baron_c002370,7.525081,11.21495,ductal,ductal,8,ductal
baron_c002372,-0.5064942,-3.262217,beta,beta,18,beta
baron_c002373,-8.862047,8.089801,alpha,alpha,20,alpha
baron_c002374,8.24896,10.65558,ductal,ductal,8,ductal
baron_c002377,-7.919075,8.69647,alpha,alpha,20,alpha
baron_c002378,-7.729955,8.139534,alpha,alpha,20,alpha
baron_c002380,14.5775,-3.665429,activated_stellate,stellate,4,stellate
baron_c002381,-7.070184,9.43494,alpha,alpha,20,alpha
baron_c002383,-7.720982,7.257914,alpha,alpha,20,alpha
baron_c002384,-8.258249,8.719037,alpha,alpha,20,alpha
baron_c002385,-0.3473123,-3.179475,beta,beta,18,beta
baron_c002386,7.258142,10.50546,ductal,ductal,8,ductal
baron_c002387,-6.823234,9.279444,alpha,alpha,20,alpha
baron_c002388,-6.249496,15.84938,gamma,gamma,9,gamma
baron_c002389,14.64593,2.735098,delta,delta,3,delta
baron_c002390,-7.74347,8.324984,alpha,alpha,20,alpha
baron_c002392,8.071299,11.74355,ductal,ductal,8,ductal
baron_c002393,14.89478,-2.660891,activated_stellate,stellate,4,stellate
baron_c002395,-6.136993,8.35529,alpha,alpha,20,alpha
baron_c002398,-6.615088,8.063931,alpha,alpha,20,alpha
baron_c002399,-0.3682452,-2.858175,beta,beta,18,beta
baron_c002400,-8.312463,7.341376,alpha,alpha,20,alpha
baron_c002401,-7.038596,7.39193,alpha,alpha,20,alpha
baron_c002403,7.085652,10.44339,ductal,ductal,8,ductal
baron_c002404,13.52536,-1.661392,schwann,schwann,4,stellate
baron_c002405,13.91076,3.051304,delta,delta,3,delta
baron_c002406,-6.178284,15.43381,gamma,gamma,9,gamma
baron_c002407,14.91782,-3.180574,activated_stellate,stellate,4,stellate
baron_c002408,-8.676841,7.820132,alpha,alpha,20,alpha
baron_c002409,6.86775,13.83167,ductal,ductal,15,acinar
baron_c002410,0.7003867,-3.435438,beta,beta,18,beta
baron_c002411,1.354504,-3.415426,beta,beta,18,beta
baron_c002413,-5.597197,15.68198,gamma,gamma,9,gamma
baron_c002415,7.225843,11.37218,ductal,ductal,8,ductal
baron_c002416,-7.05845,7.452371,alpha,alpha,20,alpha
baron_c002418,17.08221,-4.49376,endothelial,endothelial,13,endothelial
baron_c002419,1.105889,-1.619351,beta,beta,21,beta
baron_c002421,16.46664,-5.075489,endothelial,endothelial,13,endothelial
baron_c002423,0.8110232,-3.027297,beta,beta,18,beta
baron_c002424,0.03391436,-2.384875,beta,beta,18,beta
baron_c002426,5.777343,12.39039,ductal,ductal,15,acinar
baron_c002427,-8.302088,8.504392,alpha,alpha,20,alpha
baron_c002428,-8.697317,7.556523,alpha,alpha,20,alpha
baron_c002429,-7.209035,8.947348,alpha,alpha,20,alpha
baron_c002430,-5.735332,15.04325,gamma,gamma,9,gamma
baron_c002432,-6.951628,8.337594,alpha,alpha,20,alpha
baron_c002434,-8.227232,8.177711,alpha,alpha,20,alpha
baron_c002435,-9.038814,8.620193,alpha,alpha,20,alpha
baron_c002436,13.72652,-5.333468,quiescent_stellate,stellate,10,stellate
baron_c002437,-6.319329,14.88084,gamma,gamma,9,gamma
baron_c002439,-7.954198,7.63733,alpha,alpha,20,alpha
baron_c002440,-5.605748,8.10635,alpha,alpha,20,alpha
baron_c002441,-6.083109,9.032859,alpha,alpha,20,alpha
baron_c002442,-8.881673,7.961329,alpha,alpha,20,alpha
baron_c002446,-5.708623,8.281299,alpha,alpha,20,alpha
baron_c002448,-8.046439,7.632936,alpha,alpha,20,alpha
baron_c002449,0.6390553,-2.832587,beta,beta,18,beta
baron_c002450,2.092881,-3.624312,beta,beta,2,beta
baron_c002452,0.6308091,-2.494915,beta,beta,18,beta
baron_c002453,7.28262,9.725398,ductal,ductal,8,ductal
baron_c002455,-8.604439,9.443269,alpha,alpha,20,alpha
baron_c002456,7.152347,9.387933,ductal,ductal,8,ductal
baron_c002457,-7.561684,8.42702,alpha,alpha,20,alpha
baron_c002458,1.037947,-3.719145,beta,beta,18,beta
baron_c002462,-7.970847,8.900042,alpha,alpha,20,alpha
baron_c002464,-4.936614,14.69671,alpha,alpha,9,gamma
baron_c002465,-8.004915,9.433375,alpha,alpha,20,alpha
baron_c002467,-5.91535,14.75531,gamma,gamma,9,gamma
baron_c002468,1.112002,-3.321733,beta,beta,18,beta
baron_c002469,5.638204,14.61323,ductal,ductal,15,acinar
baron_c002470,7.194272,9.994974,ductal,ductal,8,ductal
baron_c002471,8.222889,10.15946,ductal,ductal,8,ductal
baron_c002472,7.458549,10.90024,ductal,ductal,8,ductal
baron_c002473,-8.628421,7.898337,alpha,alpha,20,alpha
baron_c002474,1.477812,-3.214035,beta,beta,18,beta
baron_c002475,7.187422,9.101127,ductal,ductal,8,ductal
baron_c002476,2.706887,-4.017215,beta,beta,2,beta
baron_c002477,16.90743,-4.739383,endothelial,endothelial,13,endothelial
baron_c002479,1.719717,-3.211744,beta,beta,18,beta
baron_c002480,-1.404192,13.67716,macrophage,macrophage,19,Unknown
baron_c002481,-5.06049,14.97143,gamma,gamma,9,gamma
baron_c002482,7.476047,9.408686,ductal,ductal,8,ductal
baron_c002483,8.020807,10.99725,ductal,ductal,8,ductal
baron_c002484,0.8254904,-3.811497,beta,beta,18,beta
baron_c002488,-6.468708,6.691716,alpha,alpha,12,alpha
baron_c002489,8.397948,10.7975,ductal,ductal,8,ductal
baron_c002490,-5.526363,8.974609,alpha,alpha,20,alpha
baron_c002491,7.351407,11.64542,ductal,ductal,8,ductal
baron_c002492,1.704947,-3.56649,beta,beta,18,beta
baron_c002495,2.060584,-3.102298,beta,beta,18,beta
baron_c002496,14.93799,3.19898,delta,delta,3,delta
baron_c002497,-1.874091,13.2831,alpha,alpha,19,Unknown
baron_c002498,-8.563998,8.052786,alpha,alpha,20,alpha
baron_c002499,-8.267891,8.482001,alpha,alpha,20,alpha
baron_c002501,13.74131,3.213567,delta,delta,3,delta
baron_c002503,-8.124385,7.177035,alpha,alpha,20,alpha
baron_c002504,13.75329,2.530583,delta,delta,3,delta
baron_c002505,15.13529,3.494507,delta,delta,3,delta
baron_c002507,14.37676,-3.381751,activated_stellate,stellate,4,stellate
baron_c002508,-0.3956417,-3.166546,beta,beta,18,beta
baron_c002510,5.434341,15.03128,ductal,ductal,15,acinar
baron_c002511,6.931437,13.90307,ductal,ductal,15,acinar
baron_c002512,5.449693,15.11839,ductal,ductal,15,acinar
baron_c002514,-8.733233,7.728963,alpha,alpha,20,alpha
baron_c002515,14.42947,2.971761,delta,delta,3,delta
baron_c002517,-0.5524369,-2.703985,beta,beta,18,beta
baron_c002518,14.66864,2.586968,delta,delta,3,delta
baron_c002519,5.408413,14.9442,ductal,ductal,15,acinar
baron_c002522,-7.728716,9.04963,alpha,alpha,20,alpha
baron_c002523,-7.992741,7.197475,alpha,alpha,20,alpha
baron_c002524,15.04579,-2.980574,activated_stellate,stellate,4,stellate
baron_c002526,0.1290075,-2.640361,beta,beta,18,beta
baron_c002530,7.571113,10.20277,ductal,ductal,8,ductal
baron_c002531,6.624292,16.40013,ductal,ductal,1,acinar
baron_c002532,-0.533743,-2.911003,beta,beta,18,beta
baron_c002533,-5.584753,8.52904,alpha,alpha,20,alpha
baron_c002534,-6.490051,14.86474,alpha,alpha,9,gamma
baron_c002535,-0.06296613,-2.732953,beta,beta,18,beta
baron_c002537,0.6700889,-3.193762,beta,beta,18,beta
baron_c002538,5.873881,14.60824,ductal,ductal,15,acinar
baron_c002540,5.493603,14.98708,ductal,ductal,15,acinar
baron_c002542,15.13828,3.736046,delta,delta,3,delta
baron_c002543,-0.4579011,-2.781877,beta,beta,18,beta
baron_c002545,7.839239,12.17187,ductal,ductal,8,ductal
baron_c002546,-7.829287,7.598378,alpha,alpha,20,alpha
baron_c002547,6.28331,14.86764,ductal,ductal,15,acinar
baron_c002548,7.949637,10.95875,ductal,ductal,8,ductal
baron_c002549,0.4321333,-3.661299,beta,beta,18,beta
baron_c002550,-5.855388,6.540945,alpha,alpha,6,alpha
baron_c002552,0.5649173,-3.887807,beta,beta,18,beta
baron_c002554,-7.963008,8.06012,alpha,alpha,20,alpha
baron_c002556,1.624686,-2.808417,beta,beta,18,beta
baron_c002557,-0.09723175,-1.795922,beta,beta,21,beta
baron_c002559,0.3173378,-3.564673,beta,beta,18,beta
baron_c002562,5.743593,15.00725,ductal,ductal,15,acinar
baron_c002564,14.55147,-4.094989,activated_stellate,stellate,4,stellate
baron_c002565,1.049397,-3.542933,beta,beta,18,beta
baron_c002567,0.04324723,-3.350047,beta,beta,18,beta
baron_c002568,0.628388,-2.658995,beta,beta,18,beta
baron_c002571,6.042021,14.32074,ductal,ductal,15,acinar
baron_c002573,5.572581,14.29617,ductal,ductal,15,acinar
baron_c002574,-8.575094,7.45714,alpha,alpha,20,alpha
baron_c002578,1.382958,-2.762742,beta,beta,18,beta
baron_c002579,-0.05233615,-3.447375,beta,beta,18,beta
baron_c002580,14.74697,-2.812791,activated_stellate,stellate,4,stellate
baron_c002581,0.1291728,-2.450945,beta,beta,18,beta
baron_c002583,-6.841082,8.338661,alpha,alpha,20,alpha
baron_c002584,1.153139,-2.875614,beta,beta,18,beta
baron_c002585,-6.013401,14.86458,gamma,gamma,9,gamma
baron_c002586,0.2958108,-0.2550983,beta,beta,21,beta
baron_c002587,-8.758168,7.890954,alpha,alpha,20,alpha
baron_c002588,6.819763,13.91922,ductal,ductal,15,acinar
baron_c002589,-0.2165005,-2.563323,beta,beta,18,beta
baron_c002591,-7.219622,7.446026,alpha,alpha,20,alpha
baron_c002592,1.228035,-1.706105,beta,beta,21,beta
baron_c002593,-7.402866,6.914876,alpha,alpha,20,alpha
baron_c002594,-6.80284,7.960697,alpha,alpha,20,alpha
baron_c002595,-7.552523,9.235476,alpha,alpha,20,alpha
baron_c002596,-7.239842,7.169993,alpha,alpha,20,alpha
baron_c002598,-8.365827,8.653467,alpha,alpha,20,alpha
baron_c002600,-0.1277867,-3.538501,beta,beta,18,beta
baron_c002601,-6.107664,14.7265,gamma,gamma,9,gamma
baron_c002602,-6.531199,7.643037,alpha,alpha,20,alpha
baron_c002604,15.05223,3.769302,delta,delta,3,delta
baron_c002606,-7.820376,8.906755,alpha,alpha,20,alpha
baron_c002607,14.49928,-4.344698,activated_stellate,stellate,4,stellate
baron_c002609,-7.974589,9.939762,alpha,alpha,20,alpha
baron_c002610,-7.62744,7.12748,alpha,alpha,20,alpha
baron_c002612,0.7545418,-2.442703,beta,beta,18,beta
baron_c002613,-0.386422,-3.03522,beta,beta,18,beta
baron_c002614,15.05573,-3.192316,activated_stellate,stellate,4,stellate
baron_c002615,-1.668591,13.82274,macrophage,macrophage,19,Unknown
baron_c002616,5.670929,14.32124,ductal,ductal,15,acinar
baron_c002619,-7.375653,7.834047,alpha,alpha,20,alpha
baron_c002620,-0.629759,-3.19883,beta,beta,18,beta
baron_c002621,0.8516601,-2.431093,beta,beta,18,beta
baron_c002622,6.205433,13.77761,ductal,ductal,15,acinar
baron_c002624,13.95017,2.664387,delta,delta,3,delta
baron_c002625,0.8185889,-3.537867,beta,beta,18,beta
baron_c002626,0.144574,-3.424321,beta,beta,18,beta
baron_c002627,-7.74587,7.516006,alpha,alpha,20,alpha
baron_c002630,0.8082647,-3.725901,beta,beta,18,beta
baron_c002631,7.955072,10.67362,ductal,ductal,8,ductal
baron_c002632,-0.6704216,-2.943092,beta,beta,18,beta
baron_c002634,-7.98368,8.645416,alpha,alpha,20,alpha
baron_c002635,15.09397,3.655018,delta,delta,3,delta
baron_c002636,-0.2623243,-3.053158,beta,beta,18,beta
baron_c002637,0.2996972,-3.897449,beta,beta,18,beta
baron_c002638,-7.670835,9.769768,alpha,alpha,20,alpha
baron_c002640,14.62047,-3.849241,activated_stellate,stellate,4,stellate
baron_c002641,5.742257,13.92884,ductal,ductal,15,acinar
baron_c002642,0.5171716,-2.874899,beta,beta,18,beta
baron_c002643,-8.034216,9.791282,alpha,alpha,20,alpha
baron_c002644,13.6671,3.301541,delta,delta,3,delta
baron_c002645,-1.563531,14.1076,macrophage,macrophage,19,Unknown
baron_c002646,14.82165,3.192945,delta,delta,3,delta
baron_c002648,5.728243,14.17364,ductal,ductal,15,acinar
baron_c002650,14.43326,3.541452,delta,delta,3,delta
baron_c002651,-8.001627,7.266766,alpha,alpha,20,alpha
baron_c002652,6.519359,14.0979,ductal,ductal,15,acinar
baron_c002655,1.184018,-2.956503,beta,beta,18,beta
baron_c002656,7.985909,10.38144,ductal,ductal,8,ductal
baron_c002657,5.898936,13.99181,ductal,ductal,15,acinar
baron_c002662,-5.933712,8.106984,alpha,alpha,20,alpha
baron_c002663,-6.69244,8.395304,alpha,alpha,20,alpha
baron_c002664,6.344542,13.78084,ductal,ductal,15,acinar
baron_c002665,-6.735172,7.27983,alpha,alpha,20,alpha
baron_c002667,14.9423,3.602899,delta,delta,3,delta
baron_c002671,-7.228964,7.296788,alpha,alpha,20,alpha
baron_c002674,-8.664902,9.332772,alpha,alpha,20,alpha
baron_c002675,14.70441,-3.407476,activated_stellate,stellate,4,stellate
baron_c002676,14.4436,2.457977,delta,delta,3,delta
baron_c002677,0.5989351,-3.20287,beta,beta,18,beta
baron_c002678,-5.4364,15.4361,gamma,gamma,9,gamma
baron_c002679,14.48112,3.446456,delta,delta,3,delta
baron_c002680,-6.251572,14.7442,gamma,gamma,9,gamma
baron_c002681,-0.1238976,-3.000079,beta,beta,18,beta
baron_c002683,-8.393249,8.346281,alpha,alpha,20,alpha
baron_c002685,-9.079989,8.837291,alpha,alpha,20,alpha
baron_c002686,8.426186,10.94734,ductal,ductal,8,ductal
baron_c002687,0.5163882,-3.34794,beta,beta,18,beta
baron_c002688,7.837131,11.68655,ductal,ductal,8,ductal
baron_c002690,0.3505955,-2.493672,beta,beta,18,beta
baron_c002691,1.035054,-2.187685,beta,beta,18,beta
baron_c002692,6.878602,13.97953,ductal,ductal,15,acinar
baron_c002693,0.2533907,-3.261172,beta,beta,18,beta
baron_c002694,-7.715302,7.115604,alpha,alpha,20,alpha
baron_c002697,-8.506825,8.770107,alpha,alpha,20,alpha
baron_c002700,8.049856,12.20288,ductal,ductal,8,ductal
baron_c002701,-6.173903,6.579563,alpha,alpha,12,alpha
baron_c002702,7.962889,10.83672,ductal,ductal,8,ductal
baron_c002704,-5.819712,8.259764,alpha,alpha,20,alpha
baron_c002706,-7.441262,9.402117,alpha,alpha,20,alpha
baron_c002707,-7.033976,8.49246,alpha,alpha,20,alpha
baron_c002709,7.14465,10.17322,ductal,ductal,8,ductal
baron_c002711,-7.976844,7.941289,alpha,alpha,20,alpha
baron_c002712,-8.28413,8.499568,alpha,alpha,20,alpha
baron_c002713,7.757035,10.88408,ductal,ductal,8,ductal
baron_c002714,0.2336604,-2.259482,beta,beta,18,beta
baron_c002715,7.536572,11.65231,ductal,ductal,8,ductal
baron_c002717,-7.726542,8.140893,alpha,alpha,20,alpha
baron_c002718,0.8654732,-2.858473,beta,beta,18,beta
baron_c002719,-8.571772,8.363084,alpha,alpha,20,alpha
baron_c002720,-8.226728,9.627721,alpha,alpha,20,alpha
baron_c002722,-6.208562,6.681453,alpha,alpha,12,alpha
baron_c002723,-6.877251,8.134958,alpha,alpha,20,alpha
baron_c002724,2.083189,-1.896015,beta,beta,18,beta
baron_c002725,0.5075879,-2.274045,beta,beta,18,beta
baron_c002726,-0.4950793,-3.016981,beta,beta,18,beta
baron_c002728,5.733698,14.97227,ductal,ductal,15,acinar
baron_c002729,-1.502473,13.96042,macrophage,macrophage,19,Unknown
baron_c002730,-7.08106,8.154826,alpha,alpha,20,alpha
baron_c002731,6.680932,13.98774,ductal,ductal,15,acinar
baron_c002732,-7.48239,9.134327,alpha,alpha,20,alpha
baron_c002733,-0.01727135,-3.781725,beta,beta,18,beta
baron_c002734,1.592067,-1.398248,beta,beta,21,beta
baron_c002735,7.232995,11.15811,ductal,ductal,8,ductal
baron_c002736,0.06614279,-3.56074,beta,beta,18,beta
baron_c002738,14.34994,-4.898885,quiescent_stellate,stellate,10,stellate
baron_c002739,-7.109296,9.036438,alpha,alpha,20,alpha
baron_c002740,-6.871924,7.776092,alpha,alpha,20,alpha
baron_c002741,0.6778936,-3.625355,beta,beta,18,beta
baron_c002742,7.394379,10.95941,ductal,ductal,8,ductal
baron_c002743,0.2953802,-3.133476,beta,beta,18,beta
baron_c002745,0.1618116,-2.16358,beta,beta,18,beta
baron_c002746,-8.526826,9.005182,alpha,alpha,20,alpha
baron_c002747,0.592446,-3.038452,beta,beta,18,beta
baron_c002748,0.04580341,-3.300891,beta,beta,18,beta
baron_c002749,0.4276992,-2.691468,beta,beta,18,beta
baron_c002751,-7.770278,8.702871,alpha,alpha,20,alpha
baron_c002752,-7.881856,8.406959,alpha,alpha,20,alpha
baron_c002753,0.4242979,-2.627794,beta,beta,18,beta
baron_c002754,-8.390222,8.164225,alpha,alpha,20,alpha
baron_c002755,13.71766,3.285424,delta,delta,3,delta
baron_c002757,4.870605,-3.75088,beta,beta,7,beta
baron_c002758,13.64519,-1.578626,schwann,schwann,4,stellate
baron_c002760,1.475287,-2.768278,beta,beta,18,beta
baron_c002762,-6.64702,9.309033,alpha,alpha,20,alpha
baron_c002763,-8.347439,8.849786,alpha,alpha,20,alpha
baron_c002764,0.9027264,-2.963263,beta,beta,18,beta
baron_c002767,7.151108,11.2988,ductal,ductal,8,ductal
baron_c002768,7.418879,10.5322,ductal,ductal,8,ductal
baron_c002769,-6.334567,15.60366,gamma,gamma,9,gamma
baron_c002771,-8.007899,9.067114,alpha,alpha,20,alpha
baron_c002772,8.345752,10.30942,ductal,ductal,8,ductal
baron_c002773,-0.4385318,-3.300653,beta,beta,18,beta
baron_c002774,7.235282,9.110759,ductal,ductal,8,ductal
baron_c002775,8.186369,11.10345,ductal,ductal,8,ductal
baron_c002776,-8.511403,8.462988,alpha,alpha,20,alpha
baron_c002777,14.97557,-3.132449,activated_stellate,stellate,4,stellate
baron_c002780,1.40128,-2.325292,beta,beta,18,beta
baron_c002781,-0.2744179,-3.018966,beta,beta,18,beta
baron_c002782,-8.554543,9.155732,alpha,alpha,20,alpha
baron_c002785,14.833,-2.491317,activated_stellate,stellate,4,stellate
baron_c002786,-7.127082,9.396379,alpha,alpha,20,alpha
baron_c002787,-8.483529,8.595393,alpha,alpha,20,alpha
baron_c002788,-7.427415,8.239587,alpha,alpha,20,alpha
baron_c002789,-9.01819,8.795624,alpha,alpha,20,alpha
baron_c002791,13.7349,2.808524,delta,delta,3,delta
baron_c002793,-6.097147,14.94647,gamma,gamma,9,gamma
baron_c002795,-7.635091,9.196722,alpha,alpha,20,alpha
baron_c002796,-5.845133,14.71447,gamma,gamma,9,gamma
baron_c002797,-8.976985,8.082623,alpha,alpha,20,alpha
baron_c002798,-7.87002,7.061001,alpha,alpha,20,alpha
baron_c002799,-8.799026,8.580669,alpha,alpha,20,alpha
baron_c002800,-7.164529,8.021592,alpha,alpha,20,alpha
baron_c002801,7.684275,11.57219,ductal,ductal,8,ductal
baron_c002802,-6.814743,7.050957,alpha,alpha,20,alpha
baron_c002803,14.83952,-3.263279,activated_stellate,stellate,4,stellate
baron_c002804,-8.339887,8.979858,alpha,alpha,20,alpha
baron_c002805,14.51074,3.008867,delta,delta,3,delta
baron_c002808,-7.441337,8.583333,alpha,alpha,20,alpha
baron_c002809,7.528713,9.112408,ductal,ductal,8,ductal
baron_c002810,14.41312,3.031098,delta,delta,3,delta
baron_c002811,-8.331903,9.599413,alpha,alpha,20,alpha
baron_c002812,-6.557384,8.221649,alpha,alpha,20,alpha
baron_c002814,-8.094994,9.159382,alpha,alpha,20,alpha
baron_c002815,-0.3885975,-2.84574,beta,beta,18,beta
baron_c002816,0.05538069,-3.34,beta,beta,18,beta
baron_c002817,-7.171944,8.737498,alpha,alpha,20,alpha
baron_c002820,-0.1196285,-2.543984,beta,beta,18,beta
baron_c002821,-8.714377,8.581323,alpha,alpha,20,alpha
baron_c002822,0.237374,-2.532429,beta,beta,18,beta
baron_c002823,-0.4542651,-3.246708,beta,beta,18,beta
baron_c002825,-8.469785,7.386521,alpha,alpha,20,alpha
baron_c002826,14.90019,-3.28478,activated_stellate,stellate,4,stellate
baron_c002827,0.1246178,-3.102464,beta,beta,18,beta
baron_c002829,-0.09044463,-2.272047,beta,beta,18,beta
baron_c002830,14.40466,3.502694,delta,delta,3,delta
baron_c002831,-0.07195868,-1.144982,beta,beta,21,beta
baron_c002832,-8.797786,9.06847,alpha,alpha,20,alpha
baron_c002833,2.386729,-2.749534,beta,beta,18,beta
baron_c002834,-6.006371,15.06869,gamma,gamma,9,gamma
baron_c002835,-8.296653,8.889822,alpha,alpha,20,alpha
baron_c002837,-8.943495,8.328373,alpha,alpha,20,alpha
baron_c002838,0.5957196,-2.073967,beta,beta,18,beta
baron_c002842,16.44586,-5.085508,endothelial,endothelial,13,endothelial
baron_c002844,-8.850803,8.549432,alpha,alpha,20,alpha
baron_c002847,-7.68019,9.500578,alpha,alpha,20,alpha
baron_c002848,16.83555,-4.685111,endothelial,endothelial,13,endothelial
baron_c002851,-8.903342,8.453366,alpha,alpha,20,alpha
baron_c002852,0.6940118,-3.563043,beta,beta,18,beta
baron_c002853,13.60413,-5.398973,quiescent_stellate,stellate,10,stellate
baron_c002854,0.2213716,-2.125954,beta,beta,18,beta
baron_c002855,-8.29521,8.197414,alpha,alpha,20,alpha
baron_c002856,7.682648,10.5064,ductal,ductal,8,ductal
baron_c002857,5.936013,13.4359,ductal,ductal,15,acinar
baron_c002858,-7.982117,8.527666,alpha,alpha,20,alpha
baron_c002859,-5.561002,7.053214,alpha,alpha,6,alpha
baron_c002860,8.161152,10.48958,ductal,ductal,8,ductal
baron_c002862,-8.024986,8.661042,alpha,alpha,20,alpha
baron_c002863,-6.428697,8.747742,alpha,alpha,20,alpha
baron_c002864,8.244908,12.25346,ductal,ductal,8,ductal
baron_c002866,15.78704,-5.233387,endothelial,endothelial,13,endothelial
baron_c002867,-7.649671,10.02358,alpha,alpha,20,alpha
baron_c002868,-7.559329,8.994083,alpha,alpha,20,alpha
baron_c002869,-8.137589,9.440839,alpha,alpha,20,alpha
baron_c002871,7.177161,10.08803,ductal,ductal,8,ductal
baron_c002872,-7.809183,9.439919,alpha,alpha,20,alpha
baron_c002873,-5.398934,14.90649,gamma,gamma,9,gamma
baron_c002874,-6.953997,8.799414,alpha,alpha,20,alpha
baron_c002875,-8.099628,8.523127,alpha,alpha,20,alpha
baron_c002876,7.547606,11.69068,ductal,ductal,8,ductal
baron_c002877,14.22179,-4.975795,quiescent_stellate,stellate,10,stellate
baron_c002878,6.063918,13.82038,ductal,ductal,15,acinar
baron_c002880,-7.198317,7.813952,alpha,alpha,20,alpha
baron_c002883,7.269773,11.40537,ductal,ductal,8,ductal
baron_c002884,16.27057,-5.626355,endothelial,endothelial,13,endothelial
baron_c002885,-8.292067,8.917898,alpha,alpha,20,alpha
baron_c002887,0.8302748,-2.080547,beta,beta,18,beta
baron_c002888,8.588489,12.04609,ductal,ductal,8,ductal
baron_c002889,-1.497827,14.02893,macrophage,macrophage,19,Unknown
baron_c002890,-8.034384,9.498772,alpha,alpha,20,alpha
baron_c002892,1.968848,-2.187236,beta,beta,18,beta
baron_c002894,0.5139352,-3.810686,beta,beta,18,beta
baron_c002895,-7.387383,9.530536,alpha,alpha,20,alpha
baron_c002899,-7.324974,9.169244,alpha,alpha,20,alpha
baron_c002900,-7.733286,7.150407,alpha,alpha,20,alpha
baron_c002901,-7.903554,9.237297,alpha,alpha,20,alpha
baron_c002902,-8.633476,8.232576,alpha,alpha,20,alpha
baron_c002905,7.221323,11.23082,ductal,ductal,8,ductal
baron_c002908,0.8295245,-2.355621,beta,beta,18,beta
baron_c002909,-6.258616,7.25462,alpha,alpha,20,alpha
baron_c002910,-7.800573,9.471879,alpha,alpha,20,alpha
baron_c002911,0.9663456,-3.243324,beta,beta,18,beta
baron_c002912,-7.867382,9.019097,alpha,alpha,20,alpha
baron_c002913,-7.954732,8.460966,alpha,alpha,20,alpha
baron_c002914,-6.203453,15.01801,gamma,gamma,9,gamma
baron_c002915,7.5183,11.0618,ductal,ductal,8,ductal
baron_c002917,-7.897869,8.644121,alpha,alpha,20,alpha
baron_c002918,-6.087445,8.438767,alpha,alpha,20,alpha
baron_c002919,-7.851375,8.508128,alpha,alpha,20,alpha
baron_c002921,-5.901971,14.76362,gamma,gamma,9,gamma
baron_c002922,14.56185,3.089083,delta,delta,3,delta
baron_c002923,-8.175795,7.344126,alpha,alpha,20,alpha
baron_c002924,14.79555,-3.308129,activated_stellate,stellate,4,stellate
baron_c002925,-0.9861326,13.80503,macrophage,macrophage,19,Unknown
baron_c002927,0.2734646,-2.472222,beta,beta,18,beta
baron_c002929,-6.263726,15.20393,gamma,gamma,9,gamma
baron_c002930,0.0109035,-1.796168,beta,beta,18,beta
baron_c002931,-7.866975,8.786016,alpha,alpha,20,alpha
baron_c002932,-8.304984,8.802802,alpha,alpha,20,alpha
baron_c002933,6.040868,13.81214,ductal,ductal,15,acinar
baron_c002934,0.4333274,-3.861027,beta,beta,18,beta
baron_c002935,1.370641,-2.68032,beta,beta,18,beta
baron_c002937,-8.730145,8.625116,alpha,alpha,20,alpha
baron_c002939,-7.297107,9.715816,alpha,alpha,20,alpha
baron_c002941,-8.111549,9.042133,alpha,alpha,20,alpha
baron_c002942,-6.917346,8.880054,alpha,alpha,20,alpha
baron_c002943,14.79025,-3.485751,activated_stellate,stellate,4,stellate
baron_c002948,-6.133729,15.43112,gamma,gamma,9,gamma
baron_c002950,-8.379889,9.084675,alpha,alpha,20,alpha
baron_c002951,-8.195157,9.310667,alpha,alpha,20,alpha
baron_c002952,-8.196841,8.312695,alpha,alpha,20,alpha
baron_c002953,0.005555134,-3.645139,beta,beta,18,beta
baron_c002956,-7.4674,9.575933,alpha,alpha,20,alpha
baron_c002957,14.2395,-4.964922,quiescent_stellate,stellate,10,stellate
baron_c002959,-8.070934,9.322456,alpha,alpha,20,alpha
baron_c002961,-8.281467,7.883667,alpha,alpha,20,alpha
baron_c002962,-0.5729557,-2.896166,beta,beta,18,beta
baron_c002963,8.191927,12.12163,ductal,ductal,8,ductal
baron_c002964,0.1044047,-2.172106,beta,beta,18,beta
baron_c002967,-5.902157,15.35552,gamma,gamma,9,gamma
baron_c002968,-7.238595,9.265474,alpha,alpha,20,alpha
baron_c002970,-0.03134941,-2.950254,beta,beta,18,beta
baron_c002971,14.76577,-3.502533,activated_stellate,stellate,4,stellate
baron_c002972,-6.585646,8.808413,alpha,alpha,20,alpha
baron_c002973,16.87793,-4.742262,endothelial,endothelial,13,endothelial
baron_c002974,-8.024183,8.400987,alpha,alpha,20,alpha
baron_c002975,-8.332317,9.471766,alpha,alpha,20,alpha
baron_c002976,-6.528237,8.630845,alpha,alpha,20,alpha
baron_c002977,-7.839885,8.079683,alpha,alpha,20,alpha
baron_c002979,-7.449895,8.502897,alpha,alpha,20,alpha
baron_c002980,1.463254,-3.605125,beta,beta,18,beta
baron_c002981,-8.602593,7.975122,alpha,alpha,20,alpha
baron_c002983,-6.258904,14.93823,gamma,gamma,9,gamma
baron_c002985,-7.699353,9.572397,alpha,alpha,20,alpha
baron_c002988,-8.512614,8.855708,alpha,alpha,20,alpha
baron_c002989,-7.707663,8.018726,alpha,alpha,20,alpha
baron_c002990,-7.036768,8.339879,alpha,alpha,20,alpha
baron_c002991,0.0627446,-3.241728,beta,beta,18,beta
baron_c002992,-6.84866,7.890126,alpha,alpha,20,alpha
baron_c002996,7.441068,10.79511,ductal,ductal,8,ductal
baron_c002997,-7.139532,9.313193,alpha,alpha,20,alpha
baron_c002998,-8.110672,8.96325,alpha,alpha,20,alpha
baron_c002999,-2.155528,12.67663,mast,mast,19,Unknown
baron_c003000,-8.226209,7.524795,alpha,alpha,20,alpha
baron_c003002,1.540403,-3.324528,beta,beta,18,beta
baron_c003003,1.986241,-3.396384,beta,beta,18,beta
baron_c003007,-6.09687,8.949516,alpha,alpha,20,alpha
baron_c003009,5.808679,13.03392,ductal,ductal,15,acinar
baron_c003013,-7.756631,9.668159,alpha,alpha,20,alpha
baron_c003016,1.660978,-4.414408,beta,beta,2,beta
baron_c003017,7.982763,12.12967,ductal,ductal,8,ductal
baron_c003018,7.182913,11.30822,ductal,ductal,8,ductal
baron_c003020,-5.697535,14.97086,gamma,gamma,9,gamma
baron_c003021,-2.124063,12.69952,mast,mast,19,Unknown
baron_c003022,-5.70625,14.71146,gamma,gamma,9,gamma
baron_c003024,-7.632181,8.61544,alpha,alpha,20,alpha
baron_c003025,8.277184,11.20308,ductal,ductal,8,ductal
baron_c003026,-5.797877,15.03927,gamma,gamma,9,gamma
baron_c003029,-7.550071,9.012044,alpha,alpha,20,alpha
baron_c003032,-6.855387,9.474771,alpha,alpha,20,alpha
baron_c003033,-7.489194,8.174479,alpha,alpha,20,alpha
baron_c003034,-8.742016,9.105933,alpha,alpha,20,alpha
baron_c003036,-7.156327,9.094385,alpha,alpha,20,alpha
baron_c003037,-7.267437,7.929909,alpha,alpha,20,alpha
baron_c003038,14.03711,-5.153162,quiescent_stellate,stellate,10,stellate
baron_c003039,0.4496589,-2.700628,beta,beta,18,beta
baron_c003040,-8.032658,9.496815,alpha,alpha,20,alpha
baron_c003041,1.179172,-2.866956,beta,beta,18,beta
baron_c003043,-7.454125,8.521049,alpha,alpha,20,alpha
baron_c003044,-6.091309,15.28969,gamma,gamma,9,gamma
baron_c003045,-6.411646,15.1278,gamma,gamma,9,gamma
baron_c003046,7.61624,10.23815,ductal,ductal,8,ductal
baron_c003047,-5.822353,8.353709,alpha,alpha,20,alpha
baron_c003048,14.74363,-3.285092,activated_stellate,stellate,4,stellate
baron_c003049,-6.989344,9.394393,alpha,alpha,20,alpha
baron_c003050,8.208344,11.16683,ductal,ductal,8,ductal
baron_c003051,14.23928,3.727212,delta,delta,3,delta
baron_c003054,14.60592,-3.792477,activated_stellate,stellate,4,stellate
baron_c003055,1.543493,-3.277719,beta,beta,18,beta
baron_c003057,13.26762,-5.629576,quiescent_stellate,stellate,10,stellate
baron_c003058,7.685652,11.66938,ductal,ductal,8,ductal
baron_c003060,14.16273,-5.18173,quiescent_stellate,stellate,10,stellate
baron_c003061,5.604537,14.9666,ductal,ductal,15,acinar
baron_c003062,-8.780091,8.346663,alpha,alpha,20,alpha
baron_c003063,14.66927,-3.188927,activated_stellate,stellate,4,stellate
baron_c003064,0.7766874,-3.769328,beta,beta,18,beta
baron_c003065,0.3246693,-3.548034,beta,beta,18,beta
baron_c003066,14.35306,-3.168034,activated_stellate,stellate,4,stellate
baron_c003069,7.592126,10.1948,ductal,ductal,8,ductal
baron_c003070,1.047805,-3.969291,beta,beta,18,beta
baron_c003071,1.614181,-2.830805,beta,beta,18,beta
baron_c003072,-7.87561,8.550774,alpha,alpha,20,alpha
baron_c003073,13.62654,-1.660556,schwann,schwann,4,stellate
baron_c003074,-5.74985,14.97563,gamma,gamma,9,gamma
baron_c003075,8.292061,10.55103,ductal,ductal,8,ductal
baron_c003076,-8.391615,7.554788,alpha,alpha,20,alpha
baron_c003077,-2.027821,12.31012,t_cell,t_cell,19,Unknown
baron_c003079,0.3260872,-2.942533,beta,beta,18,beta
baron_c003080,-5.406123,14.80255,gamma,gamma,9,gamma
baron_c003082,2.278096,-3.492735,beta,beta,2,beta
baron_c003083,1.308273,-3.177386,beta,beta,18,beta
baron_c003085,-2.03534,12.48564,t_cell,t_cell,19,Unknown
baron_c003086,1.14336,-3.114484,beta,beta,18,beta
baron_c003087,1.497404,-2.788103,beta,beta,18,beta
baron_c003088,-8.008159,7.327081,alpha,alpha,20,alpha
baron_c003089,1.991649,-3.306762,beta,beta,18,beta
baron_c003090,-7.583343,8.305992,alpha,alpha,20,alpha
baron_c003091,7.953391,11.92426,ductal,ductal,8,ductal
baron_c003092,1.409627,-3.084409,beta,beta,18,beta
baron_c003093,-7.950702,8.634922,alpha,alpha,20,alpha
baron_c003094,6.051538,14.30093,ductal,ductal,15,acinar
baron_c003096,0.5540322,-3.380571,beta,beta,18,beta
baron_c003097,14.50737,3.039545,delta,delta,3,delta
baron_c003098,14.79602,2.965595,delta,delta,3,delta
baron_c003099,0.8493108,-2.250089,beta,beta,18,beta
baron_c003100,5.970485,15.54616,ductal,ductal,15,acinar
baron_c003101,-6.170312,7.988627,alpha,alpha,20,alpha
baron_c003102,-0.2912711,-2.366852,beta,beta,18,beta
baron_c003104,-8.078786,7.255814,alpha,alpha,20,alpha
baron_c003105,13.00869,2.605567,delta,delta,3,delta
baron_c003106,5.382024,14.79929,ductal,ductal,15,acinar
baron_c003107,-7.912022,8.351835,alpha,alpha,20,alpha
baron_c003109,13.44351,3.096908,delta,delta,3,delta
baron_c003110,8.075035,10.84324,ductal,ductal,8,ductal
baron_c003111,-6.308603,7.469834,alpha,alpha,20,alpha
baron_c003113,6.114278,14.4414,ductal,ductal,15,acinar
baron_c003114,14.87027,3.012523,delta,delta,3,delta
baron_c003116,-5.341539,8.239784,alpha,alpha,20,alpha
baron_c003117,-0.3641013,-3.555134,beta,beta,18,beta
baron_c003118,14.86668,3.251201,delta,delta,3,delta
baron_c003119,13.37763,3.247861,delta,delta,3,delta
baron_c003120,0.3994998,-1.708602,beta,beta,21,beta
baron_c003121,14.52506,2.495293,delta,delta,3,delta
baron_c003122,5.554769,14.8674,ductal,ductal,15,acinar
baron_c003123,6.459315,14.21676,ductal,ductal,15,acinar
baron_c003125,5.678927,14.5424,ductal,ductal,15,acinar
baron_c003127,-8.428916,7.489895,alpha,alpha,20,alpha
baron_c003128,13.75479,0.7606916,delta,delta,3,delta
baron_c003129,-8.267733,7.440429,alpha,alpha,20,alpha
baron_c003131,5.650634,14.91034,ductal,ductal,15,acinar
baron_c003132,-7.831223,13.09983,epsilon,epsilon,16,epsilon
baron_c003133,-7.038042,8.969164,alpha,alpha,20,alpha
baron_c003134,14.82273,2.795476,delta,delta,3,delta
baron_c003135,-7.082677,8.018234,alpha,alpha,20,alpha
baron_c003137,-8.69524,7.624249,alpha,alpha,20,alpha
baron_c003138,14.11332,2.910099,delta,delta,3,delta
baron_c003139,14.85062,-3.119823,activated_stellate,stellate,4,stellate
baron_c003140,-5.779646,8.127119,alpha,alpha,20,alpha
baron_c003141,-7.024773,7.054052,alpha,alpha,20,alpha
baron_c003144,-0.1789536,-3.760626,beta,beta,18,beta
baron_c003145,0.1298889,-3.301277,beta,beta,18,beta
baron_c003146,-7.814618,7.153489,alpha,alpha,20,alpha
baron_c003148,1.145728,-3.379704,beta,beta,18,beta
baron_c003149,13.0328,3.283126,delta,delta,3,delta
baron_c003150,-7.93924,9.329751,alpha,alpha,20,alpha
baron_c003151,-6.956786,8.290242,alpha,alpha,20,alpha
baron_c003152,14.88484,-2.882816,activated_stellate,stellate,4,stellate
baron_c003154,-7.144455,8.612472,alpha,alpha,20,alpha
baron_c003155,0.01246995,-2.011333,beta,beta,18,beta
baron_c003156,-6.841168,9.471525,alpha,alpha,20,alpha
baron_c003158,-7.007437,8.191887,alpha,alpha,20,alpha
baron_c003159,5.922101,14.04933,ductal,ductal,15,acinar
baron_c003161,6.847563,13.93622,acinar,acinar,15,acinar
baron_c003162,-8.329157,7.757246,alpha,alpha,20,alpha
baron_c003163,0.8487499,-3.719872,beta,beta,18,beta
baron_c003164,13.71595,3.037652,delta,delta,3,delta
baron_c003166,-7.456763,7.607953,alpha,alpha,20,alpha
baron_c003167,-6.771834,8.862906,alpha,alpha,20,alpha
baron_c003168,-6.451098,7.44725,alpha,alpha,20,alpha
baron_c003169,-5.83677,8.577141,alpha,alpha,20,alpha
baron_c003172,-1.547436,14.04465,macrophage,macrophage,19,Unknown
baron_c003173,7.475924,11.31145,ductal,ductal,8,ductal
baron_c003174,0.7727708,-3.580022,beta,beta,18,beta
baron_c003176,6.165453,14.34011,ductal,ductal,15,acinar
baron_c003179,-7.977525,6.811783,alpha,alpha,20,alpha
baron_c003180,-8.865558,8.919792,alpha,alpha,20,alpha
baron_c003181,5.958089,14.09973,ductal,ductal,15,acinar
baron_c003182,14.8326,2.011732,delta,delta,3,delta
baron_c003183,14.824,3.892017,delta,delta,3,delta
baron_c003184,-0.5384948,-2.536712,beta,beta,18,beta
baron_c003186,6.039938,13.8553,ductal,ductal,15,acinar
baron_c003187,13.80379,3.596528,ductal,ductal,3,delta
baron_c003188,-0.01420394,-3.286566,beta,beta,18,beta
baron_c003189,-8.813365,7.845501,alpha,alpha,20,alpha
baron_c003191,1.593291,-2.23182,beta,beta,18,beta
baron_c003194,14.04869,-4.172421,quiescent_stellate,stellate,21,beta
baron_c003195,14.999,-2.852651,activated_stellate,stellate,4,stellate
baron_c003197,14.63399,-3.026194,activated_stellate,stellate,4,stellate
baron_c003198,6.961858,14.11579,ductal,ductal,15,acinar
baron_c003199,-8.247902,7.020165,alpha,alpha,20,alpha
baron_c003200,-7.853664,8.073822,alpha,alpha,20,alpha
baron_c003202,1.952458,-2.339988,beta,beta,18,beta
baron_c003204,-0.1517785,-2.253078,beta,beta,18,beta
baron_c003205,0.1578917,-2.52401,beta,beta,18,beta
baron_c003206,7.270479,11.34708,ductal,ductal,8,ductal
baron_c003208,-8.060727,9.397768,alpha,alpha,20,alpha
baron_c003209,7.798488,11.89063,ductal,ductal,8,ductal
baron_c003212,14.54963,-3.379767,activated_stellate,stellate,4,stellate
baron_c003214,5.281002,14.83045,ductal,ductal,15,acinar
baron_c003217,-6.734221,8.641844,alpha,alpha,20,alpha
baron_c003219,14.53884,-3.278438,activated_stellate,stellate,4,stellate
baron_c003220,7.546471,10.35415,ductal,ductal,8,ductal
baron_c003224,-8.396454,7.871046,alpha,alpha,20,alpha
baron_c003225,-7.493406,7.121117,alpha,alpha,20,alpha
baron_c003232,14.88356,3.837968,delta,delta,3,delta
baron_c003234,-8.471115,8.395264,alpha,alpha,20,alpha
baron_c003235,-7.761696,8.943426,alpha,alpha,20,alpha
baron_c003236,0.1674485,-2.166807,beta,beta,18,beta
baron_c003242,-1.244872,14.03537,macrophage,macrophage,19,Unknown
baron_c003245,-6.529073,8.695404,alpha,alpha,20,alpha
baron_c003248,-5.649633,7.94255,alpha,alpha,20,alpha
baron_c003249,-7.367211,9.864693,alpha,alpha,20,alpha
baron_c003252,-6.566613,8.16532,alpha,alpha,20,alpha
baron_c003253,6.186311,14.13089,ductal,ductal,15,acinar
baron_c003254,14.70589,3.689014,delta,delta,3,delta
baron_c003255,-0.143845,-2.606089,beta,beta,18,beta
baron_c003256,15.10335,3.763983,delta,delta,3,delta
baron_c003257,6.471694,13.89398,ductal,ductal,15,acinar
baron_c003258,-7.492181,8.204122,alpha,alpha,20,alpha
baron_c003259,-8.386491,9.575014,alpha,alpha,20,alpha
baron_c003260,0.8149062,-3.792775,beta,beta,18,beta
baron_c003261,14.8788,-3.235957,activated_stellate,stellate,4,stellate
baron_c003262,5.365981,14.72156,ductal,ductal,15,acinar
baron_c003264,7.14532,11.51289,ductal,ductal,8,ductal
baron_c003267,15.05789,3.779508,delta,delta,3,delta
baron_c003269,-6.497163,6.101027,alpha,alpha,12,alpha
baron_c003276,-6.917397,8.157206,alpha,alpha,20,alpha
baron_c003277,-5.869718,9.02701,alpha,alpha,20,alpha
baron_c003278,14.98442,-2.436511,activated_stellate,stellate,4,stellate
baron_c003279,-6.698152,9.372284,alpha,alpha,20,alpha
baron_c003280,1.569175,-2.492698,beta,beta,18,beta
baron_c003281,-6.880731,9.084895,alpha,alpha,20,alpha
baron_c003282,8.001101,11.34529,ductal,ductal,8,ductal
baron_c003284,-6.335261,6.795335,alpha,alpha,12,alpha
baron_c003285,-7.349046,9.000936,alpha,alpha,20,alpha
baron_c003288,-6.795503,5.833344,alpha,alpha,12,alpha
baron_c003289,6.162642,14.18091,acinar,acinar,15,acinar
baron_c003290,1.027923,-3.020117,beta,beta,18,beta
baron_c003292,1.24956,-2.78199,beta,beta,18,beta
baron_c003295,0.08628532,-1.419574,beta,beta,21,beta
baron_c003296,-6.78196,7.731472,alpha,alpha,20,alpha
baron_c003298,-7.269816,7.704294,alpha,alpha,20,alpha
baron_c003299,6.472719,11.11329,ductal,ductal,17,ductal
baron_c003300,-6.692901,7.683036,alpha,alpha,20,alpha
baron_c003301,-7.12617,9.441442,alpha,alpha,20,alpha
baron_c003303,16.96897,-4.601317,endothelial,endothelial,13,endothelial
baron_c003304,5.743521,14.85397,ductal,ductal,15,acinar
baron_c003306,0.7075195,-3.549231,beta,beta,18,beta
baron_c003307,-8.659277,7.930839,alpha,alpha,20,alpha
baron_c003308,-6.434109,6.63719,alpha,alpha,12,alpha
baron_c003309,-8.430048,8.591088,alpha,alpha,20,alpha
baron_c003310,0.2075588,-3.415837,beta,beta,18,beta
baron_c003311,-8.085499,7.908661,alpha,alpha,20,alpha
baron_c003312,7.360564,10.67364,ductal,ductal,8,ductal
baron_c003313,-6.684286,7.184895,alpha,alpha,20,alpha
baron_c003314,-8.23047,7.412292,alpha,alpha,20,alpha
baron_c003315,-0.3009416,-3.104956,beta,beta,18,beta
baron_c003317,-8.452934,8.081285,alpha,alpha,20,alpha
baron_c003318,14.24176,2.451519,delta,delta,3,delta
baron_c003319,-8.276363,7.943365,alpha,alpha,20,alpha
baron_c003320,-7.684596,8.232372,alpha,alpha,20,alpha
baron_c003321,14.58987,3.082333,delta,delta,3,delta
baron_c003324,9.1853,11.58654,ductal,ductal,8,ductal
baron_c003325,14.30165,-5.060823,quiescent_stellate,stellate,10,stellate
baron_c003326,-7.23386,8.500766,alpha,alpha,20,alpha
baron_c003327,-6.675074,8.495951,alpha,alpha,20,alpha
baron_c003328,7.440496,9.529537,ductal,ductal,8,ductal
baron_c003329,-0.3870822,-2.454545,beta,beta,18,beta
baron_c003330,-0.3498538,-2.203327,beta,beta,18,beta
baron_c003331,-8.083748,7.146491,alpha,alpha,20,alpha
baron_c003333,7.467462,10.88195,ductal,ductal,8,ductal
baron_c003334,-6.526928,15.10034,gamma,gamma,9,gamma
baron_c003335,14.82122,-3.130398,activated_stellate,stellate,4,stellate
baron_c003337,-8.858672,7.937347,alpha,alpha,20,alpha
baron_c003338,14.92451,3.394242,delta,delta,3,delta
baron_c003339,1.18614,-2.744777,beta,beta,18,beta
baron_c003340,-7.474241,9.391481,alpha,alpha,20,alpha
baron_c003341,0.9357277,-1.827771,beta,beta,18,beta
baron_c003342,14.78563,-3.24873,activated_stellate,stellate,4,stellate
baron_c003344,14.77041,3.851156,delta,delta,3,delta
baron_c003345,14.89811,3.347477,delta,delta,3,delta
baron_c003346,14.35171,-4.661747,quiescent_stellate,stellate,10,stellate
baron_c003348,1.786376,-1.825453,beta,beta,18,beta
baron_c003350,-7.802001,9.389852,alpha,alpha,20,alpha
baron_c003351,0.2650944,-1.911502,beta,beta,18,beta
baron_c003352,0.7944294,-3.025809,beta,beta,18,beta
baron_c003353,-6.716059,7.697216,alpha,alpha,20,alpha
baron_c003354,-5.515106,7.348372,alpha,alpha,20,alpha
baron_c003355,14.28528,3.23217,delta,delta,3,delta
baron_c003356,0.1742764,-1.633481,beta,beta,18,beta
baron_c003357,-8.284299,7.822878,alpha,alpha,20,alpha
baron_c003358,-5.852314,14.97129,gamma,gamma,9,gamma
baron_c003359,-7.252028,7.091113,alpha,alpha,20,alpha
baron_c003360,14.74723,-2.541605,activated_stellate,stellate,4,stellate
baron_c003361,0.625378,-1.594008,beta,beta,21,beta
baron_c003362,-8.317686,7.611562,alpha,alpha,20,alpha
baron_c003363,7.291271,9.507213,ductal,ductal,8,ductal
baron_c003364,8.659009,10.7609,ductal,ductal,8,ductal
baron_c003365,0.6859128,-1.811998,beta,beta,21,beta
baron_c003366,-1.433006,14.05453,macrophage,macrophage,19,Unknown
baron_c003367,-0.5024279,-3.306398,beta,beta,18,beta
baron_c003368,14.95829,-3.213974,activated_stellate,stellate,4,stellate
baron_c003371,-8.374644,7.159942,alpha,alpha,20,alpha
baron_c003372,-6.313115,9.06491,alpha,alpha,20,alpha
baron_c003373,-7.91725,8.929668,alpha,alpha,20,alpha
baron_c003374,14.91857,-3.104756,activated_stellate,stellate,4,stellate
baron_c003375,15.02145,-2.730612,activated_stellate,stellate,4,stellate
baron_c003376,8.408822,11.52065,ductal,ductal,8,ductal
baron_c003378,-7.001486,7.979321,alpha,alpha,20,alpha
baron_c003379,0.7389171,-1.787845,beta,beta,21,beta
baron_c003380,-7.6864,9.353294,alpha,alpha,20,alpha
baron_c003381,-8.50139,8.302037,alpha,alpha,20,alpha
baron_c003382,-7.489003,6.635112,alpha,alpha,12,alpha
baron_c003384,14.76584,-3.237595,activated_stellate,stellate,4,stellate
baron_c003385,1.372136,-2.896547,beta,beta,18,beta
baron_c003386,0.3649299,-2.230055,beta,beta,18,beta
baron_c003387,17.08484,-4.584406,endothelial,endothelial,13,endothelial
baron_c003388,2.824002,-4.476363,beta,beta,2,beta
baron_c003389,-8.181518,9.319844,alpha,alpha,20,alpha
baron_c003390,-7.049704,9.526878,alpha,alpha,20,alpha
baron_c003392,7.429821,9.343773,ductal,ductal,8,ductal
baron_c003393,8.24472,11.83179,ductal,ductal,8,ductal
baron_c003394,-7.486832,9.365816,alpha,alpha,20,alpha
baron_c003395,0.068676,-2.969064,beta,beta,18,beta
baron_c003396,0.8060879,-2.730073,beta,beta,18,beta
baron_c003398,-0.07678319,-3.33332,beta,beta,18,beta
baron_c003400,17.13064,-4.737276,endothelial,endothelial,13,endothelial
baron_c003405,13.67196,-5.413915,quiescent_stellate,stellate,10,stellate
baron_c003406,13.59404,3.302824,delta,delta,3,delta
baron_c003407,5.657077,14.75197,ductal,ductal,15,acinar
baron_c003408,0.1314712,-2.575665,beta,beta,18,beta
baron_c003410,7.604932,11.74891,ductal,ductal,8,ductal
baron_c003411,-8.495609,8.204106,alpha,alpha,20,alpha
baron_c003413,7.982174,10.9091,ductal,ductal,8,ductal
baron_c003414,6.593457,15.16008,beta,beta,15,acinar
baron_c003415,0.9339767,-3.217666,beta,beta,18,beta
baron_c003416,-6.602746,6.762412,alpha,alpha,12,alpha
baron_c003417,-0.01639231,-2.643443,beta,beta,18,beta
baron_c003418,6.331126,14.18136,ductal,ductal,15,acinar
baron_c003421,-8.228517,9.563602,alpha,alpha,20,alpha
baron_c003422,8.095733,10.98765,ductal,ductal,8,ductal
baron_c003423,8.572064,11.54071,ductal,ductal,8,ductal
baron_c003427,8.010545,10.49191,ductal,ductal,8,ductal
baron_c003428,-7.199678,7.933543,alpha,alpha,20,alpha
baron_c003429,0.9796113,-3.65041,beta,beta,18,beta
baron_c003431,-8.766506,8.146605,alpha,alpha,20,alpha
baron_c003432,-8.470073,7.525834,alpha,alpha,20,alpha
baron_c003433,-6.317446,15.06985,gamma,gamma,9,gamma
baron_c003434,-8.624665,8.590847,alpha,alpha,20,alpha
baron_c003435,-5.843634,7.702343,alpha,alpha,20,alpha
baron_c003436,7.360187,10.39746,ductal,ductal,8,ductal
baron_c003437,-5.797807,15.26836,gamma,gamma,9,gamma
baron_c003441,14.61894,3.447139,delta,delta,3,delta
baron_c003442,-5.883999,15.40263,gamma,gamma,9,gamma
baron_c003443,-7.050638,7.146999,alpha,alpha,20,alpha
baron_c003444,16.76922,-4.796009,endothelial,endothelial,13,endothelial
baron_c003445,14.23216,3.169306,delta,delta,3,delta
baron_c003446,-7.917038,8.199016,alpha,alpha,20,alpha
baron_c003448,-5.761058,15.01768,gamma,gamma,9,gamma
baron_c003450,1.10134,-3.115026,beta,beta,18,beta
baron_c003451,7.950238,11.3748,ductal,ductal,8,ductal
baron_c003454,-7.524558,9.322445,alpha,alpha,20,alpha
baron_c003456,-6.290674,15.66076,gamma,gamma,9,gamma
baron_c003457,-7.608428,8.489269,alpha,alpha,20,alpha
baron_c003458,-5.993531,15.62236,gamma,gamma,9,gamma
baron_c003459,-6.334137,7.819875,alpha,alpha,20,alpha
baron_c003462,7.558912,9.552284,ductal,ductal,8,ductal
baron_c003464,5.730855,14.57476,ductal,ductal,15,acinar
baron_c003467,-7.696417,9.505876,alpha,alpha,20,alpha
baron_c003468,-6.842525,7.62114,alpha,alpha,20,alpha
baron_c003469,1.842726,-2.26531,beta,beta,18,beta
baron_c003470,-7.198422,7.120831,alpha,alpha,20,alpha
baron_c003471,-0.02074096,-3.031219,beta,beta,18,beta
baron_c003472,-6.932086,9.310595,alpha,alpha,20,alpha
baron_c003473,7.485335,11.6502,ductal,ductal,8,ductal
baron_c003475,-6.659218,7.594183,alpha,alpha,20,alpha
baron_c003476,-8.827477,8.42317,alpha,alpha,20,alpha
baron_c003477,-7.273828,8.757528,alpha,alpha,20,alpha
baron_c003478,6.958077,17.09567,ductal,ductal,1,acinar
baron_c003479,-8.336159,9.025506,alpha,alpha,20,alpha
baron_c003480,-6.073823,14.93798,gamma,gamma,9,gamma
baron_c003482,1.710285,-2.382465,beta,beta,18,beta
baron_c003483,7.53557,9.52954,ductal,ductal,8,ductal
baron_c003484,-6.633972,8.127106,alpha,alpha,20,alpha
baron_c003488,-8.720356,8.082546,alpha,alpha,20,alpha
baron_c003489,-0.7762173,-2.878938,beta,beta,18,beta
baron_c003490,8.656108,10.4688,ductal,ductal,8,ductal
baron_c003492,0.9416632,-2.612625,beta,beta,18,beta
baron_c003494,-5.606555,15.46749,gamma,gamma,9,gamma
baron_c003495,-6.067383,14.77255,gamma,gamma,9,gamma
baron_c003496,-5.966727,7.929801,alpha,alpha,20,alpha
baron_c003497,0.2379402,-3.968987,beta,beta,18,beta
baron_c003498,-6.779138,9.338706,alpha,alpha,20,alpha
baron_c003499,-8.718742,8.476968,alpha,alpha,20,alpha
baron_c003500,-0.03177663,-2.70518,beta,beta,18,beta
baron_c003503,-6.057839,14.87271,gamma,gamma,9,gamma
baron_c003504,-5.828514,8.450277,alpha,alpha,20,alpha
baron_c003505,14.56628,3.176769,delta,delta,3,delta
baron_c003506,-7.575613,9.266644,alpha,alpha,20,alpha
baron_c003507,-7.683583,9.215013,alpha,alpha,20,alpha
baron_c003509,1.384019,-1.412841,beta,beta,21,beta
baron_c003510,-6.275998,8.636526,alpha,alpha,20,alpha
baron_c003511,-7.006093,7.639317,alpha,alpha,20,alpha
baron_c003513,8.519359,12.21949,ductal,ductal,8,ductal
baron_c003514,-6.355209,15.37491,gamma,gamma,9,gamma
baron_c003515,-7.596898,9.044183,alpha,alpha,20,alpha
baron_c003516,17.04403,-4.730075,endothelial,endothelial,13,endothelial
baron_c003518,-5.559796,15.29272,gamma,gamma,9,gamma
baron_c003519,14.98898,3.076759,delta,delta,3,delta
baron_c003520,-6.004983,14.81741,gamma,gamma,9,gamma
baron_c003521,-8.681725,8.572218,alpha,alpha,20,alpha
baron_c003522,5.497078,14.76648,ductal,ductal,15,acinar
baron_c003523,14.04439,-5.103658,quiescent_stellate,stellate,10,stellate
baron_c003524,14.00669,-5.184162,quiescent_stellate,stellate,10,stellate
baron_c003525,0.6256987,-2.038631,beta,beta,18,beta
baron_c003526,0.718259,-2.687842,beta,beta,18,beta
baron_c003528,1.086739,-2.937737,beta,beta,18,beta
baron_c003530,7.248235,10.16892,ductal,ductal,8,ductal
baron_c003531,0.1161074,-2.42804,beta,beta,18,beta
baron_c003532,-0.2668138,-2.930898,beta,beta,18,beta
baron_c003533,14.36558,3.577056,delta,delta,3,delta
baron_c003534,-6.236304,15.27975,gamma,gamma,9,gamma
baron_c003536,-6.805759,8.122148,alpha,alpha,20,alpha
baron_c003538,14.51988,3.916488,delta,delta,3,delta
baron_c003539,-8.323725,7.509181,alpha,alpha,20,alpha
baron_c003542,0.09649908,-1.883524,beta,beta,18,beta
baron_c003543,7.753123,11.40301,ductal,ductal,8,ductal
baron_c003544,-8.325534,9.630522,alpha,alpha,20,alpha
baron_c003545,7.3436,10.22269,ductal,ductal,8,ductal
baron_c003546,0.43525,-2.329723,beta,beta,18,beta
baron_c003547,-7.949749,8.860996,alpha,alpha,20,alpha
baron_c003548,-7.773748,9.384578,alpha,alpha,20,alpha
baron_c003549,-6.93961,9.280377,alpha,alpha,20,alpha
baron_c003551,-8.869822,8.669308,alpha,alpha,20,alpha
baron_c003555,8.944957,10.82509,ductal,ductal,8,ductal
baron_c003558,0.7500092,-2.784197,beta,beta,18,beta
baron_c003560,0.2847272,-2.69363,beta,beta,18,beta
baron_c003563,8.190596,12.06489,ductal,ductal,8,ductal
baron_c003564,-8.333553,9.792658,alpha,alpha,20,alpha
baron_c003566,-8.826088,8.086809,alpha,alpha,20,alpha
baron_c003567,-8.534986,9.391231,alpha,alpha,20,alpha
baron_c003568,8.317178,10.08437,ductal,ductal,8,ductal
baron_c003573,5.846136,13.75239,ductal,ductal,15,acinar
baron_c003574,0.7978374,-2.973418,beta,beta,18,beta
baron_c003575,7.430453,9.541231,ductal,ductal,8,ductal
baron_c003576,1.07071,-3.783645,beta,beta,18,beta
baron_c003579,2.194505,-2.599678,beta,beta,18,beta
baron_c003580,-6.470989,7.9359,alpha,alpha,20,alpha
baron_c003581,-6.456332,7.945433,alpha,alpha,20,alpha
baron_c003583,14.50126,-3.402444,activated_stellate,stellate,4,stellate
baron_c003584,-8.816304,8.387638,alpha,alpha,20,alpha
baron_c003587,-7.61037,7.215612,alpha,alpha,20,alpha
baron_c003590,0.0998046,-2.233117,beta,beta,18,beta
baron_c003591,-2.15911,12.7383,mast,mast,19,Unknown
baron_c003593,14.2173,-4.915323,quiescent_stellate,stellate,10,stellate
baron_c003594,-7.130686,8.016762,alpha,alpha,20,alpha
baron_c003595,14.52142,-1.936203,activated_stellate,stellate,4,stellate
baron_c003598,-7.154829,8.515248,alpha,alpha,20,alpha
baron_c003599,-6.748201,8.285702,alpha,alpha,20,alpha
baron_c003600,7.364001,10.87676,ductal,ductal,8,ductal
baron_c003601,7.225729,10.04679,ductal,ductal,8,ductal
baron_c003602,7.091761,9.305416,ductal,ductal,8,ductal
baron_c003603,1.53739,-3.621215,beta,beta,18,beta
baron_c003604,17.00948,-4.996387,endothelial,endothelial,13,endothelial
baron_c003605,8.304664,11.93268,ductal,ductal,8,ductal
baron_c003607,8.326053,11.46001,ductal,ductal,8,ductal
baron_c003608,-7.099898,8.433882,alpha,alpha,20,alpha
baron_c003610,2.302514,-2.152156,beta,beta,18,beta
baron_c003611,-6.146908,16.08366,gamma,gamma,9,gamma
baron_c003613,-6.00359,8.814413,alpha,alpha,20,alpha
baron_c003615,-4.847026,7.363461,alpha,alpha,15,acinar
baron_c003616,2.666332,-2.908793,beta,beta,11,beta
baron_c003617,1.467842,-3.261824,beta,beta,18,beta
baron_c003618,16.97175,-4.621618,endothelial,endothelial,13,endothelial
baron_c003621,-5.688807,15.28387,gamma,gamma,9,gamma
baron_c003622,-5.938464,15.68529,gamma,gamma,9,gamma
baron_c003623,-4.692108,7.880225,alpha,alpha,15,acinar
baron_c003624,7.637017,10.94421,ductal,ductal,8,ductal
baron_c003626,-7.092853,8.144341,alpha,alpha,20,alpha
baron_c003627,-6.783902,7.815091,alpha,alpha,20,alpha
baron_c003629,0.5392275,-2.765914,beta,beta,18,beta
baron_c003630,-4.83647,7.78274,alpha,alpha,15,acinar
baron_c003631,-8.180841,8.916254,alpha,alpha,20,alpha
baron_c003632,-6.530527,8.844506,alpha,alpha,20,alpha
baron_c003633,-6.279831,8.607833,alpha,alpha,20,alpha
baron_c003638,4.737008,-2.70676,beta,beta,11,beta
baron_c003639,-7.43298,7.751486,alpha,alpha,20,alpha
baron_c003641,-2.110233,12.83197,mast,mast,19,Unknown
baron_c003642,-5.727792,15.52931,activated_stellate,stellate,9,gamma
baron_c003643,-8.321897,7.940796,alpha,alpha,20,alpha
baron_c003645,1.50349,-3.345912,beta,beta,18,beta
baron_c003646,-8.169156,8.365749,alpha,alpha,20,alpha
baron_c003647,7.39586,10.43166,ductal,ductal,8,ductal
baron_c003648,-5.974707,15.24051,gamma,gamma,9,gamma
baron_c003649,1.180059,-3.112797,beta,beta,18,beta
baron_c003650,-0.02509535,-1.088388,beta,beta,21,beta
baron_c003651,-8.084548,9.918368,alpha,alpha,20,alpha
baron_c003652,1.595555,-2.770442,beta,beta,18,beta
baron_c003653,-4.953382,7.651566,alpha,alpha,15,acinar
baron_c003654,-5.476649,15.16159,gamma,gamma,9,gamma
baron_c003656,14.47984,-3.311256,activated_stellate,stellate,4,stellate
baron_c003658,6.962214,14.1109,ductal,ductal,15,acinar
baron_c003659,14.39499,-3.330681,activated_stellate,stellate,4,stellate
baron_c003660,-6.638618,8.961848,alpha,alpha,20,alpha
baron_c003661,10.3543,17.66183,acinar,acinar,1,acinar
baron_c003662,8.841832,17.79848,acinar,acinar,1,acinar
baron_c003664,8.310819,16.49465,acinar,acinar,1,acinar
baron_c003665,8.815598,15.6157,acinar,acinar,1,acinar
baron_c003669,9.76255,17.10311,acinar,acinar,1,acinar
baron_c003670,8.855319,18.35798,acinar,acinar,1,acinar
baron_c003671,8.840792,17.78436,acinar,acinar,1,acinar
baron_c003672,9.379044,15.71558,acinar,acinar,1,acinar
baron_c003677,9.164875,17.71457,acinar,acinar,1,acinar
baron_c003680,9.223825,17.04786,acinar,acinar,1,acinar
baron_c003684,8.378645,18.62444,acinar,acinar,1,acinar
baron_c003685,8.356021,17.45336,acinar,acinar,1,acinar
baron_c003688,12.08421,2.159062,delta,delta,3,delta
baron_c003689,7.557045,17.42473,acinar,acinar,1,acinar
baron_c003690,12.53446,1.826822,delta,delta,3,delta
baron_c003692,8.765595,18.43451,acinar,acinar,1,acinar
baron_c003693,8.986175,18.26842,acinar,acinar,1,acinar
baron_c003694,8.738291,16.54243,acinar,acinar,1,acinar
baron_c003695,8.027356,17.38682,acinar,acinar,1,acinar
baron_c003696,9.099737,16.04802,acinar,acinar,1,acinar
baron_c003698,9.968193,16.14917,acinar,acinar,1,acinar
baron_c003699,12.22001,1.775049,delta,delta,3,delta
baron_c003700,8.640862,17.84617,acinar,acinar,1,acinar
baron_c003701,8.95466,15.01996,acinar,acinar,1,acinar
baron_c003702,10.15074,16.57839,acinar,acinar,1,acinar
baron_c003703,9.541051,18.73839,acinar,acinar,1,acinar
baron_c003705,9.651887,18.11987,acinar,acinar,1,acinar
baron_c003706,9.043004,16.73979,acinar,acinar,1,acinar
baron_c003707,10.06041,15.89017,acinar,acinar,1,acinar
baron_c003708,-4.921961,16.56964,ductal,ductal,9,gamma
baron_c003709,8.338369,16.20304,acinar,acinar,1,acinar
baron_c003710,7.997453,17.83381,acinar,acinar,1,acinar
baron_c003711,9.666825,16.51054,acinar,acinar,1,acinar
baron_c003712,8.526213,16.56692,acinar,acinar,1,acinar
baron_c003713,9.045239,16.84234,acinar,acinar,1,acinar
baron_c003714,8.270112,16.94324,acinar,acinar,1,acinar
baron_c003715,9.223022,17.14724,acinar,acinar,1,acinar
baron_c003717,8.022242,16.77942,acinar,acinar,1,acinar
baron_c003720,7.449551,17.62073,acinar,acinar,1,acinar
baron_c003721,10.09159,16.99145,acinar,acinar,1,acinar
baron_c003724,3.864684,-1.909405,beta,beta,11,beta
baron_c003725,8.494907,8.323952,ductal,ductal,5,ductal
baron_c003726,8.513857,16.32185,acinar,acinar,1,acinar
baron_c003730,8.12823,18.01818,acinar,acinar,1,acinar
baron_c003731,16.17348,-6.032679,endothelial,endothelial,13,endothelial
baron_c003732,8.293423,15.92183,acinar,acinar,1,acinar
baron_c003733,8.021614,15.17793,acinar,acinar,1,acinar
baron_c003734,8.819611,18.57876,acinar,acinar,1,acinar
baron_c003735,11.58998,1.724077,delta,delta,3,delta
baron_c003736,9.01102,15.27519,acinar,acinar,1,acinar
baron_c003737,9.14985,17.16291,acinar,acinar,1,acinar
baron_c003738,7.899838,18.2164,acinar,acinar,1,acinar
baron_c003740,9.627271,17.26699,acinar,acinar,1,acinar
baron_c003742,8.547954,16.27637,acinar,acinar,1,acinar
baron_c003744,10.07327,17.94715,acinar,acinar,1,acinar
baron_c003747,9.204623,17.93351,acinar,acinar,1,acinar
baron_c003748,12.44963,-3.767543,activated_stellate,stellate,4,stellate
baron_c003749,10.42173,17.38761,acinar,acinar,1,acinar
baron_c003750,7.831136,18.11933,acinar,acinar,1,acinar
baron_c003751,13.51075,1.216903,delta,delta,3,delta
baron_c003752,10.01478,17.78238,acinar,acinar,1,acinar
baron_c003755,8.922853,15.60469,acinar,acinar,1,acinar
baron_c003756,9.443596,15.28337,acinar,acinar,1,acinar
baron_c003757,9.481768,16.58616,acinar,acinar,1,acinar
baron_c003759,4.810283,-0.1007433,beta,beta,11,beta
baron_c003762,-3.36549,6.90225,alpha,alpha,14,alpha
baron_c003763,-2.542965,9.32079,alpha,alpha,14,alpha
baron_c003764,11.94764,2.266845,delta,delta,3,delta
baron_c003765,9.746804,15.9409,acinar,acinar,1,acinar
baron_c003766,12.2835,1.665137,delta,delta,3,delta
baron_c003767,9.29188,17.8766,acinar,acinar,1,acinar
baron_c003768,8.061991,17.53947,acinar,acinar,1,acinar
baron_c003769,9.521848,18.18533,acinar,acinar,1,acinar
baron_c003771,-4.534721,7.000387,alpha,alpha,14,alpha
baron_c003773,9.868427,18.164,acinar,acinar,1,acinar
baron_c003775,-2.041028,7.797148,alpha,alpha,14,alpha
baron_c003777,9.430769,16.36817,acinar,acinar,1,acinar
baron_c003778,-1.220783,9.532097,alpha,alpha,14,alpha
baron_c003782,4.103124,-3.108644,beta,beta,11,beta
baron_c003784,9.178562,17.48908,acinar,acinar,1,acinar
baron_c003785,9.86523,16.88447,acinar,acinar,1,acinar
baron_c003786,4.900314,-0.5339935,beta,beta,11,beta
baron_c003787,-4.4662,7.522712,alpha,alpha,14,alpha
baron_c003790,12.54538,1.821383,delta,delta,3,delta
baron_c003792,4.920552,-1.296082,beta,beta,11,beta
baron_c003795,7.926528,7.674067,ductal,ductal,5,ductal
baron_c003797,3.727581,-1.676466,beta,beta,11,beta
baron_c003799,-2.884977,6.721919,alpha,alpha,14,alpha
baron_c003800,5.640649,-1.053026,beta,beta,11,beta
baron_c003801,13.85853,1.954885,delta,delta,3,delta
baron_c003803,5.344712,-1.36118,beta,beta,11,beta
baron_c003804,-4.319788,8.168267,alpha,alpha,14,alpha
baron_c003805,12.94324,2.25905,delta,delta,3,delta
baron_c003806,9.088591,17.44362,acinar,acinar,1,acinar
baron_c003808,-1.99496,8.39464,alpha,alpha,14,alpha
baron_c003809,5.004591,-2.178098,beta,beta,11,beta
baron_c003811,4.858866,-0.1472993,beta,beta,11,beta
baron_c003812,-3.123843,8.379394,alpha,alpha,14,alpha
baron_c003813,-1.604546,9.839404,alpha,alpha,14,alpha
baron_c003814,6.104042,-0.8615086,beta,beta,11,beta
baron_c003815,9.166765,15.13282,acinar,acinar,1,acinar
baron_c003816,-1.335772,6.994009,alpha,alpha,14,alpha
baron_c003818,7.979292,16.64394,acinar,acinar,1,acinar
baron_c003819,4.827711,-1.289894,beta,beta,11,beta
baron_c003820,6.717679,10.06048,ductal,ductal,17,ductal
baron_c003821,9.944695,17.68737,acinar,acinar,1,acinar
baron_c003822,8.596441,9.196385,ductal,ductal,5,ductal
baron_c003824,4.735838,-2.802834,beta,beta,11,beta
baron_c003825,12.90027,1.826231,delta,delta,3,delta
baron_c003826,4.128052,-2.083459,beta,beta,11,beta
baron_c003827,5.049468,-1.342912,beta,beta,11,beta
baron_c003828,9.228743,18.70037,acinar,acinar,1,acinar
baron_c003829,-1.385437,6.777736,alpha,alpha,14,alpha
baron_c003830,10.25521,18.34441,acinar,acinar,1,acinar
baron_c003832,8.088297,16.59023,acinar,acinar,1,acinar
baron_c003833,-3.813198,8.006445,alpha,alpha,14,alpha
baron_c003834,7.601179,17.0121,acinar,acinar,1,acinar
baron_c003835,4.173272,-1.621063,beta,beta,11,beta
baron_c003836,4.741468,-0.7327812,beta,beta,11,beta
baron_c003838,4.030412,-1.502501,beta,beta,11,beta
baron_c003840,4.011893,-0.2291667,beta,beta,11,beta
baron_c003841,7.925622,17.03914,acinar,acinar,1,acinar
baron_c003842,-2.509907,7.055786,alpha,alpha,14,alpha
baron_c003843,4.051549,-0.9673421,beta,beta,11,beta
baron_c003846,-1.298561,8.602482,alpha,alpha,14,alpha
baron_c003847,-2.789728,7.502063,alpha,alpha,14,alpha
baron_c003849,4.299889,-0.8393885,beta,beta,11,beta
baron_c003850,9.727967,18.53754,acinar,acinar,1,acinar
baron_c003851,-3.896546,8.85015,alpha,alpha,14,alpha
baron_c003852,11.91348,1.946077,delta,delta,3,delta
baron_c003854,11.86029,1.554297,delta,delta,3,delta
baron_c003855,7.88426,17.18114,acinar,acinar,1,acinar
baron_c003856,9.143228,19.0497,acinar,acinar,1,acinar
baron_c003857,10.13041,17.35605,acinar,acinar,1,acinar
baron_c003858,-1.624501,10.10974,alpha,alpha,14,alpha
baron_c003859,3.613163,-0.4615703,beta,beta,11,beta
baron_c003860,9.106112,17.42481,acinar,acinar,1,acinar
baron_c003861,9.980715,18.52242,acinar,acinar,1,acinar
baron_c003862,3.998838,-2.557378,beta,beta,11,beta
baron_c003863,4.992863,-0.7914287,beta,beta,11,beta
baron_c003864,10.23458,16.02289,acinar,acinar,1,acinar
baron_c003866,8.785341,7.137483,ductal,ductal,5,ductal
baron_c003867,-2.756642,8.38666,alpha,alpha,14,alpha
baron_c003868,5.979542,-0.7052108,beta,beta,11,beta
baron_c003869,9.909505,17.34132,acinar,acinar,1,acinar
baron_c003871,7.783811,16.04483,acinar,acinar,1,acinar
baron_c003872,8.093199,18.25213,acinar,acinar,1,acinar
baron_c003873,4.824682,-0.3846497,beta,beta,11,beta
baron_c003874,8.363099,16.99102,acinar,acinar,1,acinar
baron_c003876,12.14525,1.900071,delta,delta,3,delta
baron_c003879,4.609826,-0.7297373,beta,beta,11,beta
baron_c003880,9.470665,17.41338,acinar,acinar,1,acinar
baron_c003882,-3.975143,7.866015,alpha,alpha,14,alpha
baron_c003883,-3.428637,9.671141,alpha,alpha,14,alpha
baron_c003885,8.305215,7.817156,ductal,ductal,5,ductal
baron_c003887,-0.8829395,7.038068,alpha,alpha,14,alpha
baron_c003888,8.747068,9.120013,ductal,ductal,5,ductal
baron_c003889,-3.56922,8.322527,alpha,alpha,14,alpha
baron_c003891,12.65105,-3.427971,activated_stellate,stellate,4,stellate
baron_c003892,-4.256449,7.279529,alpha,alpha,14,alpha
baron_c003895,4.863183,-1.915525,beta,beta,11,beta
baron_c003898,8.975731,16.83359,acinar,acinar,1,acinar
baron_c003900,-3.226745,6.533236,alpha,alpha,14,alpha
baron_c003903,-3.379725,6.772758,alpha,alpha,14,alpha
baron_c003904,7.98823,17.16236,acinar,acinar,1,acinar
baron_c003905,4.642349,0.08968348,beta,beta,11,beta
baron_c003906,7.882674,17.68478,acinar,acinar,1,acinar
baron_c003907,7.413964,8.5452,ductal,ductal,5,ductal
baron_c003908,5.066312,0.09914939,beta,beta,11,beta
baron_c003909,3.6182,-0.2259193,beta,beta,11,beta
baron_c003910,-2.487895,8.740201,alpha,alpha,14,alpha
baron_c003913,10.34902,17.1869,acinar,acinar,1,acinar
baron_c003914,-3.38461,7.883966,alpha,alpha,14,alpha
baron_c003915,8.702471,17.7657,acinar,acinar,1,acinar
baron_c003920,4.860148,-0.8009903,beta,beta,11,beta
baron_c003921,11.44806,1.414496,delta,delta,3,delta
baron_c003922,12.89491,-3.753829,activated_stellate,stellate,4,stellate
baron_c003923,-1.634842,7.636142,alpha,alpha,14,alpha
baron_c003925,8.567076,7.173879,ductal,ductal,5,ductal
baron_c003926,-0.6773893,7.715859,alpha,alpha,14,alpha
baron_c003928,9.136062,17.3327,acinar,acinar,1,acinar
baron_c003929,5.432001,-2.384634,beta,beta,11,beta
baron_c003931,12.02057,2.250007,delta,delta,3,delta
baron_c003932,12.913,1.977646,delta,delta,3,delta
baron_c003933,-1.185041,9.354214,alpha,alpha,14,alpha
baron_c003934,12.15238,1.416005,delta,delta,3,delta
baron_c003939,9.243133,16.80369,acinar,acinar,1,acinar
baron_c003940,-4.931903,7.033036,alpha,alpha,12,alpha
baron_c003941,-1.200864,7.897028,alpha,alpha,14,alpha
baron_c003942,7.862092,17.81667,acinar,acinar,1,acinar
baron_c003944,6.643613,10.11692,ductal,ductal,17,ductal
baron_c003946,-3.191271,7.507699,alpha,alpha,14,alpha
baron_c003947,2.659151,-1.811142,beta,beta,18,beta
baron_c003949,-2.760491,9.121202,alpha,alpha,14,alpha
baron_c003950,12.20718,-5.426878,quiescent_stellate,stellate,10,stellate
baron_c003951,-0.6728682,6.377439,alpha,alpha,14,alpha
baron_c003953,-3.334906,8.911955,alpha,alpha,14,alpha
baron_c003955,-1.982332,8.354379,alpha,alpha,14,alpha
baron_c003956,-4.061404,7.624737,alpha,alpha,14,alpha
baron_c003957,-3.786308,7.572502,alpha,alpha,14,alpha
baron_c003958,13.0781,0.6970942,delta,delta,3,delta
baron_c003961,13.18133,1.99867,delta,delta,3,delta
baron_c003962,7.881194,17.30404,acinar,acinar,1,acinar
baron_c003964,5.967915,0.3240392,beta,beta,11,beta
baron_c003966,8.288791,8.946012,ductal,ductal,5,ductal
baron_c003968,9.724992,8.551194,ductal,ductal,5,ductal
baron_c003969,6.956156,10.54388,ductal,ductal,17,ductal
baron_c003971,-0.6615088,6.281996,alpha,alpha,14,alpha
baron_c003974,13.65798,2.346662,delta,delta,3,delta
baron_c003975,-3.392385,6.944829,alpha,alpha,14,alpha
baron_c003976,5.826531,-1.205824,beta,beta,11,beta
baron_c003977,4.578936,-1.893092,beta,beta,11,beta
baron_c003979,-3.209766,7.316959,alpha,alpha,14,alpha
baron_c003980,16.85149,-5.917171,endothelial,endothelial,13,endothelial
baron_c003982,5.544199,-0.6783046,beta,beta,11,beta
baron_c003983,5.353556,-2.361114,beta,beta,11,beta
baron_c003984,-0.6473561,6.875278,alpha,alpha,14,alpha
baron_c003985,-2.319383,7.265865,alpha,alpha,14,alpha
baron_c003986,9.584401,17.2466,acinar,acinar,1,acinar
baron_c003988,-2.323282,8.129879,alpha,alpha,14,alpha
baron_c003989,4.654389,-2.496306,beta,beta,11,beta
baron_c003990,9.712642,17.94694,acinar,acinar,1,acinar
baron_c003991,9.30107,17.49876,acinar,acinar,1,acinar
baron_c003992,-0.404959,6.802859,alpha,alpha,14,alpha
baron_c003993,4.418286,-0.5638494,beta,beta,11,beta
baron_c003994,-2.975956,9.863688,alpha,alpha,14,alpha
baron_c003996,-2.288916,6.655812,alpha,alpha,14,alpha
baron_c003997,-2.90152,6.95236,alpha,alpha,14,alpha
baron_c003999,13.72223,1.731364,delta,delta,3,delta
baron_c004000,-2.722427,9.860292,alpha,alpha,14,alpha
baron_c004001,8.656215,6.939562,ductal,ductal,5,ductal
baron_c004003,3.398016,-1.92566,beta,beta,11,beta
baron_c004004,4.390174,-0.01725243,beta,beta,11,beta
baron_c004005,5.699303,0.2887795,delta,delta,11,beta
baron_c004006,13.8281,-4.899232,activated_stellate,stellate,4,stellate
baron_c004008,5.524322,-0.8527664,beta,beta,11,beta
baron_c004009,8.990934,18.51727,acinar,acinar,1,acinar
baron_c004010,-1.730866,9.549557,alpha,alpha,14,alpha
baron_c004013,9.175793,17.39964,acinar,acinar,1,acinar
baron_c004016,-2.213296,7.842734,alpha,alpha,14,alpha
baron_c004017,4.953388,-0.5646155,beta,beta,11,beta
baron_c004018,-0.1183065,7.721773,alpha,alpha,14,alpha
baron_c004019,12.55152,1.714933,delta,delta,3,delta
baron_c004021,13.10653,-4.469497,activated_stellate,stellate,4,stellate
baron_c004022,7.888419,16.82928,acinar,acinar,1,acinar
baron_c004023,-0.5517769,7.934529,alpha,alpha,14,alpha
baron_c004024,5.779072,-0.6177381,beta,beta,11,beta
baron_c004025,13.22707,-4.271167,activated_stellate,stellate,4,stellate
baron_c004026,-4.256064,8.596225,alpha,alpha,14,alpha
baron_c004027,-2.41942,9.071197,alpha,alpha,14,alpha
baron_c004028,-1.060188,6.675273,alpha,alpha,14,alpha
baron_c004029,-2.381058,8.347438,alpha,alpha,14,alpha
baron_c004030,-1.454998,9.071188,alpha,alpha,14,alpha
baron_c004032,-3.519504,8.988019,alpha,alpha,14,alpha
baron_c004034,-0.5131401,7.463543,alpha,alpha,14,alpha
baron_c004035,-3.077212,6.687669,alpha,alpha,14,alpha
baron_c004036,8.005042,8.149846,ductal,ductal,5,ductal
baron_c004037,4.719393,0.3065062,beta,beta,11,beta
baron_c004038,-0.1126724,8.172935,alpha,alpha,14,alpha
baron_c004039,11.69883,1.4993,delta,delta,3,delta
baron_c004040,4.806531,-0.7171162,beta,beta,11,beta
baron_c004041,12.53069,-3.079785,activated_stellate,stellate,4,stellate
baron_c004042,9.729231,8.385689,ductal,ductal,5,ductal
baron_c004044,-1.718575,7.93257,alpha,alpha,14,alpha
baron_c004045,7.23833,16.85654,acinar,acinar,1,acinar
baron_c004048,-1.037221,6.855214,alpha,alpha,14,alpha
baron_c004050,-0.5022466,8.595713,alpha,alpha,14,alpha
baron_c004051,8.755933,15.60636,acinar,acinar,1,acinar
baron_c004052,12.88297,-3.955056,activated_stellate,stellate,4,stellate
baron_c004053,-3.059662,9.259993,alpha,alpha,14,alpha
baron_c004054,5.65439,-0.3687832,beta,beta,11,beta
baron_c004055,4.652814,-1.63192,beta,beta,11,beta
baron_c004057,12.90012,-3.329448,activated_stellate,stellate,4,stellate
baron_c004058,8.716455,17.25104,acinar,acinar,1,acinar
baron_c004059,-4.253838,8.773006,alpha,alpha,14,alpha
baron_c004060,8.191224,7.86272,ductal,ductal,5,ductal
baron_c004061,-1.313003,6.826673,alpha,alpha,14,alpha
baron_c004062,5.566339,0.2139691,beta,beta,11,beta
baron_c004063,5.374606,0.5969151,beta,beta,11,beta
baron_c004066,12.57752,1.669734,delta,delta,3,delta
baron_c004068,5.627089,-0.5735127,beta,beta,11,beta
baron_c004071,5.727161,-1.753931,beta,beta,11,beta
baron_c004074,6.147662,-1.699804,beta,beta,11,beta
baron_c004075,-3.121831,9.705546,alpha,alpha,14,alpha
baron_c004077,-4.461176,7.424325,alpha,alpha,14,alpha
baron_c004080,-0.937961,7.360653,alpha,alpha,14,alpha
baron_c004081,4.806162,-2.538238,beta,beta,11,beta
baron_c004082,9.603349,17.32363,acinar,acinar,1,acinar
baron_c004083,5.63334,-1.9907,beta,beta,11,beta
baron_c004084,5.92908,-1.57279,beta,beta,11,beta
baron_c004085,-4.397531,7.440786,alpha,alpha,14,alpha
baron_c004086,12.08169,1.751364,delta,delta,3,delta
baron_c004087,-2.244363,7.269683,alpha,alpha,14,alpha
baron_c004090,12.66651,1.541715,delta,delta,3,delta
baron_c004091,6.095633,-0.6994486,beta,beta,11,beta
baron_c004093,8.710268,8.228801,ductal,ductal,5,ductal
baron_c004095,8.66114,7.881938,ductal,ductal,5,ductal
baron_c004096,15.95856,-6.739325,endothelial,endothelial,13,endothelial
baron_c004098,-1.92266,9.509181,alpha,alpha,14,alpha
baron_c004101,-3.197332,10.16809,alpha,alpha,14,alpha
baron_c004102,-2.072917,9.240019,alpha,alpha,14,alpha
baron_c004103,3.527856,-0.6486585,beta,beta,11,beta
baron_c004104,-2.346815,8.043072,alpha,alpha,14,alpha
baron_c004106,3.031811,-2.572028,beta,beta,11,beta
baron_c004108,-2.686744,8.764597,alpha,alpha,14,alpha
baron_c004110,-2.493274,10.12302,alpha,alpha,14,alpha
baron_c004111,-3.045621,7.68342,alpha,alpha,14,alpha
baron_c004112,-3.477906,7.991194,alpha,alpha,14,alpha
baron_c004113,12.78845,-2.877578,activated_stellate,stellate,4,stellate
baron_c004114,-4.483492,7.504644,alpha,alpha,14,alpha
baron_c004115,-1.582701,9.367796,alpha,alpha,14,alpha
baron_c004116,-5.166616,16.37692,gamma,gamma,9,gamma
baron_c004118,9.521387,7.651763,ductal,ductal,5,ductal
baron_c004119,4.466936,-0.8035737,beta,beta,11,beta
baron_c004122,8.481309,7.777967,ductal,ductal,5,ductal
baron_c004125,-3.580872,7.967951,alpha,alpha,14,alpha
baron_c004127,-1.204035,6.477687,alpha,alpha,14,alpha
baron_c004128,-1.290217,6.501464,alpha,alpha,14,alpha
baron_c004129,8.904197,7.823837,ductal,ductal,5,ductal
baron_c004130,12.928,-3.726163,activated_stellate,stellate,4,stellate
baron_c004131,-1.702209,8.13782,alpha,alpha,14,alpha
baron_c004132,-0.8823654,6.92066,alpha,alpha,14,alpha
baron_c004133,11.42335,1.525091,delta,delta,3,delta
baron_c004135,-0.1420092,8.070075,alpha,alpha,14,alpha
baron_c004136,9.139835,15.88759,acinar,acinar,1,acinar
baron_c004137,-3.332983,6.679882,alpha,alpha,14,alpha
baron_c004138,-3.632102,8.557384,alpha,alpha,14,alpha
baron_c004139,4.110139,-0.7095959,beta,beta,11,beta
baron_c004140,8.498123,8.882938,ductal,ductal,5,ductal
baron_c004141,-3.119171,9.015924,alpha,alpha,14,alpha
baron_c004142,11.28147,1.372608,delta,delta,3,delta
baron_c004143,9.10203,16.36559,acinar,acinar,1,acinar
baron_c004144,10.24585,17.8244,acinar,acinar,1,acinar
baron_c004145,5.701201,-0.8116137,beta,beta,11,beta
baron_c004147,-1.878826,7.491015,alpha,alpha,14,alpha
baron_c004148,8.500776,8.518517,ductal,ductal,5,ductal
baron_c004149,-0.7056312,13.68025,macrophage,macrophage,19,Unknown
baron_c004151,11.36425,1.679509,delta,delta,3,delta
baron_c004152,5.397505,0.2911727,beta,beta,11,beta
baron_c004153,-1.706636,7.941742,alpha,alpha,14,alpha
baron_c004154,5.826593,-0.8620652,beta,beta,11,beta
baron_c004155,8.118594,7.73428,ductal,ductal,5,ductal
baron_c004156,8.162558,8.927439,ductal,ductal,5,ductal
baron_c004157,-1.462828,8.635293,alpha,alpha,14,alpha
baron_c004158,-1.040016,7.362322,alpha,alpha,14,alpha
baron_c004160,8.24415,6.905576,ductal,ductal,5,ductal
baron_c004161,16.37902,-6.379908,endothelial,endothelial,13,endothelial
baron_c004164,6.099469,-0.3052662,beta,beta,11,beta
baron_c004165,9.008406,18.35466,acinar,acinar,1,acinar
baron_c004166,-3.128864,7.949699,alpha,alpha,14,alpha
baron_c004167,-4.251026,7.761719,alpha,alpha,14,alpha
baron_c004168,-4.243411,8.007915,alpha,alpha,14,alpha
baron_c004169,3.824216,-0.5135683,beta,beta,11,beta
baron_c004170,-1.157633,6.61094,alpha,alpha,14,alpha
baron_c004171,-4.5446,8.165503,alpha,alpha,14,alpha
baron_c004173,5.10987,-0.9883065,beta,beta,11,beta
baron_c004174,-2.255159,8.708037,alpha,alpha,14,alpha
baron_c004175,8.659456,8.26004,ductal,ductal,5,ductal
baron_c004176,7.27264,0.1100083,delta,delta,11,beta
baron_c004177,7.565496,9.529159,ductal,ductal,17,ductal
baron_c004180,16.09723,-5.804797,endothelial,endothelial,13,endothelial
baron_c004181,-2.8421,9.002856,alpha,alpha,14,alpha
baron_c004182,-2.670309,9.17359,alpha,alpha,14,alpha
baron_c004183,3.947864,-3.406558,beta,beta,2,beta
baron_c004184,12.89903,-3.702675,activated_stellate,stellate,4,stellate
baron_c004186,8.920725,15.53277,acinar,acinar,1,acinar
baron_c004188,6.289752,-0.01982269,beta,beta,11,beta
baron_c004189,8.336926,7.021526,ductal,ductal,5,ductal
baron_c004190,8.865011,18.53866,acinar,acinar,1,acinar
baron_c004191,5.280561,-0.4432908,beta,beta,11,beta
baron_c004192,5.926738,-1.227624,beta,beta,11,beta
baron_c004194,-3.393229,8.787217,alpha,alpha,14,alpha
baron_c004195,12.12044,1.418021,delta,delta,3,delta
baron_c004197,-3.841065,8.812573,alpha,alpha,14,alpha
baron_c004199,-1.365762,9.138258,alpha,alpha,14,alpha
baron_c004200,9.033124,7.30039,ductal,ductal,5,ductal
baron_c004204,-0.423912,8.218849,alpha,alpha,14,alpha
baron_c004205,9.735486,16.7789,acinar,acinar,1,acinar
baron_c004206,9.32514,17.98298,acinar,acinar,1,acinar
baron_c004207,5.039733,0.1464803,beta,beta,11,beta
baron_c004208,4.911584,-1.969757,beta,beta,11,beta
baron_c004209,-1.410459,7.584877,alpha,alpha,14,alpha
baron_c004210,9.169579,7.185578,ductal,ductal,5,ductal
baron_c004211,7.789449,7.429678,ductal,ductal,5,ductal
baron_c004214,8.39904,8.31734,ductal,ductal,5,ductal
baron_c004215,-1.89463,9.534479,alpha,alpha,14,alpha
baron_c004218,8.612797,16.92583,acinar,acinar,1,acinar
baron_c004219,3.615201,-1.928623,beta,beta,11,beta
baron_c004222,8.733592,9.186297,ductal,ductal,5,ductal
baron_c004223,-4.920458,16.60115,gamma,gamma,9,gamma
baron_c004224,9.217341,8.801618,ductal,ductal,5,ductal
baron_c004225,-4.061258,8.624308,alpha,alpha,14,alpha
baron_c004226,-0.7941923,6.831989,alpha,alpha,14,alpha
baron_c004228,-0.7643746,6.287423,alpha,alpha,14,alpha
baron_c004229,-4.694599,7.339144,alpha,alpha,14,alpha
baron_c004231,8.292457,8.003237,ductal,ductal,5,ductal
baron_c004232,8.634797,16.27877,acinar,acinar,1,acinar
baron_c004233,-1.176211,8.322532,alpha,alpha,14,alpha
baron_c004234,-3.390345,7.038819,alpha,alpha,14,alpha
baron_c004235,-2.020373,8.218286,alpha,alpha,14,alpha
baron_c004237,8.833745,8.989596,ductal,ductal,5,ductal
baron_c004241,-2.377136,9.704598,alpha,alpha,14,alpha
baron_c004243,13.68221,1.971033,delta,delta,3,delta
baron_c004245,-1.973256,10.13824,alpha,alpha,14,alpha
baron_c004247,7.621727,9.630778,ductal,ductal,17,ductal
baron_c004249,-4.452814,7.544023,alpha,alpha,14,alpha
baron_c004250,-1.264696,8.15059,alpha,alpha,14,alpha
baron_c004251,5.277568,-0.3801453,beta,beta,11,beta
baron_c004252,-3.540453,7.415236,alpha,alpha,14,alpha
baron_c004253,13.05043,-4.023655,activated_stellate,stellate,4,stellate
baron_c004255,-2.241572,9.052396,alpha,alpha,14,alpha
baron_c004257,-2.435131,7.871757,alpha,alpha,14,alpha
baron_c004258,9.083643,18.82585,acinar,acinar,1,acinar
baron_c004259,8.72844,7.524662,ductal,ductal,5,ductal
baron_c004260,-0.9181383,8.514439,alpha,alpha,14,alpha
baron_c004262,-4.088408,8.213571,alpha,alpha,14,alpha
baron_c004263,8.576877,16.18674,acinar,acinar,1,acinar
baron_c004264,13.12353,-3.364099,activated_stellate,stellate,4,stellate
baron_c004268,9.442072,7.772034,ductal,ductal,5,ductal
baron_c004269,-2.252252,9.606159,alpha,alpha,14,alpha
baron_c004270,5.458299,-1.828697,beta,beta,11,beta
baron_c004271,-3.467371,7.578286,alpha,alpha,14,alpha
baron_c004274,7.721794,8.49856,ductal,ductal,5,ductal
baron_c004276,-2.860165,8.670584,alpha,alpha,14,alpha
baron_c004277,-3.823205,7.685267,alpha,alpha,14,alpha
baron_c004278,9.321379,17.28956,acinar,acinar,1,acinar
baron_c004280,-4.009885,9.227707,alpha,alpha,14,alpha
baron_c004281,5.915059,-0.5893704,beta,beta,11,beta
baron_c004282,-3.942685,8.814427,alpha,alpha,14,alpha
baron_c004283,12.15663,1.618253,delta,delta,3,delta
baron_c004284,-0.4462636,8.292684,alpha,alpha,14,alpha
baron_c004285,7.874486,16.17105,acinar,acinar,0,acinar
baron_c004287,9.41788,17.52216,acinar,acinar,1,acinar
baron_c004288,8.492004,17.28234,acinar,acinar,1,acinar
baron_c004289,-4.406167,8.536169,alpha,alpha,14,alpha
baron_c004291,-0.4110352,7.583937,alpha,alpha,14,alpha
baron_c004292,-0.8519474,6.942976,alpha,alpha,14,alpha
baron_c004293,16.52958,-5.686352,endothelial,endothelial,13,endothelial
baron_c004295,8.369126,9.318131,ductal,ductal,5,ductal
baron_c004296,9.221776,8.833681,ductal,ductal,5,ductal
baron_c004297,-3.037697,6.749561,alpha,alpha,14,alpha
baron_c004298,-1.088562,8.104769,alpha,alpha,14,alpha
baron_c004299,13.63519,-2.869046,activated_stellate,stellate,4,stellate
baron_c004300,5.84322,-1.537457,beta,beta,11,beta
baron_c004301,-1.905099,8.815372,alpha,alpha,14,alpha
baron_c004304,-4.425737,8.809958,alpha,alpha,14,alpha
baron_c004305,-0.7182685,6.259618,alpha,alpha,14,alpha
baron_c004306,9.540405,8.751545,ductal,ductal,5,ductal
baron_c004307,-2.09562,12.53521,mast,mast,19,Unknown
baron_c004308,8.595648,8.889945,ductal,ductal,5,ductal
baron_c004310,8.485952,18.46199,acinar,acinar,1,acinar
baron_c004311,-2.808184,7.110346,alpha,alpha,14,alpha
baron_c004312,12.01354,-4.667153,quiescent_stellate,stellate,10,stellate
baron_c004313,12.73991,-3.438119,activated_stellate,stellate,4,stellate
baron_c004314,4.119529,-1.356323,beta,beta,11,beta
baron_c004316,-3.161503,6.824148,alpha,alpha,14,alpha
baron_c004319,9.030782,7.647501,ductal,ductal,5,ductal
baron_c004321,7.942092,17.75597,acinar,acinar,1,acinar
baron_c004322,16.14465,-6.73575,endothelial,endothelial,13,endothelial
baron_c004323,7.383426,9.13449,ductal,ductal,1,acinar
baron_c004325,12.31129,1.988642,delta,delta,3,delta
baron_c004326,-1.616536,8.557446,alpha,alpha,14,alpha
baron_c004327,8.676387,7.544026,ductal,ductal,5,ductal
baron_c004328,-2.810189,10.08946,alpha,alpha,14,alpha
baron_c004329,12.47845,-3.588288,activated_stellate,stellate,4,stellate
baron_c004330,9.373516,9.413001,ductal,ductal,8,ductal
baron_c004333,4.566206,-0.1144077,beta,beta,11,beta
baron_c004334,-1.425765,8.88695,alpha,alpha,14,alpha
baron_c004335,-3.058933,7.045482,alpha,alpha,14,alpha
baron_c004336,8.407232,11.20685,ductal,ductal,8,ductal
baron_c004337,-0.7597277,8.144088,alpha,alpha,14,alpha
baron_c004341,-3.223801,7.764309,alpha,alpha,14,alpha
baron_c004342,12.59211,-3.036483,activated_stellate,stellate,4,stellate
baron_c004343,10.10071,16.08733,acinar,acinar,1,acinar
baron_c004344,5.35682,-1.063486,beta,beta,11,beta
baron_c004345,-1.211804,7.319808,alpha,alpha,14,alpha
baron_c004348,-2.249687,7.762321,alpha,alpha,14,alpha
baron_c004352,-3.026102,8.571389,alpha,alpha,14,alpha
baron_c004353,-2.28028,9.47307,alpha,alpha,14,alpha
baron_c004354,-0.8817327,8.414689,alpha,alpha,14,alpha
baron_c004355,-2.843541,8.348457,alpha,alpha,14,alpha
baron_c004356,5.249291,-0.1975349,beta,beta,11,beta
baron_c004358,9.219858,17.16709,acinar,acinar,1,acinar
baron_c004359,-2.202269,8.424087,alpha,alpha,14,alpha
baron_c004360,11.75313,-4.906086,quiescent_stellate,stellate,10,stellate
baron_c004361,-1.17931,7.672415,alpha,alpha,14,alpha
baron_c004362,8.715574,9.117151,ductal,ductal,5,ductal
baron_c004363,5.882566,-1.37794,alpha,alpha,11,beta
baron_c004364,12.28401,-5.655746,quiescent_stellate,stellate,10,stellate
baron_c004365,-2.340692,9.11602,alpha,alpha,14,alpha
baron_c004367,4.23497,-0.8398639,beta,beta,11,beta
baron_c004368,-2.167402,9.572989,alpha,alpha,14,alpha
baron_c004370,12.82914,-3.540545,activated_stellate,stellate,4,stellate
baron_c004371,8.790113,9.829028,ductal,ductal,5,ductal
baron_c004372,-1.539858,9.787294,alpha,alpha,14,alpha
baron_c004374,4.353878,-2.650196,beta,beta,11,beta
baron_c004375,-3.241961,9.139578,alpha,alpha,14,alpha
baron_c004376,-1.68365,9.867507,alpha,alpha,14,alpha
baron_c004377,-4.729718,8.42598,alpha,alpha,14,alpha
baron_c004379,9.26758,7.605079,ductal,ductal,5,ductal
baron_c004380,15.1996,-6.146152,endothelial,endothelial,13,endothelial
baron_c004383,-3.224413,10.19949,alpha,alpha,14,alpha
baron_c004384,8.64838,8.399545,ductal,ductal,5,ductal
baron_c004385,16.00469,-6.459779,endothelial,endothelial,13,endothelial
baron_c004387,-0.6232784,7.719037,alpha,alpha,14,alpha
baron_c004389,-2.41218,6.876798,alpha,alpha,14,alpha
baron_c004390,9.136931,7.461631,ductal,ductal,5,ductal
baron_c004391,-0.7303526,7.111875,alpha,alpha,14,alpha
baron_c004392,10.13732,18.04377,acinar,acinar,1,acinar
baron_c004394,16.09793,-5.667011,endothelial,endothelial,13,endothelial
baron_c004395,-1.540484,7.964124,alpha,alpha,14,alpha
baron_c004396,7.372779,9.141044,ductal,ductal,8,ductal
baron_c004400,16.05773,-6.716034,endothelial,endothelial,13,endothelial
baron_c004401,3.771173,-1.436037,beta,beta,11,beta
baron_c004403,9.669858,8.814479,ductal,ductal,5,ductal
baron_c004404,-1.38516,7.949613,alpha,alpha,14,alpha
baron_c004405,-1.944817,10.04277,alpha,alpha,14,alpha
baron_c004406,-3.073887,8.670258,alpha,alpha,14,alpha
baron_c004408,-4.164723,7.895876,alpha,alpha,14,alpha
baron_c004410,6.36022,-1.193152,beta,beta,11,beta
baron_c004412,3.242687,-0.8058152,beta,beta,11,beta
baron_c004413,13.56906,-4.635628,activated_stellate,stellate,4,stellate
baron_c004414,16.09991,-6.447858,endothelial,endothelial,13,endothelial
baron_c004415,6.571588,-0.0004463497,delta,delta,11,beta
baron_c004417,4.159246,-0.5093419,beta,beta,11,beta
baron_c004418,4.980892,-2.735424,beta,beta,11,beta
baron_c004422,-2.066557,8.64765,alpha,alpha,14,alpha
baron_c004423,-1.521164,8.644753,alpha,alpha,14,alpha
baron_c004424,3.518523,-0.8332214,beta,beta,11,beta
baron_c004427,11.90723,-4.705507,quiescent_stellate,stellate,10,stellate
baron_c004428,-4.945907,16.74622,gamma,gamma,9,gamma
baron_c004429,-3.276842,9.047853,alpha,alpha,14,alpha
baron_c004434,15.9698,-6.468783,endothelial,endothelial,13,endothelial
baron_c004435,3.406928,-2.256006,beta,beta,11,beta
baron_c004436,-2.486052,6.919201,alpha,alpha,14,alpha
baron_c004438,9.069805,15.81023,acinar,acinar,1,acinar
baron_c004439,-1.973095,9.02233,alpha,alpha,14,alpha
baron_c004440,-0.5674437,7.202657,alpha,alpha,14,alpha
baron_c004441,5.394113,-2.212735,beta,beta,11,beta
baron_c004443,-0.5674537,6.811871,alpha,alpha,14,alpha
baron_c004445,-1.151414,7.03141,alpha,alpha,14,alpha
baron_c004446,16.54885,-5.659597,endothelial,endothelial,13,endothelial
baron_c004447,11.79823,-4.815969,quiescent_stellate,stellate,10,stellate
baron_c004448,3.866152,-1.885993,beta,beta,11,beta
baron_c004449,3.478673,-1.717227,beta,beta,11,beta
baron_c004452,-0.560724,8.472567,alpha,alpha,14,alpha
baron_c004453,9.049614,7.905159,ductal,ductal,5,ductal
baron_c004454,8.501923,17.2704,acinar,acinar,1,acinar
baron_c004455,5.39048,0.1969586,beta,beta,11,beta
baron_c004456,-0.2041822,7.52102,alpha,alpha,14,alpha
baron_c004457,-2.091753,8.706745,alpha,alpha,14,alpha
baron_c004458,15.44812,-5.85011,endothelial,endothelial,13,endothelial
baron_c004459,-0.4898785,7.490301,alpha,alpha,14,alpha
baron_c004460,-1.501967,7.135912,alpha,alpha,14,alpha
baron_c004461,5.297289,-0.7355848,beta,beta,11,beta
baron_c004462,12.12636,-4.989028,quiescent_stellate,stellate,10,stellate
baron_c004463,4.663267,-1.083987,beta,beta,11,beta
baron_c004464,3.593207,-1.672155,beta,beta,11,beta
baron_c004465,4.076678,-0.4136809,beta,beta,11,beta
baron_c004466,-3.937623,8.707406,alpha,alpha,14,alpha
baron_c004467,-0.5194278,7.392712,alpha,alpha,14,alpha
baron_c004470,7.700855,17.082,acinar,acinar,1,acinar
baron_c004472,9.643347,17.76823,acinar,acinar,1,acinar
baron_c004473,-0.5685711,8.009265,alpha,alpha,14,alpha
baron_c004474,9.0899,7.255538,ductal,ductal,5,ductal
baron_c004475,11.18656,1.678609,delta,delta,3,delta
baron_c004476,12.21776,1.498397,delta,delta,3,delta
baron_c004477,3.385309,-0.5800436,beta,beta,11,beta
baron_c004479,-4.443305,8.390759,alpha,alpha,14,alpha
baron_c004480,12.13161,-4.632474,activated_stellate,stellate,10,stellate
baron_c004481,3.390565,-1.547765,beta,beta,11,beta
baron_c004483,16.32081,-6.030135,endothelial,endothelial,13,endothelial
baron_c004484,16.46088,-5.563456,endothelial,endothelial,13,endothelial
baron_c004485,5.910681,-0.3876152,beta,beta,11,beta
baron_c004489,-3.60783,9.195566,alpha,alpha,14,alpha
baron_c004490,-2.935889,9.240367,alpha,alpha,14,alpha
baron_c004492,-3.713437,8.029139,alpha,alpha,14,alpha
baron_c004493,-1.829055,8.317274,alpha,alpha,14,alpha
baron_c004494,3.126639,-1.016955,beta,beta,11,beta
baron_c004495,8.132698,8.827326,ductal,ductal,5,ductal
baron_c004496,3.406105,-2.098315,beta,beta,11,beta
baron_c004497,3.062758,-1.088025,beta,beta,11,beta
baron_c004498,-2.225329,8.054645,alpha,alpha,14,alpha
baron_c004500,3.591805,-1.78197,beta,beta,11,beta
baron_c004501,9.668451,8.70033,ductal,ductal,5,ductal
baron_c004503,-3.482314,8.446337,alpha,alpha,14,alpha
baron_c004506,4.35838,-0.02955079,beta,beta,11,beta
baron_c004508,11.96844,-4.559669,quiescent_stellate,stellate,10,stellate
baron_c004509,11.91772,1.366818,delta,delta,3,delta
baron_c004510,4.570086,-0.4357062,beta,beta,11,beta
baron_c004511,8.628118,7.214766,ductal,ductal,5,ductal
baron_c004513,14.9016,-5.646086,endothelial,endothelial,13,endothelial
baron_c004515,16.15627,-6.790273,endothelial,endothelial,13,endothelial
baron_c004516,5.060622,-1.698365,beta,beta,11,beta
baron_c004518,7.699255,8.806989,ductal,ductal,5,ductal
baron_c004519,-1.534428,8.817459,alpha,alpha,14,alpha
baron_c004521,-5.539679,14.87188,gamma,gamma,9,gamma
baron_c004522,3.337746,-1.148412,beta,beta,11,beta
baron_c004524,15.61065,-5.846635,endothelial,endothelial,13,endothelial
baron_c004525,3.436656,-1.42485,beta,beta,11,beta
baron_c004527,3.889268,-1.283081,beta,beta,11,beta
baron_c004530,6.747906,0.003257713,beta,beta,11,beta
baron_c004532,12.15422,-4.538562,quiescent_stellate,stellate,10,stellate
baron_c004533,3.387629,-0.6313118,beta,beta,11,beta
baron_c004534,-0.2396052,8.276294,alpha,alpha,14,alpha
baron_c004535,5.279894,-1.151338,beta,beta,11,beta
baron_c004536,-3.58692,7.799789,alpha,alpha,14,alpha
baron_c004538,5.603368,-0.4476588,beta,beta,11,beta
baron_c004540,5.731135,-0.9086459,beta,beta,11,beta
baron_c004541,3.176859,-1.54485,beta,beta,11,beta
baron_c004542,-4.041438,7.940697,alpha,alpha,14,alpha
baron_c004543,3.891332,-2.311294,beta,beta,11,beta
baron_c004545,12.03404,-4.551704,quiescent_stellate,stellate,10,stellate
baron_c004546,4.971839,-0.005390436,beta,beta,11,beta
baron_c004547,3.067676,-1.381452,beta,beta,11,beta
baron_c004549,6.12637,-0.0602706,beta,beta,11,beta
baron_c004550,11.93444,-4.765109,quiescent_stellate,stellate,10,stellate
baron_c004551,16.43875,-5.604502,endothelial,endothelial,13,endothelial
baron_c004552,-2.913874,10.01712,alpha,alpha,14,alpha
baron_c004553,-3.3793,7.470643,alpha,alpha,14,alpha
baron_c004555,8.479043,8.690007,ductal,ductal,5,ductal
baron_c004556,16.24245,-6.459333,endothelial,endothelial,13,endothelial
baron_c004557,16.10287,-6.354669,endothelial,endothelial,13,endothelial
baron_c004558,9.113982,17.22974,acinar,acinar,1,acinar
baron_c004559,9.705105,16.39191,acinar,acinar,1,acinar
baron_c004561,8.344394,17.79383,acinar,acinar,1,acinar
baron_c004565,8.745953,16.83095,acinar,acinar,1,acinar
baron_c004566,8.033535,17.58628,acinar,acinar,1,acinar
baron_c004567,9.267118,18.01238,acinar,acinar,1,acinar
baron_c004569,9.687614,16.13175,acinar,acinar,1,acinar
baron_c004570,8.558423,18.60717,acinar,acinar,1,acinar
baron_c004571,8.357307,17.43734,acinar,acinar,1,acinar
baron_c004573,13.42728,2.222625,delta,delta,3,delta
baron_c004575,7.820235,16.74831,acinar,acinar,1,acinar
baron_c004577,9.231855,16.03658,acinar,acinar,1,acinar
baron_c004580,8.776267,15.31839,acinar,acinar,1,acinar
baron_c004581,8.573698,16.75313,acinar,acinar,1,acinar
baron_c004582,10.11559,18.42972,acinar,acinar,1,acinar
baron_c004583,8.996707,15.95306,acinar,acinar,1,acinar
baron_c004584,9.97606,16.97565,acinar,acinar,1,acinar
baron_c004586,10.02948,18.25217,acinar,acinar,1,acinar
baron_c004587,5.849337,-0.348787,beta,beta,11,beta
baron_c004588,9.917777,17.26597,acinar,acinar,1,acinar
baron_c004590,8.862831,17.50329,acinar,acinar,1,acinar
baron_c004591,9.638821,18.48417,acinar,acinar,1,acinar
baron_c004593,12.02674,-3.730864,acinar,acinar,4,stellate
baron_c004594,9.151414,16.961,acinar,acinar,1,acinar
baron_c004595,8.695263,16.11434,acinar,acinar,1,acinar
baron_c004596,9.189352,17.70481,acinar,acinar,1,acinar
baron_c004597,5.016005,0.350155,beta,beta,11,beta
baron_c004598,9.22111,15.83412,acinar,acinar,1,acinar
baron_c004602,9.405516,16.18489,acinar,acinar,1,acinar
baron_c004603,8.427039,16.23765,acinar,acinar,1,acinar
baron_c004607,5.486035,-0.8599747,beta,beta,11,beta
baron_c004608,9.096065,15.9016,acinar,acinar,1,acinar
baron_c004609,10.14771,16.10307,acinar,acinar,1,acinar
baron_c004611,10.39167,17.23838,acinar,acinar,1,acinar
baron_c004612,9.875242,18.80144,acinar,acinar,1,acinar
baron_c004613,9.079287,15.42598,acinar,acinar,1,acinar
baron_c004615,9.137582,18.11268,acinar,acinar,1,acinar
baron_c004616,9.534845,17.56527,acinar,acinar,1,acinar
baron_c004617,8.389979,16.90403,acinar,acinar,1,acinar
baron_c004619,8.186212,15.2187,acinar,acinar,1,acinar
baron_c004621,8.687334,18.32778,acinar,acinar,1,acinar
baron_c004622,3.652238,-0.8715583,beta,beta,11,beta
baron_c004623,12.06923,2.163358,delta,delta,3,delta
baron_c004624,10.15392,17.07373,acinar,acinar,1,acinar
baron_c004625,9.059718,8.141596,ductal,ductal,5,ductal
baron_c004630,10.226,17.81988,acinar,acinar,1,acinar
baron_c004631,7.469702,16.2406,acinar,acinar,1,acinar
baron_c004632,10.17171,16.92948,acinar,acinar,1,acinar
baron_c004634,5.66273,0.3056459,beta,beta,11,beta
baron_c004635,7.039438,15.79634,acinar,acinar,1,acinar
baron_c004636,8.404351,16.28218,acinar,acinar,1,acinar
baron_c004637,9.367275,18.60737,acinar,acinar,1,acinar
baron_c004638,10.17062,17.27204,acinar,acinar,1,acinar
baron_c004640,10.09539,16.44236,acinar,acinar,1,acinar
baron_c004642,6.150172,-1.857716,beta,beta,11,beta
baron_c004643,8.201601,15.65713,acinar,acinar,1,acinar
baron_c004645,8.64216,15.43901,acinar,acinar,1,acinar
baron_c004647,8.429196,16.58055,acinar,acinar,1,acinar
baron_c004648,8.594542,18.45508,acinar,acinar,1,acinar
baron_c004649,13.32251,1.832842,delta,delta,3,delta
baron_c004650,9.0029,17.46429,acinar,acinar,1,acinar
baron_c004651,10.33917,16.69697,acinar,acinar,1,acinar
baron_c004652,13.74223,2.442254,delta,delta,3,delta
baron_c004654,9.419518,19.01476,acinar,acinar,1,acinar
baron_c004655,7.537645,17.71096,acinar,acinar,1,acinar
baron_c004659,8.618814,17.86755,acinar,acinar,1,acinar
baron_c004660,13.33177,1.676102,delta,delta,3,delta
baron_c004661,7.954515,16.26646,acinar,acinar,1,acinar
baron_c004665,8.762188,15.84885,acinar,acinar,1,acinar
baron_c004668,-2.70477,9.139324,alpha,alpha,14,alpha
baron_c004669,8.147749,16.50198,acinar,acinar,1,acinar
baron_c004670,3.351728,-1.286368,beta,beta,11,beta
baron_c004671,-0.7323147,7.654877,alpha,alpha,14,alpha
baron_c004672,7.544399,16.29262,acinar,acinar,1,acinar
baron_c004673,10.25223,16.85971,acinar,acinar,1,acinar
baron_c004674,9.568473,15.30575,acinar,acinar,1,acinar
baron_c004675,7.89131,17.77672,acinar,acinar,1,acinar
baron_c004676,9.38956,18.5448,acinar,acinar,1,acinar
baron_c004678,-4.764985,16.97046,gamma,gamma,9,gamma
baron_c004682,8.873824,17.36215,acinar,acinar,1,acinar
baron_c004686,9.890148,17.86768,acinar,acinar,1,acinar
baron_c004689,4.409654,-0.7332353,beta,beta,11,beta
baron_c004690,-1.419427,8.479393,alpha,alpha,14,alpha
baron_c004691,10.01761,18.06296,acinar,acinar,1,acinar
baron_c004693,12.51914,1.842222,delta,delta,3,delta
baron_c004696,5.534813,-2.483971,beta,beta,11,beta
baron_c004697,9.302445,17.73173,acinar,acinar,1,acinar
baron_c004698,9.528144,8.494193,ductal,ductal,5,ductal
baron_c004699,-3.82508,9.148022,alpha,alpha,14,alpha
baron_c004700,9.468334,8.740347,ductal,ductal,5,ductal
baron_c004701,4.765182,0.1359394,beta,beta,11,beta
baron_c004702,-0.3124804,7.507304,alpha,alpha,14,alpha
baron_c004703,4.657497,-0.6911711,beta,beta,11,beta
baron_c004704,-3.15647,8.524474,alpha,alpha,14,alpha
baron_c004705,9.520032,18.16081,acinar,acinar,1,acinar
baron_c004706,12.01644,1.927088,delta,delta,3,delta
baron_c004707,5.972469,-0.08525276,beta,beta,11,beta
baron_c004708,5.894408,-0.8667941,beta,beta,11,beta
baron_c004709,-0.918604,6.975187,alpha,alpha,14,alpha
baron_c004710,5.571677,0.3719201,beta,beta,11,beta
baron_c004711,-3.03076,10.05211,alpha,alpha,14,alpha
baron_c004712,13.96701,2.339979,delta,delta,3,delta
baron_c004713,-1.712582,9.865727,alpha,alpha,14,alpha
baron_c004714,5.80569,-0.1203355,beta,beta,11,beta
baron_c004715,10.18692,17.66226,acinar,acinar,1,acinar
baron_c004716,9.109115,18.63178,acinar,acinar,1,acinar
baron_c004717,8.186277,15.19871,acinar,acinar,1,acinar
baron_c004719,8.782878,7.566171,ductal,ductal,5,ductal
baron_c004722,11.7934,1.569422,delta,delta,3,delta
baron_c004724,-5.099309,16.62197,gamma,gamma,9,gamma
baron_c004726,6.105507,-0.2552887,beta,beta,11,beta
baron_c004730,-2.631942,8.746732,alpha,alpha,14,alpha
baron_c004731,9.75452,17.48044,acinar,acinar,1,acinar
baron_c004732,4.016631,-1.502229,beta,beta,11,beta
baron_c004733,-0.9424986,6.017389,alpha,alpha,14,alpha
baron_c004734,4.494061,-0.2746024,beta,beta,11,beta
baron_c004736,-4.849115,17.1086,gamma,gamma,9,gamma
baron_c004738,-4.153938,9.054956,alpha,alpha,14,alpha
baron_c004739,5.154903,-1.384604,beta,beta,11,beta
baron_c004740,10.07162,15.89323,acinar,acinar,1,acinar
baron_c004741,10.23245,16.31371,acinar,acinar,1,acinar
baron_c004743,-2.616409,9.373804,alpha,alpha,14,alpha
baron_c004745,12.65069,1.661108,delta,delta,3,delta
baron_c004747,-1.93112,7.952988,alpha,alpha,14,alpha
baron_c004749,5.598691,-0.1986821,beta,beta,11,beta
baron_c004750,5.288414,-0.6795054,beta,beta,11,beta
baron_c004751,11.98674,1.983268,delta,delta,3,delta
baron_c004752,-4.542808,7.25817,alpha,alpha,14,alpha
baron_c004753,6.06784,0.452826,beta,beta,11,beta
baron_c004754,-2.643481,10.11471,alpha,alpha,14,alpha
baron_c004756,9.041166,16.33268,acinar,acinar,1,acinar
baron_c004757,5.339219,-1.429605,beta,beta,11,beta
baron_c004758,8.517666,15.22641,acinar,acinar,1,acinar
baron_c004762,-1.30956,7.867108,alpha,alpha,14,alpha
baron_c004763,3.865719,-1.304358,beta,beta,11,beta
baron_c004764,7.523903,16.40233,acinar,acinar,1,acinar
baron_c004767,6.114293,0.3675862,beta,beta,11,beta
baron_c004768,-1.994431,9.66347,alpha,alpha,14,alpha
baron_c004769,-3.199733,8.502395,alpha,alpha,14,alpha
baron_c004770,8.069058,17.13021,acinar,acinar,1,acinar
baron_c004771,8.193717,18.38876,acinar,acinar,1,acinar
baron_c004773,-0.5732098,7.119651,alpha,alpha,14,alpha
baron_c004774,-2.09181,7.473186,alpha,alpha,14,alpha
baron_c004776,5.131771,-0.2002896,beta,beta,11,beta
baron_c004777,11.72148,1.718598,delta,delta,3,delta
baron_c004780,12.96334,1.912608,delta,delta,3,delta
baron_c004782,11.82777,1.503045,delta,delta,3,delta
baron_c004783,9.99954,17.53195,acinar,acinar,1,acinar
baron_c004784,7.986759,8.952495,ductal,ductal,5,ductal
baron_c004785,9.582711,17.20273,acinar,acinar,1,acinar
baron_c004786,7.651953,16.6897,acinar,acinar,1,acinar
baron_c004787,3.442693,-1.171003,beta,beta,11,beta
baron_c004788,-4.425327,8.132034,alpha,alpha,14,alpha
baron_c004789,8.328049,7.06097,ductal,ductal,5,ductal
baron_c004790,5.675006,-1.402053,beta,beta,11,beta
baron_c004791,3.793465,-0.4143299,beta,beta,11,beta
baron_c004792,8.562828,15.4181,acinar,acinar,1,acinar
baron_c004793,-1.322767,8.21412,alpha,alpha,14,alpha
baron_c004795,-1.102765,7.112594,alpha,alpha,14,alpha
baron_c004797,-2.487586,7.221455,alpha,alpha,14,alpha
baron_c004799,4.328255,0.08018757,beta,beta,11,beta
baron_c004800,-1.988814,8.649495,alpha,alpha,14,alpha
baron_c004803,-1.299356,8.189506,alpha,alpha,14,alpha
baron_c004804,7.70473,16.56423,acinar,acinar,1,acinar
baron_c004805,-1.150884,7.022557,alpha,alpha,14,alpha
baron_c004807,-4.366137,8.599348,alpha,alpha,14,alpha
baron_c004809,12.69406,-3.65872,activated_stellate,stellate,4,stellate
baron_c004810,8.863675,7.994386,ductal,ductal,5,ductal
baron_c004811,8.309731,15.35373,acinar,acinar,1,acinar
baron_c004813,-2.61791,8.52774,alpha,alpha,14,alpha
baron_c004814,8.827826,17.99755,acinar,acinar,1,acinar
baron_c004816,4.336322,-1.76141,beta,beta,11,beta
baron_c004818,3.715138,-2.728546,beta,beta,11,beta
baron_c004821,12.2413,1.555723,delta,delta,3,delta
baron_c004822,3.946804,-1.742723,beta,beta,11,beta
baron_c004824,8.618334,17.20229,acinar,acinar,1,acinar
baron_c004825,9.094121,18.39263,acinar,acinar,1,acinar
baron_c004827,9.169929,19.09053,acinar,acinar,1,acinar
baron_c004828,12.68598,-3.269027,activated_stellate,stellate,4,stellate
baron_c004829,8.590461,18.20115,acinar,acinar,1,acinar
baron_c004830,4.509059,-0.4463017,beta,beta,11,beta
baron_c004832,-1.013857,7.195866,alpha,alpha,14,alpha
baron_c004834,8.759938,15.44366,acinar,acinar,1,acinar
baron_c004835,3.621173,-0.8504247,beta,beta,11,beta
baron_c004836,5.607095,-2.120064,beta,beta,11,beta
baron_c004838,9.174115,7.437153,ductal,ductal,5,ductal
baron_c004839,3.911772,-1.449559,beta,beta,11,beta
baron_c004840,9.442879,16.25953,acinar,acinar,1,acinar
baron_c004841,4.810822,-0.5040083,beta,beta,11,beta
baron_c004842,6.132899,0.1270736,beta,beta,11,beta
baron_c004843,-3.873688,7.943655,alpha,alpha,14,alpha
baron_c004845,-0.5315797,7.289683,alpha,alpha,14,alpha
baron_c004846,9.29509,7.849712,ductal,ductal,5,ductal
baron_c004848,8.459056,15.7092,acinar,acinar,1,acinar
baron_c004849,-4.216733,8.078381,alpha,alpha,14,alpha
baron_c004850,7.18842,8.533106,ductal,ductal,8,ductal
baron_c004853,-2.278604,8.951361,alpha,alpha,14,alpha
baron_c004854,8.005169,8.507409,ductal,ductal,5,ductal
baron_c004855,9.089498,17.27401,acinar,acinar,1,acinar
baron_c004856,9.284804,18.34715,acinar,acinar,1,acinar
baron_c004859,-2.076285,7.085236,alpha,alpha,14,alpha
baron_c004860,-3.885864,7.11968,alpha,alpha,14,alpha
baron_c004863,4.881259,-1.93111,beta,beta,11,beta
baron_c004864,-1.296272,9.875736,alpha,alpha,14,alpha
baron_c004865,6.02492,0.1835761,beta,beta,11,beta
baron_c004866,4.81478,-0.1488788,beta,beta,11,beta
baron_c004867,-2.878447,9.298108,alpha,alpha,14,alpha
baron_c004868,13.95583,2.107443,delta,delta,3,delta
baron_c004871,-2.093225,10.11749,alpha,alpha,14,alpha
baron_c004872,8.09052,6.958451,ductal,ductal,5,ductal
baron_c004873,8.239017,7.118443,ductal,ductal,5,ductal
baron_c004874,12.49883,1.506799,delta,delta,3,delta
baron_c004875,-1.724959,9.10275,alpha,alpha,14,alpha
baron_c004878,-4.57738,7.642858,alpha,alpha,14,alpha
baron_c004879,-0.8306022,6.90591,alpha,alpha,14,alpha
baron_c004880,6.801144,9.930792,ductal,ductal,17,ductal
baron_c004881,9.313313,16.70636,acinar,acinar,1,acinar
baron_c004882,4.669299,0.1979764,beta,beta,11,beta
baron_c004883,5.658548,-0.4168452,beta,beta,11,beta
baron_c004885,-1.450053,9.345925,alpha,alpha,14,alpha
baron_c004887,-4.249565,8.104972,alpha,alpha,14,alpha
baron_c004889,3.682073,-1.602746,beta,beta,11,beta
baron_c004890,7.400272,8.712582,ductal,ductal,5,ductal
baron_c004892,5.556526,-1.191029,beta,beta,11,beta
baron_c004894,-3.497257,9.789949,alpha,alpha,14,alpha
baron_c004896,5.17501,-0.4892037,beta,beta,11,beta
baron_c004897,8.034882,7.300137,ductal,ductal,5,ductal
baron_c004898,6.369701,-1.415977,ductal,ductal,11,beta
baron_c004899,6.228567,-0.8033964,beta,beta,11,beta
baron_c004901,13.21338,-4.385434,activated_stellate,stellate,4,stellate
baron_c004904,4.206801,-0.4979652,beta,beta,11,beta
baron_c004905,-4.422014,8.693752,alpha,alpha,14,alpha
baron_c004906,-0.8863828,7.442162,alpha,alpha,14,alpha
baron_c004907,-2.999444,8.404431,alpha,alpha,14,alpha
baron_c004909,5.780914,-1.419547,beta,beta,11,beta
baron_c004910,-4.558059,7.061285,alpha,alpha,14,alpha
baron_c004912,5.755116,-2.348789,beta,beta,11,beta
baron_c004915,5.380945,-2.060051,beta,beta,11,beta
baron_c004916,9.826056,17.54148,acinar,acinar,1,acinar
baron_c004918,5.602708,-2.469267,beta,beta,11,beta
baron_c004919,-2.450082,9.883337,alpha,alpha,14,alpha
baron_c004920,-3.810619,7.837382,alpha,alpha,14,alpha
baron_c004921,-0.8220002,7.274146,alpha,alpha,14,alpha
baron_c004923,3.703766,-0.3378237,beta,beta,11,beta
baron_c004925,13.04277,-3.530569,activated_stellate,stellate,4,stellate
baron_c004927,13.01716,-4.020984,activated_stellate,stellate,4,stellate
baron_c004929,-1.853341,8.896075,alpha,alpha,14,alpha
baron_c004932,9.497051,8.682568,ductal,ductal,5,ductal
baron_c004933,-3.64726,7.024692,alpha,alpha,14,alpha
baron_c004934,-3.335419,8.843328,alpha,alpha,14,alpha
baron_c004938,5.821735,-0.9547043,beta,beta,11,beta
baron_c004939,5.502882,-2.829508,beta,beta,11,beta
baron_c004940,9.383231,7.687803,ductal,ductal,5,ductal
baron_c004942,-2.829669,8.146795,alpha,alpha,14,alpha
baron_c004945,4.648626,-1.056706,beta,beta,11,beta
baron_c004946,-1.1452,9.144768,alpha,alpha,14,alpha
baron_c004948,8.425663,7.247172,ductal,ductal,5,ductal
baron_c004949,-3.997005,8.893576,alpha,alpha,14,alpha
baron_c004950,-3.01744,9.601607,alpha,alpha,14,alpha
baron_c004951,7.013104,9.634078,ductal,ductal,8,ductal
baron_c004953,9.153662,16.10717,acinar,acinar,1,acinar
baron_c004955,9.26745,7.252914,ductal,ductal,5,ductal
baron_c004956,9.42366,8.225406,ductal,ductal,5,ductal
baron_c004957,-2.649682,8.006898,alpha,alpha,14,alpha
baron_c004958,-3.796927,8.566936,alpha,alpha,14,alpha
baron_c004959,8.906736,8.731833,ductal,ductal,5,ductal
baron_c004960,7.329346,17.5963,acinar,acinar,1,acinar
baron_c004961,-3.757141,7.867967,alpha,alpha,14,alpha
baron_c004962,-4.055577,8.111241,alpha,alpha,14,alpha
baron_c004963,7.639794,8.458609,ductal,ductal,5,ductal
baron_c004965,-2.346611,10.02027,alpha,alpha,14,alpha
baron_c004966,8.435062,8.478813,ductal,ductal,5,ductal
baron_c004969,5.438831,-1.328185,beta,beta,11,beta
baron_c004971,8.785913,8.860334,ductal,ductal,5,ductal
baron_c004973,13.34206,-3.096525,activated_stellate,stellate,4,stellate
baron_c004974,8.89694,7.997185,ductal,ductal,5,ductal
baron_c004976,5.401254,-2.206096,beta,beta,11,beta
baron_c004978,9.665188,18.71365,acinar,acinar,1,acinar
baron_c004980,-1.818994,8.062938,alpha,alpha,14,alpha
baron_c004981,-1.844705,7.938307,alpha,alpha,14,alpha
baron_c004982,-2.95967,9.166408,alpha,alpha,14,alpha
baron_c004983,9.311194,18.81788,acinar,acinar,1,acinar
baron_c004984,-6.138414,7.007174,alpha,alpha,12,alpha
baron_c004985,6.383129,-0.9315,beta,beta,11,beta
baron_c004988,-0.8874728,7.071352,alpha,alpha,14,alpha
baron_c004989,-4.841544,16.93449,gamma,gamma,9,gamma
baron_c004990,-1.007678,8.92011,alpha,alpha,14,alpha
baron_c004991,6.286107,-0.3593065,beta,beta,11,beta
baron_c004993,9.73265,8.648735,ductal,ductal,5,ductal
baron_c004994,11.77023,1.322347,delta,delta,3,delta
baron_c004995,4.746111,-1.310263,beta,beta,11,beta
baron_c004997,-2.019989,7.445376,alpha,alpha,14,alpha
baron_c004998,13.18419,-4.151374,activated_stellate,stellate,4,stellate
baron_c004999,-0.2523077,7.062559,alpha,alpha,14,alpha
baron_c005000,4.692526,-2.888391,beta,beta,11,beta
baron_c005001,-4.447815,8.560919,alpha,alpha,14,alpha
baron_c005002,8.979323,18.44959,acinar,acinar,1,acinar
baron_c005003,-2.491906,7.255457,alpha,alpha,14,alpha
baron_c005004,-2.480473,7.025205,alpha,alpha,14,alpha
baron_c005005,-1.672832,9.778924,alpha,alpha,14,alpha
baron_c005007,5.490614,-2.383795,beta,beta,11,beta
baron_c005008,-0.7906996,6.996171,alpha,alpha,14,alpha
baron_c005009,-3.902443,7.713734,alpha,alpha,14,alpha
baron_c005010,9.326472,18.67108,acinar,acinar,1,acinar
baron_c005012,-3.304779,8.883175,alpha,alpha,14,alpha
baron_c005014,-3.196014,8.7681,alpha,alpha,14,alpha
baron_c005017,6.539907,10.31971,ductal,ductal,17,ductal
baron_c005018,13.14358,-4.235942,activated_stellate,stellate,4,stellate
baron_c005020,-2.220134,7.441577,alpha,alpha,14,alpha
baron_c005021,4.734029,-0.9995872,beta,beta,11,beta
baron_c005022,5.865004,-3.040491,beta,beta,11,beta
baron_c005023,8.914278,16.40003,acinar,acinar,1,acinar
baron_c005024,-3.246539,6.672445,alpha,alpha,14,alpha
baron_c005025,-0.6803187,6.771745,alpha,alpha,14,alpha
baron_c005026,9.514836,18.28885,acinar,acinar,1,acinar
baron_c005027,-3.432589,7.291853,alpha,alpha,14,alpha
baron_c005028,-1.821518,9.85449,alpha,alpha,14,alpha
baron_c005030,9.332015,17.38883,acinar,acinar,1,acinar
baron_c005031,8.870692,17.57752,acinar,acinar,1,acinar
baron_c005033,8.998797,7.531506,ductal,ductal,5,ductal
baron_c005034,8.264719,17.95627,acinar,acinar,1,acinar
baron_c005035,-0.2394666,7.950821,alpha,alpha,14,alpha
baron_c005036,-5.715356,16.25526,alpha,alpha,9,gamma
baron_c005037,-3.70205,8.37991,alpha,alpha,14,alpha
baron_c005039,-0.9619794,6.612052,alpha,alpha,14,alpha
baron_c005040,-1.535897,6.601177,alpha,alpha,14,alpha
baron_c005041,-0.8161842,8.600292,alpha,alpha,14,alpha
baron_c005042,-3.163873,7.506446,alpha,alpha,14,alpha
baron_c005043,9.274197,17.50617,acinar,acinar,1,acinar
baron_c005044,-3.077466,7.98015,alpha,alpha,14,alpha
baron_c005045,-2.849979,8.453232,alpha,alpha,14,alpha
baron_c005046,-4.138217,8.736915,alpha,alpha,14,alpha
baron_c005047,4.681572,-0.196192,beta,beta,11,beta
baron_c005048,9.314004,18.12416,acinar,acinar,1,acinar
baron_c005050,-1.906686,7.231664,alpha,alpha,14,alpha
baron_c005053,-1.237016,8.054638,alpha,alpha,14,alpha
baron_c005054,9.719761,15.73505,acinar,acinar,1,acinar
baron_c005055,-1.094306,8.35762,alpha,alpha,14,alpha
baron_c005056,2.982776,-1.225605,beta,beta,11,beta
baron_c005057,-3.88727,7.629099,alpha,alpha,14,alpha
baron_c005058,-2.749789,8.289657,alpha,alpha,14,alpha
baron_c005060,-3.876251,6.65466,alpha,alpha,14,alpha
baron_c005062,-2.41468,6.873437,alpha,alpha,14,alpha
baron_c005064,-2.051327,9.364045,alpha,alpha,14,alpha
baron_c005065,5.193335,-2.030961,beta,beta,11,beta
baron_c005066,-1.677138,8.606736,alpha,alpha,14,alpha
baron_c005067,-0.5640725,7.878537,alpha,alpha,14,alpha
baron_c005069,2.695349,-2.372002,beta,beta,18,beta
baron_c005070,-4.305116,7.711908,alpha,alpha,14,alpha
baron_c005071,-4.280859,7.158959,alpha,alpha,14,alpha
baron_c005072,-1.328022,8.220359,alpha,alpha,14,alpha
baron_c005073,8.979338,7.133916,ductal,ductal,5,ductal
baron_c005077,-4.488657,7.103675,alpha,alpha,14,alpha
baron_c005078,-2.047302,9.441004,alpha,alpha,14,alpha
baron_c005079,-2.390404,10.09999,alpha,alpha,14,alpha
baron_c005081,3.279299,-3.611062,beta,beta,2,beta
baron_c005082,-0.6932106,7.222837,alpha,alpha,14,alpha
baron_c005085,8.937576,8.473311,ductal,ductal,5,ductal
baron_c005086,5.068451,0.3272043,beta,beta,11,beta
baron_c005087,15.30918,-6.130161,endothelial,endothelial,13,endothelial
baron_c005088,-0.9989048,6.944999,alpha,alpha,14,alpha
baron_c005090,-2.432889,9.229313,alpha,alpha,14,alpha
baron_c005091,4.566475,-3.2193,beta,beta,11,beta
baron_c005092,-1.25261,8.32469,alpha,alpha,14,alpha
baron_c005093,-3.65616,8.772408,alpha,alpha,14,alpha
baron_c005095,8.552661,8.717991,ductal,ductal,5,ductal
baron_c005097,12.82165,-3.616268,activated_stellate,stellate,4,stellate
baron_c005098,-4.323602,7.700911,alpha,alpha,14,alpha
baron_c005099,-3.357356,7.12465,alpha,alpha,14,alpha
baron_c005100,-0.7964329,7.876552,alpha,alpha,14,alpha
baron_c005101,15.29799,-6.245253,endothelial,endothelial,13,endothelial
baron_c005102,-1.320084,6.98909,alpha,alpha,14,alpha
baron_c005105,-3.501953,6.647428,alpha,alpha,14,alpha
baron_c005107,-2.104483,9.684131,alpha,alpha,14,alpha
baron_c005109,-2.201332,8.675889,alpha,alpha,14,alpha
baron_c005110,3.90857,-0.6465967,beta,beta,11,beta
baron_c005111,-0.2200386,7.484377,alpha,alpha,14,alpha
baron_c005112,-1.750861,8.391506,alpha,alpha,14,alpha
baron_c005113,-0.8680052,8.373696,alpha,alpha,14,alpha
baron_c005114,-1.758993,10.19349,alpha,alpha,14,alpha
baron_c005115,-1.066716,8.324734,quiescent_stellate,stellate,14,alpha
baron_c005116,-0.137615,7.958648,alpha,alpha,14,alpha
baron_c005118,-2.753082,7.464219,alpha,alpha,14,alpha
baron_c005119,4.663359,0.296635,beta,beta,11,beta
baron_c005121,-1.808251,6.802623,alpha,alpha,14,alpha
baron_c005122,-4.528442,7.436427,alpha,alpha,14,alpha
baron_c005125,-1.018455,8.828549,alpha,alpha,14,alpha
baron_c005127,9.209285,8.191421,ductal,ductal,5,ductal
baron_c005128,-1.957605,9.461405,alpha,alpha,14,alpha
baron_c005129,-3.88341,6.791433,alpha,alpha,14,alpha
baron_c005130,3.960261,-0.4987563,beta,beta,11,beta
baron_c005131,5.055958,-0.7480225,beta,beta,11,beta
baron_c005132,-1.212337,7.070151,alpha,alpha,14,alpha
baron_c005133,8.380486,17.0416,acinar,acinar,1,acinar
baron_c005135,-2.665315,6.665937,alpha,alpha,14,alpha
baron_c005136,-3.186897,8.423118,alpha,alpha,14,alpha
baron_c005138,5.244059,-0.5807266,beta,beta,11,beta
baron_c005139,4.571317,-0.411618,beta,beta,11,beta
baron_c005141,-3.721957,8.556724,alpha,alpha,14,alpha
baron_c005143,8.307467,18.39881,acinar,acinar,1,acinar
baron_c005144,-3.050819,10.39552,alpha,alpha,14,alpha
baron_c005146,-2.321378,8.73441,alpha,alpha,14,alpha
baron_c005147,-0.6094565,6.287663,alpha,alpha,14,alpha
baron_c005150,12.9299,-4.00741,activated_stellate,stellate,4,stellate
baron_c005151,4.513042,-0.8880104,beta,beta,11,beta
baron_c005152,-2.830868,8.507951,alpha,alpha,14,alpha
baron_c005153,-5.062243,16.4848,gamma,gamma,9,gamma
baron_c005155,-3.134693,6.716283,alpha,alpha,14,alpha
baron_c005156,9.592795,8.424622,ductal,ductal,5,ductal
baron_c005158,-3.869707,8.830176,alpha,alpha,14,alpha
baron_c005159,-3.100953,8.956454,alpha,alpha,14,alpha
baron_c005160,-2.361452,7.502613,alpha,alpha,14,alpha
baron_c005161,-2.103359,7.878955,alpha,alpha,14,alpha
baron_c005164,8.935276,8.780316,ductal,ductal,5,ductal
baron_c005165,8.524256,15.93029,acinar,acinar,1,acinar
baron_c005166,11.69305,1.738033,delta,delta,3,delta
baron_c005168,8.5715,8.027902,ductal,ductal,5,ductal
baron_c005169,-1.627948,7.888362,alpha,alpha,14,alpha
baron_c005170,-0.6519889,8.111614,alpha,alpha,14,alpha
baron_c005171,8.828967,16.3779,acinar,acinar,1,acinar
baron_c005172,12.30392,1.52081,delta,delta,3,delta
baron_c005173,8.830054,17.21111,acinar,acinar,1,acinar
baron_c005174,-2.742231,6.734311,alpha,alpha,14,alpha
baron_c005175,-2.485589,8.680464,alpha,alpha,14,alpha
baron_c005176,-4.033953,8.54824,alpha,alpha,14,alpha
baron_c005178,12.73026,-3.53131,activated_stellate,stellate,4,stellate
baron_c005181,3.443866,-1.696895,beta,beta,11,beta
baron_c005182,-0.2814279,8.154878,alpha,alpha,14,alpha
baron_c005184,4.076878,-1.584653,beta,beta,11,beta
baron_c005185,-4.024228,8.965714,alpha,alpha,14,alpha
baron_c005186,-1.933597,8.944845,alpha,alpha,14,alpha
baron_c005187,8.608978,7.761649,ductal,ductal,5,ductal
baron_c005188,-2.673135,11.27357,alpha,alpha,19,Unknown
baron_c005189,7.746435,8.329924,ductal,ductal,5,ductal
baron_c005190,-1.929547,8.535057,alpha,alpha,14,alpha
baron_c005191,-2.867525,7.997627,alpha,alpha,14,alpha
baron_c005192,-1.796335,8.651052,alpha,alpha,14,alpha
baron_c005193,8.591292,16.10719,acinar,acinar,1,acinar
baron_c005196,-3.494282,6.997406,alpha,alpha,14,alpha
baron_c005197,11.64524,1.320374,delta,delta,3,delta
baron_c005198,-2.113366,7.774657,alpha,alpha,14,alpha
baron_c005201,3.278357,-1.031991,beta,beta,11,beta
baron_c005202,-2.188958,7.151015,alpha,alpha,14,alpha
baron_c005203,7.418224,17.10888,acinar,acinar,1,acinar
baron_c005204,15.78286,-6.578031,endothelial,endothelial,13,endothelial
baron_c005207,12.93069,-3.89645,activated_stellate,stellate,4,stellate
baron_c005210,-0.4310822,8.048415,alpha,alpha,14,alpha
baron_c005212,-1.219744,8.499237,alpha,alpha,14,alpha
baron_c005213,-1.054274,8.377192,alpha,alpha,14,alpha
baron_c005214,9.434528,7.964192,ductal,ductal,5,ductal
baron_c005216,15.74765,-6.512233,endothelial,endothelial,13,endothelial
baron_c005217,12.8393,-3.632688,activated_stellate,stellate,4,stellate
baron_c005218,-0.9946676,8.66319,alpha,alpha,14,alpha
baron_c005219,-2.638559,8.90255,alpha,alpha,14,alpha
baron_c005220,4.746684,-1.475483,beta,beta,11,beta
baron_c005221,-3.374658,6.563641,alpha,alpha,14,alpha
baron_c005224,3.546492,-1.431392,beta,beta,11,beta
baron_c005226,-2.109769,7.711789,alpha,alpha,14,alpha
baron_c005227,8.331787,9.221814,ductal,ductal,5,ductal
baron_c005228,9.035354,16.27771,acinar,acinar,1,acinar
baron_c005229,5.97049,-1.327055,beta,beta,11,beta
baron_c005231,8.259344,17.99362,acinar,acinar,1,acinar
baron_c005233,4.12703,-0.308212,beta,beta,11,beta
baron_c005234,4.11622,-0.429502,beta,beta,11,beta
baron_c005235,3.036777,-2.369722,beta,beta,11,beta
baron_c005236,-2.545522,9.880596,alpha,alpha,14,alpha
baron_c005239,-1.750383,9.865239,alpha,alpha,14,alpha
baron_c005240,-3.535681,8.146593,alpha,alpha,14,alpha
baron_c005241,10.233,17.64001,acinar,acinar,1,acinar
baron_c005245,-2.913575,7.247286,alpha,alpha,14,alpha
baron_c005248,4.90895,-2.602719,beta,beta,11,beta
baron_c005249,-3.572675,8.690861,alpha,alpha,14,alpha
baron_c005250,9.697046,7.996594,ductal,ductal,5,ductal
baron_c005252,8.837658,8.350185,ductal,ductal,5,ductal
baron_c005253,-4.330155,9.050954,alpha,alpha,14,alpha
baron_c005254,12.60274,-3.839823,activated_stellate,stellate,4,stellate
baron_c005256,4.282728,-2.123918,beta,beta,11,beta
baron_c005257,-1.864109,9.232414,alpha,alpha,14,alpha
baron_c005258,12.07977,-4.681314,quiescent_stellate,stellate,10,stellate
baron_c005259,7.388992,17.41498,delta,delta,0,acinar
baron_c005261,-2.176101,8.978075,alpha,alpha,14,alpha
baron_c005262,8.312212,8.625423,ductal,ductal,5,ductal
baron_c005263,-0.3789344,8.136786,alpha,alpha,14,alpha
baron_c005264,-1.23028,7.630987,alpha,alpha,14,alpha
baron_c005265,4.167489,-1.065884,beta,beta,11,beta
baron_c005267,7.878457,16.71947,acinar,acinar,1,acinar
baron_c005268,-0.6256636,7.50183,alpha,alpha,14,alpha
baron_c005270,8.320996,7.668702,ductal,ductal,5,ductal
baron_c005271,-3.972956,9.20662,alpha,alpha,14,alpha
baron_c005273,12.84235,-4.235465,activated_stellate,stellate,4,stellate
baron_c005274,-3.69753,8.950523,alpha,alpha,14,alpha
baron_c005276,-2.630656,7.473329,alpha,alpha,14,alpha
baron_c005277,8.522161,18.41174,acinar,acinar,1,acinar
baron_c005279,-1.65326,8.765779,alpha,alpha,14,alpha
baron_c005280,-2.260896,8.354996,alpha,alpha,14,alpha
baron_c005281,-3.332221,9.374448,alpha,alpha,14,alpha
baron_c005282,8.94365,7.352917,ductal,ductal,5,ductal
baron_c005283,4.336808,-2.970367,beta,beta,11,beta
baron_c005285,7.995245,17.10969,acinar,acinar,1,acinar
baron_c005287,-0.8734285,8.088468,alpha,alpha,14,alpha
baron_c005288,2.673396,-0.5219269,beta,beta,11,beta
baron_c005289,-0.2227751,8.115005,alpha,alpha,14,alpha
baron_c005290,5.378913,-1.015705,beta,beta,11,beta
baron_c005291,4.90141,0.2381493,beta,beta,11,beta
baron_c005292,6.097341,0.1921311,beta,beta,11,beta
baron_c005295,9.183024,9.125925,ductal,ductal,5,ductal
baron_c005296,-0.4871418,7.860045,alpha,alpha,14,alpha
baron_c005297,6.181598,-0.6584203,beta,beta,11,beta
baron_c005298,-2.842424,7.43768,alpha,alpha,14,alpha
baron_c005300,7.924431,7.789428,ductal,ductal,5,ductal
baron_c005301,-2.625954,10.17162,alpha,alpha,14,alpha
baron_c005302,-4.304923,7.524882,alpha,alpha,14,alpha
baron_c005303,-0.5697013,8.198376,alpha,alpha,14,alpha
baron_c005304,-2.064949,8.463849,alpha,alpha,14,alpha
baron_c005305,-3.922974,8.517467,alpha,alpha,14,alpha
baron_c005308,4.468424,-0.7932944,beta,beta,11,beta
baron_c005309,9.008713,8.834833,ductal,ductal,5,ductal
baron_c005311,8.169451,8.207829,ductal,ductal,5,ductal
baron_c005312,-2.024426,8.926991,alpha,alpha,14,alpha
baron_c005313,6.92272,9.746949,ductal,ductal,17,ductal
baron_c005316,4.662781,-0.2667611,beta,beta,11,beta
baron_c005321,-0.8526527,7.184765,alpha,alpha,14,alpha
baron_c005322,11.5532,1.511873,delta,delta,3,delta
baron_c005323,16.47651,-5.816263,endothelial,endothelial,13,endothelial
baron_c005324,11.7619,-4.834136,quiescent_stellate,stellate,10,stellate
baron_c005325,4.047232,-1.990888,beta,beta,11,beta
baron_c005326,6.344492,-0.5376391,beta,beta,11,beta
baron_c005327,-1.451381,7.184938,alpha,alpha,14,alpha
baron_c005328,14.24859,-2.384146,activated_stellate,stellate,4,stellate
baron_c005330,3.621933,-1.377354,beta,beta,11,beta
baron_c005331,8.813705,16.08177,acinar,acinar,1,acinar
baron_c005332,-2.333243,9.743518,alpha,alpha,14,alpha
baron_c005334,9.387465,17.23153,acinar,acinar,1,acinar
baron_c005335,11.83186,-4.580799,quiescent_stellate,stellate,10,stellate
baron_c005338,-2.921834,9.127006,alpha,alpha,14,alpha
baron_c005339,11.51693,1.625581,ductal,ductal,3,delta
baron_c005340,-1.737357,8.394897,alpha,alpha,14,alpha
baron_c005341,-2.953115,6.579833,alpha,alpha,14,alpha
baron_c005342,-0.9761518,7.60081,alpha,alpha,14,alpha
baron_c005343,-1.512569,7.760013,alpha,alpha,14,alpha
baron_c005346,-2.831493,8.503942,alpha,alpha,14,alpha
baron_c005347,4.383968,-2.473584,beta,beta,11,beta
baron_c005348,3.82928,-1.443734,beta,beta,11,beta
baron_c005349,11.25508,1.467464,delta,delta,3,delta
baron_c005350,-2.724436,7.935536,alpha,alpha,14,alpha
baron_c005351,12.94153,-3.04346,activated_stellate,stellate,4,stellate
baron_c005352,-2.720357,10.22009,alpha,alpha,14,alpha
baron_c005353,12.8467,-5.943482,quiescent_stellate,stellate,10,stellate
baron_c005355,-2.132325,12.50958,mast,mast,19,Unknown
baron_c005356,-3.410986,7.246553,alpha,alpha,14,alpha
baron_c005357,9.178012,16.70161,acinar,acinar,1,acinar
baron_c005358,-2.397511,7.651646,alpha,alpha,14,alpha
baron_c005362,-1.034723,13.18749,macrophage,macrophage,19,Unknown
baron_c005363,8.337298,8.766184,ductal,ductal,5,ductal
baron_c005365,4.056282,-2.216963,beta,beta,11,beta
baron_c005366,4.241235,-2.481015,beta,beta,11,beta
baron_c005367,-0.6649306,7.391269,alpha,alpha,14,alpha
baron_c005368,3.506322,-2.547773,beta,beta,11,beta
baron_c005370,-2.193748,12.47059,mast,mast,19,Unknown
baron_c005374,16.1129,-5.784643,endothelial,endothelial,13,endothelial
baron_c005375,8.304833,16.73464,acinar,acinar,1,acinar
baron_c005376,15.92239,-6.423281,endothelial,endothelial,13,endothelial
baron_c005377,3.287349,-1.416657,beta,beta,11,beta
baron_c005380,12.09982,-4.777341,quiescent_stellate,stellate,10,stellate
baron_c005382,8.27504,8.041718,ductal,ductal,5,ductal
baron_c005383,6.890285,-0.2058066,beta,beta,11,beta
baron_c005384,4.7929,-4.068738,beta,beta,2,beta
baron_c005385,-3.51692,9.525432,alpha,alpha,14,alpha
baron_c005389,12.06373,-5.089426,quiescent_stellate,stellate,10,stellate
baron_c005391,4.358686,-2.284804,beta,beta,11,beta
baron_c005392,-3.163874,9.072013,alpha,alpha,14,alpha
baron_c005393,12.1321,1.629842,delta,delta,3,delta
baron_c005394,-0.0819165,8.046719,alpha,alpha,14,alpha
baron_c005395,9.023239,7.949295,ductal,ductal,5,ductal
baron_c005396,9.109725,16.05403,acinar,acinar,1,acinar
baron_c005398,-1.382827,7.038057,alpha,alpha,14,alpha
baron_c005402,3.723171,-1.843929,beta,beta,11,beta
baron_c005403,16.18729,-5.935711,endothelial,endothelial,13,endothelial
baron_c005404,12.87138,-4.01343,activated_stellate,stellate,4,stellate
baron_c005407,3.292457,-1.564801,beta,beta,11,beta
baron_c005408,-1.129841,8.833016,alpha,alpha,14,alpha
baron_c005411,-1.462289,6.397435,alpha,alpha,6,alpha
baron_c005413,16.36184,-6.028136,endothelial,endothelial,13,endothelial
baron_c005414,15.74085,-6.694072,endothelial,endothelial,13,endothelial
baron_c005416,3.789325,-0.9214314,beta,beta,11,beta
baron_c005417,4.780271,-1.19544,beta,beta,11,beta
baron_c005418,12.34559,-4.199081,quiescent_stellate,stellate,10,stellate
baron_c005419,3.77416,-1.899003,beta,beta,11,beta
baron_c005421,3.562813,-0.7697419,beta,beta,11,beta
baron_c005422,3.571287,-2.836122,beta,beta,11,beta
baron_c005423,7.888092,9.021216,ductal,ductal,5,ductal
baron_c005425,9.342303,8.576296,ductal,ductal,5,ductal
baron_c005426,16.21365,-6.027367,endothelial,endothelial,13,endothelial
baron_c005428,-2.869951,8.771491,alpha,alpha,14,alpha
baron_c005431,6.201961,-1.812632,beta,beta,11,beta
baron_c005433,10.33947,18.14636,acinar,acinar,1,acinar
baron_c005434,9.627779,16.49262,acinar,acinar,1,acinar
baron_c005435,9.571378,18.56578,acinar,acinar,1,acinar
baron_c005436,8.97137,18.18959,acinar,acinar,1,acinar
baron_c005437,9.185696,18.20289,acinar,acinar,1,acinar
baron_c005438,9.490793,15.6489,acinar,acinar,1,acinar
baron_c005439,9.188823,17.4303,acinar,acinar,1,acinar
baron_c005441,10.38102,17.40093,acinar,acinar,1,acinar
baron_c005442,9.856344,17.33487,acinar,acinar,1,acinar
baron_c005443,12.23403,-3.606162,acinar,acinar,4,stellate
baron_c005444,10.30391,17.65044,acinar,acinar,1,acinar
baron_c005446,9.105249,18.15267,acinar,acinar,1,acinar
baron_c005449,9.443348,18.96212,acinar,acinar,1,acinar
baron_c005451,9.145534,18.77068,acinar,acinar,1,acinar
baron_c005454,8.533351,18.60786,acinar,acinar,1,acinar
baron_c005456,10.04188,17.20892,acinar,acinar,1,acinar
baron_c005458,8.463193,17.69639,acinar,acinar,1,acinar
baron_c005459,8.859763,17.75369,acinar,acinar,1,acinar
baron_c005460,9.349073,17.82288,acinar,acinar,1,acinar
baron_c005461,9.958222,16.37769,acinar,acinar,1,acinar
baron_c005462,9.295616,18.12655,acinar,acinar,1,acinar
baron_c005463,9.736959,18.31925,acinar,acinar,1,acinar
baron_c005464,-1.325673,7.825852,alpha,alpha,14,alpha
baron_c005465,7.978156,17.40276,acinar,acinar,1,acinar
baron_c005466,12.77155,1.754912,delta,delta,3,delta
baron_c005467,8.240475,17.24513,acinar,acinar,1,acinar
baron_c005469,8.381986,15.8037,acinar,acinar,1,acinar
baron_c005471,10.08176,17.4624,acinar,acinar,1,acinar
baron_c005472,9.457224,17.42818,acinar,acinar,1,acinar
baron_c005473,9.34768,15.25835,acinar,acinar,1,acinar
baron_c005475,8.245898,16.88243,acinar,acinar,1,acinar
baron_c005478,8.790984,18.02727,acinar,acinar,1,acinar
baron_c005480,8.121204,15.38195,acinar,acinar,1,acinar
baron_c005481,8.687242,18.04177,acinar,acinar,1,acinar
baron_c005484,5.522173,-0.613915,beta,beta,11,beta
baron_c005485,8.331064,16.14971,acinar,acinar,1,acinar
baron_c005486,5.632436,-1.142957,beta,beta,11,beta
baron_c005488,8.087097,16.4823,acinar,acinar,1,acinar
baron_c005489,9.611397,19.11805,acinar,acinar,1,acinar
baron_c005490,8.162259,18.20082,acinar,acinar,1,acinar
baron_c005492,10.22749,16.09796,acinar,acinar,1,acinar
baron_c005495,8.547343,16.12496,acinar,acinar,1,acinar
baron_c005496,9.657314,17.56016,acinar,acinar,1,acinar
baron_c005498,9.501118,17.01684,acinar,acinar,1,acinar
baron_c005499,6.772495,16.48513,acinar,acinar,0,acinar
baron_c005500,9.077357,15.85782,acinar,acinar,1,acinar
baron_c005502,10.06584,17.33535,acinar,acinar,1,acinar
baron_c005504,8.408586,16.3724,acinar,acinar,1,acinar
baron_c005505,8.945852,19.01646,acinar,acinar,1,acinar
baron_c005506,9.789383,18.90516,acinar,acinar,1,acinar
baron_c005508,12.31105,-3.580929,acinar,acinar,4,stellate
baron_c005510,9.782868,17.07298,acinar,acinar,1,acinar
baron_c005511,8.965837,15.18394,acinar,acinar,1,acinar
baron_c005512,9.055348,17.70728,acinar,acinar,1,acinar
baron_c005513,8.379152,17.38087,acinar,acinar,1,acinar
baron_c005514,8.585987,17.85275,acinar,acinar,1,acinar
baron_c005516,8.73062,17.03903,acinar,acinar,1,acinar
baron_c005517,10.08919,17.73326,acinar,acinar,1,acinar
baron_c005520,9.331485,16.12524,acinar,acinar,1,acinar
baron_c005521,8.274782,17.79432,acinar,acinar,1,acinar
baron_c005522,10.21974,18.01862,acinar,acinar,1,acinar
baron_c005527,9.89288,17.76109,acinar,acinar,1,acinar
baron_c005529,-1.062416,7.82103,alpha,alpha,14,alpha
baron_c005530,10.4816,17.96467,acinar,acinar,1,acinar
baron_c005535,8.86272,16.04859,acinar,acinar,1,acinar
baron_c005536,-3.527873,6.853412,alpha,alpha,14,alpha
baron_c005537,4.884668,-0.2779256,beta,beta,11,beta
baron_c005539,4.877369,-1.92813,beta,beta,11,beta
baron_c005540,5.130885,-2.490749,beta,beta,11,beta
baron_c005541,8.623828,15.99564,acinar,acinar,1,acinar
baron_c005542,8.375786,7.825702,ductal,ductal,5,ductal
baron_c005545,8.908299,16.05786,acinar,acinar,1,acinar
baron_c005546,-0.3680433,8.135248,alpha,alpha,14,alpha
baron_c005547,-1.889796,9.018717,alpha,alpha,14,alpha
baron_c005548,-4.121899,7.212028,alpha,alpha,14,alpha
baron_c005549,12.81583,-3.69295,activated_stellate,stellate,4,stellate
baron_c005550,10.04899,17.06403,acinar,acinar,1,acinar
baron_c005551,9.059317,17.1909,acinar,acinar,1,acinar
baron_c005553,5.330818,-2.616795,beta,beta,11,beta
baron_c005556,4.043409,-1.168046,beta,beta,11,beta
baron_c005559,-3.654518,6.818185,alpha,alpha,14,alpha
baron_c005560,8.10447,17.46702,acinar,acinar,1,acinar
baron_c005565,-0.6204479,8.347906,alpha,alpha,14,alpha
baron_c005566,13.0878,-4.31362,activated_stellate,stellate,4,stellate
baron_c005567,8.321078,16.41285,acinar,acinar,1,acinar
baron_c005568,5.249324,-2.334823,beta,beta,11,beta
baron_c005569,5.053421,-2.163933,beta,beta,11,beta
baron_c005570,4.854634,-1.444519,beta,beta,11,beta
baron_c005572,4.576232,-0.1329309,beta,beta,11,beta
baron_c005573,4.882329,0.1133045,beta,beta,11,beta
baron_c005575,9.691752,18.84462,acinar,acinar,1,acinar
baron_c005577,8.568707,17.76663,acinar,acinar,1,acinar
baron_c005578,14.84103,-5.901469,endothelial,endothelial,13,endothelial
baron_c005579,-2.109543,7.61277,alpha,alpha,14,alpha
baron_c005580,4.602403,0.3500769,beta,beta,11,beta
baron_c005582,3.818329,-0.2022323,beta,beta,11,beta
baron_c005584,10.28442,16.39886,acinar,acinar,1,acinar
baron_c005585,5.773133,-2.054191,beta,beta,11,beta
baron_c005586,12.93049,-3.771627,activated_stellate,stellate,4,stellate
baron_c005588,8.992535,17.64221,acinar,acinar,1,acinar
baron_c005589,8.021119,17.49528,acinar,acinar,1,acinar
baron_c005592,9.9787,17.24729,acinar,acinar,1,acinar
baron_c005593,5.578094,-0.8152533,beta,beta,11,beta
baron_c005595,8.057362,16.29439,acinar,acinar,1,acinar
baron_c005597,5.29611,-1.892473,beta,beta,11,beta
baron_c005598,7.785815,16.94559,acinar,acinar,1,acinar
baron_c005600,9.814604,17.19282,acinar,acinar,1,acinar
baron_c005602,10.18145,18.25013,acinar,acinar,1,acinar
baron_c005603,-0.7688434,7.310708,alpha,alpha,14,alpha
baron_c005604,9.022062,7.295018,ductal,ductal,5,ductal
baron_c005605,9.961951,17.61986,acinar,acinar,1,acinar
baron_c005606,8.121153,15.86648,acinar,acinar,1,acinar
baron_c005607,12.56964,-3.300617,activated_stellate,stellate,4,stellate
baron_c005608,10.06356,16.69797,acinar,acinar,1,acinar
baron_c005609,9.413429,16.90054,acinar,acinar,1,acinar
baron_c005611,9.018946,16.01996,acinar,acinar,1,acinar
baron_c005612,10.3881,17.7206,acinar,acinar,1,acinar
baron_c005613,4.395802,-2.043435,beta,beta,11,beta
baron_c005614,13.00545,-3.291975,activated_stellate,stellate,4,stellate
baron_c005615,-1.590082,8.062431,alpha,alpha,14,alpha
baron_c005616,5.560611,0.01562,beta,beta,11,beta
baron_c005617,1.29156,-3.698354,beta,beta,18,beta
baron_c005618,8.530285,15.25132,acinar,acinar,1,acinar
baron_c005619,4.46348,-1.752054,beta,beta,11,beta
baron_c005620,9.738304,15.64757,acinar,acinar,1,acinar
baron_c005621,-3.326002,9.103709,alpha,alpha,14,alpha
baron_c005622,5.923021,-1.231327,beta,beta,11,beta
baron_c005623,8.062038,16.88736,acinar,acinar,1,acinar
baron_c005624,7.976704,16.93868,acinar,acinar,1,acinar
baron_c005626,8.961716,15.69725,acinar,acinar,1,acinar
baron_c005627,10.28467,18.14286,acinar,acinar,1,acinar
baron_c005628,-1.304766,9.388829,alpha,alpha,14,alpha
baron_c005630,8.313651,17.59348,acinar,acinar,1,acinar
baron_c005631,5.122051,-0.2760728,beta,beta,11,beta
baron_c005632,5.182779,0.3201475,beta,beta,11,beta
baron_c005633,7.531592,16.83572,acinar,acinar,1,acinar
baron_c005634,6.091676,-2.322995,beta,beta,11,beta
baron_c005638,4.811473,0.133639,beta,beta,11,beta
baron_c005642,5.328186,-0.4475327,beta,beta,11,beta
baron_c005643,12.0169,1.999362,delta,delta,3,delta
baron_c005644,-1.339447,6.683959,alpha,alpha,14,alpha
baron_c005645,16.52655,-5.687098,endothelial,endothelial,13,endothelial
baron_c005646,8.611319,15.02954,acinar,acinar,1,acinar
baron_c005647,3.505803,-0.8952206,beta,beta,11,beta
baron_c005648,-3.922563,7.454434,alpha,alpha,14,alpha
baron_c005649,-3.754338,7.542666,alpha,alpha,14,alpha
baron_c005652,8.929167,18.05084,acinar,acinar,1,acinar
baron_c005653,8.236368,14.77013,acinar,acinar,17,ductal
baron_c005654,-1.45454,9.880297,alpha,alpha,14,alpha
baron_c005655,9.974318,16.55278,acinar,acinar,1,acinar
baron_c005656,8.432627,8.503712,ductal,ductal,5,ductal
baron_c005658,9.781054,16.14977,acinar,acinar,1,acinar
baron_c005659,7.843912,16.08819,acinar,acinar,1,acinar
baron_c005661,8.577088,17.35113,acinar,acinar,1,acinar
baron_c005662,8.424168,8.608607,ductal,ductal,5,ductal
baron_c005663,7.063142,17.59241,acinar,acinar,1,acinar
baron_c005665,7.16356,16.76307,acinar,acinar,0,acinar
baron_c005667,10.41903,17.78696,acinar,acinar,1,acinar
baron_c005669,-5.383723,16.49005,gamma,gamma,9,gamma
baron_c005670,4.961189,-0.8494791,beta,beta,11,beta
baron_c005671,4.502477,-0.8852569,beta,beta,11,beta
baron_c005672,-4.596808,7.63195,alpha,alpha,14,alpha
baron_c005673,9.288136,17.16159,acinar,acinar,1,acinar
baron_c005674,-2.869745,7.857474,alpha,alpha,14,alpha
baron_c005675,9.388807,18.18279,acinar,acinar,1,acinar
baron_c005676,8.580427,10.27496,ductal,ductal,8,ductal
baron_c005677,-2.128869,6.904665,alpha,alpha,14,alpha
baron_c005678,4.630141,-0.5099488,beta,beta,11,beta
baron_c005679,4.78171,-0.1998626,beta,beta,11,beta
baron_c005680,4.244128,-1.438335,beta,beta,11,beta
baron_c005682,8.873933,6.813075,ductal,ductal,5,ductal
baron_c005683,4.857645,-2.846293,beta,beta,11,beta
baron_c005684,9.553381,8.138617,ductal,ductal,5,ductal
baron_c005685,4.889796,0.5385774,beta,beta,11,beta
baron_c005686,5.991226,-1.13008,beta,beta,11,beta
baron_c005688,4.412371,-1.0139,beta,beta,11,beta
baron_c005690,9.485237,15.24201,acinar,acinar,1,acinar
baron_c005691,5.227201,0.4608737,beta,beta,11,beta
baron_c005692,5.675064,-0.4272327,beta,beta,11,beta
baron_c005694,9.849505,16.58527,acinar,acinar,1,acinar
baron_c005697,12.74613,-3.741073,activated_stellate,stellate,4,stellate
baron_c005698,16.1915,-6.262186,acinar,acinar,13,endothelial
baron_c005700,7.219003,17.22633,acinar,acinar,1,acinar
baron_c005701,5.452796,-0.2650777,beta,beta,11,beta
baron_c005702,5.916152,-0.756987,beta,beta,11,beta
baron_c005703,8.760932,8.476667,ductal,ductal,5,ductal
baron_c005705,-1.542583,9.775209,alpha,alpha,14,alpha
baron_c005706,11.35384,1.659067,delta,delta,3,delta
baron_c005708,9.588721,17.51219,acinar,acinar,1,acinar
baron_c005709,-2.185233,9.212728,alpha,alpha,14,alpha
baron_c005710,9.503746,8.599689,ductal,ductal,5,ductal
baron_c005712,-3.672493,7.81062,alpha,alpha,14,alpha
baron_c005713,-1.053795,8.647882,alpha,alpha,14,alpha
baron_c005714,2.193105,-1.580226,beta,beta,18,beta
baron_c005715,12.17347,-3.677626,activated_stellate,stellate,4,stellate
baron_c005716,7.452067,17.28418,acinar,acinar,1,acinar
baron_c005717,12.10392,1.388669,delta,delta,3,delta
baron_c005719,-1.460211,6.999881,alpha,alpha,14,alpha
baron_c005720,7.390071,8.76138,ductal,ductal,5,ductal
baron_c005721,10.42566,16.19991,acinar,acinar,1,acinar
baron_c005723,-2.599878,7.383679,alpha,alpha,14,alpha
baron_c005724,14.95452,-6.041876,endothelial,endothelial,13,endothelial
baron_c005725,7.979253,17.84755,acinar,acinar,1,acinar
baron_c005726,-3.273315,10.1117,alpha,alpha,14,alpha
baron_c005727,-2.014196,8.716458,alpha,alpha,14,alpha
baron_c005728,9.868385,17.21515,acinar,acinar,1,acinar
baron_c005729,5.627349,-2.473442,beta,beta,11,beta
baron_c005731,8.725503,8.656524,ductal,ductal,5,ductal
baron_c005732,9.15743,7.332835,ductal,ductal,5,ductal
baron_c005734,8.163494,7.176343,ductal,ductal,5,ductal
baron_c005735,13.70571,1.947993,delta,delta,3,delta
baron_c005736,5.805581,-1.455065,beta,beta,11,beta
baron_c005739,12.5813,1.404411,delta,delta,3,delta
baron_c005741,-3.409385,7.062684,alpha,alpha,14,alpha
baron_c005742,4.10895,-1.485371,beta,beta,11,beta
baron_c005743,15.34509,-6.370923,endothelial,endothelial,13,endothelial
baron_c005745,3.190851,-1.188744,beta,beta,11,beta
baron_c005746,5.632267,-1.13571,beta,beta,11,beta
baron_c005747,-1.447849,8.295245,alpha,alpha,14,alpha
baron_c005748,8.218719,15.03897,acinar,acinar,1,acinar
baron_c005751,-3.441722,8.427283,alpha,alpha,14,alpha
baron_c005753,4.28621,-0.8911162,beta,beta,11,beta
baron_c005756,-0.9298124,13.41996,macrophage,macrophage,19,Unknown
baron_c005757,-2.330076,9.580893,alpha,alpha,14,alpha
baron_c005759,8.589103,7.081381,ductal,ductal,5,ductal
baron_c005760,6.004055,-1.682854,beta,beta,11,beta
baron_c005761,7.995755,7.844857,ductal,ductal,5,ductal
baron_c005762,-1.092658,9.27432,alpha,alpha,14,alpha
baron_c005763,13.59411,2.479786,delta,delta,3,delta
baron_c005764,3.275859,-2.885596,beta,beta,2,beta
baron_c005768,4.832342,-0.8182709,beta,beta,11,beta
baron_c005770,-3.100307,6.470219,alpha,alpha,14,alpha
baron_c005771,9.465989,15.44911,acinar,acinar,1,acinar
baron_c005772,6.463112,-0.2488503,beta,beta,11,beta
baron_c005774,8.475915,9.110109,ductal,ductal,5,ductal
baron_c005775,3.85188,-0.9528469,beta,beta,11,beta
baron_c005776,-2.438589,7.243808,alpha,alpha,14,alpha
baron_c005777,12.75276,1.666128,delta,delta,3,delta
baron_c005778,-3.278591,7.018569,alpha,alpha,14,alpha
baron_c005779,-3.105638,7.524058,alpha,alpha,14,alpha
baron_c005780,-1.504502,8.735059,alpha,alpha,14,alpha
baron_c005781,11.9214,1.402442,beta,beta,3,delta
baron_c005782,4.274498,-1.053755,beta,beta,11,beta
baron_c005783,5.356053,-0.2892164,beta,beta,11,beta
baron_c005784,-2.008206,10.01573,alpha,alpha,14,alpha
baron_c005787,7.990877,17.88624,acinar,acinar,1,acinar
baron_c005789,-4.387773,7.224783,alpha,alpha,14,alpha
baron_c005790,-3.986613,8.163285,alpha,alpha,14,alpha
baron_c005792,-3.71633,7.897058,alpha,alpha,14,alpha
baron_c005793,8.831706,18.18781,acinar,acinar,1,acinar
baron_c005794,13.01718,1.967641,delta,delta,3,delta
baron_c005795,8.730053,18.68612,acinar,acinar,1,acinar
baron_c005796,3.538448,-2.727177,beta,beta,11,beta
baron_c005797,-2.179111,7.946247,alpha,alpha,14,alpha
baron_c005798,8.808196,7.794894,ductal,ductal,5,ductal
baron_c005801,-3.53856,6.782188,alpha,alpha,14,alpha
baron_c005802,-4.582582,7.08191,alpha,alpha,14,alpha
baron_c005803,4.770339,-0.9781593,beta,beta,11,beta
baron_c005805,-4.893627,16.8836,gamma,gamma,9,gamma
baron_c005807,15.10841,-6.310431,endothelial,endothelial,13,endothelial
baron_c005808,-4.491391,8.424167,alpha,alpha,14,alpha
baron_c005809,4.807513,-2.351798,beta,beta,11,beta
baron_c005810,-3.79501,7.325059,alpha,alpha,14,alpha
baron_c005811,12.64321,2.048985,delta,delta,3,delta
baron_c005812,4.435288,-0.2044322,beta,beta,11,beta
baron_c005813,12.27681,1.98012,delta,delta,3,delta
baron_c005814,8.47119,9.150721,ductal,ductal,5,ductal
baron_c005817,9.432336,16.77182,acinar,acinar,1,acinar
baron_c005819,3.906084,-1.489669,beta,beta,11,beta
baron_c005820,7.860098,9.555241,ductal,ductal,5,ductal
baron_c005821,4.702536,-1.987144,beta,beta,11,beta
baron_c005822,-0.6260706,7.528053,alpha,alpha,14,alpha
baron_c005823,4.074223,-1.6327,beta,beta,11,beta
baron_c005824,8.433144,7.004589,ductal,ductal,5,ductal
baron_c005826,-2.17027,6.996797,alpha,alpha,14,alpha
baron_c005827,6.325787,-1.258554,beta,beta,11,beta
baron_c005828,8.811651,16.68923,acinar,acinar,1,acinar
baron_c005831,-4.324406,6.917648,alpha,alpha,14,alpha
baron_c005832,-4.311052,8.350551,alpha,alpha,14,alpha
baron_c005833,4.061177,-0.2344611,beta,beta,11,beta
baron_c005836,-2.174087,8.320905,alpha,alpha,14,alpha
baron_c005837,-0.8002762,6.190794,alpha,alpha,14,alpha
baron_c005838,8.991307,17.00209,acinar,acinar,1,acinar
baron_c005839,8.601925,8.515181,ductal,ductal,5,ductal
baron_c005840,5.233354,-0.9970901,beta,beta,11,beta
baron_c005841,9.023468,8.11773,ductal,ductal,5,ductal
baron_c005842,-0.8157067,6.520935,alpha,alpha,14,alpha
baron_c005843,4.709087,-2.347268,beta,beta,11,beta
baron_c005844,5.551267,-2.111129,beta,beta,11,beta
baron_c005846,6.030125,-1.525522,beta,beta,11,beta
baron_c005847,8.487378,15.631,acinar,acinar,1,acinar
baron_c005849,8.510225,8.598063,ductal,ductal,5,ductal
baron_c005850,4.211093,-0.3725339,beta,beta,11,beta
baron_c005851,5.104782,-2.721447,beta,beta,11,beta
baron_c005852,8.983685,7.585328,ductal,ductal,5,ductal
baron_c005853,-1.235996,9.463276,alpha,alpha,14,alpha
baron_c005854,5.983209,0.2412416,beta,beta,11,beta
baron_c005855,-2.962252,6.655025,alpha,alpha,14,alpha
baron_c005856,-4.279067,7.381099,alpha,alpha,14,alpha
baron_c005857,-2.816676,6.687354,alpha,alpha,14,alpha
baron_c005858,-2.159881,7.218101,alpha,alpha,14,alpha
baron_c005859,-4.546219,7.594638,alpha,alpha,14,alpha
baron_c005861,3.589786,-2.283171,beta,beta,11,beta
baron_c005863,-2.002696,9.900362,alpha,alpha,14,alpha
baron_c005864,5.04655,-0.6716479,beta,beta,11,beta
baron_c005865,15.07509,-6.168061,endothelial,endothelial,13,endothelial
baron_c005866,-0.970512,7.643162,alpha,alpha,14,alpha
baron_c005867,5.126207,-2.795508,beta,beta,11,beta
baron_c005868,-0.8814729,8.115282,alpha,alpha,14,alpha
baron_c005869,9.45175,8.125118,ductal,ductal,5,ductal
baron_c005870,15.12697,-6.160199,endothelial,endothelial,13,endothelial
baron_c005871,-3.967689,9.147235,alpha,alpha,14,alpha
baron_c005872,8.092217,17.50664,acinar,acinar,1,acinar
baron_c005874,12.89616,-4.020595,activated_stellate,stellate,4,stellate
baron_c005875,-4.055829,8.074969,alpha,alpha,14,alpha
baron_c005877,6.374712,-0.1948307,beta,beta,11,beta
baron_c005878,-4.149246,7.501484,alpha,alpha,14,alpha
baron_c005880,-2.899038,6.630951,alpha,alpha,14,alpha
baron_c005881,9.162509,8.624301,ductal,ductal,5,ductal
baron_c005882,11.99858,2.15799,delta,delta,3,delta
baron_c005883,-3.631629,7.595862,alpha,alpha,14,alpha
baron_c005888,-4.148084,8.462801,alpha,alpha,14,alpha
baron_c005889,-3.454946,9.221964,alpha,alpha,14,alpha
baron_c005891,7.909396,7.798454,ductal,ductal,5,ductal
baron_c005892,-4.408812,7.332665,alpha,alpha,14,alpha
baron_c005893,6.709306,9.990993,ductal,ductal,17,ductal
baron_c005894,-1.154128,7.644718,alpha,alpha,14,alpha
baron_c005895,-4.548325,8.605726,alpha,alpha,14,alpha
baron_c005896,5.125612,-3.261467,beta,beta,11,beta
baron_c005897,4.932759,-3.166558,beta,beta,11,beta
baron_c005898,4.527913,-0.1941681,beta,beta,11,beta
baron_c005900,-3.358367,7.396413,alpha,alpha,14,alpha
baron_c005901,-2.629716,7.758363,alpha,alpha,14,alpha
baron_c005902,-1.976335,9.948542,alpha,alpha,14,alpha
baron_c005903,9.463029,7.727417,ductal,ductal,5,ductal
baron_c005904,-3.9624,7.803272,alpha,alpha,14,alpha
baron_c005905,7.98986,18.36357,acinar,acinar,1,acinar
baron_c005907,4.417572,0.08410994,beta,beta,11,beta
baron_c005908,3.436129,-2.643905,beta,beta,11,beta
baron_c005909,13.45019,1.825834,delta,delta,3,delta
baron_c005910,7.917128,17.62228,acinar,acinar,1,acinar
baron_c005911,-3.919322,9.110796,alpha,alpha,14,alpha
baron_c005912,-1.487035,7.009993,alpha,alpha,14,alpha
baron_c005914,-3.445534,8.774211,alpha,alpha,14,alpha
baron_c005916,-2.657289,9.531474,gamma,gamma,14,alpha
baron_c005919,4.93627,-2.555466,beta,beta,11,beta
baron_c005923,8.618503,8.107442,ductal,ductal,5,ductal
baron_c005924,-3.292005,8.145513,alpha,alpha,14,alpha
baron_c005925,2.822172,-2.351799,beta,beta,18,beta
baron_c005926,-3.874463,8.292712,alpha,alpha,14,alpha
baron_c005927,9.073928,17.70139,acinar,acinar,1,acinar
baron_c005928,9.198714,7.869914,ductal,ductal,5,ductal
baron_c005930,-3.544172,6.749989,alpha,alpha,14,alpha
baron_c005931,-0.5205237,8.58353,alpha,alpha,14,alpha
baron_c005934,-3.204812,8.834542,alpha,alpha,14,alpha
baron_c005937,-0.5583671,8.418462,alpha,alpha,14,alpha
baron_c005939,4.299109,-0.4463563,beta,beta,11,beta
baron_c005940,-3.584945,8.843402,alpha,alpha,14,alpha
baron_c005941,-0.9652531,8.243323,alpha,alpha,14,alpha
baron_c005942,-3.894022,7.23834,alpha,alpha,14,alpha
baron_c005943,-2.028307,9.092082,alpha,alpha,14,alpha
baron_c005944,-0.9721996,7.475946,alpha,alpha,14,alpha
baron_c005945,-2.289165,8.980525,alpha,alpha,14,alpha
baron_c005948,12.51162,-3.598238,activated_stellate,stellate,4,stellate
baron_c005949,15.38851,-6.212376,endothelial,endothelial,13,endothelial
baron_c005950,12.77787,-3.075337,activated_stellate,stellate,4,stellate
baron_c005951,13.18806,-4.373255,activated_stellate,stellate,4,stellate
baron_c005953,6.948573,10.02301,ductal,ductal,17,ductal
baron_c005955,12.75841,-3.539997,activated_stellate,stellate,4,stellate
baron_c005956,8.133436,8.253994,ductal,ductal,5,ductal
baron_c005959,5.80835,-0.03047246,beta,beta,11,beta
baron_c005960,8.97917,7.257613,ductal,ductal,5,ductal
baron_c005961,-4.932627,15.44924,gamma,gamma,9,gamma
baron_c005962,12.94916,-3.68616,activated_stellate,stellate,4,stellate
baron_c005963,6.65584,-0.5447608,beta,beta,11,beta
baron_c005964,11.49432,1.609542,delta,delta,3,delta
baron_c005967,-1.711705,8.171222,alpha,alpha,14,alpha
baron_c005968,9.20982,15.55879,acinar,acinar,1,acinar
baron_c005969,9.182508,18.46281,acinar,acinar,1,acinar
baron_c005971,-1.519004,6.604798,alpha,alpha,14,alpha
baron_c005972,7.610123,8.32246,ductal,ductal,5,ductal
baron_c005973,12.00101,1.401791,ductal,ductal,3,delta
baron_c005974,4.543879,-2.791787,beta,beta,11,beta
baron_c005975,-3.44608,9.213902,alpha,alpha,14,alpha
baron_c005976,-0.4532051,8.054997,alpha,alpha,14,alpha
baron_c005977,-1.682575,8.420925,alpha,alpha,14,alpha
baron_c005978,7.216881,10.10371,ductal,ductal,17,ductal
baron_c005979,9.375667,8.077169,ductal,ductal,5,ductal
baron_c005980,-2.669929,8.087038,alpha,alpha,14,alpha
baron_c005981,5.390284,-1.921009,beta,beta,11,beta
baron_c005983,7.143158,17.22974,acinar,acinar,1,acinar
baron_c005984,-2.698781,7.006004,alpha,alpha,14,alpha
baron_c005986,12.6773,-3.613014,activated_stellate,stellate,4,stellate
baron_c005987,4.794599,-0.3610174,beta,beta,11,beta
baron_c005988,6.07343,-1.869088,beta,beta,11,beta
baron_c005989,-1.648979,7.861046,alpha,alpha,14,alpha
baron_c005990,8.894187,7.736745,ductal,ductal,5,ductal
baron_c005991,-2.175693,9.34797,alpha,alpha,14,alpha
baron_c005992,8.4149,15.9832,acinar,acinar,1,acinar
baron_c005993,-2.888517,9.740527,alpha,alpha,14,alpha
baron_c005994,-5.075689,16.63333,gamma,gamma,9,gamma
baron_c005995,11.12962,1.406439,delta,delta,3,delta
baron_c005996,12.57567,-3.776762,activated_stellate,stellate,4,stellate
baron_c005997,-0.3584355,7.513937,alpha,alpha,14,alpha
baron_c005998,-1.468778,8.29337,alpha,alpha,14,alpha
baron_c005999,-2.604539,7.20119,alpha,alpha,14,alpha
baron_c006000,-0.5225363,7.74726,alpha,alpha,14,alpha
baron_c006002,8.075855,17.04586,acinar,acinar,1,acinar
baron_c006003,-3.193403,6.844371,alpha,alpha,14,alpha
baron_c006004,6.738473,-0.0412286,delta,delta,11,beta
baron_c006006,5.663169,-1.707306,beta,beta,11,beta
baron_c006008,8.404804,7.684093,ductal,ductal,5,ductal
baron_c006009,-0.9408507,7.838796,alpha,alpha,14,alpha
baron_c006010,-3.849385,6.990086,alpha,alpha,14,alpha
baron_c006012,-3.026436,8.091611,alpha,alpha,14,alpha
baron_c006014,-3.84044,7.911552,alpha,alpha,14,alpha
baron_c006015,5.914543,-0.01851873,beta,beta,11,beta
baron_c006016,11.8822,1.891064,delta,delta,3,delta
baron_c006019,-3.86093,9.063097,alpha,alpha,14,alpha
baron_c006020,9.527123,7.628192,ductal,ductal,5,ductal
baron_c006021,5.062139,-2.933048,beta,beta,11,beta
baron_c006022,-2.937444,9.893303,alpha,alpha,14,alpha
baron_c006026,5.128611,-1.069436,beta,beta,11,beta
baron_c006027,-2.763458,8.305071,alpha,alpha,14,alpha
baron_c006028,15.6131,-5.837168,endothelial,endothelial,13,endothelial
baron_c006029,6.676097,9.931696,ductal,ductal,17,ductal
baron_c006030,-3.701194,8.228347,alpha,alpha,14,alpha
baron_c006031,-0.9835702,8.340121,alpha,alpha,14,alpha
baron_c006033,-4.348989,7.625312,alpha,alpha,14,alpha
baron_c006035,8.849855,15.91639,acinar,acinar,1,acinar
baron_c006037,6.420777,-0.3565358,beta,beta,11,beta
baron_c006038,-3.307641,9.481984,alpha,alpha,14,alpha
baron_c006040,12.80306,-3.6686,activated_stellate,stellate,4,stellate
baron_c006041,-2.348727,9.92777,alpha,alpha,14,alpha
baron_c006042,8.296286,18.1297,acinar,acinar,1,acinar
baron_c006043,-2.530194,9.239274,alpha,alpha,14,alpha
baron_c006045,10.22248,16.29318,acinar,acinar,1,acinar
baron_c006049,11.87916,-4.118187,acinar,acinar,4,stellate
baron_c006050,-4.114083,7.796525,alpha,alpha,14,alpha
baron_c006051,-1.123326,7.198522,alpha,alpha,14,alpha
baron_c006052,10.71624,1.221912,alpha,alpha,3,delta
baron_c006054,-3.162279,9.37446,alpha,alpha,14,alpha
baron_c006056,-2.327375,7.15261,alpha,alpha,14,alpha
baron_c006057,11.34756,1.529615,delta,delta,3,delta
baron_c006058,8.79383,8.745881,ductal,ductal,5,ductal
baron_c006059,-2.277266,7.948787,alpha,alpha,14,alpha
baron_c006061,5.579007,-2.51105,beta,beta,11,beta
baron_c006062,-0.7083335,6.862026,alpha,alpha,14,alpha
baron_c006064,-2.950479,6.689662,alpha,alpha,14,alpha
baron_c006065,-1.594664,7.336845,alpha,alpha,14,alpha
baron_c006067,-3.438447,8.73462,alpha,alpha,14,alpha
baron_c006068,-1.266179,6.644048,alpha,alpha,14,alpha
baron_c006069,8.727266,16.55109,acinar,acinar,1,acinar
baron_c006070,7.548926,10.81793,ductal,ductal,8,ductal
baron_c006071,15.1293,-5.843073,endothelial,endothelial,13,endothelial
baron_c006072,8.365776,8.032565,ductal,ductal,5,ductal
baron_c006075,-1.957724,8.189966,alpha,alpha,14,alpha
baron_c006076,-0.2002486,7.230512,alpha,alpha,14,alpha
baron_c006077,-2.914151,7.06021,alpha,alpha,14,alpha
baron_c006078,9.64274,17.44238,acinar,acinar,1,acinar
baron_c006082,-1.809315,8.037123,alpha,alpha,14,alpha
baron_c006083,8.204664,8.94528,acinar,acinar,5,ductal
baron_c006087,-1.626144,8.696486,alpha,alpha,14,alpha
baron_c006089,-4.291876,7.664827,alpha,alpha,14,alpha
baron_c006091,-1.096068,7.330994,alpha,alpha,14,alpha
baron_c006094,-2.909851,8.352285,alpha,alpha,14,alpha
baron_c006095,-1.059445,7.303773,alpha,alpha,14,alpha
baron_c006096,8.205152,18.30636,acinar,acinar,1,acinar
baron_c006097,12.11187,2.176565,delta,delta,3,delta
baron_c006098,-2.382102,8.242434,alpha,alpha,14,alpha
baron_c006099,-4.727556,8.661705,alpha,alpha,14,alpha
baron_c006101,12.97276,-4.000665,activated_stellate,stellate,4,stellate
baron_c006102,6.482517,-0.4647317,beta,beta,11,beta
baron_c006103,3.483946,-2.043367,beta,beta,11,beta
baron_c006105,12.66983,1.417825,delta,delta,3,delta
baron_c006106,8.870257,7.359293,ductal,ductal,5,ductal
baron_c006107,5.560796,-0.1427301,beta,beta,11,beta
baron_c006108,-2.768831,7.204881,alpha,alpha,14,alpha
baron_c006109,8.957548,7.046827,ductal,ductal,5,ductal
baron_c006110,-2.742066,8.891178,alpha,alpha,14,alpha
baron_c006111,-3.480834,8.430545,alpha,alpha,14,alpha
baron_c006113,-2.891886,9.32435,gamma,gamma,14,alpha
baron_c006114,13.15446,-4.277528,activated_stellate,stellate,4,stellate
baron_c006115,4.865035,-1.650363,beta,beta,11,beta
baron_c006116,9.620755,16.19336,acinar,acinar,1,acinar
baron_c006117,10.28844,17.24058,acinar,acinar,1,acinar
baron_c006118,-5.192644,8.326899,alpha,alpha,20,alpha
baron_c006121,4.230046,-1.741863,beta,beta,11,beta
baron_c006122,6.649647,-0.7669917,beta,beta,11,beta
baron_c006123,-0.525742,6.50565,alpha,alpha,14,alpha
baron_c006124,-6.068754,8.484053,alpha,alpha,20,alpha
baron_c006125,8.381616,8.244497,ductal,ductal,5,ductal
baron_c006126,8.611887,6.988184,ductal,ductal,5,ductal
baron_c006127,12.72913,-3.949183,activated_stellate,stellate,4,stellate
baron_c006128,7.799141,17.49293,acinar,acinar,1,acinar
baron_c006129,5.57051,-0.812229,beta,beta,11,beta
baron_c006130,3.501081,-2.48559,beta,beta,11,beta
baron_c006131,8.673849,16.93911,acinar,acinar,1,acinar
baron_c006132,5.962325,-0.1427165,beta,beta,11,beta
baron_c006134,12.64156,-3.142931,activated_stellate,stellate,4,stellate
baron_c006135,8.672138,18.40754,acinar,acinar,1,acinar
baron_c006137,8.587024,8.515283,ductal,ductal,5,ductal
baron_c006141,4.37835,-1.904529,beta,beta,11,beta
baron_c006142,-0.6947456,8.377846,alpha,alpha,14,alpha
baron_c006143,-2.950476,8.060619,alpha,alpha,14,alpha
baron_c006144,9.161642,15.67858,acinar,acinar,1,acinar
baron_c006145,-2.963179,7.673073,alpha,alpha,14,alpha
baron_c006146,-3.331281,7.271342,alpha,alpha,14,alpha
baron_c006147,-3.454269,7.193448,alpha,alpha,14,alpha
baron_c006149,-3.054712,9.957559,alpha,alpha,14,alpha
baron_c006150,6.117202,-1.096814,beta,beta,11,beta
baron_c006151,8.815055,8.487223,ductal,ductal,5,ductal
baron_c006152,-3.959205,7.573115,alpha,alpha,14,alpha
baron_c006153,-1.349116,8.56101,alpha,alpha,14,alpha
baron_c006154,8.850535,7.446571,ductal,ductal,5,ductal
baron_c006156,8.547492,7.018554,ductal,ductal,5,ductal
baron_c006159,3.693959,-0.818237,beta,beta,11,beta
baron_c006160,8.679541,16.41771,acinar,acinar,1,acinar
baron_c006162,-0.7855031,8.373848,alpha,alpha,14,alpha
baron_c006165,-3.504469,8.372406,alpha,alpha,14,alpha
baron_c006166,12.96457,-3.505751,activated_stellate,stellate,4,stellate
baron_c006167,8.869225,17.41588,acinar,acinar,1,acinar
baron_c006168,8.690235,16.91773,acinar,acinar,1,acinar
baron_c006169,-2.026141,8.60323,alpha,alpha,14,alpha
baron_c006170,8.635813,17.69489,acinar,acinar,1,acinar
baron_c006172,-4.310399,8.898557,alpha,alpha,14,alpha
baron_c006173,3.807471,-1.222937,beta,beta,11,beta
baron_c006175,6.441641,10.46907,ductal,ductal,17,ductal
baron_c006176,15.89708,-6.043618,endothelial,endothelial,13,endothelial
baron_c006177,9.169455,16.84449,acinar,acinar,1,acinar
baron_c006180,7.610641,8.507168,ductal,ductal,5,ductal
baron_c006181,8.7614,8.206405,ductal,ductal,5,ductal
baron_c006182,-0.7287083,6.789528,alpha,alpha,14,alpha
baron_c006183,-5.226257,8.125095,alpha,alpha,14,alpha
baron_c006185,-0.7097478,13.55935,macrophage,macrophage,19,Unknown
baron_c006186,7.898944,8.536194,ductal,ductal,5,ductal
baron_c006187,-3.567046,7.858276,alpha,alpha,14,alpha
baron_c006188,-3.107782,8.381716,alpha,alpha,14,alpha
baron_c006189,-4.524528,8.872721,alpha,alpha,14,alpha
baron_c006190,-0.4407299,7.257485,alpha,alpha,14,alpha
baron_c006191,12.81062,-3.72818,activated_stellate,stellate,4,stellate
baron_c006192,-3.716238,8.605756,alpha,alpha,14,alpha
baron_c006193,-1.545554,8.881818,alpha,alpha,14,alpha
baron_c006194,6.701134,11.53921,ductal,ductal,8,ductal
baron_c006196,-2.412124,8.354158,alpha,alpha,14,alpha
baron_c006198,8.247829,7.355106,ductal,ductal,5,ductal
baron_c006200,-3.365413,6.635045,alpha,alpha,14,alpha
baron_c006202,-3.155416,8.588108,alpha,alpha,14,alpha
baron_c006204,-7.866451,9.693611,alpha,alpha,20,alpha
baron_c006205,-2.240703,7.116801,alpha,alpha,14,alpha
baron_c006206,16.72998,-6.329057,endothelial,endothelial,13,endothelial
baron_c006207,5.282375,-2.526262,beta,beta,11,beta
baron_c006208,4.719999,0.07917312,beta,beta,11,beta
baron_c006209,8.33791,10.1452,ductal,ductal,8,ductal
baron_c006210,4.901247,-0.09388259,beta,beta,11,beta
baron_c006211,-2.091562,9.689982,alpha,alpha,14,alpha
baron_c006212,5.094442,-0.6825771,beta,beta,11,beta
baron_c006213,11.68284,1.214215,delta,delta,3,delta
baron_c006214,10.01771,16.70394,acinar,acinar,1,acinar
baron_c006215,-1.747284,9.179205,alpha,alpha,14,alpha
baron_c006216,9.696679,16.86276,acinar,acinar,1,acinar
baron_c006217,8.683703,9.241861,ductal,ductal,5,ductal
baron_c006218,3.406396,-0.9605746,beta,beta,11,beta
baron_c006219,7.788298,11.44866,ductal,ductal,8,ductal
baron_c006220,-5.098019,16.60113,gamma,gamma,9,gamma
baron_c006221,7.397901,15.77496,acinar,acinar,1,acinar
baron_c006222,4.232803,-1.669532,beta,beta,11,beta
baron_c006223,-3.970603,7.252475,alpha,alpha,14,alpha
baron_c006224,-3.088157,8.729177,alpha,alpha,14,alpha
baron_c006226,3.320427,-0.7764761,beta,beta,11,beta
baron_c006228,-4.369102,8.846996,alpha,alpha,14,alpha
baron_c006229,-3.32884,7.019058,alpha,alpha,14,alpha
baron_c006231,-0.2323285,7.460896,alpha,alpha,14,alpha
baron_c006232,12.44166,1.591781,delta,delta,3,delta
baron_c006233,-4.679525,8.426158,alpha,alpha,14,alpha
baron_c006234,-1.979282,12.56588,mast,mast,19,Unknown
baron_c006235,8.841969,16.33972,acinar,acinar,1,acinar
baron_c006236,-2.857955,7.961479,alpha,alpha,14,alpha
baron_c006238,12.51107,-3.5486,activated_stellate,stellate,4,stellate
baron_c006239,16.37902,-6.71055,endothelial,endothelial,13,endothelial
baron_c006240,4.995476,-0.4695999,beta,beta,11,beta
baron_c006241,9.005581,18.27899,acinar,acinar,1,acinar
baron_c006242,12.30048,1.60052,delta,delta,3,delta
baron_c006245,-1.065125,8.459369,alpha,alpha,14,alpha
baron_c006246,-2.379976,8.932414,alpha,alpha,14,alpha
baron_c006248,16.03871,-6.131073,endothelial,endothelial,13,endothelial
baron_c006249,-2.498053,7.472403,alpha,alpha,14,alpha
baron_c006250,8.247212,16.40738,acinar,acinar,1,acinar
baron_c006252,6.969839,9.944932,ductal,ductal,17,ductal
baron_c006253,-1.970291,10.14853,alpha,alpha,14,alpha
baron_c006254,15.12138,-6.16572,endothelial,endothelial,13,endothelial
baron_c006255,8.393559,9.566048,ductal,ductal,5,ductal
baron_c006256,-2.137104,7.320017,alpha,alpha,14,alpha
baron_c006260,-3.165102,8.395171,alpha,alpha,14,alpha
baron_c006261,11.39579,1.441927,delta,delta,3,delta
baron_c006262,11.84029,-4.944364,quiescent_stellate,stellate,10,stellate
baron_c006263,-4.610139,8.397414,alpha,alpha,14,alpha
baron_c006264,3.627322,-1.643976,beta,beta,11,beta
baron_c006265,7.853248,8.711244,ductal,ductal,5,ductal
baron_c006267,16.28279,-6.279622,endothelial,endothelial,13,endothelial
baron_c006268,-1.706947,6.941267,alpha,alpha,14,alpha
baron_c006272,8.587077,16.50151,acinar,acinar,1,acinar
baron_c006273,16.32763,-5.831645,endothelial,endothelial,13,endothelial
baron_c006274,8.494848,8.492187,ductal,ductal,5,ductal
baron_c006275,-4.772422,8.22249,alpha,alpha,14,alpha
baron_c006276,4.935669,-1.274253,beta,beta,11,beta
baron_c006280,-1.516949,7.067501,alpha,alpha,14,alpha
baron_c006282,3.497544,-1.837089,beta,beta,11,beta
baron_c006283,8.501253,16.55898,acinar,acinar,1,acinar
baron_c006284,3.932829,-1.248579,beta,beta,11,beta
baron_c006285,5.623363,-0.2241,beta,beta,11,beta
baron_c006286,4.135409,-1.812763,beta,beta,11,beta
baron_c006288,12.0804,-4.663132,quiescent_stellate,stellate,10,stellate
baron_c006289,-4.993477,8.27026,alpha,alpha,14,alpha
baron_c006290,7.633598,8.715025,ductal,ductal,5,ductal
baron_c006291,9.255287,8.134167,ductal,ductal,5,ductal
baron_c006292,16.28631,-5.731181,endothelial,endothelial,13,endothelial
baron_c006293,3.94331,-1.825108,beta,beta,11,beta
baron_c006295,16.15621,-6.27327,endothelial,endothelial,13,endothelial
baron_c006297,-2.332561,8.098555,alpha,alpha,14,alpha
baron_c006299,-5.197035,8.74631,alpha,alpha,20,alpha
baron_c006300,-2.746011,7.562709,alpha,alpha,14,alpha
baron_c006302,4.136155,-1.545886,beta,beta,11,beta
baron_c006304,3.778012,-2.325489,beta,beta,11,beta
baron_c006305,3.322535,-0.7977894,beta,beta,11,beta
baron_c006308,8.393167,16.49845,acinar,acinar,1,acinar
baron_c006309,6.282949,-1.342427,beta,beta,11,beta
baron_c006311,3.605983,-2.061611,beta,beta,11,beta
baron_c006312,12.63809,-5.535715,quiescent_stellate,stellate,10,stellate
baron_c006314,16.36364,-5.532398,endothelial,endothelial,13,endothelial
baron_c006315,-1.262091,13.15983,macrophage,macrophage,19,Unknown
baron_c006317,-2.238466,12.28205,mast,mast,19,Unknown
baron_c006319,7.743846,16.29179,acinar,acinar,1,acinar
baron_c006320,6.771086,-0.4589806,beta,beta,11,beta
baron_c006321,15.9827,-5.869913,endothelial,endothelial,13,endothelial
baron_c006322,12.53247,-6.02262,quiescent_stellate,stellate,10,stellate
baron_c006323,4.472808,-1.813813,alpha,alpha,11,beta
baron_c006325,3.426481,-0.9269506,beta,beta,11,beta
baron_c006326,12.02327,-4.998717,quiescent_stellate,stellate,10,stellate
baron_c006328,-2.112014,12.29056,t_cell,t_cell,19,Unknown
baron_c006329,3.779647,-2.434426,beta,beta,11,beta
baron_c006330,15.99443,-6.903298,endothelial,endothelial,13,endothelial
baron_c006332,3.991987,-2.115921,beta,beta,11,beta
baron_c006334,11.89759,1.412043,delta,delta,3,delta
baron_c006337,3.233436,-2.176478,beta,beta,11,beta
baron_c006339,12.41553,1.418034,delta,delta,3,delta
baron_c006340,-0.8037581,13.46441,macrophage,macrophage,19,Unknown
baron_c006341,3.257336,-2.68229,beta,beta,11,beta
baron_c006343,3.371769,-1.324523,beta,beta,11,beta
baron_c006344,4.462033,-0.2510947,beta,beta,11,beta
baron_c006345,16.41828,-6.568141,endothelial,endothelial,13,endothelial
baron_c006346,4.221063,-1.195512,beta,beta,11,beta
baron_c006347,12.95719,-4.208728,activated_stellate,stellate,4,stellate
baron_c006348,3.316286,-1.734367,beta,beta,11,beta
baron_c006349,-2.26856,9.000444,alpha,alpha,14,alpha
baron_c006353,8.535672,7.933324,ductal,ductal,5,ductal
baron_c006354,16.06968,-6.171025,endothelial,endothelial,13,endothelial
baron_c006355,15.68894,-6.725592,endothelial,endothelial,13,endothelial
baron_c006356,4.562348,-2.113877,beta,beta,11,beta
baron_c006357,15.92226,-6.52882,endothelial,endothelial,13,endothelial
baron_c006358,3.525708,-1.326126,beta,beta,11,beta
baron_c006359,4.390248,-1.272962,beta,beta,11,beta
baron_c006360,-3.188759,8.785946,alpha,alpha,14,alpha
baron_c006362,6.341782,-1.001202,beta,beta,11,beta
baron_c006363,16.43761,-6.667699,endothelial,endothelial,13,endothelial
baron_c006365,16.51618,-5.891978,endothelial,endothelial,13,endothelial
baron_c006366,5.21321,-0.8061069,beta,beta,11,beta
baron_c006367,8.561755,17.4409,acinar,acinar,1,acinar
baron_c006368,8.521909,17.26688,acinar,acinar,1,acinar
baron_c006369,9.154452,18.15796,acinar,acinar,1,acinar
baron_c006370,9.569021,18.99009,acinar,acinar,1,acinar
baron_c006371,8.496562,18.60339,acinar,acinar,1,acinar
baron_c006372,8.474028,16.02306,acinar,acinar,1,acinar
baron_c006373,8.04089,17.17547,acinar,acinar,1,acinar
baron_c006374,10.18756,16.40152,acinar,acinar,1,acinar
baron_c006375,8.674219,18.22217,acinar,acinar,1,acinar
baron_c006376,8.897109,17.36092,acinar,acinar,1,acinar
baron_c006378,10.22194,16.44692,acinar,acinar,1,acinar
baron_c006380,8.951531,16.40364,acinar,acinar,1,acinar
baron_c006383,9.466057,16.53155,acinar,acinar,1,acinar
baron_c006384,8.248918,15.77343,acinar,acinar,1,acinar
baron_c006385,8.552257,16.05459,acinar,acinar,1,acinar
baron_c006386,10.5024,17.53643,acinar,acinar,1,acinar
baron_c006388,8.275679,16.98741,acinar,acinar,1,acinar
baron_c006389,10.05418,17.72371,acinar,acinar,1,acinar
baron_c006392,9.41255,18.56901,acinar,acinar,1,acinar
baron_c006393,9.307714,19.16027,acinar,acinar,1,acinar
baron_c006395,9.297595,15.35625,acinar,acinar,1,acinar
baron_c006396,13.65354,1.575915,delta,delta,3,delta
baron_c006397,9.31073,17.14233,acinar,acinar,1,acinar
baron_c006398,9.541457,15.99915,acinar,acinar,1,acinar
baron_c006399,9.807958,17.5029,acinar,acinar,1,acinar
baron_c006400,9.102443,17.37325,acinar,acinar,1,acinar
baron_c006401,9.841875,16.24632,acinar,acinar,1,acinar
baron_c006402,10.115,16.81663,acinar,acinar,1,acinar
baron_c006405,9.675178,15.35906,acinar,acinar,1,acinar
baron_c006406,9.900826,18.66521,beta,beta,1,acinar
baron_c006408,5.308981,0.5975863,beta,beta,11,beta
baron_c006409,9.022774,18.96628,acinar,acinar,1,acinar
baron_c006410,8.61542,15.53363,acinar,acinar,1,acinar
baron_c006411,-0.328383,8.01741,alpha,alpha,14,alpha
baron_c006412,8.52085,17.89984,acinar,acinar,1,acinar
baron_c006413,12.98436,1.905869,delta,delta,3,delta
baron_c006414,8.948149,16.10152,acinar,acinar,1,acinar
baron_c006417,10.00056,18.41518,acinar,acinar,1,acinar
baron_c006423,7.69191,18.19294,acinar,acinar,1,acinar
baron_c006425,9.718454,16.85067,acinar,acinar,1,acinar
baron_c006426,9.204749,16.25492,acinar,acinar,1,acinar
baron_c006427,8.58846,18.67136,acinar,acinar,1,acinar
baron_c006428,8.731042,16.23633,acinar,acinar,1,acinar
baron_c006430,7.747766,16.93535,acinar,acinar,1,acinar
baron_c006432,7.819041,16.84915,acinar,acinar,1,acinar
baron_c006434,9.599183,17.72828,acinar,acinar,1,acinar
baron_c006435,7.182875,15.82629,acinar,acinar,1,acinar
baron_c006439,10.42693,17.53637,acinar,acinar,1,acinar
baron_c006440,9.448531,15.67873,acinar,acinar,1,acinar
baron_c006441,7.887748,16.77733,acinar,acinar,1,acinar
baron_c006442,8.983574,19.08478,acinar,acinar,1,acinar
baron_c006443,9.938159,16.77944,acinar,acinar,1,acinar
baron_c006444,8.808392,18.4697,acinar,acinar,1,acinar
baron_c006445,8.164185,7.95586,ductal,ductal,5,ductal
baron_c006446,8.931873,16.60564,acinar,acinar,1,acinar
baron_c006447,9.139388,18.56847,acinar,acinar,1,acinar
baron_c006448,11.27584,1.758818,delta,delta,3,delta
baron_c006449,9.990704,16.31618,acinar,acinar,1,acinar
baron_c006450,-1.335657,6.466598,alpha,alpha,14,alpha
baron_c006451,8.899168,7.130145,ductal,ductal,5,ductal
baron_c006452,8.461717,16.78043,acinar,acinar,1,acinar
baron_c006453,8.804797,17.52801,acinar,acinar,1,acinar
baron_c006455,-2.806635,6.817217,alpha,alpha,14,alpha
baron_c006456,9.942994,16.88912,acinar,acinar,1,acinar
baron_c006457,10.13293,17.2223,acinar,acinar,1,acinar
baron_c006458,4.921691,-0.05587389,beta,beta,11,beta
baron_c006459,9.036917,17.22385,acinar,acinar,1,acinar
baron_c006462,6.002189,-1.485775,beta,beta,11,beta
baron_c006463,5.164746,-0.3291444,beta,beta,11,beta
baron_c006464,5.485289,-1.01057,beta,beta,11,beta
baron_c006466,7.658788,8.552366,ductal,ductal,5,ductal
baron_c006467,7.085572,17.36478,acinar,acinar,1,acinar
baron_c006468,8.36177,16.76781,acinar,acinar,1,acinar
baron_c006470,11.85446,1.500306,delta,delta,3,delta
baron_c006471,3.884281,-0.5764293,beta,beta,11,beta
baron_c006473,-1.635085,8.231884,alpha,alpha,14,alpha
baron_c006475,9.156348,15.23855,acinar,acinar,1,acinar
baron_c006477,7.699168,17.30897,acinar,acinar,1,acinar
baron_c006478,4.876594,-1.120897,beta,beta,11,beta
baron_c006479,8.581152,17.44624,acinar,acinar,1,acinar
baron_c006480,8.530405,16.25146,acinar,acinar,1,acinar
baron_c006481,8.899599,17.2781,acinar,acinar,1,acinar
baron_c006483,5.52146,-2.705083,beta,beta,11,beta
baron_c006484,13.17645,1.986397,delta,delta,3,delta
baron_c006486,10.26674,16.59966,acinar,acinar,1,acinar
baron_c006487,8.421665,6.86237,ductal,ductal,5,ductal
baron_c006488,8.549479,16.16785,acinar,acinar,1,acinar
baron_c006489,8.627975,16.81358,acinar,acinar,1,acinar
baron_c006490,3.56388,-2.234355,beta,beta,11,beta
baron_c006492,10.07446,17.88991,acinar,acinar,1,acinar
baron_c006493,9.080739,15.68014,acinar,acinar,1,acinar
baron_c006494,9.246283,18.81399,acinar,acinar,1,acinar
baron_c006495,8.962015,16.40246,acinar,acinar,1,acinar
baron_c006496,12.3217,2.220947,delta,delta,3,delta
baron_c006497,9.795063,15.83738,acinar,acinar,1,acinar
baron_c006499,8.197945,17.48239,acinar,acinar,1,acinar
baron_c006501,8.453658,17.63282,acinar,acinar,1,acinar
baron_c006502,4.41607,-0.2197264,beta,beta,11,beta
baron_c006506,5.660947,-0.6685481,beta,beta,11,beta
baron_c006507,5.757107,-2.026008,beta,beta,11,beta
baron_c006509,10.24642,16.20002,acinar,acinar,1,acinar
baron_c006510,12.02915,1.57704,delta,delta,3,delta
baron_c006511,8.807506,8.280438,ductal,ductal,5,ductal
baron_c006512,8.857646,15.57662,acinar,acinar,1,acinar
baron_c006513,9.696645,18.58332,acinar,acinar,1,acinar
baron_c006514,8.556438,16.30536,acinar,acinar,1,acinar
baron_c006516,8.627137,9.355527,ductal,ductal,5,ductal
baron_c006517,-2.087053,9.890283,alpha,alpha,14,alpha
baron_c006518,-1.87609,9.819204,alpha,alpha,14,alpha
baron_c006519,-4.219625,7.79458,alpha,alpha,14,alpha
baron_c006522,-1.931723,9.488147,alpha,alpha,14,alpha
baron_c006523,9.909426,16.59927,acinar,acinar,1,acinar
baron_c006524,13.96876,2.45853,delta,delta,3,delta
baron_c006526,-0.9808898,7.078051,alpha,alpha,14,alpha
baron_c006528,5.84296,-1.871057,beta,beta,11,beta
baron_c006529,5.043211,-1.802785,beta,beta,11,beta
baron_c006530,9.469635,18.3502,acinar,acinar,1,acinar
baron_c006531,9.664531,15.8601,acinar,acinar,1,acinar
baron_c006532,-2.343515,9.450988,alpha,alpha,14,alpha
baron_c006533,7.979081,7.132064,ductal,ductal,5,ductal
baron_c006534,-1.778035,9.012908,alpha,alpha,14,alpha
baron_c006535,6.183425,0.1893999,beta,beta,11,beta
baron_c006536,8.748737,18.34595,acinar,acinar,1,acinar
baron_c006539,9.002802,15.09415,acinar,acinar,1,acinar
baron_c006540,7.917848,7.64641,ductal,ductal,5,ductal
baron_c006541,9.443406,17.41646,acinar,acinar,1,acinar
baron_c006543,8.617185,7.114807,acinar,acinar,5,ductal
baron_c006544,9.367166,7.512779,ductal,ductal,5,ductal
baron_c006545,9.766846,18.36373,acinar,acinar,1,acinar
baron_c006548,10.24681,16.7307,acinar,acinar,1,acinar
baron_c006549,12.31645,2.180031,delta,delta,3,delta
baron_c006552,-3.658014,8.093402,alpha,alpha,14,alpha
baron_c006554,13.37347,1.890321,beta,beta,3,delta
baron_c006555,-3.01,6.984573,alpha,alpha,14,alpha
baron_c006556,9.572625,16.48264,acinar,acinar,1,acinar
baron_c006557,9.061588,7.447849,ductal,ductal,5,ductal
baron_c006558,12.35267,2.21295,delta,delta,3,delta
baron_c006559,5.837864,-0.5675023,beta,beta,11,beta
baron_c006563,8.610808,16.36389,acinar,acinar,1,acinar
baron_c006564,8.988011,17.48793,acinar,acinar,1,acinar
baron_c006565,8.795741,15.17479,acinar,acinar,1,acinar
baron_c006566,7.964475,15.38279,acinar,acinar,1,acinar
baron_c006567,4.385915,-0.9103025,beta,beta,11,beta
baron_c006569,12.66174,2.209301,delta,delta,3,delta
baron_c006570,8.436329,8.898336,ductal,ductal,5,ductal
baron_c006574,4.926427,0.4137864,beta,beta,11,beta
baron_c006575,-4.51273,7.850499,alpha,alpha,14,alpha
baron_c006577,9.265099,16.03177,acinar,acinar,1,acinar
baron_c006578,12.36868,1.730165,delta,delta,3,delta
baron_c006580,8.040384,17.59502,acinar,acinar,1,acinar
baron_c006581,4.922606,0.2693349,beta,beta,11,beta
baron_c006583,-4.28968,8.177978,alpha,alpha,14,alpha
baron_c006584,4.03517,-2.754124,beta,beta,11,beta
baron_c006585,8.958367,18.41162,acinar,acinar,1,acinar
baron_c006588,-3.92143,9.065414,alpha,alpha,14,alpha
baron_c006589,5.546696,-1.176686,beta,beta,11,beta
baron_c006590,8.335987,17.1816,acinar,acinar,1,acinar
baron_c006591,5.032039,-1.02099,beta,beta,11,beta
baron_c006592,5.710166,-2.438,beta,beta,11,beta
baron_c006593,3.653469,-1.246599,beta,beta,11,beta
baron_c006594,8.897717,17.35786,acinar,acinar,1,acinar
baron_c006595,3.485708,-2.222292,beta,beta,11,beta
baron_c006596,13.43418,2.187716,delta,delta,3,delta
baron_c006597,-4.142978,7.31328,alpha,alpha,14,alpha
baron_c006598,8.729798,8.753763,ductal,ductal,5,ductal
baron_c006599,9.775263,16.04868,acinar,acinar,1,acinar
baron_c006600,9.280127,16.33878,acinar,acinar,1,acinar
baron_c006601,13.22532,1.026799,delta,delta,3,delta
baron_c006602,5.536632,-0.5341312,beta,beta,11,beta
baron_c006604,-3.466979,7.49754,alpha,alpha,14,alpha
baron_c006607,-3.303093,8.28056,alpha,alpha,14,alpha
baron_c006609,3.47535,-2.147891,beta,beta,11,beta
baron_c006614,-1.299258,9.32591,alpha,alpha,14,alpha
baron_c006615,8.978203,8.922196,ductal,ductal,5,ductal
baron_c006616,-4.022919,8.049158,alpha,alpha,14,alpha
baron_c006618,-3.709639,7.039215,alpha,alpha,14,alpha
baron_c006619,-1.029759,7.655854,alpha,alpha,14,alpha
baron_c006620,3.75348,-0.3515232,beta,beta,11,beta
baron_c006622,-4.588757,8.241157,alpha,alpha,14,alpha
baron_c006623,4.910456,-2.130317,beta,beta,11,beta
baron_c006624,-1.566176,9.108588,alpha,alpha,14,alpha
baron_c006626,-1.244881,8.645819,alpha,alpha,14,alpha
baron_c006627,-4.749653,17.06783,gamma,gamma,9,gamma
baron_c006628,8.961633,8.11115,ductal,ductal,5,ductal
baron_c006629,5.113798,0.1297963,beta,beta,11,beta
baron_c006631,5.81111,-1.47874,beta,beta,11,beta
baron_c006632,8.523908,9.158577,ductal,ductal,5,ductal
baron_c006633,9.477574,7.387535,ductal,ductal,5,ductal
baron_c006634,5.549384,-1.974808,beta,beta,11,beta
baron_c006635,9.68272,16.94811,acinar,acinar,1,acinar
baron_c006638,9.489694,16.06294,acinar,acinar,1,acinar
baron_c006639,-2.712634,9.579258,alpha,alpha,14,alpha
baron_c006640,9.326546,8.131156,ductal,ductal,5,ductal
baron_c006641,5.230491,-0.6022396,beta,beta,11,beta
baron_c006643,9.094995,18.61229,acinar,acinar,1,acinar
baron_c006645,4.381187,-0.3701346,beta,beta,11,beta
baron_c006646,-2.030084,6.685767,alpha,alpha,14,alpha
baron_c006647,2.021343,-0.2264951,beta,beta,21,beta
baron_c006649,-7.85994,13.14967,epsilon,epsilon,16,epsilon
baron_c006651,5.807585,-1.873525,beta,beta,11,beta
baron_c006655,4.149076,-0.7245533,beta,beta,11,beta
baron_c006657,5.703668,-0.5480689,beta,beta,11,beta
baron_c006658,9.710669,18.17573,acinar,acinar,1,acinar
baron_c006659,5.248206,-0.5997887,beta,beta,11,beta
baron_c006660,-1.532663,7.181605,alpha,alpha,14,alpha
baron_c006662,12.55677,2.025464,delta,delta,3,delta
baron_c006663,-1.800905,7.074605,alpha,alpha,14,alpha
baron_c006664,4.40676,-3.129753,beta,beta,11,beta
baron_c006665,6.12738,-1.282695,beta,beta,11,beta
baron_c006666,9.617683,15.99198,acinar,acinar,1,acinar
baron_c006667,4.830747,-1.40954,beta,beta,11,beta
baron_c006670,-2.967396,6.71482,alpha,alpha,14,alpha
baron_c006671,-1.695489,7.585449,alpha,alpha,14,alpha
baron_c006672,4.593814,-3.027077,beta,beta,11,beta
baron_c006673,8.806767,7.835297,ductal,ductal,5,ductal
baron_c006675,4.994934,-1.201365,beta,beta,11,beta
baron_c006676,-3.177138,7.196893,alpha,alpha,14,alpha
baron_c006677,8.250478,7.657501,ductal,ductal,5,ductal
baron_c006678,4.515604,-1.122411,beta,beta,11,beta
baron_c006679,6.093752,-1.636075,beta,beta,11,beta
baron_c006680,8.676504,7.487051,ductal,ductal,5,ductal
baron_c006681,8.742779,7.445494,ductal,ductal,5,ductal
baron_c006683,8.875238,7.556102,ductal,ductal,5,ductal
baron_c006684,9.490931,18.51057,acinar,acinar,1,acinar
baron_c006685,-2.643984,7.258896,alpha,alpha,14,alpha
baron_c006687,4.020034,-0.752338,beta,beta,11,beta
baron_c006688,11.93274,2.054367,delta,delta,3,delta
baron_c006689,3.737544,-1.038305,beta,beta,11,beta
baron_c006690,3.415057,-1.360646,beta,beta,11,beta
baron_c006692,-2.087901,10.01429,alpha,alpha,14,alpha
baron_c006693,12.4108,-4.5732,activated_stellate,stellate,10,stellate
baron_c006694,-2.809532,8.032499,alpha,alpha,14,alpha
baron_c006695,6.155958,-0.9754139,beta,beta,11,beta
baron_c006697,-1.294649,8.880844,alpha,alpha,14,alpha
baron_c006698,8.367114,8.282101,ductal,ductal,5,ductal
baron_c006700,-1.723225,9.705914,alpha,alpha,14,alpha
baron_c006701,7.52801,8.785532,ductal,ductal,5,ductal
baron_c006704,-3.828813,9.155398,alpha,alpha,14,alpha
baron_c006705,8.38231,8.28136,ductal,ductal,5,ductal
baron_c006706,11.75445,1.375518,delta,delta,3,delta
baron_c006707,6.359017,-0.0148549,beta,beta,11,beta
baron_c006708,11.90563,-3.926791,acinar,acinar,4,stellate
baron_c006710,5.22357,-0.6245711,beta,beta,11,beta
baron_c006712,5.406545,-2.444637,beta,beta,11,beta
baron_c006713,5.493807,-2.447086,beta,beta,11,beta
baron_c006716,5.051588,-0.03468116,beta,beta,11,beta
baron_c006717,-4.357422,8.430588,alpha,alpha,14,alpha
baron_c006718,9.506202,8.815064,ductal,ductal,5,ductal
baron_c006719,12.76945,2.106036,delta,delta,3,delta
baron_c006721,8.402966,17.95277,acinar,acinar,1,acinar
baron_c006723,5.047097,-2.795326,beta,beta,11,beta
baron_c006726,-4.03363,8.77095,alpha,alpha,14,alpha
baron_c006727,8.435088,8.730844,ductal,ductal,5,ductal
baron_c006731,8.007654,16.45915,acinar,acinar,1,acinar
baron_c006732,-0.4434881,8.182158,alpha,alpha,14,alpha
baron_c006733,-3.51902,9.175236,alpha,alpha,14,alpha
baron_c006734,9.427896,15.85281,acinar,acinar,1,acinar
baron_c006735,-4.473648,8.292049,alpha,alpha,14,alpha
baron_c006736,-2.461758,9.611093,alpha,alpha,14,alpha
baron_c006740,3.414701,-0.7777761,beta,beta,11,beta
baron_c006741,-2.760732,7.113678,alpha,alpha,14,alpha
baron_c006742,-2.272219,10.08501,alpha,alpha,14,alpha
baron_c006744,-1.455722,8.560752,alpha,alpha,14,alpha
baron_c006745,12.09149,1.650896,delta,delta,3,delta
baron_c006746,5.33898,0.118262,beta,beta,11,beta
baron_c006747,9.68762,15.64961,acinar,acinar,1,acinar
baron_c006748,-3.924019,6.743933,alpha,alpha,14,alpha
baron_c006751,3.363743,-1.108412,beta,beta,11,beta
baron_c006752,5.935576,-0.7638635,beta,beta,11,beta
baron_c006755,-1.744809,9.378501,alpha,alpha,14,alpha
baron_c006756,-3.513573,8.64227,alpha,alpha,14,alpha
baron_c006757,9.291127,7.811568,ductal,ductal,5,ductal
baron_c006758,4.531547,-2.73296,beta,beta,11,beta
baron_c006759,15.25806,-6.093631,endothelial,endothelial,13,endothelial
baron_c006760,9.296471,7.305652,ductal,ductal,5,ductal
baron_c006761,-2.619455,7.919822,alpha,alpha,14,alpha
baron_c006762,8.64852,7.670828,ductal,ductal,5,ductal
baron_c006764,-6.615199,6.985034,alpha,alpha,12,alpha
baron_c006766,-2.48279,6.929712,alpha,alpha,14,alpha
baron_c006769,8.455123,8.651146,ductal,ductal,5,ductal
baron_c006772,9.590902,18.679,acinar,acinar,1,acinar
baron_c006773,7.392991,16.5345,acinar,acinar,1,acinar
baron_c006775,-4.220305,8.952585,alpha,alpha,14,alpha
baron_c006777,8.710533,7.641321,ductal,ductal,5,ductal
baron_c006780,10.19653,17.69316,acinar,acinar,1,acinar
baron_c006784,9.477679,17.36514,acinar,acinar,1,acinar
baron_c006785,-4.185309,8.641604,alpha,alpha,14,alpha
baron_c006786,3.001538,-1.240481,beta,beta,11,beta
baron_c006787,-4.482316,8.791993,alpha,alpha,14,alpha
baron_c006788,6.002751,-1.845994,beta,beta,11,beta
baron_c006789,-3.724543,7.313416,alpha,alpha,14,alpha
baron_c006791,-1.658746,7.489258,alpha,alpha,14,alpha
baron_c006793,5.49893,-1.745553,beta,beta,11,beta
baron_c006794,-2.482306,8.09956,alpha,alpha,14,alpha
baron_c006796,6.002791,0.4676969,beta,beta,11,beta
baron_c006798,-2.422323,9.50841,alpha,alpha,14,alpha
baron_c006799,-3.180379,7.149286,alpha,alpha,14,alpha
baron_c006800,7.331192,9.859732,ductal,ductal,17,ductal
baron_c006803,-1.73228,8.205629,alpha,alpha,14,alpha
baron_c006804,-2.199832,8.930523,alpha,alpha,14,alpha
baron_c006805,-1.537451,10.04983,alpha,alpha,14,alpha
baron_c006806,-1.491945,9.648592,alpha,alpha,14,alpha
baron_c006807,-1.014731,8.105809,alpha,alpha,14,alpha
baron_c006810,8.895921,8.544216,ductal,ductal,5,ductal
baron_c006811,8.802579,18.03573,acinar,acinar,1,acinar
baron_c006813,8.788301,8.398557,ductal,ductal,5,ductal
baron_c006815,12.43903,-3.401799,activated_stellate,stellate,4,stellate
baron_c006816,6.052016,-0.2073794,beta,beta,11,beta
baron_c006817,-4.849656,16.76258,gamma,gamma,9,gamma
baron_c006818,6.182529,0.3383059,beta,beta,11,beta
baron_c006819,-2.383854,9.115158,alpha,alpha,14,alpha
baron_c006820,-3.633556,9.29682,alpha,alpha,14,alpha
baron_c006821,12.93874,-4.119286,activated_stellate,stellate,4,stellate
baron_c006824,-4.685278,8.423223,alpha,alpha,14,alpha
baron_c006825,9.484245,18.31921,acinar,acinar,1,acinar
baron_c006826,-0.168036,7.797589,alpha,alpha,14,alpha
baron_c006828,5.594746,-2.330908,beta,beta,11,beta
baron_c006829,4.946995,-0.07611418,beta,beta,11,beta
baron_c006830,-4.15118,9.166097,alpha,alpha,14,alpha
baron_c006831,5.767066,-2.313229,beta,beta,11,beta
baron_c006832,9.849592,17.13732,acinar,acinar,1,acinar
baron_c006835,9.407803,8.299246,ductal,ductal,5,ductal
baron_c006836,4.2911,-0.5636166,beta,beta,11,beta
baron_c006837,-1.86726,7.258291,alpha,alpha,14,alpha
baron_c006839,4.491943,-1.272199,beta,beta,11,beta
baron_c006841,2.662987,-1.981481,beta,beta,18,beta
baron_c006842,4.254926,-1.241465,beta,beta,11,beta
baron_c006847,6.220792,-1.253323,beta,beta,11,beta
baron_c006849,-0.7575716,8.362272,alpha,alpha,14,alpha
baron_c006850,-3.990377,7.700825,alpha,alpha,14,alpha
baron_c006851,-2.784586,10.14335,alpha,alpha,14,alpha
baron_c006852,-4.126154,6.747427,alpha,alpha,14,alpha
baron_c006853,8.929861,7.476499,ductal,ductal,5,ductal
baron_c006854,-1.626025,6.555251,alpha,alpha,14,alpha
baron_c006855,9.879128,8.51608,ductal,ductal,5,ductal
baron_c006857,6.905579,10.05018,ductal,ductal,17,ductal
baron_c006858,-2.264241,7.995016,alpha,alpha,14,alpha
baron_c006859,-3.806754,6.978266,alpha,alpha,14,alpha
baron_c006860,8.744617,18.72065,acinar,acinar,1,acinar
baron_c006861,-2.02816,7.612755,alpha,alpha,14,alpha
baron_c006863,3.715157,-1.474852,beta,beta,11,beta
baron_c006864,-3.602912,8.455805,alpha,alpha,14,alpha
baron_c006865,9.14832,9.005883,ductal,ductal,5,ductal
baron_c006866,-2.734581,6.877534,alpha,alpha,14,alpha
baron_c006867,5.761681,-1.841818,beta,beta,11,beta
baron_c006868,7.435098,16.35611,acinar,acinar,1,acinar
baron_c006869,-2.3449,8.168484,alpha,alpha,14,alpha
baron_c006870,4.883857,-2.788143,beta,beta,11,beta
baron_c006872,5.352674,-0.0541798,beta,beta,11,beta
baron_c006876,-2.795378,8.555519,alpha,alpha,14,alpha
baron_c006877,-1.157413,8.656317,alpha,alpha,14,alpha
baron_c006878,8.679105,16.92544,acinar,acinar,1,acinar
baron_c006879,9.359431,9.58988,ductal,ductal,8,ductal
baron_c006881,9.132189,8.805606,ductal,ductal,5,ductal
baron_c006882,-0.5965124,7.22754,alpha,alpha,14,alpha
baron_c006883,9.03806,9.194932,ductal,ductal,5,ductal
baron_c006884,9.472896,16.63644,acinar,acinar,1,acinar
baron_c006886,8.06508,9.118213,ductal,ductal,5,ductal
baron_c006887,-1.536319,9.219126,quiescent_stellate,stellate,14,alpha
baron_c006888,-1.318223,6.790803,alpha,alpha,14,alpha
baron_c006889,-0.4961228,7.632853,alpha,alpha,14,alpha
baron_c006890,7.980433,9.512134,ductal,ductal,8,ductal
baron_c006891,4.803527,-0.6187323,beta,beta,11,beta
baron_c006892,4.929478,-2.202847,beta,beta,11,beta
baron_c006893,-2.762834,7.389738,alpha,alpha,14,alpha
baron_c006894,5.274892,0.2886838,beta,beta,11,beta
baron_c006896,12.71395,-3.41901,activated_stellate,stellate,4,stellate
baron_c006897,11.84289,1.481174,delta,delta,3,delta
baron_c006900,8.103702,9.1478,ductal,ductal,5,ductal
baron_c006901,-3.933687,7.73499,alpha,alpha,14,alpha
baron_c006903,7.966028,17.71779,acinar,acinar,1,acinar
baron_c006904,8.481222,8.003856,ductal,ductal,5,ductal
baron_c006907,4.638253,-0.6121939,beta,beta,11,beta
baron_c006909,5.200582,0.01932753,beta,beta,11,beta
baron_c006910,5.070804,-2.724731,beta,beta,11,beta
baron_c006911,-2.215654,8.09035,alpha,alpha,14,alpha
baron_c006912,-0.4150054,7.190495,alpha,alpha,14,alpha
baron_c006913,5.342819,-2.241265,beta,beta,11,beta
baron_c006915,7.787617,15.74876,acinar,acinar,1,acinar
baron_c006916,16.94308,-5.993357,endothelial,endothelial,13,endothelial
baron_c006917,5.716886,-0.4535766,beta,beta,11,beta
baron_c006918,12.5872,-3.626228,activated_stellate,stellate,4,stellate
baron_c006919,-1.469365,6.479856,alpha,alpha,14,alpha
baron_c006924,-1.288941,8.741357,alpha,alpha,14,alpha
baron_c006925,-0.6528631,6.546142,alpha,alpha,14,alpha
baron_c006926,5.811986,-0.7547576,beta,beta,11,beta
baron_c006927,8.873761,18.70553,acinar,acinar,1,acinar
baron_c006928,-2.387533,9.906286,alpha,alpha,14,alpha
baron_c006929,4.338129,-1.086443,beta,beta,11,beta
baron_c006930,9.214721,8.607856,ductal,ductal,5,ductal
baron_c006931,9.282333,7.789246,ductal,ductal,5,ductal
baron_c006932,8.745458,7.25416,ductal,ductal,5,ductal
baron_c006935,-1.975939,10.19927,alpha,alpha,14,alpha
baron_c006936,6.340674,0.1045193,beta,beta,11,beta
baron_c006937,-1.011766,7.114451,alpha,alpha,14,alpha
baron_c006938,15.27988,-6.283291,endothelial,endothelial,13,endothelial
baron_c006939,-2.500992,10.05081,alpha,alpha,14,alpha
baron_c006941,9.369994,18.74416,acinar,acinar,1,acinar
baron_c006942,13.01867,-4.212123,activated_stellate,stellate,4,stellate
baron_c006944,-1.403505,8.975784,alpha,alpha,14,alpha
baron_c006945,-2.876124,9.478265,alpha,alpha,14,alpha
baron_c006946,-4.145998,7.648329,alpha,alpha,14,alpha
baron_c006948,-1.371072,7.114279,alpha,alpha,14,alpha
baron_c006949,5.557022,-0.3311505,beta,beta,11,beta
baron_c006950,-4.525064,7.810171,alpha,alpha,14,alpha
baron_c006951,4.312705,-0.2749266,beta,beta,11,beta
baron_c006953,-1.388397,7.402697,alpha,alpha,14,alpha
baron_c006955,6.997507,-0.04295262,delta,delta,11,beta
baron_c006956,-2.169279,9.567177,alpha,alpha,14,alpha
baron_c006957,13.16512,-4.269643,activated_stellate,stellate,4,stellate
baron_c006959,13.16468,-4.270188,activated_stellate,stellate,4,stellate
baron_c006960,-3.621515,6.920646,alpha,alpha,14,alpha
baron_c006962,-3.211494,9.320631,alpha,alpha,14,alpha
baron_c006963,9.131689,7.520911,ductal,ductal,5,ductal
baron_c006964,5.32059,-2.093724,beta,beta,11,beta
baron_c006966,-2.787129,9.564607,alpha,alpha,14,alpha
baron_c006967,8.692543,15.3924,acinar,acinar,1,acinar
baron_c006968,-3.333312,6.748875,alpha,alpha,14,alpha
baron_c006969,14.60761,-5.589443,endothelial,endothelial,13,endothelial
baron_c006970,3.785646,-0.8350021,beta,beta,11,beta
baron_c006971,-0.2845665,7.842318,alpha,alpha,14,alpha
baron_c006973,-0.5782914,7.327196,alpha,alpha,14,alpha
baron_c006974,4.949819,-0.845935,beta,beta,11,beta
baron_c006976,8.507321,16.76427,acinar,acinar,1,acinar
baron_c006977,8.551002,15.98301,acinar,acinar,1,acinar
baron_c006980,8.508906,7.132345,ductal,ductal,5,ductal
baron_c006982,3.97464,-2.38308,beta,beta,11,beta
baron_c006983,5.381488,-0.1206116,beta,beta,11,beta
baron_c006985,8.927047,9.129393,ductal,ductal,5,ductal
baron_c006987,-1.814186,8.381169,alpha,alpha,14,alpha
baron_c006989,-5.87634,16.17732,gamma,gamma,9,gamma
baron_c006990,-1.752867,7.520788,alpha,alpha,14,alpha
baron_c006992,9.423175,17.13264,acinar,acinar,1,acinar
baron_c006993,-3.202496,6.733574,alpha,alpha,14,alpha
baron_c006994,-0.5563228,7.946518,alpha,alpha,14,alpha
baron_c006995,-0.894629,7.458498,alpha,alpha,14,alpha
baron_c006996,3.356221,-2.082207,beta,beta,11,beta
baron_c006997,5.591025,-2.456996,beta,beta,11,beta
baron_c006998,4.322814,-1.829063,beta,beta,11,beta
baron_c006999,8.268047,16.98855,acinar,acinar,1,acinar
baron_c007000,-1.044896,8.60207,alpha,alpha,14,alpha
baron_c007003,-0.934195,7.179923,alpha,alpha,14,alpha
baron_c007004,8.207227,10.808,ductal,ductal,8,ductal
baron_c007008,4.195429,0.1608162,beta,beta,11,beta
baron_c007009,8.832812,16.66806,acinar,acinar,1,acinar
baron_c007010,4.701646,-2.935728,beta,beta,11,beta
baron_c007013,9.031512,18.66164,acinar,acinar,1,acinar
baron_c007016,-0.3618132,7.298065,alpha,alpha,14,alpha
baron_c007018,-3.966348,7.045994,alpha,alpha,14,alpha
baron_c007020,-1.659204,7.612827,alpha,alpha,14,alpha
baron_c007021,9.343907,18.73288,acinar,acinar,1,acinar
baron_c007023,5.594271,-1.377371,beta,beta,11,beta
baron_c007024,-2.274009,7.760385,alpha,alpha,14,alpha
baron_c007026,-3.528849,7.222631,alpha,alpha,14,alpha
baron_c007028,9.382051,17.12368,acinar,acinar,1,acinar
baron_c007029,6.365475,-0.6288517,beta,beta,11,beta
baron_c007031,9.607598,17.31805,acinar,acinar,1,acinar
baron_c007032,-3.683767,7.474945,alpha,alpha,14,alpha
baron_c007033,8.488564,15.74063,acinar,acinar,1,acinar
baron_c007034,-2.021133,7.629295,alpha,alpha,14,alpha
baron_c007035,-1.988672,7.258566,alpha,alpha,14,alpha
baron_c007036,9.001064,7.264874,ductal,ductal,5,ductal
baron_c007037,5.106868,-1.054703,beta,beta,11,beta
baron_c007040,-0.4505571,7.861176,alpha,alpha,14,alpha
baron_c007041,12.67381,-3.399335,activated_stellate,stellate,4,stellate
baron_c007042,-1.335432,7.918384,alpha,alpha,14,alpha
baron_c007043,-0.4034969,8.454541,alpha,alpha,14,alpha
baron_c007044,-0.4779138,7.532063,alpha,alpha,14,alpha
baron_c007046,5.247032,0.08681275,beta,beta,11,beta
baron_c007048,-1.202466,7.052472,alpha,alpha,14,alpha
baron_c007050,11.88058,-4.824654,activated_stellate,stellate,10,stellate
baron_c007051,9.075848,16.42477,acinar,acinar,1,acinar
baron_c007052,8.018412,8.389638,ductal,ductal,5,ductal
baron_c007053,-2.514551,9.003767,alpha,alpha,14,alpha
baron_c007054,-1.998057,8.779629,alpha,alpha,14,alpha
baron_c007058,12.42464,2.382535,delta,delta,3,delta
baron_c007059,7.898033,8.92283,ductal,ductal,5,ductal
baron_c007060,9.678028,17.26714,acinar,acinar,1,acinar
baron_c007061,6.854918,10.34867,ductal,ductal,17,ductal
baron_c007063,-5.606681,7.112311,alpha,alpha,12,alpha
baron_c007064,8.759527,9.298471,ductal,ductal,5,ductal
baron_c007065,-2.490638,8.148655,alpha,alpha,14,alpha
baron_c007066,5.359206,-1.41177,beta,beta,11,beta
baron_c007068,-2.923537,10.60591,alpha,alpha,14,alpha
baron_c007069,-0.309144,7.033801,alpha,alpha,14,alpha
baron_c007071,16.06743,-6.083299,endothelial,endothelial,13,endothelial
baron_c007072,9.123561,16.8508,acinar,acinar,1,acinar
baron_c007074,-1.291848,7.811043,alpha,alpha,14,alpha
baron_c007076,8.631117,8.346869,ductal,ductal,5,ductal
baron_c007078,-1.390698,9.937841,alpha,alpha,14,alpha
baron_c007080,-1.799022,7.781938,alpha,alpha,14,alpha
baron_c007081,8.365688,8.931386,ductal,ductal,5,ductal
baron_c007082,3.325134,-1.127658,beta,beta,11,beta
baron_c007083,7.872054,8.108949,ductal,ductal,5,ductal
baron_c007084,8.024263,8.723686,ductal,ductal,5,ductal
baron_c007085,8.182497,9.096801,ductal,ductal,5,ductal
baron_c007088,-2.59761,6.821606,alpha,alpha,14,alpha
baron_c007089,4.341081,-1.448986,beta,beta,11,beta
baron_c007090,8.443492,8.23775,ductal,ductal,5,ductal
baron_c007092,15.14173,-5.987671,endothelial,endothelial,13,endothelial
baron_c007093,-4.048087,8.296825,alpha,alpha,14,alpha
baron_c007094,11.97031,-4.957348,quiescent_stellate,stellate,10,stellate
baron_c007095,5.990992,0.08077786,beta,beta,11,beta
baron_c007096,11.81672,1.549533,delta,delta,3,delta
baron_c007097,-1.956347,9.089492,alpha,alpha,14,alpha
baron_c007100,3.231546,-0.8561176,beta,beta,11,beta
baron_c007102,-2.166125,9.356294,alpha,alpha,14,alpha
baron_c007103,11.67157,-4.905831,quiescent_stellate,stellate,10,stellate
baron_c007104,-0.3739134,7.607697,alpha,alpha,14,alpha
baron_c007106,-0.2497715,7.987686,alpha,alpha,14,alpha
baron_c007107,11.72666,-4.825601,quiescent_stellate,stellate,10,stellate
baron_c007108,8.36762,16.20613,acinar,acinar,1,acinar
baron_c007109,-1.942431,7.88876,alpha,alpha,14,alpha
baron_c007110,-1.48578,9.280518,alpha,alpha,14,alpha
baron_c007112,9.554603,17.6909,acinar,acinar,1,acinar
baron_c007113,11.93239,1.408316,delta,delta,3,delta
baron_c007114,9.081511,17.1831,acinar,acinar,1,acinar
baron_c007116,-2.955508,9.788252,alpha,alpha,14,alpha
baron_c007117,9.497855,7.457591,ductal,ductal,5,ductal
baron_c007118,-4.733183,17.10224,gamma,gamma,9,gamma
baron_c007119,15.95204,-6.572429,endothelial,endothelial,13,endothelial
baron_c007120,3.268569,-1.619864,beta,beta,11,beta
baron_c007124,-2.216014,8.50893,alpha,alpha,14,alpha
baron_c007125,-2.40375,9.073599,alpha,alpha,14,alpha
baron_c007126,-0.6567845,6.293371,alpha,alpha,14,alpha
baron_c007128,8.838564,16.55929,acinar,acinar,1,acinar
baron_c007130,4.031726,-0.740977,beta,beta,11,beta
baron_c007131,-4.827904,6.802938,alpha,alpha,14,alpha
baron_c007132,-2.977798,9.305442,alpha,alpha,14,alpha
baron_c007133,-2.240833,9.256,alpha,alpha,14,alpha
baron_c007134,6.962062,10.42075,ductal,ductal,17,ductal
baron_c007135,13.06638,1.424569,delta,delta,3,delta
baron_c007136,-3.514181,7.187152,alpha,alpha,14,alpha
baron_c007139,9.339615,16.01481,acinar,acinar,1,acinar
baron_c007142,-1.778881,8.380928,alpha,alpha,14,alpha
baron_c007143,-4.454493,8.725032,alpha,alpha,14,alpha
baron_c007144,-2.005234,10.02978,alpha,alpha,14,alpha
baron_c007147,-1.85704,9.490259,alpha,alpha,14,alpha
baron_c007149,9.605345,16.96058,acinar,acinar,1,acinar
baron_c007151,-4.858423,16.88354,gamma,gamma,9,gamma
baron_c007152,-4.989128,16.72369,gamma,gamma,9,gamma
baron_c007154,4.263857,-1.354257,beta,beta,11,beta
baron_c007155,-2.704576,8.875714,alpha,alpha,14,alpha
baron_c007156,4.120237,-0.02030723,beta,beta,11,beta
baron_c007158,7.61409,17.40671,acinar,acinar,1,acinar
baron_c007160,10.16008,17.96104,acinar,acinar,1,acinar
baron_c007162,11.90453,-4.745143,quiescent_stellate,stellate,10,stellate
baron_c007163,8.654122,9.088329,ductal,ductal,5,ductal
baron_c007168,7.895262,8.133003,ductal,ductal,5,ductal
baron_c007169,-3.343299,9.162239,alpha,alpha,14,alpha
baron_c007171,-2.012852,7.82643,alpha,alpha,14,alpha
baron_c007173,-2.00059,9.47274,alpha,alpha,14,alpha
baron_c007174,6.186202,-0.5554129,beta,beta,11,beta
baron_c007176,4.536059,-2.953584,beta,beta,11,beta
baron_c007177,9.693762,17.07899,acinar,acinar,1,acinar
baron_c007178,-0.5615773,6.701375,alpha,alpha,14,alpha
baron_c007179,4.234467,-2.40936,beta,beta,11,beta
baron_c007180,4.080342,-1.210745,beta,beta,11,beta
baron_c007181,4.815999,0.6702505,beta,beta,11,beta
baron_c007182,6.541386,-0.2286006,beta,beta,11,beta
baron_c007184,15.87493,-6.624953,endothelial,endothelial,13,endothelial
baron_c007185,12.1578,-5.23946,quiescent_stellate,stellate,10,stellate
baron_c007186,-2.406224,9.412199,alpha,alpha,14,alpha
baron_c007189,4.735122,-0.1463694,beta,beta,11,beta
baron_c007190,4.978368,0.05036983,beta,beta,11,beta
baron_c007191,8.658965,7.289554,ductal,ductal,5,ductal
baron_c007192,9.482046,8.943974,ductal,ductal,5,ductal
baron_c007193,4.276271,-1.644805,beta,beta,11,beta
baron_c007195,-1.241111,8.776587,alpha,alpha,14,alpha
baron_c007196,-3.54691,9.496739,alpha,alpha,14,alpha
baron_c007197,-3.660985,8.473446,alpha,alpha,14,alpha
baron_c007199,6.966111,16.05778,acinar,acinar,1,acinar
baron_c007200,5.599096,0.1645017,beta,beta,11,beta
baron_c007201,-2.143325,7.193888,alpha,alpha,14,alpha
baron_c007202,-0.6686113,7.063577,alpha,alpha,14,alpha
baron_c007203,6.983788,9.903053,ductal,ductal,17,ductal
baron_c007205,3.184592,-1.41614,beta,beta,11,beta
baron_c007207,6.943474,-0.3194898,beta,beta,11,beta
baron_c007208,16.26708,-6.786821,endothelial,endothelial,13,endothelial
baron_c007209,8.650476,8.59022,ductal,ductal,5,ductal
baron_c007210,15.93407,-6.512505,endothelial,endothelial,13,endothelial
baron_c007211,4.325554,-1.650552,beta,beta,11,beta
baron_c007212,12.67906,-6.086609,quiescent_stellate,stellate,10,stellate
baron_c007213,16.06568,-6.852925,endothelial,endothelial,13,endothelial
baron_c007214,-0.555811,7.233794,alpha,alpha,14,alpha
baron_c007216,5.684921,-2.134636,beta,beta,11,beta
baron_c007217,-2.135106,9.657334,alpha,alpha,14,alpha
baron_c007220,-1.489749,7.803329,alpha,alpha,14,alpha
baron_c007223,-3.263077,7.979301,alpha,alpha,14,alpha
baron_c007224,3.499899,-1.901506,beta,beta,11,beta
baron_c007225,11.85884,-4.985103,activated_stellate,stellate,10,stellate
baron_c007228,3.837027,-2.26318,beta,beta,11,beta
baron_c007230,11.95535,-4.975547,quiescent_stellate,stellate,10,stellate
baron_c007231,-2.41817,7.739738,alpha,alpha,14,alpha
baron_c007232,4.010838,-2.319284,beta,beta,11,beta
baron_c007233,3.877019,-2.202267,beta,beta,11,beta
baron_c007235,4.18731,-0.9731251,beta,beta,11,beta
baron_c007239,6.667963,10.88533,ductal,ductal,17,ductal
baron_c007241,6.449722,-0.5615917,beta,beta,11,beta
baron_c007242,15.86591,-6.061753,endothelial,endothelial,13,endothelial
baron_c007244,-2.435348,8.925965,beta,beta,14,alpha
baron_c007245,-1.536255,7.592256,alpha,alpha,14,alpha
baron_c007248,-2.651615,6.742373,alpha,alpha,14,alpha
baron_c007251,3.474468,-1.900632,beta,beta,11,beta
baron_c007252,-1.017586,13.56483,macrophage,macrophage,19,Unknown
baron_c007253,16.07208,-6.012845,endothelial,endothelial,13,endothelial
baron_c007254,8.343583,8.881717,ductal,ductal,5,ductal
baron_c007255,3.854461,-1.991649,beta,beta,11,beta
baron_c007256,-2.604292,7.791728,alpha,alpha,14,alpha
baron_c007260,8.514594,8.641966,ductal,ductal,5,ductal
baron_c007261,-2.080437,8.875365,alpha,alpha,14,alpha
baron_c007262,4.43212,-0.8326658,beta,beta,11,beta
baron_c007263,-3.010105,6.93659,alpha,alpha,14,alpha
baron_c007264,5.596811,-2.091049,beta,beta,11,beta
baron_c007265,-2.590348,8.759508,alpha,alpha,14,alpha
baron_c007266,6.648076,14.30491,ductal,ductal,15,acinar
baron_c007267,13.3961,3.254558,delta,delta,3,delta
baron_c007268,12.78862,3.200775,delta,delta,3,delta
baron_c007269,6.881426,14.17542,ductal,ductal,15,acinar
baron_c007270,9.134046,10.47247,ductal,ductal,8,ductal
baron_c007272,7.044353,14.59111,ductal,ductal,15,acinar
baron_c007273,-6.486022,6.144769,alpha,alpha,12,alpha
baron_c007274,6.627965,14.93373,ductal,ductal,15,acinar
baron_c007275,6.254901,15.21634,ductal,ductal,15,acinar
baron_c007276,-6.197351,6.14132,alpha,alpha,12,alpha
baron_c007278,6.802179,11.01649,ductal,ductal,17,ductal
baron_c007281,14.56946,-2.802062,activated_stellate,stellate,4,stellate
baron_c007284,8.670374,10.29553,ductal,ductal,8,ductal
baron_c007285,1.422633,-0.01944888,beta,beta,21,beta
baron_c007286,0.2280414,-0.01036541,beta,beta,21,beta
baron_c007288,6.372324,14.36284,ductal,ductal,15,acinar
baron_c007291,0.7018392,0.3595311,beta,beta,21,beta
baron_c007293,14.65402,3.107343,delta,delta,3,delta
baron_c007294,6.846253,14.26493,ductal,ductal,15,acinar
baron_c007295,14.67239,-1.718419,activated_stellate,stellate,4,stellate
baron_c007296,7.121802,14.38826,ductal,ductal,15,acinar
baron_c007297,5.856091,15.249,ductal,ductal,15,acinar
baron_c007298,7.424916,10.9732,ductal,ductal,8,ductal
baron_c007299,0.4080798,-1.089176,beta,beta,21,beta
baron_c007300,-1.48288,13.77653,macrophage,macrophage,19,Unknown
baron_c007302,0.2044826,-1.313306,beta,beta,21,beta
baron_c007303,0.6005608,0.2780446,beta,beta,21,beta
baron_c007305,8.862281,12.04734,ductal,ductal,8,ductal
baron_c007307,1.598104,-0.6808249,beta,beta,21,beta
baron_c007309,8.473022,10.75697,ductal,ductal,8,ductal
baron_c007311,0.750029,1.468743,beta,beta,21,beta
baron_c007312,0.3966127,0.08310837,beta,beta,21,beta
baron_c007313,-5.758795,5.950093,alpha,alpha,12,alpha
baron_c007317,8.892148,10.56192,ductal,ductal,8,ductal
baron_c007318,0.1434238,-1.419678,beta,beta,21,beta
baron_c007319,9.003215,12.27978,ductal,ductal,8,ductal
baron_c007320,-6.770376,5.651291,alpha,alpha,12,alpha
baron_c007321,0.9373366,0.807187,beta,beta,21,beta
baron_c007323,0.8484699,-0.09773098,beta,beta,21,beta
baron_c007324,0.3539144,-0.8909268,beta,beta,21,beta
baron_c007326,0.9037473,0.9419972,beta,beta,21,beta
baron_c007328,0.5134655,-0.4895468,beta,beta,21,beta
baron_c007329,8.45599,10.34747,ductal,ductal,8,ductal
baron_c007331,14.12664,-2.041132,activated_stellate,stellate,4,stellate
baron_c007334,12.96964,2.878409,delta,delta,3,delta
baron_c007337,1.352006,-1.478309,beta,beta,21,beta
baron_c007341,8.629517,10.66312,ductal,ductal,8,ductal
baron_c007343,1.258911,-0.605206,beta,beta,21,beta
baron_c007344,7.020065,14.75857,ductal,ductal,15,acinar
baron_c007346,0.9030672,0.3716168,beta,beta,21,beta
baron_c007347,14.42988,-2.189848,activated_stellate,stellate,4,stellate
baron_c007350,0.591924,0.7147408,beta,beta,21,beta
baron_c007351,1.40873,0.5029635,beta,beta,21,beta
baron_c007353,13.37891,3.440399,delta,delta,3,delta
baron_c007354,1.514595,-0.8103478,beta,beta,21,beta
baron_c007355,13.44052,2.92268,delta,delta,3,delta
baron_c007357,8.045231,12.0856,ductal,ductal,8,ductal
baron_c007358,-7.212876,7.753834,alpha,alpha,20,alpha
baron_c007359,-6.309121,7.257313,alpha,alpha,20,alpha
baron_c007361,-1.200066,13.97554,macrophage,macrophage,19,Unknown
baron_c007362,12.96418,3.030328,delta,delta,3,delta
baron_c007363,8.345423,10.44705,ductal,ductal,8,ductal
baron_c007364,8.702728,11.39832,ductal,ductal,8,ductal
baron_c007367,1.351192,0.0393248,beta,beta,21,beta
baron_c007370,0.5297498,0.07265467,beta,beta,21,beta
baron_c007373,-7.84257,13.06146,alpha,alpha,16,epsilon
baron_c007374,12.32927,2.647463,delta,delta,3,delta
baron_c007375,1.72949,0.2085328,beta,beta,21,beta
baron_c007376,8.186847,9.849648,ductal,ductal,8,ductal
baron_c007377,-0.008387609,-0.4998662,beta,beta,21,beta
baron_c007378,0.5575709,-0.6949837,beta,beta,21,beta
baron_c007380,7.178472,14.34826,acinar,acinar,15,acinar
baron_c007381,9.163218,10.29491,ductal,ductal,8,ductal
baron_c007382,-6.148241,5.924799,alpha,alpha,12,alpha
baron_c007383,9.528893,11.96743,ductal,ductal,8,ductal
baron_c007385,1.297302,-0.9785597,beta,beta,21,beta
baron_c007387,-6.184365,16.04313,gamma,gamma,9,gamma
baron_c007388,-6.228621,5.783752,alpha,alpha,12,alpha
baron_c007390,0.8204542,0.9336627,beta,beta,21,beta
baron_c007391,1.097643,0.4755277,beta,beta,21,beta
baron_c007392,6.365651,14.8841,ductal,ductal,15,acinar
baron_c007393,14.1418,-2.357327,activated_stellate,stellate,4,stellate
baron_c007394,13.49655,2.237747,delta,delta,3,delta
baron_c007395,0.1012312,-0.9901842,beta,beta,21,beta
baron_c007396,8.546753,10.95168,ductal,ductal,8,ductal
baron_c007398,6.891929,14.57607,ductal,ductal,15,acinar
baron_c007399,5.796378,15.07053,ductal,ductal,15,acinar
baron_c007400,0.8726896,0.5029526,beta,beta,21,beta
baron_c007402,8.671991,11.99296,ductal,ductal,8,ductal
baron_c007403,12.57711,3.280946,delta,delta,3,delta
baron_c007405,12.66492,3.194584,delta,delta,3,delta
baron_c007406,14.02216,2.756145,delta,delta,3,delta
baron_c007407,-7.217407,5.278078,alpha,alpha,12,alpha
baron_c007408,-7.671735,5.072539,alpha,alpha,12,alpha
baron_c007411,-7.039005,5.549292,alpha,alpha,12,alpha
baron_c007412,6.332311,15.21217,ductal,ductal,15,acinar
baron_c007413,8.231952,10.24791,ductal,ductal,8,ductal
baron_c007414,8.978991,11.17352,ductal,ductal,8,ductal
baron_c007415,0.7579083,0.7637061,beta,beta,21,beta
baron_c007416,1.389479,0.281223,beta,beta,21,beta
baron_c007417,-6.149269,6.118422,alpha,alpha,12,alpha
baron_c007419,-6.500205,4.997067,alpha,alpha,12,alpha
baron_c007420,0.5540036,-0.3831839,beta,beta,21,beta
baron_c007422,8.767084,10.18563,ductal,ductal,8,ductal
baron_c007423,9.108926,10.05853,ductal,ductal,8,ductal
baron_c007424,0.2026916,-0.4155855,beta,beta,21,beta
baron_c007426,-7.573882,5.069871,alpha,alpha,12,alpha
baron_c007427,-6.457682,5.668502,alpha,alpha,12,alpha
baron_c007428,0.9557044,-0.8850493,beta,beta,21,beta
baron_c007430,-6.423118,5.516389,alpha,alpha,12,alpha
baron_c007432,0.08474426,-0.731932,beta,beta,21,beta
baron_c007433,-7.222309,4.923802,alpha,alpha,12,alpha
baron_c007435,0.08168706,-1.418613,beta,beta,21,beta
baron_c007436,-6.306281,5.948792,alpha,alpha,12,alpha
baron_c007437,1.202104,-0.1309922,beta,beta,21,beta
baron_c007438,0.974009,-0.4612547,beta,beta,21,beta
baron_c007439,-0.2173768,-0.1287941,beta,beta,21,beta
baron_c007440,1.01099,0.9377743,beta,beta,21,beta
baron_c007441,14.32035,3.433956,delta,delta,3,delta
baron_c007443,7.382933,10.47834,ductal,ductal,8,ductal
baron_c007446,6.650326,11.18251,ductal,ductal,17,ductal
baron_c007447,-7.574042,5.860276,alpha,alpha,12,alpha
baron_c007448,7.17334,14.91032,ductal,ductal,15,acinar
baron_c007449,-7.351205,5.510561,alpha,alpha,12,alpha
baron_c007450,-7.53066,6.111135,alpha,alpha,12,alpha
baron_c007451,12.52898,2.96843,delta,delta,3,delta
baron_c007453,0.7666917,0.3719776,beta,beta,21,beta
baron_c007454,12.96261,3.369585,delta,delta,3,delta
baron_c007455,-7.432944,5.46926,alpha,alpha,12,alpha
baron_c007457,14.08889,3.130829,delta,delta,3,delta
baron_c007458,0.107746,-1.188605,beta,beta,21,beta
baron_c007459,1.382123,0.4872716,beta,beta,21,beta
baron_c007460,-7.29685,6.074134,alpha,alpha,12,alpha
baron_c007461,-5.910571,16.55518,gamma,gamma,9,gamma
baron_c007463,1.549212,-2.248497,beta,beta,18,beta
baron_c007465,13.47339,3.248543,delta,delta,3,delta
baron_c007467,0.9409878,0.674479,beta,beta,21,beta
baron_c007469,12.37737,3.124817,delta,delta,3,delta
baron_c007471,0.6135949,1.398117,beta,beta,21,beta
baron_c007472,-6.648974,5.519561,alpha,alpha,12,alpha
baron_c007473,6.835586,14.89952,ductal,ductal,15,acinar
baron_c007474,9.211558,11.20521,ductal,ductal,8,ductal
baron_c007475,1.422072,0.5453466,beta,beta,21,beta
baron_c007477,8.672957,10.38295,ductal,ductal,8,ductal
baron_c007478,14.45421,-2.190304,activated_stellate,stellate,4,stellate
baron_c007479,-6.923726,6.505613,alpha,alpha,12,alpha
baron_c007481,-6.210201,6.051808,alpha,alpha,12,alpha
baron_c007482,9.307524,11.23479,ductal,ductal,8,ductal
baron_c007483,1.738191,-0.1109682,beta,beta,21,beta
baron_c007484,1.035009,-0.3936893,beta,beta,21,beta
baron_c007485,8.728262,10.35913,ductal,ductal,8,ductal
baron_c007486,1.865152,-2.64769,beta,beta,18,beta
baron_c007487,1.239116,0.9374732,beta,beta,21,beta
baron_c007489,1.042187,1.310203,beta,beta,21,beta
baron_c007490,-0.1263995,-1.915875,beta,beta,21,beta
baron_c007491,1.219069,-2.398915,beta,beta,18,beta
baron_c007493,-6.960078,4.870419,alpha,alpha,12,alpha
baron_c007495,-7.059401,4.885824,alpha,alpha,12,alpha
baron_c007496,-1.362872,13.92049,macrophage,macrophage,19,Unknown
baron_c007497,-6.113298,5.95704,alpha,alpha,12,alpha
baron_c007498,-7.052655,4.732914,alpha,alpha,12,alpha
baron_c007500,14.32402,-2.073357,activated_stellate,stellate,4,stellate
baron_c007501,1.646091,0.08572563,beta,beta,21,beta
baron_c007502,0.8323272,-0.004701492,beta,beta,21,beta
baron_c007506,0.8939973,1.193896,beta,beta,21,beta
baron_c007507,9.408302,11.68612,ductal,ductal,8,ductal
baron_c007509,0.4221361,-0.1490928,beta,beta,21,beta
baron_c007510,0.07307669,-1.098988,beta,beta,21,beta
baron_c007511,1.035275,0.4469646,beta,beta,21,beta
baron_c007512,0.1670947,0.2323177,beta,beta,21,beta
baron_c007513,-6.187416,5.296717,alpha,alpha,12,alpha
baron_c007514,12.58961,3.007904,delta,delta,3,delta
baron_c007516,8.878959,11.64676,ductal,ductal,8,ductal
baron_c007517,7.005974,14.88189,ductal,ductal,15,acinar
baron_c007518,0.9639765,0.7060848,beta,beta,21,beta
baron_c007519,-6.853183,7.330661,alpha,alpha,20,alpha
baron_c007521,7.000287,15.05238,ductal,ductal,15,acinar
baron_c007522,9.313536,10.91446,ductal,ductal,8,ductal
baron_c007523,-7.31693,6.988965,alpha,alpha,12,alpha
baron_c007524,-6.866347,6.341475,alpha,alpha,12,alpha
baron_c007525,8.24507,11.92854,ductal,ductal,8,ductal
baron_c007527,1.705005,-5.048491,beta,beta,2,beta
baron_c007532,13.31339,3.184577,delta,delta,3,delta
baron_c007533,-5.918704,16.13763,gamma,gamma,9,gamma
baron_c007535,8.95335,10.17106,ductal,ductal,8,ductal
baron_c007536,7.784228,10.7894,ductal,ductal,8,ductal
baron_c007537,0.7118057,-0.3529021,beta,beta,21,beta
baron_c007538,7.657052,10.49931,ductal,ductal,8,ductal
baron_c007539,0.8536015,1.335755,beta,beta,21,beta
baron_c007540,-6.390709,5.242534,alpha,alpha,12,alpha
baron_c007542,1.2759,-0.5981524,beta,beta,21,beta
baron_c007543,1.318414,-0.953486,beta,beta,21,beta
baron_c007544,-6.077214,5.889409,alpha,alpha,12,alpha
baron_c007546,-6.831084,5.659133,alpha,alpha,12,alpha
baron_c007547,1.647213,-0.424034,beta,beta,21,beta
baron_c007548,0.6102133,-0.1813459,beta,beta,21,beta
baron_c007549,-7.100428,5.088128,alpha,alpha,12,alpha
baron_c007550,8.531733,11.21345,ductal,ductal,8,ductal
baron_c007551,-7.476043,5.443853,alpha,alpha,12,alpha
baron_c007552,9.239711,11.98099,ductal,ductal,8,ductal
baron_c007558,0.4497971,0.8026183,beta,beta,21,beta
baron_c007559,-6.253818,6.240365,alpha,alpha,12,alpha
baron_c007562,13.61753,2.978852,delta,delta,3,delta
baron_c007563,-6.195825,16.65047,gamma,gamma,9,gamma
baron_c007567,6.648041,15.1034,ductal,ductal,15,acinar
baron_c007568,7.360287,11.13912,ductal,ductal,8,ductal
baron_c007569,1.490555,0.9119122,beta,beta,21,beta
baron_c007571,-5.561642,6.107683,alpha,alpha,12,alpha
baron_c007572,-0.01109534,-0.2784064,beta,beta,21,beta
baron_c007575,-7.105211,5.30361,alpha,alpha,12,alpha
baron_c007576,-6.170702,16.57164,gamma,gamma,9,gamma
baron_c007577,12.48553,3.290424,delta,delta,3,delta
baron_c007578,0.9139311,-1.6871,beta,beta,21,beta
baron_c007579,-6.362499,6.138628,alpha,alpha,12,alpha
baron_c007580,-6.729496,5.477429,alpha,alpha,12,alpha
baron_c007581,0.6148001,0.2150077,beta,beta,21,beta
baron_c007583,-2.011547,12.87963,delta,delta,19,Unknown
baron_c007584,12.57198,3.131991,delta,delta,3,delta
baron_c007585,-6.695386,5.264657,alpha,alpha,12,alpha
baron_c007586,0.5725892,-0.349216,beta,beta,21,beta
baron_c007587,0.6786194,-1.48037,beta,beta,21,beta
baron_c007588,14.76478,-1.833034,activated_stellate,stellate,4,stellate
baron_c007589,8.163478,10.70563,ductal,ductal,8,ductal
baron_c007590,0.1670062,0.8524593,beta,beta,21,beta
baron_c007591,-7.922706,13.27537,epsilon,epsilon,16,epsilon
baron_c007593,-6.057941,16.46004,gamma,gamma,9,gamma
baron_c007594,-5.769247,16.27583,gamma,gamma,9,gamma
baron_c007595,0.5030086,-0.3744419,beta,beta,21,beta
baron_c007596,-5.801665,16.40757,gamma,gamma,9,gamma
baron_c007597,-7.510844,5.066632,alpha,alpha,12,alpha
baron_c007600,-6.415931,5.349573,alpha,alpha,12,alpha
baron_c007601,9.225543,11.97027,ductal,ductal,8,ductal
baron_c007602,12.47201,3.312674,delta,delta,3,delta
baron_c007603,-7.287052,5.860562,alpha,alpha,12,alpha
baron_c007604,0.8740718,1.140359,beta,beta,21,beta
baron_c007605,0.5362824,0.02575998,beta,beta,21,beta
baron_c007606,-7.420521,6.152478,alpha,alpha,12,alpha
baron_c007607,0.1623905,0.510159,beta,beta,21,beta
baron_c007610,-6.354581,5.372648,alpha,alpha,12,alpha
baron_c007611,8.130185,11.28774,ductal,ductal,8,ductal
baron_c007612,14.47438,3.75126,delta,delta,3,delta
baron_c007614,-1.016003,13.82724,macrophage,macrophage,19,Unknown
baron_c007615,-7.45201,5.885965,alpha,alpha,12,alpha
baron_c007616,8.402442,11.84852,ductal,ductal,8,ductal
baron_c007617,0.8415732,0.9490702,beta,beta,21,beta
baron_c007618,-5.821547,6.189007,alpha,alpha,12,alpha
baron_c007619,14.66226,-1.732489,activated_stellate,stellate,4,stellate
baron_c007623,0.4644229,1.161528,beta,beta,21,beta
baron_c007624,0.6611608,-1.531238,beta,beta,21,beta
baron_c007625,6.571725,11.4453,ductal,ductal,17,ductal
baron_c007627,7.82637,9.749247,ductal,ductal,8,ductal
baron_c007628,-7.059803,6.457613,alpha,alpha,12,alpha
baron_c007629,8.27206,11.92161,ductal,ductal,8,ductal
baron_c007630,-6.025206,16.29228,gamma,gamma,9,gamma
baron_c007631,0.5353383,-0.3465113,beta,beta,21,beta
baron_c007633,0.1858758,-0.8665014,beta,beta,21,beta
baron_c007634,-6.927232,5.576993,alpha,alpha,12,alpha
baron_c007635,-7.17664,6.374889,alpha,alpha,12,alpha
baron_c007637,8.496259,11.85573,ductal,ductal,8,ductal
baron_c007638,-6.379081,6.773528,alpha,alpha,12,alpha
baron_c007640,0.5452506,0.5995463,beta,beta,21,beta
baron_c007642,12.77642,3.231551,delta,delta,3,delta
baron_c007643,1.663254,-2.141996,beta,beta,18,beta
baron_c007644,9.073449,9.9671,ductal,ductal,8,ductal
baron_c007645,0.4455043,1.317464,beta,beta,21,beta
baron_c007646,0.2897202,0.6447508,beta,beta,21,beta
baron_c007647,0.4129526,0.5387703,beta,beta,21,beta
baron_c007648,1.180101,-0.7505891,beta,beta,21,beta
baron_c007650,1.104879,-0.7876742,beta,beta,21,beta
baron_c007653,-5.8384,16.23312,gamma,gamma,9,gamma
baron_c007654,0.03796038,-0.1526366,beta,beta,21,beta
baron_c007655,1.512288,-1.619833,beta,beta,21,beta
baron_c007656,-6.99259,6.291983,alpha,alpha,12,alpha
baron_c007657,-6.292534,6.30849,alpha,alpha,12,alpha
baron_c007658,13.43533,2.565943,delta,delta,3,delta
baron_c007660,-5.962597,16.27966,gamma,gamma,9,gamma
baron_c007661,0.5431899,-1.115312,beta,beta,21,beta
baron_c007662,1.380711,-0.006855667,beta,beta,21,beta
baron_c007664,7.896926,9.826286,ductal,ductal,8,ductal
baron_c007665,14.73364,-2.511541,activated_stellate,stellate,4,stellate
baron_c007666,1.600031,0.3167946,beta,beta,21,beta
baron_c007668,1.070137,0.3892352,beta,beta,21,beta
baron_c007669,1.089168,0.338488,beta,beta,21,beta
baron_c007670,0.1285894,-0.3202877,beta,beta,21,beta
baron_c007671,13.8501,2.925941,delta,delta,3,delta
baron_c007672,2.76274,-1.127791,beta,beta,11,beta
baron_c007673,-6.653021,5.439359,alpha,alpha,12,alpha
baron_c007674,0.1555288,-0.7087088,beta,beta,21,beta
baron_c007675,0.936722,0.01947373,beta,beta,21,beta
baron_c007676,-0.0372799,-0.08058515,beta,beta,21,beta
baron_c007679,1.248958,-0.745286,beta,beta,21,beta
baron_c007681,-7.505276,5.982097,alpha,alpha,12,alpha
baron_c007684,12.86534,2.850872,delta,delta,3,delta
baron_c007686,-6.656955,5.120619,alpha,alpha,12,alpha
baron_c007687,9.11606,10.60902,ductal,ductal,8,ductal
baron_c007688,0.6800471,0.299657,beta,beta,21,beta
baron_c007689,-7.215637,6.825365,alpha,alpha,12,alpha
baron_c007690,16.80275,-4.804059,endothelial,endothelial,13,endothelial
baron_c007691,1.341488,0.8992693,beta,beta,21,beta
baron_c007692,0.4773078,-2.759735,beta,beta,18,beta
baron_c007693,-6.201183,6.11141,alpha,alpha,12,alpha
baron_c007694,0.4557724,0.8817979,beta,beta,21,beta
baron_c007695,1.006413,-1.982689,beta,beta,18,beta
baron_c007696,0.5449224,0.6158246,beta,beta,21,beta
baron_c007697,0.7157661,1.0712,beta,beta,21,beta
baron_c007699,2.059378,0.2362353,beta,beta,21,beta
baron_c007701,1.56894,-1.310969,beta,beta,21,beta
baron_c007702,-0.4614938,-0.621928,beta,beta,21,beta
baron_c007703,8.56638,10.97678,ductal,ductal,8,ductal
baron_c007705,14.69627,-2.560956,activated_stellate,stellate,4,stellate
baron_c007706,-6.303047,5.35714,alpha,alpha,12,alpha
baron_c007707,-6.32662,5.722613,alpha,alpha,12,alpha
baron_c007708,-7.19953,4.855508,alpha,alpha,12,alpha
baron_c007709,1.787347,-0.2287589,beta,beta,21,beta
baron_c007715,13.98549,-5.272281,quiescent_stellate,stellate,10,stellate
baron_c007717,6.544248,10.9998,ductal,ductal,17,ductal
baron_c007718,12.48328,2.795453,delta,delta,3,delta
baron_c007719,1.337184,-0.946414,beta,beta,21,beta
baron_c007721,0.359222,-1.550915,beta,beta,21,beta
baron_c007722,-6.615077,6.104586,alpha,alpha,12,alpha
baron_c007723,-6.216806,15.82981,gamma,gamma,9,gamma
baron_c007724,1.623939,0.07841677,beta,beta,21,beta
baron_c007728,0.801377,-2.984101,beta,beta,18,beta
baron_c007729,-5.130798,16.14081,gamma,gamma,9,gamma
baron_c007730,0.2835909,-0.05009882,beta,beta,21,beta
baron_c007731,6.138211,10.58871,ductal,ductal,17,ductal
baron_c007733,8.804917,10.51087,ductal,ductal,8,ductal
baron_c007735,-6.190702,16.59133,gamma,gamma,9,gamma
baron_c007736,14.73799,-1.760834,activated_stellate,stellate,4,stellate
baron_c007737,-6.879583,5.388343,alpha,alpha,12,alpha
baron_c007738,-4.709842,6.37301,alpha,alpha,14,alpha
baron_c007739,1.454549,-2.185286,beta,beta,18,beta
baron_c007740,0.9881157,1.412683,beta,beta,21,beta
baron_c007741,0.5923126,0.519846,beta,beta,21,beta
baron_c007742,-6.602936,6.022583,alpha,alpha,12,alpha
baron_c007744,-6.257283,5.305544,alpha,alpha,12,alpha
baron_c007745,-4.588882,6.488964,alpha,alpha,14,alpha
baron_c007747,1.080684,1.26888,beta,beta,21,beta
baron_c007748,-7.565689,6.182921,alpha,alpha,12,alpha
baron_c007750,16.21766,-5.580446,endothelial,endothelial,13,endothelial
baron_c007751,-0.1122505,-0.1277711,beta,beta,21,beta
baron_c007752,-6.443348,5.1271,alpha,alpha,12,alpha
baron_c007756,1.605104,-0.0414363,beta,beta,21,beta
baron_c007757,9.454613,11.8222,ductal,ductal,8,ductal
baron_c007759,12.86692,3.204411,delta,delta,3,delta
baron_c007760,14.82051,-2.422848,activated_stellate,stellate,4,stellate
baron_c007762,1.437824,-2.046154,beta,beta,21,beta
baron_c007763,-7.217137,6.593355,alpha,alpha,12,alpha
baron_c007764,1.590631,-0.1547866,beta,beta,21,beta
baron_c007767,-6.118618,16.52195,beta,beta,9,gamma
baron_c007768,1.389016,-0.3369821,beta,beta,21,beta
baron_c007770,-5.825924,16.06319,gamma,gamma,9,gamma
baron_c007771,13.57724,-5.257304,activated_stellate,stellate,10,stellate
baron_c007772,8.664621,10.12037,ductal,ductal,8,ductal
baron_c007774,1.596978,0.006003401,beta,beta,21,beta
baron_c007775,0.5700135,0.5489066,beta,beta,21,beta
baron_c007777,0.7183318,-1.034853,beta,beta,21,beta
baron_c007778,-6.412333,16.31168,beta,beta,9,gamma
baron_c007780,1.484056,0.5715762,beta,beta,21,beta
baron_c007782,-6.166219,16.09115,gamma,gamma,9,gamma
baron_c007783,-7.075214,5.082453,alpha,alpha,12,alpha
baron_c007784,-7.289058,7.262137,alpha,alpha,12,alpha
baron_c007787,1.438052,0.517432,beta,beta,21,beta
baron_c007788,1.650918,-2.350927,beta,beta,18,beta
baron_c007789,0.8179873,-0.8011557,beta,beta,21,beta
baron_c007790,-0.251344,-0.5596584,beta,beta,21,beta
baron_c007792,0.6982341,-1.013904,beta,beta,21,beta
baron_c007793,9.4141,12.10236,ductal,ductal,8,ductal
baron_c007795,13.88591,3.313821,delta,delta,3,delta
baron_c007796,1.666894,-0.2475055,beta,beta,21,beta
baron_c007797,2.02153,-0.0651833,beta,beta,21,beta
baron_c007798,12.38893,2.390112,delta,delta,3,delta
baron_c007800,0.1870756,-0.0104416,beta,beta,21,beta
baron_c007801,-6.923537,4.705851,alpha,alpha,12,alpha
baron_c007802,0.5638689,-1.373461,beta,beta,21,beta
baron_c007803,1.3155,0.3329049,beta,beta,21,beta
baron_c007804,1.93775,-0.8267219,beta,beta,21,beta
baron_c007806,-6.702807,5.130333,alpha,alpha,12,alpha
baron_c007807,1.54019,-1.810718,beta,beta,21,beta
baron_c007808,0.9731641,0.6006417,beta,beta,21,beta
baron_c007809,6.291067,11.28709,ductal,ductal,17,ductal
baron_c007810,-6.669656,7.100976,alpha,alpha,12,alpha
baron_c007811,1.661652,-1.111608,beta,beta,21,beta
baron_c007812,-7.588936,5.761325,alpha,alpha,12,alpha
baron_c007813,14.58808,-1.94327,activated_stellate,stellate,4,stellate
baron_c007814,14.59092,-2.89147,activated_stellate,stellate,4,stellate
baron_c007815,13.99545,2.637643,delta,delta,3,delta
baron_c007816,2.038971,-3.293599,beta,beta,2,beta
baron_c007818,1.016014,-1.29537,beta,beta,21,beta
baron_c007820,-0.07152946,-0.5704904,beta,beta,21,beta
baron_c007822,0.5195431,-0.8096213,beta,beta,21,beta
baron_c007824,7.200695,10.60781,ductal,ductal,8,ductal
baron_c007825,-6.540276,5.930598,alpha,alpha,12,alpha
baron_c007827,-7.17223,6.305439,alpha,alpha,12,alpha
baron_c007828,4.265143,-6.552247,beta,beta,2,beta
baron_c007830,1.312088,-1.035509,beta,beta,21,beta
baron_c007831,8.29672,11.71943,ductal,ductal,8,ductal
baron_c007832,1.673375,-0.02343344,beta,beta,21,beta
baron_c007834,-6.643808,6.876642,alpha,alpha,12,alpha
baron_c007835,-6.254288,16.33575,gamma,gamma,9,gamma
baron_c007836,12.72332,2.084554,delta,delta,3,delta
baron_c007837,16.32132,-5.946716,endothelial,endothelial,13,endothelial
baron_c007840,-5.450588,16.11862,gamma,gamma,9,gamma
baron_c007841,-0.0514658,0.2686645,beta,beta,21,beta
baron_c007843,13.45598,-5.462582,quiescent_stellate,stellate,10,stellate
baron_c007844,-0.8478591,13.59225,macrophage,macrophage,19,Unknown
baron_c007845,-5.96784,16.42632,gamma,gamma,9,gamma
baron_c007846,-7.1765,5.466804,alpha,alpha,12,alpha
baron_c007847,1.787553,-0.07369069,beta,beta,21,beta
baron_c007849,6.232033,15.05455,ductal,ductal,15,acinar
baron_c007850,7.656377,9.486191,ductal,ductal,8,ductal
baron_c007851,0.6017296,1.167473,beta,beta,21,beta
baron_c007852,1.758839,0.0504021,beta,beta,21,beta
baron_c007853,-6.37687,6.625922,alpha,alpha,12,alpha
baron_c007854,0.7600343,-1.004156,beta,beta,21,beta
baron_c007855,8.603213,11.97258,ductal,ductal,8,ductal
baron_c007856,-6.834723,5.280737,alpha,alpha,12,alpha
baron_c007858,-4.585752,7.651329,alpha,alpha,14,alpha
baron_c007859,14.08502,-2.303355,activated_stellate,stellate,4,stellate
baron_c007860,7.711259,9.437534,ductal,ductal,8,ductal
baron_c007861,8.627177,11.81859,ductal,ductal,8,ductal
baron_c007862,0.6788082,1.469896,beta,beta,21,beta
baron_c007864,7.499508,9.296016,ductal,ductal,8,ductal
baron_c007865,6.313757,11.2732,ductal,ductal,17,ductal
baron_c007868,0.8937578,-0.529933,beta,beta,21,beta
baron_c007869,13.97392,3.366663,delta,delta,3,delta
baron_c007870,12.9108,3.407524,delta,delta,3,delta
baron_c007871,0.6821834,0.8360844,beta,beta,21,beta
baron_c007872,7.139446,15.80528,ductal,ductal,1,acinar
baron_c007873,6.418206,15.13541,ductal,ductal,15,acinar
baron_c007876,12.7336,2.652088,ductal,ductal,3,delta
baron_c007877,0.9779559,-0.9481831,beta,beta,21,beta
baron_c007878,9.095986,12.38041,ductal,ductal,8,ductal
baron_c007879,0.9990475,0.2693523,beta,beta,21,beta
baron_c007880,7.0292,14.44768,ductal,ductal,15,acinar
baron_c007881,7.245549,14.67587,ductal,ductal,15,acinar
baron_c007885,12.73668,3.232592,delta,delta,3,delta
baron_c007886,-6.391815,6.562487,alpha,alpha,12,alpha
baron_c007889,8.576248,11.77466,ductal,ductal,8,ductal
baron_c007890,14.35806,-2.105495,activated_stellate,stellate,4,stellate
baron_c007891,0.7548203,1.152084,beta,beta,21,beta
baron_c007892,0.8458328,0.1572844,beta,beta,21,beta
baron_c007893,13.12052,3.008036,delta,delta,3,delta
baron_c007897,12.67349,2.961877,delta,delta,3,delta
baron_c007899,-6.252628,5.357578,alpha,alpha,12,alpha
baron_c007900,12.58157,3.226932,delta,delta,3,delta
baron_c007901,0.564128,-0.2848801,beta,beta,21,beta
baron_c007902,6.815466,14.17713,ductal,ductal,15,acinar
baron_c007903,12.79889,2.943272,delta,delta,3,delta
baron_c007905,6.97195,13.67566,ductal,ductal,15,acinar
baron_c007906,13.19658,3.038141,delta,delta,3,delta
baron_c007907,1.434311,-0.279019,beta,beta,21,beta
baron_c007908,0.1836387,-1.814629,beta,beta,18,beta
baron_c007910,7.633383,9.344357,ductal,ductal,8,ductal
baron_c007911,5.751101,15.25448,ductal,ductal,15,acinar
baron_c007913,8.055811,10.94344,ductal,ductal,8,ductal
baron_c007914,13.36295,2.199201,delta,delta,3,delta
baron_c007915,-6.301989,6.001471,alpha,alpha,12,alpha
baron_c007916,5.871209,14.77622,ductal,ductal,15,acinar
baron_c007921,8.817764,10.4025,ductal,ductal,8,ductal
baron_c007925,12.96718,3.018508,delta,delta,3,delta
baron_c007926,14.54013,-2.415027,activated_stellate,stellate,4,stellate
baron_c007929,9.292615,12.13344,ductal,ductal,8,ductal
baron_c007930,6.856098,14.31598,ductal,ductal,15,acinar
baron_c007931,-1.437257,14.00875,macrophage,macrophage,19,Unknown
baron_c007932,0.3898904,-1.011369,beta,beta,21,beta
baron_c007935,1.089459,-0.4729761,beta,beta,21,beta
baron_c007936,9.329851,10.4531,ductal,ductal,8,ductal
baron_c007937,13.1541,3.290408,delta,delta,3,delta
baron_c007939,14.49382,-2.360516,activated_stellate,stellate,4,stellate
baron_c007940,-6.270282,5.856688,alpha,alpha,12,alpha
baron_c007942,6.724412,15.0668,ductal,ductal,15,acinar
baron_c007943,1.949384,0.04900339,ductal,ductal,21,beta
baron_c007944,0.4530829,-0.8836598,beta,beta,21,beta
baron_c007945,1.669964,-1.587425,beta,beta,21,beta
baron_c007946,6.688413,15.35383,ductal,ductal,15,acinar
baron_c007947,12.58772,2.965063,delta,delta,3,delta
baron_c007948,1.104074,0.3772967,beta,beta,21,beta
baron_c007949,-6.913692,6.901211,alpha,alpha,20,alpha
baron_c007950,12.62768,3.207617,delta,delta,3,delta
baron_c007951,-6.169705,16.69781,gamma,gamma,9,gamma
baron_c007952,2.055999,-1.447828,beta,beta,21,beta
baron_c007954,-6.882094,6.16746,alpha,alpha,12,alpha
baron_c007956,1.444951,0.1711707,beta,beta,21,beta
baron_c007957,14.67378,-1.826949,activated_stellate,stellate,4,stellate
baron_c007959,0.3801065,-1.206188,beta,beta,21,beta
baron_c007960,13.77717,3.27686,delta,delta,3,delta
baron_c007961,0.8137794,0.598913,beta,beta,21,beta
baron_c007963,8.621388,12.14458,ductal,ductal,8,ductal
baron_c007964,2.038032,0.1102593,beta,beta,21,beta
baron_c007965,-6.42966,5.223668,alpha,alpha,12,alpha
baron_c007968,1.487295,-0.1111643,beta,beta,21,beta
baron_c007970,1.08336,-1.367889,beta,beta,21,beta
baron_c007971,6.851856,14.87264,ductal,ductal,15,acinar
baron_c007972,0.2635835,-1.011437,beta,beta,21,beta
baron_c007973,8.395095,11.4383,ductal,ductal,8,ductal
baron_c007974,13.60304,2.378553,delta,delta,3,delta
baron_c007976,-7.154464,6.596728,alpha,alpha,12,alpha
baron_c007977,12.57331,2.710507,delta,delta,3,delta
baron_c007978,13.17989,3.213134,delta,delta,3,delta
baron_c007979,1.674074,0.4834961,beta,beta,21,beta
baron_c007980,9.126678,10.21219,ductal,ductal,8,ductal
baron_c007981,-7.253232,4.78585,alpha,alpha,12,alpha
baron_c007984,1.953948,-0.8168955,beta,beta,21,beta
baron_c007986,13.93981,-5.06522,quiescent_stellate,stellate,10,stellate
baron_c007987,-6.607624,6.357756,alpha,alpha,12,alpha
baron_c007988,0.7530515,-0.6024598,beta,beta,21,beta
baron_c007990,8.441953,11.35625,ductal,ductal,8,ductal
baron_c007992,7.145879,14.89312,ductal,ductal,15,acinar
baron_c007993,1.239251,-0.6680038,beta,beta,21,beta
baron_c007995,-7.082216,6.4451,alpha,alpha,12,alpha
baron_c007996,8.482474,10.36813,ductal,ductal,8,ductal
baron_c007997,8.607319,11.37692,ductal,ductal,8,ductal
baron_c007998,6.928734,14.55298,ductal,ductal,15,acinar
baron_c007999,-6.609633,5.298334,alpha,alpha,12,alpha
baron_c008000,-8.372482,7.916062,alpha,alpha,20,alpha
baron_c008001,-6.710141,6.069077,alpha,alpha,12,alpha
baron_c008003,6.408732,15.10756,beta,beta,15,acinar
baron_c008005,7.322018,10.15317,ductal,ductal,8,ductal
baron_c008007,0.05936489,-1.013159,beta,beta,21,beta
baron_c008009,1.037524,0.5260473,beta,beta,21,beta
baron_c008010,0.6466948,0.07645114,beta,beta,21,beta
baron_c008011,8.020829,11.14397,ductal,ductal,8,ductal
baron_c008013,9.121661,12.14668,ductal,ductal,8,ductal
baron_c008014,-6.450306,5.003774,alpha,alpha,12,alpha
baron_c008016,0.3419619,-0.3165355,beta,beta,21,beta
baron_c008019,0.2862203,0.01714409,beta,beta,21,beta
baron_c008020,-7.159393,5.226155,alpha,alpha,12,alpha
baron_c008022,0.1042227,0.04471719,beta,beta,21,beta
baron_c008023,-0.1357974,-1.255336,beta,beta,21,beta
baron_c008024,0.5818863,0.3439093,beta,beta,21,beta
baron_c008025,7.127367,14.66506,ductal,ductal,15,acinar
baron_c008026,9.240583,12.0293,ductal,ductal,8,ductal
baron_c008027,7.438376,15.93388,ductal,ductal,1,acinar
baron_c008028,13.72247,2.946031,delta,delta,3,delta
baron_c008029,0.6150648,-0.7148166,beta,beta,21,beta
baron_c008030,-6.088594,5.991641,alpha,alpha,12,alpha
baron_c008032,12.88401,3.153114,delta,delta,3,delta
baron_c008033,8.367033,11.06651,ductal,ductal,8,ductal
baron_c008035,0.2067939,0.4246572,beta,beta,21,beta
baron_c008036,1.350021,-0.287718,beta,beta,21,beta
baron_c008037,-6.689521,5.299144,alpha,alpha,12,alpha
baron_c008038,-5.246793,15.72688,gamma,gamma,9,gamma
baron_c008040,-6.791409,5.377514,alpha,alpha,12,alpha
baron_c008041,13.64134,3.094484,delta,delta,3,delta
baron_c008043,1.15204,-1.07527,beta,beta,21,beta
baron_c008044,12.52693,3.294081,delta,delta,3,delta
baron_c008047,1.774836,-0.1221246,beta,beta,21,beta
baron_c008049,0.3516423,0.3142801,beta,beta,21,beta
baron_c008050,-5.885606,5.808347,alpha,alpha,12,alpha
baron_c008052,8.79484,11.89128,ductal,ductal,8,ductal
baron_c008054,-6.184775,16.83742,gamma,gamma,9,gamma
baron_c008056,1.913107,-1.919187,beta,beta,18,beta
baron_c008057,13.6796,3.121481,delta,delta,3,delta
baron_c008058,9.278766,10.02277,ductal,ductal,8,ductal
baron_c008059,1.241751,0.3094893,beta,beta,21,beta
baron_c008060,-7.470308,6.253334,alpha,alpha,12,alpha
baron_c008061,9.328161,12.05735,ductal,ductal,8,ductal
baron_c008062,-6.754401,5.746651,alpha,alpha,12,alpha
baron_c008063,-5.899617,15.30671,gamma,gamma,9,gamma
baron_c008064,-0.1413356,-0.7690287,beta,beta,21,beta
baron_c008066,1.623029,-0.5618162,beta,beta,21,beta
baron_c008067,8.367508,11.81554,ductal,ductal,8,ductal
baron_c008069,1.334409,-1.634214,beta,beta,21,beta
baron_c008070,-5.964851,16.74011,gamma,gamma,9,gamma
baron_c008071,9.208179,10.00033,ductal,ductal,8,ductal
baron_c008072,-6.854887,5.38027,alpha,alpha,12,alpha
baron_c008073,14.24609,-2.297634,activated_stellate,stellate,4,stellate
baron_c008074,9.061983,11.74788,ductal,ductal,8,ductal
baron_c008075,-6.384727,16.34694,gamma,gamma,9,gamma
baron_c008077,-7.382579,4.995745,alpha,alpha,12,alpha
baron_c008078,14.73358,-2.781914,activated_stellate,stellate,4,stellate
baron_c008079,-6.812963,4.775026,alpha,alpha,12,alpha
baron_c008080,0.8275061,0.9771145,beta,beta,21,beta
baron_c008081,0.2873522,1.019626,beta,beta,21,beta
baron_c008082,-1.272617,13.98913,macrophage,macrophage,19,Unknown
baron_c008083,6.928749,15.05629,ductal,ductal,15,acinar
baron_c008084,-6.188224,6.171433,alpha,alpha,12,alpha
baron_c008085,13.87699,3.510274,delta,delta,3,delta
baron_c008087,9.044738,11.41452,ductal,ductal,8,ductal
baron_c008088,6.606527,14.06655,ductal,ductal,15,acinar
baron_c008089,8.606883,11.96684,ductal,ductal,8,ductal
baron_c008090,1.279803,-0.09049819,beta,beta,21,beta
baron_c008096,9.255198,9.157677,ductal,ductal,5,ductal
baron_c008097,14.47108,-2.106339,activated_stellate,stellate,4,stellate
baron_c008098,-6.831751,6.893923,alpha,alpha,12,alpha
baron_c008099,0.2312815,0.1622716,beta,beta,21,beta
baron_c008100,13.04956,3.211351,delta,delta,3,delta
baron_c008101,-0.1482375,-0.1550493,beta,beta,21,beta
baron_c008102,1.05121,-0.5874625,beta,beta,21,beta
baron_c008103,13.28947,2.31299,delta,delta,3,delta
baron_c008104,0.3713243,-0.3557718,beta,beta,21,beta
baron_c008105,-7.717458,5.245435,alpha,alpha,12,alpha
baron_c008108,8.796253,11.03918,ductal,ductal,8,ductal
baron_c008110,-6.690679,4.971964,alpha,alpha,12,alpha
baron_c008111,0.8300386,0.1652915,beta,beta,21,beta
baron_c008112,6.987439,14.72871,ductal,ductal,15,acinar
baron_c008113,8.891235,11.54883,ductal,ductal,8,ductal
baron_c008114,1.849099,0.1271131,ductal,ductal,21,beta
baron_c008115,-7.560453,5.253407,alpha,alpha,12,alpha
baron_c008116,-6.546143,4.77043,beta,beta,12,alpha
baron_c008117,13.73995,2.669399,delta,delta,3,delta
baron_c008120,0.8797805,0.3889763,beta,beta,21,beta
baron_c008122,0.1974516,1.21951,beta,beta,21,beta
baron_c008123,-6.44557,6.810434,alpha,alpha,12,alpha
baron_c008124,0.1451854,-1.339748,beta,beta,21,beta
baron_c008126,9.390534,11.48516,ductal,ductal,8,ductal
baron_c008127,14.21327,-2.241367,activated_stellate,stellate,4,stellate
baron_c008128,9.461793,12.00328,ductal,ductal,8,ductal
baron_c008129,0.4596326,-1.3614,beta,beta,21,beta
baron_c008131,13.07283,-3.349698,activated_stellate,stellate,4,stellate
baron_c008132,8.935623,10.40847,ductal,ductal,8,ductal
baron_c008134,1.477523,0.3537202,beta,beta,21,beta
baron_c008135,0.9921728,1.392857,beta,beta,21,beta
baron_c008137,-7.602638,6.028081,alpha,alpha,12,alpha
baron_c008138,12.83836,2.752047,delta,delta,3,delta
baron_c008139,-7.631945,6.797531,alpha,alpha,20,alpha
baron_c008140,8.929861,11.21166,ductal,ductal,8,ductal
baron_c008141,-5.997567,16.02466,gamma,gamma,9,gamma
baron_c008142,-6.14145,16.42714,gamma,gamma,9,gamma
baron_c008144,6.957977,14.16781,ductal,ductal,15,acinar
baron_c008145,-0.0333867,0.2535714,beta,beta,21,beta
baron_c008146,-6.213172,6.751132,alpha,alpha,12,alpha
baron_c008147,-7.294762,4.750607,alpha,alpha,12,alpha
baron_c008148,-6.726449,5.607563,alpha,alpha,12,alpha
baron_c008149,8.664265,10.60425,ductal,ductal,8,ductal
baron_c008151,0.8985587,-0.6871608,beta,beta,21,beta
baron_c008152,1.219156,0.6076581,beta,beta,21,beta
baron_c008153,7.508887,9.818382,ductal,ductal,8,ductal
baron_c008154,14.68316,-2.313327,activated_stellate,stellate,4,stellate
baron_c008156,9.276582,12.17944,ductal,ductal,8,ductal
baron_c008157,8.898933,11.04985,ductal,ductal,8,ductal
baron_c008158,9.074912,11.87664,ductal,ductal,8,ductal
baron_c008159,7.061763,15.46428,acinar,acinar,1,acinar
baron_c008161,-6.020114,16.29871,gamma,gamma,9,gamma
baron_c008164,0.8034171,1.368894,beta,beta,21,beta
baron_c008170,12.8835,3.217179,delta,delta,3,delta
baron_c008171,-6.854403,5.712576,alpha,alpha,12,alpha
baron_c008172,1.391713,-1.017424,beta,beta,21,beta
baron_c008174,1.646126,-1.456104,beta,beta,21,beta
baron_c008177,1.487883,-0.413207,beta,beta,21,beta
baron_c008179,0.2827676,-1.193094,beta,beta,21,beta
baron_c008180,1.399912,-0.9492989,beta,beta,21,beta
baron_c008184,8.900451,10.86406,ductal,ductal,8,ductal
baron_c008185,8.995571,11.76249,ductal,ductal,8,ductal
baron_c008187,0.5255896,1.008222,beta,beta,21,beta
baron_c008188,-6.520009,5.006239,alpha,alpha,12,alpha
baron_c008190,1.405289,-1.34339,beta,beta,21,beta
baron_c008193,13.97096,3.324321,delta,delta,3,delta
baron_c008194,-6.799219,6.447077,alpha,alpha,12,alpha
baron_c008195,8.741495,10.78284,ductal,ductal,8,ductal
baron_c008196,-6.896403,6.247542,alpha,alpha,12,alpha
baron_c008197,7.984469,11.96975,ductal,ductal,8,ductal
baron_c008198,12.54658,3.333223,delta,delta,3,delta
baron_c008199,-6.010462,6.104753,alpha,alpha,12,alpha
baron_c008200,-6.697742,7.572814,alpha,alpha,20,alpha
baron_c008203,7.028594,14.84494,ductal,ductal,15,acinar
baron_c008204,7.945536,10.87001,ductal,ductal,8,ductal
baron_c008205,1.672433,-0.4636495,beta,beta,21,beta
baron_c008206,7.151954,9.543117,ductal,ductal,8,ductal
baron_c008208,0.9626772,-0.4452318,beta,beta,21,beta
baron_c008209,7.933512,11.2888,ductal,ductal,8,ductal
baron_c008210,-7.372737,6.107873,alpha,alpha,12,alpha
baron_c008211,3.50112,-2.748045,beta,beta,11,beta
baron_c008212,-5.901194,16.43066,gamma,gamma,9,gamma
baron_c008213,12.9732,2.638976,delta,delta,3,delta
baron_c008215,8.976668,10.37927,ductal,ductal,8,ductal
baron_c008216,-5.777984,16.47506,gamma,gamma,9,gamma
baron_c008217,8.616646,11.28246,ductal,ductal,8,ductal
baron_c008218,0.4256976,-0.8717179,beta,beta,21,beta
baron_c008219,-0.06841569,-0.6048875,beta,beta,21,beta
baron_c008220,1.594278,-1.477738,beta,beta,21,beta
baron_c008221,6.785455,14.97863,ductal,ductal,15,acinar
baron_c008222,-6.495127,5.736154,alpha,alpha,12,alpha
baron_c008223,0.3324409,-1.102369,beta,beta,21,beta
baron_c008224,0.2389744,-0.1137783,beta,beta,21,beta
baron_c008225,1.344728,-1.293465,beta,beta,21,beta
baron_c008226,-6.924309,5.892457,alpha,alpha,12,alpha
baron_c008227,-7.051813,4.7651,alpha,alpha,12,alpha
baron_c008228,0.7973882,-0.3037809,beta,beta,21,beta
baron_c008229,-6.544216,5.488809,alpha,alpha,12,alpha
baron_c008230,-6.857862,5.192677,alpha,alpha,12,alpha
baron_c008231,3.826118,-6.360839,beta,beta,2,beta
baron_c008232,0.5989701,-1.139774,beta,beta,21,beta
baron_c008234,1.211418,0.3835763,beta,beta,21,beta
baron_c008235,0.3046492,1.358174,beta,beta,21,beta
baron_c008236,-7.253573,4.815341,alpha,alpha,12,alpha
baron_c008237,0.8406663,-0.1919649,beta,beta,21,beta
baron_c008238,-6.168272,6.374803,alpha,alpha,12,alpha
baron_c008239,12.6262,3.166885,delta,delta,3,delta
baron_c008240,-0.1014729,-1.404179,beta,beta,21,beta
baron_c008241,0.2759986,0.4422178,beta,beta,21,beta
baron_c008242,-5.913599,6.221549,alpha,alpha,12,alpha
baron_c008245,-6.286414,16.06312,gamma,gamma,9,gamma
baron_c008246,-6.12699,6.298581,alpha,alpha,12,alpha
baron_c008247,-0.04377299,-1.213563,beta,beta,21,beta
baron_c008248,1.313349,-1.700043,beta,beta,21,beta
baron_c008251,13.16593,-3.368711,activated_stellate,stellate,4,stellate
baron_c008252,14.75652,-1.7278,activated_stellate,stellate,4,stellate
baron_c008253,-6.812169,5.475729,alpha,alpha,12,alpha
baron_c008254,0.6581264,0.3112247,beta,beta,21,beta
baron_c008255,-6.072183,5.808353,alpha,alpha,12,alpha
baron_c008257,8.244727,10.95979,ductal,ductal,8,ductal
baron_c008259,0.5469135,-1.26799,beta,beta,21,beta
baron_c008260,-6.06943,16.36549,gamma,gamma,9,gamma
baron_c008264,8.120449,11.16332,ductal,ductal,8,ductal
baron_c008265,1.089046,-0.4659184,beta,beta,21,beta
baron_c008266,-7.330491,6.591209,alpha,alpha,12,alpha
baron_c008267,8.640714,10.79144,ductal,ductal,8,ductal
baron_c008269,0.8707517,0.4247361,beta,beta,21,beta
baron_c008271,-7.185441,4.631156,alpha,alpha,12,alpha
baron_c008272,7.115116,14.74504,ductal,ductal,15,acinar
baron_c008275,-6.537222,5.671418,alpha,alpha,12,alpha
baron_c008276,-5.715743,16.24472,gamma,gamma,9,gamma
baron_c008277,12.67861,2.842795,delta,delta,3,delta
baron_c008279,1.074126,0.1458502,beta,beta,21,beta
baron_c008280,8.800302,10.11441,ductal,ductal,8,ductal
baron_c008282,0.1438465,0.5774615,beta,beta,21,beta
baron_c008284,0.1945058,-0.4122922,beta,beta,21,beta
baron_c008286,0.0602532,0.4383356,beta,beta,21,beta
baron_c008287,0.7657629,0.2578059,beta,beta,21,beta
baron_c008289,-7.061198,5.948987,alpha,alpha,12,alpha
baron_c008290,9.19286,11.87045,ductal,ductal,8,ductal
baron_c008291,7.06502,15.75721,ductal,ductal,15,acinar
baron_c008292,-5.563065,15.81827,gamma,gamma,9,gamma
baron_c008293,-7.051502,5.073831,alpha,alpha,12,alpha
baron_c008294,16.75699,-6.256645,endothelial,endothelial,13,endothelial
baron_c008296,1.286623,-0.5325181,beta,beta,21,beta
baron_c008297,-6.147702,16.68939,gamma,gamma,9,gamma
baron_c008298,1.512029,-0.531871,beta,beta,21,beta
baron_c008299,8.25755,11.92649,ductal,ductal,8,ductal
baron_c008300,-6.477504,6.352276,alpha,alpha,12,alpha
baron_c008303,-6.018412,15.89019,gamma,gamma,9,gamma
baron_c008305,-6.771814,5.128513,alpha,alpha,12,alpha
baron_c008306,8.646761,11.95342,ductal,ductal,8,ductal
baron_c008309,14.72857,-2.322193,activated_stellate,stellate,4,stellate
baron_c008310,-5.790271,16.38006,gamma,gamma,9,gamma
baron_c008315,6.233348,15.24496,ductal,ductal,15,acinar
baron_c008316,1.631335,-2.096771,beta,beta,18,beta
baron_c008317,-0.05455494,-0.1321834,beta,beta,21,beta
baron_c008318,13.30067,2.998828,delta,delta,3,delta
baron_c008320,8.778251,11.47334,ductal,ductal,8,ductal
baron_c008321,0.7802714,-0.607767,beta,beta,21,beta
baron_c008322,0.9918249,-1.839788,beta,beta,21,beta
baron_c008324,0.1545964,0.9123501,beta,beta,21,beta
baron_c008325,0.4495206,0.4052557,beta,beta,21,beta
baron_c008327,0.4296553,1.246247,beta,beta,21,beta
baron_c008329,9.516861,11.83888,ductal,ductal,8,ductal
baron_c008330,0.3673801,0.6752383,beta,beta,21,beta
baron_c008331,-6.092441,16.32315,gamma,gamma,9,gamma
baron_c008334,1.412731,-2.295779,beta,beta,18,beta
baron_c008335,-5.988336,5.770705,alpha,alpha,12,alpha
baron_c008336,14.30483,-2.745541,activated_stellate,stellate,4,stellate
baron_c008337,0.9001852,1.203706,beta,beta,21,beta
baron_c008339,0.2923729,-0.6002663,beta,beta,21,beta
baron_c008340,0.5486234,-1.23167,beta,beta,21,beta
baron_c008341,-5.92559,6.585323,alpha,alpha,12,alpha
baron_c008343,0.5032226,-0.3311408,beta,beta,21,beta
baron_c008346,8.609744,10.98296,ductal,ductal,8,ductal
baron_c008347,0.6859106,-0.3790745,beta,beta,21,beta
baron_c008348,14.45876,2.522799,delta,delta,3,delta
baron_c008350,0.4175494,0.5918644,beta,beta,21,beta
baron_c008352,-6.666399,5.528824,alpha,alpha,12,alpha
baron_c008353,8.683575,10.58609,ductal,ductal,8,ductal
baron_c008354,1.136227,-0.04045082,beta,beta,21,beta
baron_c008356,0.4553984,0.04660852,beta,beta,21,beta
baron_c008357,1.798489,-0.0218661,beta,beta,21,beta
baron_c008358,1.289392,-1.672814,beta,beta,21,beta
baron_c008359,1.707712,-1.80171,beta,beta,18,beta
baron_c008361,0.8230854,0.9270007,beta,beta,21,beta
baron_c008362,-6.711476,5.274873,alpha,alpha,12,alpha
baron_c008365,-6.549889,6.396689,alpha,alpha,12,alpha
baron_c008366,14.59665,3.345407,delta,delta,3,delta
baron_c008367,0.1438107,-0.8577995,beta,beta,21,beta
baron_c008368,-6.923175,5.993812,alpha,alpha,12,alpha
baron_c008369,1.025581,1.43958,beta,beta,21,beta
baron_c008372,0.9786001,-0.08175364,beta,beta,21,beta
baron_c008377,8.908094,12.22672,ductal,ductal,8,ductal
baron_c008378,1.112587,0.7297627,beta,beta,21,beta
baron_c008379,4.098904,-2.789779,beta,beta,11,beta
baron_c008382,0.6782532,-0.5100388,beta,beta,21,beta
baron_c008383,8.482478,10.47903,ductal,ductal,8,ductal
baron_c008384,9.119191,10.06582,ductal,ductal,8,ductal
baron_c008385,1.911152,-2.421972,beta,beta,18,beta
baron_c008388,-6.908872,5.002332,alpha,alpha,12,alpha
baron_c008389,-6.420068,6.112532,alpha,alpha,12,alpha
baron_c008390,-6.888308,5.12394,alpha,alpha,12,alpha
baron_c008391,14.79518,-2.042434,activated_stellate,stellate,4,stellate
baron_c008393,-6.921848,4.959066,alpha,alpha,12,alpha
baron_c008394,-6.838047,6.088853,alpha,alpha,12,alpha
baron_c008395,-6.568529,5.260067,alpha,alpha,12,alpha
baron_c008396,-6.079758,15.90825,gamma,gamma,9,gamma
baron_c008397,8.545972,12.13287,ductal,ductal,8,ductal
baron_c008400,0.7970788,1.105404,beta,beta,21,beta
baron_c008402,1.077286,-1.498912,beta,beta,21,beta
baron_c008403,7.573687,10.71484,ductal,ductal,8,ductal
baron_c008405,-7.737775,5.451148,alpha,alpha,12,alpha
baron_c008406,0.5528294,1.3437,beta,beta,21,beta
baron_c008409,0.8533031,1.28702,beta,beta,21,beta
baron_c008410,0.6397526,0.9708332,beta,beta,21,beta
baron_c008412,9.013457,12.18633,ductal,ductal,8,ductal
baron_c008413,-7.632052,6.270882,alpha,alpha,12,alpha
baron_c008414,1.013441,0.7198077,beta,beta,21,beta
baron_c008415,1.841082,-2.303238,beta,beta,2,beta
baron_c008416,6.37851,11.06895,ductal,ductal,17,ductal
baron_c008417,0.5923511,1.040845,beta,beta,21,beta
baron_c008419,0.3416004,-0.6439187,beta,beta,21,beta
baron_c008420,12.8962,2.450339,beta,beta,3,delta
baron_c008421,0.5749078,1.024234,beta,beta,21,beta
baron_c008423,9.09732,11.98207,ductal,ductal,8,ductal
baron_c008427,-5.237609,8.318311,alpha,alpha,14,alpha
baron_c008428,-6.340249,6.175599,alpha,alpha,12,alpha
baron_c008429,0.3895451,0.4874415,beta,beta,21,beta
baron_c008430,-7.277341,5.585874,alpha,alpha,12,alpha
baron_c008433,-5.853382,16.39798,gamma,gamma,9,gamma
baron_c008434,0.0595512,-0.3467412,beta,beta,21,beta
baron_c008436,1.288358,0.1630528,beta,beta,21,beta
baron_c008437,-5.371012,15.81654,gamma,gamma,9,gamma
baron_c008438,0.9456562,-0.4905067,beta,beta,21,beta
baron_c008439,0.6018958,0.3866984,beta,beta,21,beta
baron_c008443,0.1214552,0.5216681,beta,beta,21,beta
baron_c008444,-7.303,6.323143,alpha,alpha,12,alpha
baron_c008446,1.046302,-0.244448,beta,beta,21,beta
baron_c008447,-0.2201671,-0.5844611,beta,beta,21,beta
baron_c008448,13.21742,1.561899,delta,delta,3,delta
baron_c008449,1.084159,-0.6605729,beta,beta,21,beta
baron_c008450,0.8035539,-0.2580801,beta,beta,21,beta
baron_c008452,1.552211,-1.040843,beta,beta,21,beta
baron_c008453,-6.369134,5.258634,alpha,alpha,12,alpha
baron_c008454,7.24426,10.2822,ductal,ductal,8,ductal
baron_c008455,-6.733483,5.810419,alpha,alpha,12,alpha
baron_c008456,-6.883758,5.98545,alpha,alpha,12,alpha
baron_c008458,-6.26844,16.25982,gamma,gamma,9,gamma
baron_c008460,1.457797,0.2959086,beta,beta,21,beta
baron_c008461,7.495105,10.5656,ductal,ductal,8,ductal
baron_c008462,7.074702,14.70605,ductal,ductal,15,acinar
baron_c008467,14.73644,-2.147698,activated_stellate,stellate,4,stellate
baron_c008468,0.1698236,-1.531124,beta,beta,21,beta
baron_c008469,9.265084,8.045778,ductal,ductal,5,ductal
baron_c008470,-6.720807,8.388453,alpha,alpha,20,alpha
baron_c008471,17.14581,-6.214662,endothelial,endothelial,13,endothelial
baron_c008472,4.325986,-3.120215,beta,beta,11,beta
baron_c008473,1.19568,1.117636,beta,beta,21,beta
baron_c008476,2.195052,-2.182981,beta,beta,18,beta
baron_c008477,1.189893,-1.961698,beta,beta,21,beta
baron_c008478,6.96279,14.52476,ductal,ductal,15,acinar
baron_c008479,1.979725,-0.6163028,beta,beta,21,beta
baron_c008480,8.797433,10.75443,ductal,ductal,8,ductal
baron_c008481,-5.554421,5.701734,alpha,alpha,12,alpha
baron_c008482,-7.479496,7.948038,alpha,alpha,20,alpha
baron_c008484,-6.340223,16.48849,gamma,gamma,9,gamma
baron_c008489,-5.700468,16.19382,gamma,gamma,9,gamma
baron_c008491,0.04021977,-0.2024949,beta,beta,21,beta
baron_c008493,1.666296,-1.735558,beta,beta,21,beta
baron_c008494,0.2128394,-0.4296514,beta,beta,21,beta
baron_c008495,7.176873,9.042236,ductal,ductal,8,ductal
baron_c008496,-6.608047,5.794274,alpha,alpha,12,alpha
baron_c008497,0.4235549,0.8700716,beta,beta,21,beta
baron_c008500,0.5089391,0.8207856,beta,beta,21,beta
baron_c008502,-6.230114,8.311619,alpha,alpha,20,alpha
baron_c008503,1.245542,0.5257283,beta,beta,21,beta
baron_c008504,-5.501743,16.41004,gamma,gamma,9,gamma
baron_c008507,-7.698965,5.361665,alpha,alpha,12,alpha
baron_c008508,-5.907681,5.903104,alpha,alpha,12,alpha
baron_c008509,7.333287,9.330861,ductal,ductal,8,ductal
baron_c008511,14.72074,-1.725665,activated_stellate,stellate,4,stellate
baron_c008513,-7.074063,4.984413,alpha,alpha,12,alpha
baron_c008516,-7.204443,7.576969,alpha,alpha,20,alpha
baron_c008517,8.732319,12.17183,ductal,ductal,8,ductal
baron_c008518,0.05945591,-0.1431423,beta,beta,21,beta
baron_c008520,1.124209,-1.197826,beta,beta,21,beta
baron_c008521,14.38688,-2.174442,activated_stellate,stellate,4,stellate
baron_c008526,-5.825371,15.60475,gamma,gamma,9,gamma
baron_c008528,0.5932769,-1.058744,beta,beta,21,beta
baron_c008532,1.007533,1.316268,beta,beta,21,beta
baron_c008533,8.618204,10.7217,ductal,ductal,8,ductal
baron_c008534,0.5028874,-0.1925569,beta,beta,21,beta
baron_c008535,6.077529,-3.775195,beta,beta,7,beta
baron_c008536,0.1610029,-0.1451057,beta,beta,21,beta
baron_c008537,13.81261,-1.999801,schwann,schwann,4,stellate
baron_c008538,-6.246299,6.664574,alpha,alpha,12,alpha
baron_c008539,6.504491,11.07818,ductal,ductal,17,ductal
baron_c008540,1.202432,-0.9583481,beta,beta,21,beta
baron_c008542,1.301795,-2.487932,beta,beta,18,beta
baron_c008543,8.580366,11.57728,ductal,ductal,8,ductal
baron_c008544,6.649457,14.09373,ductal,ductal,15,acinar
baron_c008546,9.297673,11.68267,ductal,ductal,8,ductal
baron_c008548,-6.344039,6.989324,alpha,alpha,12,alpha
baron_c008549,-5.984184,7.78425,alpha,alpha,20,alpha
baron_c008550,13.0524,-5.690278,quiescent_stellate,stellate,10,stellate
baron_c008552,0.607133,-0.8116966,beta,beta,21,beta
baron_c008553,14.6181,-1.758413,activated_stellate,stellate,4,stellate
baron_c008554,2.039478,-2.396011,beta,beta,18,beta
baron_c008555,2.479712,-2.357171,beta,beta,18,beta
baron_c008557,0.7740513,0.1188089,beta,beta,21,beta
baron_c008558,0.5220032,0.5653144,beta,beta,21,beta
baron_c008559,1.080573,-1.923239,beta,beta,21,beta
baron_c008561,-5.519683,6.231011,alpha,alpha,6,alpha
baron_c008564,14.87472,-2.715482,activated_stellate,stellate,4,stellate
baron_c008565,-6.526012,5.853963,alpha,alpha,12,alpha
baron_c008566,2.311007,-2.101624,beta,beta,18,beta
baron_c008568,6.503343,14.69108,ductal,ductal,15,acinar
