cell_id,umap_1,umap_2,reference_fine,reference_broad,cluster,proposal
kang_c000000,12.2267,11.07027,CD14+ Monocytes,monocytes,0,monocytes
kang_c000011,-2.372706,9.595071,CD4 T cells,T cells,1,Unknown
kang_c000018,-3.276709,8.610879,CD4 T cells,T cells,2,T cells
kang_c000023,-2.92414,12.88156,NK cells,NK cells,4,NK cells
kang_c000027,13.81417,10.51387,CD14+ Monocytes,monocytes,0,monocytes
kang_c000028,-4.515868,10.10177,CD4 T cells,T cells,3,T cells
kang_c000030,1.214711,-0.5046585,CD4 T cells,T cells,1,Unknown
kang_c000035,-4.251553,11.31559,CD4 T cells,T cells,3,T cells
kang_c000037,-4.104712,9.738811,CD4 T cells,T cells,2,T cells
kang_c000038,1.56224,-0.1636318,B cells,B cells,5,B cells
kang_c000051,14.74674,11.36745,CD14+ Monocytes,monocytes,0,monocytes
kang_c000052,-5.211412,7.833888,CD4 T cells,T cells,2,T cells
kang_c000062,-1.610543,16.02285,NK cells,NK cells,6,NK cells
kang_c000066,-3.412332,15.05936,NK cells,NK cells,4,NK cells
kang_c000069,13.21463,13.40355,CD14+ Monocytes,monocytes,0,monocytes
kang_c000071,13.67265,11.38475,CD14+ Monocytes,monocytes,0,monocytes
kang_c000076,-2.656883,8.655602,CD4 T cells,T cells,1,Unknown
kang_c000077,13.78945,11.7271,CD14+ Monocytes,monocytes,0,monocytes
kang_c000093,-2.168231,12.88355,CD8 T cells,T cells,4,NK cells
kang_c000098,14.44379,12.36262,CD14+ Monocytes,monocytes,0,monocytes
kang_c000103,-2.125422,13.03371,CD8 T cells,T cells,4,NK cells
kang_c000105,14.87605,11.58918,CD14+ Monocytes,monocytes,0,monocytes
kang_c000106,-5.468484,7.178576,CD4 T cells,T cells,2,T cells
kang_c000111,-1.884431,12.98192,CD8 T cells,T cells,4,NK cells
kang_c000116,-1.824294,8.723595,CD4 T cells,T cells,7,T cells
kang_c000118,15.14731,9.350024,FCGR3A+ Monocytes,monocytes,8,monocytes
kang_c000121,14.52819,10.59238,FCGR3A+ Monocytes,monocytes,8,monocytes
kang_c000122,12.93087,10.84814,FCGR3A+ Monocytes,monocytes,0,monocytes
kang_c000126,2.948391,-1.71816,B cells,B cells,5,B cells
kang_c000127,2.159072,-3.248522,B cells,B cells,5,B cells
kang_c000130,15.42356,9.685616,FCGR3A+ Monocytes,monocytes,8,monocytes
kang_c000131,-3.751963,9.766987,CD4 T cells,T cells,2,T cells
kang_c000142,14.59331,9.251775,FCGR3A+ Monocytes,monocytes,8,monocytes
kang_c000145,2.387936,-1.528615,B cells,B cells,5,B cells
kang_c000155,-3.892145,10.63991,CD4 T cells,T cells,3,T cells
kang_c000158,-4.59627,8.291738,CD4 T cells,T cells,2,T cells
kang_c000160,12.44189,11.62262,CD14+ Monocytes,monocytes,0,monocytes
kang_c000169,2.005849,-1.580102,B cells,B cells,5,B cells
kang_c000170,-3.037529,6.798101,CD4 T cells,T cells,2,T cells
kang_c000171,-4.468796,7.616527,CD4 T cells,T cells,2,T cells
kang_c000172,-2.967788,12.92067,CD8 T cells,T cells,4,NK cells
kang_c000173,-2.694983,10.64324,CD4 T cells,T cells,9,T cells
kang_c000182,-2.388062,11.17001,CD4 T cells,T cells,9,T cells
kang_c000184,-3.225095,11.65079,CD4 T cells,T cells,3,T cells
kang_c000185,3.878095,-1.837663,B cells,B cells,5,B cells
kang_c000189,14.98732,11.61625,CD14+ Monocytes,monocytes,0,monocytes
kang_c000191,14.504,10.82987,CD14+ Monocytes,monocytes,0,monocytes
kang_c000197,-3.493117,7.047131,CD4 T cells,T cells,2,T cells
kang_c000201,-2.729815,13.48378,CD8 T cells,T cells,4,NK cells
kang_c000210,3.005355,-2.172155,B cells,B cells,5,B cells
kang_c000211,12.6447,9.896744,CD14+ Monocytes,monocytes,0,monocytes
kang_c000215,12.44463,12.5011,CD14+ Monocytes,monocytes,0,monocytes
kang_c000218,-5.381683,7.99172,CD4 T cells,T cells,2,T cells
kang_c000222,2.952619,-1.594238,B cells,B cells,5,B cells
kang_c000230,-3.029597,11.80438,CD4 T cells,T cells,3,T cells
kang_c000234,-4.273551,8.334042,CD4 T cells,T cells,2,T cells
kang_c000242,-4.115179,9.809091,CD4 T cells,T cells,3,T cells
kang_c000243,-4.411364,7.31073,CD4 T cells,T cells,2,T cells
kang_c000249,13.66094,13.18476,CD14+ Monocytes,monocytes,0,monocytes
kang_c000250,-3.090162,14.04931,NK cells,NK cells,4,NK cells
kang_c000254,2.12552,-3.210399,B cells,B cells,5,B cells
kang_c000285,2.444856,7.551058,CD4 T cells,T cells,1,Unknown
kang_c000288,3.245508,-2.169498,B cells,B cells,5,B cells
kang_c000290,-1.815319,14.34646,NK cells,NK cells,4,NK cells
kang_c000295,2.176933,-3.161899,B cells,B cells,5,B cells
kang_c000297,13.16446,10.813,CD14+ Monocytes,monocytes,0,monocytes
kang_c000309,13.31793,11.47049,CD14+ Monocytes,monocytes,0,monocytes
kang_c000312,-5.835215,8.087418,CD4 T cells,T cells,2,T cells
kang_c000319,13.58738,11.42648,CD14+ Monocytes,monocytes,0,monocytes
kang_c000324,-0.8695619,9.32717,CD4 T cells,T cells,3,T cells
kang_c000329,-3.867095,10.08666,CD4 T cells,T cells,3,T cells
kang_c000335,1.99608,-1.3384,B cells,B cells,5,B cells
kang_c000339,-4.189843,10.95401,CD4 T cells,T cells,3,T cells
kang_c000340,-3.220172,6.97974,CD4 T cells,T cells,2,T cells
kang_c000341,2.152872,7.442708,CD4 T cells,T cells,1,Unknown
kang_c000348,15.58888,8.969663,FCGR3A+ Monocytes,monocytes,8,monocytes
kang_c000367,-3.123071,11.38124,CD4 T cells,T cells,3,T cells
kang_c000372,12.5477,12.74241,CD14+ Monocytes,monocytes,0,monocytes
kang_c000375,10.42362,10.64327,Dendritic cells,dendritic cells,10,dendritic cells
kang_c000376,11.95877,11.48269,Dendritic cells,dendritic cells,0,monocytes
kang_c000380,-4.923782,9.371865,CD4 T cells,T cells,2,T cells
kang_c000383,-4.708068,11.3179,CD4 T cells,T cells,3,T cells
kang_c000384,-4.433474,10.81247,CD4 T cells,T cells,3,T cells
kang_c000395,-5.424785,7.467027,CD4 T cells,T cells,2,T cells
kang_c000412,3.052635,-2.455925,B cells,B cells,5,B cells
kang_c000413,-1.082577,13.24413,CD8 T cells,T cells,4,NK cells
kang_c000417,11.77043,11.81962,CD14+ Monocytes,monocytes,0,monocytes
kang_c000419,13.57309,10.10581,CD14+ Monocytes,monocytes,0,monocytes
kang_c000432,15.40263,9.611719,FCGR3A+ Monocytes,monocytes,8,monocytes
kang_c000436,-1.930642,8.131878,CD4 T cells,T cells,1,Unknown
kang_c000440,-2.865633,10.13453,CD4 T cells,T cells,2,T cells
kang_c000442,13.4907,12.42061,CD14+ Monocytes,monocytes,0,monocytes
kang_c000447,2.228162,-3.336521,B cells,B cells,5,B cells
kang_c000450,-3.346585,11.20877,CD4 T cells,T cells,3,T cells
kang_c000453,12.95632,13.14702,CD14+ Monocytes,monocytes,0,monocytes
kang_c000458,13.47729,13.03617,CD14+ Monocytes,monocytes,0,monocytes
kang_c000459,-2.32969,9.773862,CD4 T cells,T cells,9,T cells
kang_c000464,1.851065,-2.521251,B cells,B cells,5,B cells
kang_c000471,-2.978976,14.34518,NK cells,NK cells,4,NK cells
kang_c000474,-1.952045,14.93972,NK cells,NK cells,4,NK cells
kang_c000476,2.704113,-1.897505,B cells,B cells,5,B cells
kang_c000477,2.924335,-2.821314,B cells,B cells,5,B cells
kang_c000478,2.867344,-3.095165,B cells,B cells,5,B cells
kang_c000484,1.73355,-1.783169,B cells,B cells,5,B cells
kang_c000490,2.113218,-1.479844,B cells,B cells,5,B cells
kang_c000496,-1.362869,14.13606,NK cells,NK cells,4,NK cells
kang_c000504,14.61607,11.10009,CD14+ Monocytes,monocytes,0,monocytes
kang_c000507,-2.890075,11.51373,CD4 T cells,T cells,3,T cells
kang_c000511,-2.3701,13.28389,CD8 T cells,T cells,4,NK cells
kang_c000512,12.32193,9.195714,CD14+ Monocytes,monocytes,0,monocytes
kang_c000514,-4.064994,9.020751,CD4 T cells,T cells,2,T cells
kang_c000515,12.9901,9.292857,CD14+ Monocytes,monocytes,0,monocytes
kang_c000517,14.79954,11.08804,CD14+ Monocytes,monocytes,0,monocytes
kang_c000520,14.00455,11.06335,CD14+ Monocytes,monocytes,0,monocytes
kang_c000524,-3.381718,10.84964,CD4 T cells,T cells,3,T cells
kang_c000527,14.09282,12.79568,CD14+ Monocytes,monocytes,0,monocytes
kang_c000528,-3.329569,12.46038,CD8 T cells,T cells,3,T cells
kang_c000529,-3.536456,8.149594,CD4 T cells,T cells,2,T cells
kang_c000532,-5.617235,7.356498,CD4 T cells,T cells,2,T cells
kang_c000533,-3.97946,8.815161,CD4 T cells,T cells,2,T cells
kang_c000534,-5.125593,11.16946,CD4 T cells,T cells,3,T cells
kang_c000539,12.14543,12.791,CD14+ Monocytes,monocytes,0,monocytes
kang_c000543,3.425489,-1.97664,B cells,B cells,5,B cells
kang_c000557,-3.432648,10.43945,CD4 T cells,T cells,3,T cells
kang_c000558,-2.682019,8.920374,CD4 T cells,T cells,1,Unknown
kang_c000560,-2.651055,14.43122,NK cells,NK cells,4,NK cells
kang_c000573,11.76916,12.69475,CD14+ Monocytes,monocytes,0,monocytes
kang_c000576,15.17244,10.75448,FCGR3A+ Monocytes,monocytes,0,monocytes
kang_c000583,-4.050898,9.469421,CD4 T cells,T cells,2,T cells
kang_c000584,14.94569,11.73989,CD14+ Monocytes,monocytes,0,monocytes
kang_c000585,-2.499028,12.52974,CD8 T cells,T cells,4,NK cells
kang_c000589,-2.335934,9.571187,CD4 T cells,T cells,9,T cells
kang_c000592,-2.167439,14.79506,NK cells,NK cells,4,NK cells
kang_c000593,-2.860464,9.538072,CD4 T cells,T cells,2,T cells
kang_c000600,-2.555587,7.212109,CD4 T cells,T cells,7,T cells
kang_c000601,-4.354269,6.163098,CD4 T cells,T cells,2,T cells
kang_c000603,10.69554,10.75049,Dendritic cells,dendritic cells,10,dendritic cells
kang_c000606,-3.303,6.669765,CD4 T cells,T cells,2,T cells
kang_c000608,12.84345,9.268325,CD14+ Monocytes,monocytes,0,monocytes
kang_c000609,12.43383,11.82171,CD14+ Monocytes,monocytes,0,monocytes
kang_c000615,-4.41765,7.400082,CD4 T cells,T cells,2,T cells
kang_c000620,14.5237,12.26551,CD14+ Monocytes,monocytes,0,monocytes
kang_c000631,14.03799,11.52622,CD14+ Monocytes,monocytes,0,monocytes
kang_c000637,-3.245962,11.11015,CD4 T cells,T cells,3,T cells
kang_c000649,13.85102,12.25935,CD14+ Monocytes,monocytes,0,monocytes
kang_c000651,-4.086956,7.007099,CD4 T cells,T cells,2,T cells
kang_c000653,-5.544083,7.186502,CD4 T cells,T cells,2,T cells
kang_c000655,-5.505446,9.424697,CD4 T cells,T cells,2,T cells
kang_c000661,-3.655998,8.017293,CD4 T cells,T cells,2,T cells
kang_c000666,12.97938,11.77265,CD14+ Monocytes,monocytes,0,monocytes
kang_c000670,-4.334595,8.454489,CD4 T cells,T cells,2,T cells
kang_c000672,13.22454,13.69092,CD14+ Monocytes,monocytes,0,monocytes
kang_c000675,-4.934112,7.239512,CD4 T cells,T cells,2,T cells
kang_c000678,2.056969,-2.480159,B cells,B cells,5,B cells
kang_c000680,12.76477,11.5557,CD14+ Monocytes,monocytes,0,monocytes
kang_c000683,-3.66012,8.339649,CD4 T cells,T cells,2,T cells
kang_c000684,13.39956,10.62464,CD14+ Monocytes,monocytes,0,monocytes
kang_c000685,10.10368,10.1579,Dendritic cells,dendritic cells,10,dendritic cells
kang_c000687,14.94701,11.37671,CD14+ Monocytes,monocytes,0,monocytes
kang_c000688,-1.295644,13.20829,CD8 T cells,T cells,4,NK cells
kang_c000689,14.62548,8.694229,FCGR3A+ Monocytes,monocytes,8,monocytes
kang_c000691,-2.023956,13.86857,CD8 T cells,T cells,4,NK cells
kang_c000692,-1.838016,13.58217,CD8 T cells,T cells,4,NK cells
kang_c000696,14.08318,12.35669,CD14+ Monocytes,monocytes,0,monocytes
kang_c000706,12.72781,11.21001,CD14+ Monocytes,monocytes,0,monocytes
kang_c000713,-4.129269,11.34745,CD4 T cells,T cells,3,T cells
kang_c000718,-3.559238,11.3714,CD4 T cells,T cells,3,T cells
kang_c000725,14.58027,9.662827,CD14+ Monocytes,monocytes,8,monocytes
kang_c000730,-5.195605,9.286977,CD4 T cells,T cells,3,T cells
kang_c000731,13.89415,11.01578,CD14+ Monocytes,monocytes,0,monocytes
kang_c000734,2.746892,-2.880722,B cells,B cells,5,B cells
kang_c000740,-3.771204,10.42718,CD4 T cells,T cells,3,T cells
kang_c000750,-4.81708,11.44526,CD4 T cells,T cells,3,T cells
kang_c000757,-4.704375,9.105278,CD4 T cells,T cells,2,T cells
kang_c000761,-2.49448,8.35765,CD4 T cells,T cells,1,Unknown
kang_c000768,-2.79255,10.41888,CD4 T cells,T cells,2,T cells
kang_c000774,-3.134032,7.922549,CD4 T cells,T cells,2,T cells
kang_c000776,2.867643,-2.273852,B cells,B cells,5,B cells
kang_c000779,-1.455166,9.044172,CD4 T cells,T cells,1,Unknown
kang_c000782,-4.553696,10.11107,CD4 T cells,T cells,3,T cells
kang_c000784,-4.761775,11.42662,CD4 T cells,T cells,3,T cells
kang_c000787,14.80373,9.679112,FCGR3A+ Monocytes,monocytes,8,monocytes
kang_c000790,1.842159,-2.809122,B cells,B cells,5,B cells
kang_c000794,-5.992328,8.294971,CD4 T cells,T cells,2,T cells
kang_c000798,-4.804296,9.041999,CD4 T cells,T cells,2,T cells
kang_c000806,-3.407228,14.30838,CD8 T cells,T cells,4,NK cells
kang_c000809,14.02717,11.87414,CD14+ Monocytes,monocytes,0,monocytes
kang_c000811,13.06751,12.70376,CD14+ Monocytes,monocytes,0,monocytes
kang_c000829,-3.192934,10.71264,CD4 T cells,T cells,3,T cells
kang_c000832,2.826133,-1.6389,B cells,B cells,5,B cells
kang_c000833,14.14126,10.54226,CD14+ Monocytes,monocytes,0,monocytes
kang_c000845,14.57287,9.406128,FCGR3A+ Monocytes,monocytes,8,monocytes
kang_c000850,-4.512413,5.746985,CD4 T cells,T cells,2,T cells
kang_c000853,13.16611,11.24709,CD14+ Monocytes,monocytes,0,monocytes
kang_c000856,-3.227982,9.415948,CD4 T cells,T cells,3,T cells
kang_c000857,13.95497,12.69104,CD14+ Monocytes,monocytes,0,monocytes
kang_c000860,-5.470111,9.474174,CD4 T cells,T cells,3,T cells
kang_c000863,-4.47365,8.214776,CD4 T cells,T cells,2,T cells
kang_c000865,-2.872964,13.94467,CD8 T cells,T cells,4,NK cells
kang_c000867,14.57953,12.12047,CD14+ Monocytes,monocytes,0,monocytes
kang_c000868,-3.646267,6.901347,CD4 T cells,T cells,2,T cells
kang_c000872,-4.178264,7.061801,CD4 T cells,T cells,2,T cells
kang_c000881,-1.718196,13.22632,CD8 T cells,T cells,4,NK cells
kang_c000886,11.77977,11.98428,CD14+ Monocytes,monocytes,0,monocytes
kang_c000887,-4.980913,9.667077,CD4 T cells,T cells,3,T cells
kang_c000894,14.01069,12.97042,CD14+ Monocytes,monocytes,0,monocytes
kang_c000903,3.207409,-2.280798,B cells,B cells,5,B cells
kang_c000912,14.22371,11.96391,CD14+ Monocytes,monocytes,0,monocytes
kang_c000913,-3.241219,9.833751,CD4 T cells,T cells,2,T cells
kang_c000916,12.53972,11.87682,CD14+ Monocytes,monocytes,0,monocytes
kang_c000917,-4.108107,7.675777,CD4 T cells,T cells,2,T cells
kang_c000929,8.943488,7.717177,CD14+ Monocytes,monocytes,11,monocytes
kang_c000935,-1.418045,13.42817,CD8 T cells,T cells,4,NK cells
kang_c000941,-4.48138,6.267779,CD4 T cells,T cells,2,T cells
kang_c000943,-4.07139,10.4272,CD4 T cells,T cells,3,T cells
kang_c000954,-1.805245,12.89215,CD8 T cells,T cells,4,NK cells
kang_c000955,-2.245713,13.74405,CD8 T cells,T cells,4,NK cells
kang_c000957,-1.51965,13.96792,CD8 T cells,T cells,4,NK cells
kang_c000961,2.682267,-2.753672,B cells,B cells,5,B cells
kang_c000971,13.22402,9.619614,CD14+ Monocytes,monocytes,0,monocytes
kang_c000972,14.09635,10.11262,FCGR3A+ Monocytes,monocytes,0,monocytes
kang_c000973,2.094131,-1.607455,B cells,B cells,5,B cells
kang_c000979,-3.284348,15.25823,NK cells,NK cells,4,NK cells
kang_c000981,11.00907,11.0415,Dendritic cells,dendritic cells,0,monocytes
kang_c000982,2.151271,-2.350348,B cells,B cells,5,B cells
kang_c000985,-4.501481,8.744611,CD4 T cells,T cells,2,T cells
kang_c000986,-3.264302,10.39821,CD4 T cells,T cells,3,T cells
kang_c000987,1.660048,-0.1889096,B cells,B cells,5,B cells
kang_c000988,-2.970435,14.16461,NK cells,NK cells,4,NK cells
kang_c000989,11.19828,11.03522,Dendritic cells,dendritic cells,0,monocytes
kang_c000993,-4.270639,6.333662,CD4 T cells,T cells,2,T cells
kang_c001003,14.61504,9.190401,FCGR3A+ Monocytes,monocytes,8,monocytes
kang_c001005,-4.673325,6.646298,CD4 T cells,T cells,2,T cells
kang_c001008,-2.673083,13.44806,CD8 T cells,T cells,4,NK cells
kang_c001010,2.70162,-3.216115,B cells,B cells,5,B cells
kang_c001017,3.118515,-2.672527,B cells,B cells,5,B cells
kang_c001028,12.94078,10.31394,CD14+ Monocytes,monocytes,0,monocytes
kang_c001032,-4.323711,7.940615,CD4 T cells,T cells,2,T cells
kang_c001034,-4.760029,9.103241,CD4 T cells,T cells,2,T cells
kang_c001048,-2.523748,7.53437,CD4 T cells,T cells,7,T cells
kang_c001049,2.940655,-2.199406,B cells,B cells,5,B cells
kang_c001053,14.92714,11.53365,CD14+ Monocytes,monocytes,0,monocytes
kang_c001055,14.22761,11.16605,CD14+ Monocytes,monocytes,0,monocytes
kang_c001056,-4.403433,11.58876,CD4 T cells,T cells,3,T cells
kang_c001061,14.17143,11.2084,CD14+ Monocytes,monocytes,0,monocytes
kang_c001063,-4.403926,10.93392,CD4 T cells,T cells,3,T cells
kang_c001070,-4.484423,11.86479,CD4 T cells,T cells,3,T cells
kang_c001071,8.300639,7.738818,Megakaryocytes,platelets,11,monocytes
kang_c001078,2.405931,7.209786,CD4 T cells,T cells,1,Unknown
kang_c001079,-4.597102,8.755113,CD4 T cells,T cells,2,T cells
kang_c001081,9.784056,10.02315,Dendritic cells,dendritic cells,10,dendritic cells
kang_c001083,-3.04073,11.54228,CD4 T cells,T cells,3,T cells
kang_c001086,2.048292,-1.84244,B cells,B cells,5,B cells
kang_c001089,-1.596055,14.41012,NK cells,NK cells,4,NK cells
kang_c001094,-2.582582,6.31317,CD4 T cells,T cells,7,T cells
kang_c001096,-4.299661,8.122035,CD4 T cells,T cells,2,T cells
kang_c001098,14.29136,12.23734,CD14+ Monocytes,monocytes,0,monocytes
kang_c001102,-3.057595,15.05579,NK cells,NK cells,4,NK cells
kang_c001104,-4.610867,6.188062,CD4 T cells,T cells,2,T cells
kang_c001124,12.38229,11.34551,CD14+ Monocytes,monocytes,0,monocytes
kang_c001126,2.909529,-1.930484,B cells,B cells,5,B cells
kang_c001128,-1.912849,12.16826,CD4 T cells,T cells,4,NK cells
kang_c001129,-3.125956,6.869277,CD4 T cells,T cells,2,T cells
kang_c001135,-2.295711,14.71554,NK cells,NK cells,4,NK cells
kang_c001138,-5.239555,9.572687,CD4 T cells,T cells,3,T cells
kang_c001141,-2.667447,15.20678,NK cells,NK cells,4,NK cells
kang_c001142,2.849288,-1.801468,B cells,B cells,5,B cells
kang_c001146,13.38386,12.12874,CD14+ Monocytes,monocytes,0,monocytes
kang_c001147,13.79142,11.83787,CD14+ Monocytes,monocytes,0,monocytes
kang_c001149,-2.628813,13.10603,CD8 T cells,T cells,4,NK cells
kang_c001152,13.62395,9.983775,CD14+ Monocytes,monocytes,0,monocytes
kang_c001160,-4.129928,9.980231,CD4 T cells,T cells,3,T cells
kang_c001164,-5.218138,7.49809,CD4 T cells,T cells,2,T cells
kang_c001167,-1.104898,12.84249,CD8 T cells,T cells,4,NK cells
kang_c001169,-4.268364,10.77569,CD4 T cells,T cells,3,T cells
kang_c001171,-2.05279,12.90036,CD8 T cells,T cells,4,NK cells
kang_c001172,13.55438,11.90993,CD14+ Monocytes,monocytes,0,monocytes
kang_c001177,-3.099378,15.62821,NK cells,NK cells,4,NK cells
kang_c001181,-3.855792,8.179497,CD4 T cells,T cells,2,T cells
kang_c001184,-2.246487,9.305281,CD4 T cells,T cells,1,Unknown
kang_c001188,-2.709764,15.91464,NK cells,NK cells,4,NK cells
kang_c001191,-4.52732,10.1805,CD4 T cells,T cells,3,T cells
kang_c001194,14.24504,11.6417,CD14+ Monocytes,monocytes,0,monocytes
kang_c001196,13.17956,10.89451,CD14+ Monocytes,monocytes,0,monocytes
kang_c001203,11.38737,11.00862,Dendritic cells,dendritic cells,0,monocytes
kang_c001209,-4.350471,9.731383,CD4 T cells,T cells,2,T cells
kang_c001218,-1.523424,13.41465,CD8 T cells,T cells,4,NK cells
kang_c001222,15.58893,9.343487,FCGR3A+ Monocytes,monocytes,8,monocytes
kang_c001224,-1.903567,14.41977,NK cells,NK cells,4,NK cells
kang_c001227,-2.80417,8.470037,CD4 T cells,T cells,7,T cells
kang_c001228,-5.134758,10.53415,CD4 T cells,T cells,3,T cells
kang_c001231,13.38412,13.4858,CD14+ Monocytes,monocytes,0,monocytes
kang_c001232,12.34879,11.16414,CD14+ Monocytes,monocytes,0,monocytes
kang_c001240,13.47978,11.07091,CD14+ Monocytes,monocytes,0,monocytes
kang_c001245,-0.5376741,13.39292,CD8 T cells,T cells,12,NK cells
kang_c001252,13.41153,9.623259,CD14+ Monocytes,monocytes,0,monocytes
kang_c001254,2.70355,-2.672741,B cells,B cells,5,B cells
kang_c001262,-3.707984,5.974795,CD4 T cells,T cells,2,T cells
kang_c001274,2.601701,7.272247,CD4 T cells,T cells,1,Unknown
kang_c001277,-3.100297,7.980915,CD4 T cells,T cells,2,T cells
kang_c001284,-3.411801,14.51058,CD8 T cells,T cells,4,NK cells
kang_c001290,2.13412,-2.449392,B cells,B cells,5,B cells
kang_c001295,2.766763,-2.543545,B cells,B cells,5,B cells
kang_c001296,13.09162,9.901999,CD14+ Monocytes,monocytes,0,monocytes
kang_c001297,-2.044515,14.54188,NK cells,NK cells,4,NK cells
kang_c001299,-4.728069,9.968534,CD4 T cells,T cells,3,T cells
kang_c001302,11.82526,11.60677,CD14+ Monocytes,monocytes,0,monocytes
kang_c001306,12.97227,4.727697,CD14+ Monocytes,monocytes,13,monocytes
kang_c001309,-3.340291,8.632546,CD4 T cells,T cells,14,platelets
kang_c001310,-2.89804,6.629832,CD4 T cells,T cells,2,T cells
kang_c001315,13.06725,12.56625,CD14+ Monocytes,monocytes,0,monocytes
kang_c001322,-3.953659,7.204355,CD4 T cells,T cells,2,T cells
kang_c001325,-4.298923,5.831827,CD4 T cells,T cells,2,T cells
kang_c001327,12.23876,11.68773,CD14+ Monocytes,monocytes,0,monocytes
kang_c001336,-2.983532,14.83,NK cells,NK cells,4,NK cells
kang_c001338,14.07588,12.07738,CD14+ Monocytes,monocytes,0,monocytes
kang_c001342,10.70162,10.93091,Dendritic cells,dendritic cells,10,dendritic cells
kang_c001356,-1.318014,7.996096,CD4 T cells,T cells,7,T cells
kang_c001358,-2.676007,9.803539,CD4 T cells,T cells,2,T cells
kang_c001360,-3.554756,6.073485,CD4 T cells,T cells,2,T cells
kang_c001364,1.62448,-0.02394299,B cells,B cells,5,B cells
kang_c001369,13.74969,13.29856,CD14+ Monocytes,monocytes,0,monocytes
kang_c001380,-4.902229,8.532696,CD4 T cells,T cells,2,T cells
kang_c001381,-3.210288,13.37497,CD4 T cells,T cells,4,NK cells
kang_c001382,-2.055471,13.53823,CD8 T cells,T cells,4,NK cells
kang_c001385,1.899052,-0.4095144,B cells,B cells,5,B cells
kang_c001387,12.91664,13.16864,CD14+ Monocytes,monocytes,0,monocytes
kang_c001390,12.58348,11.87662,CD14+ Monocytes,monocytes,0,monocytes
kang_c001401,12.1167,12.82762,CD14+ Monocytes,monocytes,0,monocytes
kang_c001405,-2.775242,8.592009,CD4 T cells,T cells,2,T cells
kang_c001407,-5.220984,11.39578,CD4 T cells,T cells,3,T cells
kang_c001408,2.49822,-2.878458,B cells,B cells,5,B cells
kang_c001411,13.74945,10.4626,CD14+ Monocytes,monocytes,0,monocytes
kang_c001415,15.02146,9.176672,FCGR3A+ Monocytes,monocytes,8,monocytes
kang_c001416,-4.658576,11.4978,CD4 T cells,T cells,3,T cells
kang_c001429,-5.177745,9.139638,CD4 T cells,T cells,2,T cells
kang_c001430,-5.421747,7.219912,CD4 T cells,T cells,2,T cells
kang_c001431,5.027514,-2.450278,Dendritic cells,dendritic cells,15,Unknown
kang_c001434,13.05898,11.3967,CD14+ Monocytes,monocytes,0,monocytes
kang_c001440,-0.7418839,13.60505,CD8 T cells,T cells,4,NK cells
kang_c001446,-5.266102,7.609128,CD4 T cells,T cells,2,T cells
kang_c001451,14.38981,8.708685,FCGR3A+ Monocytes,monocytes,8,monocytes
kang_c001456,13.81858,12.06238,CD14+ Monocytes,monocytes,0,monocytes
kang_c001462,8.978154,7.901314,CD14+ Monocytes,monocytes,11,monocytes
kang_c001469,-3.38548,11.26053,CD4 T cells,T cells,3,T cells
kang_c001471,-2.369777,11.65199,CD4 T cells,T cells,4,NK cells
kang_c001473,-5.195365,7.327715,CD4 T cells,T cells,2,T cells
kang_c001478,-2.080926,7.582014,CD4 T cells,T cells,7,T cells
kang_c001496,-3.083019,7.647751,CD4 T cells,T cells,2,T cells
kang_c001497,13.51271,9.731004,CD14+ Monocytes,monocytes,0,monocytes
kang_c001501,11.72159,11.97776,CD14+ Monocytes,monocytes,0,monocytes
kang_c001504,-4.654544,7.570834,CD4 T cells,T cells,2,T cells
kang_c001507,-2.050552,15.35222,NK cells,NK cells,4,NK cells
kang_c001510,-1.723182,8.388531,CD4 T cells,T cells,1,Unknown
kang_c001511,-4.249353,8.078258,CD4 T cells,T cells,2,T cells
kang_c001514,1.881211,-1.271322,B cells,B cells,5,B cells
kang_c001522,-4.21476,9.395495,CD4 T cells,T cells,3,T cells
kang_c001530,2.69762,-1.660518,B cells,B cells,5,B cells
kang_c001546,-3.725454,6.027879,CD4 T cells,T cells,2,T cells
kang_c001547,-3.99138,8.98947,CD4 T cells,T cells,2,T cells
kang_c001550,13.17733,13.02661,CD14+ Monocytes,monocytes,0,monocytes
kang_c001555,-4.576552,11.25869,CD4 T cells,T cells,3,T cells
kang_c001557,15.10981,9.051036,FCGR3A+ Monocytes,monocytes,8,monocytes
kang_c001558,-3.886476,7.160544,CD4 T cells,T cells,2,T cells
kang_c001559,-5.163473,9.695953,CD4 T cells,T cells,3,T cells
kang_c001563,-3.331107,9.819074,CD4 T cells,T cells,2,T cells
kang_c001565,11.98891,12.9109,CD14+ Monocytes,monocytes,0,monocytes
kang_c001566,-3.622778,10.81835,CD4 T cells,T cells,3,T cells
kang_c001569,-3.468652,6.940615,CD4 T cells,T cells,2,T cells
kang_c001573,11.72603,10.84008,CD14+ Monocytes,monocytes,0,monocytes
kang_c001578,-2.33404,7.819904,CD4 T cells,T cells,1,Unknown
kang_c001585,-3.298045,11.93679,CD4 T cells,T cells,3,T cells
kang_c001598,-4.610977,6.946618,CD4 T cells,T cells,2,T cells
kang_c001600,-5.576306,7.19261,CD4 T cells,T cells,2,T cells
kang_c001606,4.659139,-1.927074,B cells,B cells,15,Unknown
kang_c001608,2.409166,-1.678963,B cells,B cells,5,B cells
kang_c001612,-2.541451,13.11088,CD8 T cells,T cells,4,NK cells
kang_c001621,-2.503325,12.62295,CD8 T cells,T cells,4,NK cells
kang_c001629,-4.615089,11.81637,CD4 T cells,T cells,3,T cells
kang_c001630,2.002718,-2.274142,B cells,B cells,5,B cells
kang_c001639,-4.297391,9.846024,CD4 T cells,T cells,2,T cells
kang_c001640,-4.403693,8.892926,CD4 T cells,T cells,2,T cells
kang_c001643,-4.50175,6.97492,CD4 T cells,T cells,2,T cells
kang_c001649,-2.915561,8.359226,CD4 T cells,T cells,2,T cells
kang_c001666,-2.516361,7.204283,CD4 T cells,T cells,2,T cells
kang_c001668,-2.583583,7.047383,CD4 T cells,T cells,7,T cells
kang_c001669,-2.234186,8.45541,CD4 T cells,T cells,1,Unknown
kang_c001672,-2.423299,9.40455,CD4 T cells,T cells,1,Unknown
kang_c001673,-1.786991,9.948358,CD4 T cells,T cells,9,T cells
kang_c001676,11.82188,12.86564,CD14+ Monocytes,monocytes,0,monocytes
kang_c001684,-2.489583,15.1524,NK cells,NK cells,4,NK cells
kang_c001687,-2.895073,11.98501,CD8 T cells,T cells,4,NK cells
kang_c001688,12.93968,13.53093,CD14+ Monocytes,monocytes,0,monocytes
kang_c001691,-4.715831,6.284904,CD4 T cells,T cells,2,T cells
kang_c001695,-2.602307,14.17647,CD8 T cells,T cells,4,NK cells
kang_c001697,14.61368,9.280685,FCGR3A+ Monocytes,monocytes,8,monocytes
kang_c001704,13.6684,12.91367,CD14+ Monocytes,monocytes,0,monocytes
kang_c001726,-3.827134,6.460003,CD4 T cells,T cells,2,T cells
kang_c001728,13.2049,6.139184,CD14+ Monocytes,monocytes,13,monocytes
kang_c001733,11.67346,11.50944,CD14+ Monocytes,monocytes,0,monocytes
kang_c001737,3.239015,-2.507063,B cells,B cells,5,B cells
kang_c001739,5.154579,-2.494459,Dendritic cells,dendritic cells,15,Unknown
kang_c001740,-3.439787,11.92385,CD4 T cells,T cells,3,T cells
kang_c001747,13.65559,11.52379,CD14+ Monocytes,monocytes,0,monocytes
kang_c001757,-3.011533,15.72756,NK cells,NK cells,4,NK cells
kang_c001766,-3.988112,10.58879,CD4 T cells,T cells,3,T cells
kang_c001768,-5.091764,8.068425,CD4 T cells,T cells,2,T cells
kang_c001774,13.75665,12.42182,CD14+ Monocytes,monocytes,0,monocytes
kang_c001783,-3.432874,10.74291,CD4 T cells,T cells,3,T cells
kang_c001784,-4.838581,8.039106,CD4 T cells,T cells,2,T cells
kang_c001788,2.415965,-1.554861,B cells,B cells,5,B cells
kang_c001795,-4.685469,6.997839,CD4 T cells,T cells,2,T cells
kang_c001802,-2.078498,13.22163,CD8 T cells,T cells,4,NK cells
kang_c001808,14.42375,10.62008,CD14+ Monocytes,monocytes,0,monocytes
kang_c001814,-4.144769,6.674686,CD4 T cells,T cells,2,T cells
kang_c001823,-3.035565,8.220878,CD4 T cells,T cells,2,T cells
kang_c001827,14.60833,9.604143,FCGR3A+ Monocytes,monocytes,8,monocytes
kang_c001828,13.96496,11.13231,CD14+ Monocytes,monocytes,0,monocytes
kang_c001829,13.62592,11.20171,CD14+ Monocytes,monocytes,0,monocytes
kang_c001833,1.518992,-2.110478,B cells,B cells,5,B cells
kang_c001834,-4.529543,9.019365,CD4 T cells,T cells,3,T cells
kang_c001835,3.774501,-1.964584,B cells,B cells,5,B cells
kang_c001851,13.88742,11.77222,CD14+ Monocytes,monocytes,0,monocytes
kang_c001852,-3.399767,11.96338,CD4 T cells,T cells,3,T cells
kang_c001858,-3.644741,11.02117,CD4 T cells,T cells,3,T cells
kang_c001859,12.89593,11.26099,CD14+ Monocytes,monocytes,0,monocytes
kang_c001861,-2.650934,8.067513,CD4 T cells,T cells,2,T cells
kang_c001866,-5.645298,10.49502,CD4 T cells,T cells,3,T cells
kang_c001877,-3.054302,15.55049,NK cells,NK cells,4,NK cells
kang_c001878,-3.725069,5.376013,CD4 T cells,T cells,2,T cells
kang_c001885,13.04708,10.39241,CD14+ Monocytes,monocytes,0,monocytes
kang_c001886,13.11996,10.64725,CD14+ Monocytes,monocytes,0,monocytes
kang_c001887,-3.386881,7.388186,CD4 T cells,T cells,2,T cells
kang_c001890,-4.994599,10.13448,CD4 T cells,T cells,3,T cells
kang_c001897,13.8332,12.38732,CD14+ Monocytes,monocytes,0,monocytes
kang_c001898,13.66663,13.6059,CD14+ Monocytes,monocytes,0,monocytes
kang_c001901,-3.016836,9.295896,CD4 T cells,T cells,3,T cells
kang_c001905,-4.487572,6.016656,CD4 T cells,T cells,2,T cells
kang_c001911,13.64285,13.01511,CD14+ Monocytes,monocytes,0,monocytes
kang_c001914,-2.039785,13.13596,CD8 T cells,T cells,4,NK cells
kang_c001916,13.05031,11.35537,CD14+ Monocytes,monocytes,0,monocytes
kang_c001919,13.26059,10.13688,CD14+ Monocytes,monocytes,0,monocytes
kang_c001920,-2.776472,14.42875,NK cells,NK cells,4,NK cells
kang_c001921,-3.002031,9.295699,CD4 T cells,T cells,3,T cells
kang_c001936,-2.481389,7.800526,CD4 T cells,T cells,1,Unknown
kang_c001937,-2.455819,9.619225,CD4 T cells,T cells,9,T cells
kang_c001939,-2.800101,12.28041,CD4 T cells,T cells,4,NK cells
kang_c001943,13.18617,10.89897,CD14+ Monocytes,monocytes,0,monocytes
kang_c001945,-2.414722,15.32143,NK cells,NK cells,4,NK cells
kang_c001946,1.731465,-0.4626542,B cells,B cells,5,B cells
kang_c001949,-4.740073,8.890497,CD4 T cells,T cells,2,T cells
kang_c001956,12.76757,11.01979,CD14+ Monocytes,monocytes,0,monocytes
kang_c001958,-4.50332,7.416802,CD4 T cells,T cells,2,T cells
kang_c001964,13.30583,11.82441,CD14+ Monocytes,monocytes,0,monocytes
kang_c001969,-4.98318,6.877221,CD4 T cells,T cells,2,T cells
kang_c001971,-1.490702,12.84011,CD8 T cells,T cells,4,NK cells
kang_c001978,13.91431,12.58939,CD14+ Monocytes,monocytes,0,monocytes
kang_c001979,-2.015812,12.88807,CD8 T cells,T cells,4,NK cells
kang_c001984,13.52958,12.69276,CD14+ Monocytes,monocytes,0,monocytes
kang_c001989,13.55738,12.84805,CD14+ Monocytes,monocytes,0,monocytes
kang_c001990,-2.446561,12.73702,CD4 T cells,T cells,4,NK cells
kang_c001991,-2.090578,15.53067,NK cells,NK cells,4,NK cells
kang_c001996,-2.513727,14.65292,NK cells,NK cells,4,NK cells
kang_c001998,-4.910437,9.632239,CD4 T cells,T cells,2,T cells
kang_c002016,-3.036701,9.266203,CD4 T cells,T cells,2,T cells
kang_c002024,3.257143,-1.764131,B cells,B cells,5,B cells
kang_c002025,-3.656638,14.24723,CD8 T cells,T cells,4,NK cells
kang_c002026,-1.706205,13.71283,CD8 T cells,T cells,4,NK cells
kang_c002031,-3.18471,8.281497,CD4 T cells,T cells,2,T cells
kang_c002035,14.90998,11.30807,CD14+ Monocytes,monocytes,0,monocytes
kang_c002042,-5.242716,8.069958,CD4 T cells,T cells,2,T cells
kang_c002044,14.07196,11.19886,CD14+ Monocytes,monocytes,0,monocytes
kang_c002045,8.501665,7.610618,CD4 T cells,T cells,11,monocytes
kang_c002046,-3.150156,7.346136,CD4 T cells,T cells,2,T cells
kang_c002051,-4.96185,7.894421,CD4 T cells,T cells,2,T cells
kang_c002052,-4.23846,5.935513,CD4 T cells,T cells,2,T cells
kang_c002053,-2.603359,12.20848,CD4 T cells,T cells,4,NK cells
kang_c002058,-4.065916,7.129399,CD4 T cells,T cells,2,T cells
kang_c002061,13.21044,11.5493,CD14+ Monocytes,monocytes,0,monocytes
kang_c002062,2.299374,-1.866928,B cells,B cells,5,B cells
kang_c002063,-4.60404,8.133795,CD4 T cells,T cells,2,T cells
kang_c002065,14.02755,11.37437,CD14+ Monocytes,monocytes,0,monocytes
kang_c002067,1.498106,-2.51014,B cells,B cells,5,B cells
kang_c002069,-1.611724,8.39843,CD4 T cells,T cells,7,T cells
kang_c002070,-3.627665,14.72246,CD8 T cells,T cells,4,NK cells
kang_c002072,14.25698,12.02156,CD14+ Monocytes,monocytes,0,monocytes
kang_c002076,-5.057403,9.120132,CD4 T cells,T cells,2,T cells
kang_c002080,-3.467691,11.64911,CD4 T cells,T cells,3,T cells
kang_c002087,-4.529608,6.902792,CD4 T cells,T cells,2,T cells
kang_c002088,-2.865836,10.87663,CD4 T cells,T cells,3,T cells
kang_c002096,-2.074608,10.84979,CD4 T cells,T cells,9,T cells
kang_c002098,-5.366437,7.331107,CD4 T cells,T cells,2,T cells
kang_c002105,-2.410243,15.52471,NK cells,NK cells,4,NK cells
kang_c002108,3.250767,-2.193421,B cells,B cells,5,B cells
kang_c002109,13.66985,12.52044,CD14+ Monocytes,monocytes,0,monocytes
kang_c002113,13.56622,13.13079,CD14+ Monocytes,monocytes,0,monocytes
kang_c002115,-2.554003,15.20427,NK cells,NK cells,4,NK cells
kang_c002118,-5.763122,7.494761,CD4 T cells,T cells,2,T cells
kang_c002120,12.90508,11.02532,CD14+ Monocytes,monocytes,0,monocytes
kang_c002124,-2.045146,8.472337,CD4 T cells,T cells,1,Unknown
kang_c002130,-1.789055,11.67677,CD4 T cells,T cells,4,NK cells
kang_c002134,14.6565,9.137599,FCGR3A+ Monocytes,monocytes,8,monocytes
kang_c002137,-3.652888,9.082607,CD4 T cells,T cells,2,T cells
kang_c002143,-5.990464,9.977284,CD4 T cells,T cells,3,T cells
kang_c002146,-4.944219,11.02452,CD4 T cells,T cells,3,T cells
kang_c002154,-1.837192,9.214883,CD4 T cells,T cells,1,Unknown
kang_c002155,-3.326415,11.98311,CD4 T cells,T cells,3,T cells
kang_c002158,2.52244,-3.322441,B cells,B cells,5,B cells
kang_c002159,13.48908,10.28442,CD14+ Monocytes,monocytes,0,monocytes
kang_c002174,14.7371,9.133256,FCGR3A+ Monocytes,monocytes,8,monocytes
kang_c002177,-1.557852,8.327733,CD4 T cells,T cells,1,Unknown
kang_c002178,11.43479,10.87746,Dendritic cells,dendritic cells,0,monocytes
kang_c002186,-2.122763,15.25506,NK cells,NK cells,4,NK cells
kang_c002198,1.688285,-2.438537,B cells,B cells,5,B cells
kang_c002200,-2.307853,7.602778,CD4 T cells,T cells,1,Unknown
kang_c002204,15.39347,4.681612,Dendritic cells,dendritic cells,10,dendritic cells
kang_c002207,-3.655444,11.88148,CD4 T cells,T cells,3,T cells
kang_c002209,-5.840863,7.91575,CD4 T cells,T cells,2,T cells
kang_c002211,-4.652388,5.835768,CD4 T cells,T cells,2,T cells
kang_c002212,-1.030329,8.23056,CD4 T cells,T cells,7,T cells
kang_c002214,3.164541,-2.268174,B cells,B cells,5,B cells
kang_c002221,13.2728,12.63082,CD14+ Monocytes,monocytes,0,monocytes
kang_c002222,12.29114,10.32393,CD14+ Monocytes,monocytes,0,monocytes
kang_c002231,-2.452999,12.41648,CD8 T cells,T cells,4,NK cells
kang_c002233,-2.830431,13.53582,CD8 T cells,T cells,4,NK cells
kang_c002238,2.170094,-3.220599,B cells,B cells,5,B cells
kang_c002247,3.274008,-3.164677,B cells,B cells,5,B cells
kang_c002252,-4.574966,10.21859,CD4 T cells,T cells,3,T cells
kang_c002254,13.67101,11.79581,CD14+ Monocytes,monocytes,0,monocytes
kang_c002255,13.20901,9.488527,CD14+ Monocytes,monocytes,0,monocytes
kang_c002256,-4.648049,5.915886,CD4 T cells,T cells,2,T cells
kang_c002262,-3.932266,8.329257,CD4 T cells,T cells,2,T cells
kang_c002264,-3.984087,7.329606,CD4 T cells,T cells,2,T cells
kang_c002269,-3.022094,15.45959,CD8 T cells,T cells,4,NK cells
kang_c002277,13.48989,12.5529,CD14+ Monocytes,monocytes,0,monocytes
kang_c002280,1.76794,-2.694184,B cells,B cells,5,B cells
kang_c002281,-2.254134,14.84252,NK cells,NK cells,4,NK cells
kang_c002282,-2.24103,12.20022,CD8 T cells,T cells,4,NK cells
kang_c002283,14.55232,11.88454,CD14+ Monocytes,monocytes,0,monocytes
kang_c002286,-3.800695,9.032416,CD4 T cells,T cells,2,T cells
kang_c002287,12.06328,11.42849,CD14+ Monocytes,monocytes,0,monocytes
kang_c002288,1.68296,-1.343461,B cells,B cells,5,B cells
kang_c002289,2.231886,-3.402205,B cells,B cells,5,B cells
kang_c002294,-1.934717,13.29162,CD8 T cells,T cells,4,NK cells
kang_c002305,-2.58149,10.45686,CD4 T cells,T cells,3,T cells
kang_c002308,-3.211451,9.302606,CD4 T cells,T cells,2,T cells
kang_c002312,-4.203865,9.604796,CD4 T cells,T cells,2,T cells
kang_c002321,-3.650572,10.16837,CD4 T cells,T cells,2,T cells
kang_c002322,-2.910398,10.18997,CD8 T cells,T cells,2,T cells
kang_c002329,-5.189291,8.632243,CD4 T cells,T cells,3,T cells
kang_c002334,2.038204,7.703164,CD4 T cells,T cells,1,Unknown
kang_c002336,14.93468,9.553775,FCGR3A+ Monocytes,monocytes,8,monocytes
kang_c002342,12.75849,12.5003,CD14+ Monocytes,monocytes,0,monocytes
kang_c002343,14.076,11.59186,CD14+ Monocytes,monocytes,0,monocytes
kang_c002344,-3.388333,14.26643,CD8 T cells,T cells,4,NK cells
kang_c002349,-4.313059,8.738648,CD4 T cells,T cells,2,T cells
kang_c002350,2.803442,-3.161739,B cells,B cells,5,B cells
kang_c002352,2.414582,7.237,CD4 T cells,T cells,1,Unknown
kang_c002356,-4.731177,8.16323,CD4 T cells,T cells,2,T cells
kang_c002357,1.634236,-1.615371,B cells,B cells,5,B cells
kang_c002365,-4.143836,9.388585,CD4 T cells,T cells,2,T cells
kang_c002367,-3.597739,14.28172,CD8 T cells,T cells,4,NK cells
kang_c002373,-3.19214,10.47042,CD4 T cells,T cells,3,T cells
kang_c002377,3.606776,-1.967462,B cells,B cells,5,B cells
kang_c002380,-1.97994,14.40083,NK cells,NK cells,4,NK cells
kang_c002382,2.015044,-1.629217,B cells,B cells,5,B cells
kang_c002384,-4.864607,6.768998,CD4 T cells,T cells,2,T cells
kang_c002387,-4.713081,9.166006,CD4 T cells,T cells,3,T cells
kang_c002390,-1.4844,13.69417,CD8 T cells,T cells,4,NK cells
kang_c002391,-3.373783,8.962481,CD4 T cells,T cells,2,T cells
kang_c002393,13.09634,12.11695,CD14+ Monocytes,monocytes,0,monocytes
kang_c002394,-1.581596,12.97334,CD8 T cells,T cells,4,NK cells
kang_c002397,-4.925576,8.472236,CD4 T cells,T cells,2,T cells
kang_c002399,-3.068772,15.45313,NK cells,NK cells,4,NK cells
kang_c002401,-4.269864,9.366191,CD4 T cells,T cells,2,T cells
kang_c002403,12.85017,10.92147,CD14+ Monocytes,monocytes,0,monocytes
kang_c002422,-3.644532,10.92813,CD4 T cells,T cells,3,T cells
kang_c002435,-2.322445,14.3699,NK cells,NK cells,4,NK cells
kang_c002441,15.2427,9.248318,FCGR3A+ Monocytes,monocytes,8,monocytes
kang_c002443,-4.829599,9.307514,CD4 T cells,T cells,2,T cells
kang_c002448,3.025252,-2.604375,B cells,B cells,5,B cells
kang_c002451,-3.249309,9.098433,CD4 T cells,T cells,2,T cells
kang_c002455,-4.143449,10.73756,CD4 T cells,T cells,3,T cells
kang_c002456,12.25417,10.85435,CD14+ Monocytes,monocytes,0,monocytes
kang_c002458,-5.857805,7.641502,CD4 T cells,T cells,2,T cells
kang_c002462,2.185596,-2.501969,B cells,B cells,5,B cells
kang_c002469,-3.464434,9.653412,CD4 T cells,T cells,2,T cells
kang_c002477,-2.973057,9.777129,CD4 T cells,T cells,2,T cells
kang_c002478,-4.50088,8.279185,CD4 T cells,T cells,2,T cells
kang_c002483,11.24323,10.71804,Dendritic cells,dendritic cells,10,dendritic cells
kang_c002489,-3.354093,9.678907,CD4 T cells,T cells,2,T cells
kang_c002494,1.480364,-0.2114029,B cells,B cells,5,B cells
kang_c002509,-3.668755,8.558632,CD4 T cells,T cells,2,T cells
kang_c002510,2.551796,-1.937877,B cells,B cells,5,B cells
kang_c002515,-2.25136,12.17556,CD4 T cells,T cells,4,NK cells
kang_c002522,12.57304,11.86364,CD14+ Monocytes,monocytes,0,monocytes
kang_c002526,12.76071,9.278906,CD14+ Monocytes,monocytes,0,monocytes
kang_c002530,13.47057,10.22748,CD14+ Monocytes,monocytes,0,monocytes
kang_c002532,2.608815,6.940992,CD4 T cells,T cells,1,Unknown
kang_c002533,10.3899,10.49636,Dendritic cells,dendritic cells,10,dendritic cells
kang_c002536,-1.859476,13.57442,NK cells,NK cells,4,NK cells
kang_c002539,-4.108649,8.294788,CD4 T cells,T cells,2,T cells
kang_c002544,-2.166788,10.07569,CD4 T cells,T cells,9,T cells
kang_c002548,-2.241126,15.23038,NK cells,NK cells,4,NK cells
kang_c002549,1.759971,-2.203875,B cells,B cells,5,B cells
kang_c002556,12.36076,12.81819,CD14+ Monocytes,monocytes,0,monocytes
kang_c002558,-3.993929,9.079527,CD4 T cells,T cells,2,T cells
kang_c002560,-3.31125,10.40448,CD4 T cells,T cells,2,T cells
kang_c002565,-2.321163,14.84273,NK cells,NK cells,4,NK cells
kang_c002568,-2.703254,12.93053,CD8 T cells,T cells,4,NK cells
kang_c002571,13.09447,10.78927,CD14+ Monocytes,monocytes,0,monocytes
kang_c002572,-4.994649,10.1375,CD4 T cells,T cells,3,T cells
kang_c002576,-3.922367,8.282488,CD4 T cells,T cells,2,T cells
kang_c002579,-4.283853,9.968008,CD4 T cells,T cells,2,T cells
kang_c002582,9.945475,10.1588,Dendritic cells,dendritic cells,10,dendritic cells
kang_c002590,13.44299,13.27329,CD14+ Monocytes,monocytes,0,monocytes
kang_c002596,-4.26386,5.833283,CD4 T cells,T cells,2,T cells
kang_c002598,-5.237643,8.463951,CD4 T cells,T cells,2,T cells
kang_c002599,-3.00089,12.29733,CD4 T cells,T cells,4,NK cells
kang_c002601,-3.423617,8.468064,CD4 T cells,T cells,1,Unknown
kang_c002602,-4.89644,10.34964,CD4 T cells,T cells,3,T cells
kang_c002606,-2.157254,12.82524,CD8 T cells,T cells,4,NK cells
kang_c002609,-3.159942,7.931043,CD4 T cells,T cells,2,T cells
kang_c002618,-4.304818,10.19939,CD4 T cells,T cells,3,T cells
kang_c002625,2.43696,7.3994,CD4 T cells,T cells,1,Unknown
kang_c002627,-1.867929,13.49891,CD8 T cells,T cells,4,NK cells
kang_c002631,1.725146,-2.603528,B cells,B cells,5,B cells
kang_c002641,14.64864,12.64132,CD14+ Monocytes,monocytes,0,monocytes
kang_c002642,-5.163387,9.05914,CD4 T cells,T cells,2,T cells
kang_c002645,11.35824,11.06239,Dendritic cells,dendritic cells,0,monocytes
kang_c002647,15.30765,9.453912,FCGR3A+ Monocytes,monocytes,8,monocytes
kang_c002649,13.80671,11.91158,CD14+ Monocytes,monocytes,0,monocytes
kang_c002653,-0.7444805,14.9614,NK cells,NK cells,6,NK cells
kang_c002658,-4.556692,7.841794,CD4 T cells,T cells,2,T cells
kang_c002663,-2.730753,11.46497,CD4 T cells,T cells,3,T cells
kang_c002664,14.41961,12.59612,CD14+ Monocytes,monocytes,0,monocytes
kang_c002675,-2.133145,12.27379,CD4 T cells,T cells,4,NK cells
kang_c002676,12.5745,12.3618,CD14+ Monocytes,monocytes,0,monocytes
kang_c002677,-2.818915,10.31625,CD4 T cells,T cells,9,T cells
kang_c002683,1.876434,-2.453302,B cells,B cells,5,B cells
kang_c002689,2.322918,-1.06647,B cells,B cells,5,B cells
kang_c002690,13.07713,12.69016,CD14+ Monocytes,monocytes,0,monocytes
kang_c002691,14.59373,11.7232,CD14+ Monocytes,monocytes,0,monocytes
kang_c002697,1.352299,-0.06595869,B cells,B cells,5,B cells
kang_c002703,-2.192453,12.03626,CD8 T cells,T cells,4,NK cells
kang_c002704,-1.368112,14.00903,CD8 T cells,T cells,4,NK cells
kang_c002708,-3.243289,11.24203,CD4 T cells,T cells,3,T cells
kang_c002716,-4.693002,7.39239,CD4 T cells,T cells,2,T cells
kang_c002717,-3.687516,11.09666,CD4 T cells,T cells,3,T cells
kang_c002718,-4.617589,9.922352,CD4 T cells,T cells,3,T cells
kang_c002725,14.64226,11.11089,CD14+ Monocytes,monocytes,0,monocytes
kang_c002735,13.89891,12.38652,CD14+ Monocytes,monocytes,0,monocytes
kang_c002739,14.32521,10.74342,CD14+ Monocytes,monocytes,0,monocytes
kang_c002741,-5.588001,10.17806,CD4 T cells,T cells,3,T cells
kang_c002744,-3.148346,14.87424,NK cells,NK cells,4,NK cells
kang_c002751,-4.405757,7.230115,CD4 T cells,T cells,2,T cells
kang_c002752,2.067484,-3.161038,B cells,B cells,5,B cells
kang_c002756,14.98963,9.438688,FCGR3A+ Monocytes,monocytes,8,monocytes
kang_c002758,-4.344622,11.13533,CD4 T cells,T cells,3,T cells
kang_c002767,-2.748022,8.180634,CD4 T cells,T cells,1,Unknown
kang_c002772,-2.324833,14.98533,NK cells,NK cells,4,NK cells
kang_c002773,12.73451,13.15276,CD14+ Monocytes,monocytes,0,monocytes
kang_c002774,-4.160823,6.36798,CD4 T cells,T cells,2,T cells
kang_c002775,-1.569824,14.83578,NK cells,NK cells,4,NK cells
kang_c002777,-3.187103,14.2647,NK cells,NK cells,4,NK cells
kang_c002786,-3.709371,10.59531,CD4 T cells,T cells,3,T cells
kang_c002787,12.43242,13.06176,CD14+ Monocytes,monocytes,0,monocytes
kang_c002789,-4.753323,11.49306,CD4 T cells,T cells,3,T cells
kang_c002799,14.2923,12.0192,CD14+ Monocytes,monocytes,0,monocytes
kang_c002801,12.86071,10.5575,CD14+ Monocytes,monocytes,0,monocytes
kang_c002802,-2.588218,14.32837,NK cells,NK cells,4,NK cells
kang_c002804,13.76486,11.8989,CD14+ Monocytes,monocytes,0,monocytes
kang_c002806,-2.786931,14.43412,NK cells,NK cells,4,NK cells
kang_c002807,2.860082,-2.348532,B cells,B cells,5,B cells
kang_c002809,11.74796,11.29754,CD14+ Monocytes,monocytes,0,monocytes
kang_c002810,13.9887,12.07643,CD14+ Monocytes,monocytes,0,monocytes
kang_c002814,-2.75635,12.85187,CD8 T cells,T cells,4,NK cells
kang_c002816,-5.062555,10.15905,CD4 T cells,T cells,3,T cells
kang_c002819,-2.155025,10.57322,CD4 T cells,T cells,3,T cells
kang_c002821,-4.149026,8.669177,CD4 T cells,T cells,3,T cells
kang_c002824,-1.737262,12.4992,CD8 T cells,T cells,4,NK cells
kang_c002827,-3.805701,10.53973,CD4 T cells,T cells,3,T cells
kang_c002828,14.33687,9.906559,FCGR3A+ Monocytes,monocytes,0,monocytes
kang_c002830,2.363683,7.235003,CD4 T cells,T cells,1,Unknown
kang_c002833,2.816922,-2.350172,B cells,B cells,5,B cells
kang_c002840,-5.099694,9.508597,CD4 T cells,T cells,2,T cells
kang_c002843,12.86718,12.84253,CD14+ Monocytes,monocytes,0,monocytes
kang_c002845,1.38586,-2.487991,B cells,B cells,5,B cells
kang_c002859,-4.513556,8.046091,CD4 T cells,T cells,2,T cells
kang_c002862,-2.254439,14.93042,NK cells,NK cells,4,NK cells
kang_c002864,3.377485,-2.41254,B cells,B cells,5,B cells
kang_c002865,-1.820752,12.72422,CD8 T cells,T cells,4,NK cells
kang_c002869,2.72734,-0.9128039,B cells,B cells,5,B cells
kang_c002870,14.53901,12.0411,CD14+ Monocytes,monocytes,0,monocytes
kang_c002873,-3.366878,11.10724,CD4 T cells,T cells,3,T cells
kang_c002876,-3.454729,8.604095,CD4 T cells,T cells,14,platelets
kang_c002880,14.41074,12.12723,CD14+ Monocytes,monocytes,0,monocytes
kang_c002884,-5.661595,9.843196,CD4 T cells,T cells,3,T cells
kang_c002885,-1.657014,13.88499,CD8 T cells,T cells,4,NK cells
kang_c002890,14.5636,11.86813,CD14+ Monocytes,monocytes,0,monocytes
kang_c002897,11.30105,11.01408,Dendritic cells,dendritic cells,0,monocytes
kang_c002899,-3.059272,8.101567,CD4 T cells,T cells,7,T cells
kang_c002903,15.36821,9.159372,FCGR3A+ Monocytes,monocytes,8,monocytes
kang_c002904,-1.544997,13.03776,CD8 T cells,T cells,4,NK cells
kang_c002907,-4.096016,6.006366,CD4 T cells,T cells,2,T cells
kang_c002914,-3.814404,10.68659,CD4 T cells,T cells,3,T cells
kang_c002918,12.7385,9.532333,CD14+ Monocytes,monocytes,0,monocytes
kang_c002920,3.030623,-2.412411,B cells,B cells,5,B cells
kang_c002924,12.72863,9.889959,CD14+ Monocytes,monocytes,0,monocytes
kang_c002925,13.91397,10.43402,CD14+ Monocytes,monocytes,0,monocytes
kang_c002927,2.313218,-1.375413,B cells,B cells,5,B cells
kang_c002930,2.276752,-2.754864,B cells,B cells,5,B cells
kang_c002933,12.79322,11.57603,CD14+ Monocytes,monocytes,0,monocytes
kang_c002936,13.63093,11.80183,CD14+ Monocytes,monocytes,0,monocytes
kang_c002942,14.89551,11.67447,CD14+ Monocytes,monocytes,0,monocytes
kang_c002943,-2.287528,12.4595,CD8 T cells,T cells,4,NK cells
kang_c002947,-2.784395,7.550177,CD4 T cells,T cells,14,platelets
kang_c002956,13.21302,10.87884,CD14+ Monocytes,monocytes,0,monocytes
kang_c002961,12.6995,9.136069,CD14+ Monocytes,monocytes,0,monocytes
kang_c002962,-4.044223,11.82821,CD4 T cells,T cells,3,T cells
kang_c002966,-1.89632,13.65279,NK cells,NK cells,4,NK cells
kang_c002974,-3.632389,9.414079,CD4 T cells,T cells,2,T cells
kang_c002982,-2.785303,9.055442,CD4 T cells,T cells,1,Unknown
kang_c002983,-5.374218,9.729331,CD4 T cells,T cells,3,T cells
kang_c002985,-4.695992,8.067038,CD4 T cells,T cells,2,T cells
kang_c002986,12.79439,9.20104,CD14+ Monocytes,monocytes,0,monocytes
kang_c002989,-4.874196,9.526247,CD4 T cells,T cells,3,T cells
kang_c002992,-4.81013,9.065586,CD4 T cells,T cells,2,T cells
kang_c002994,-3.492892,8.826929,CD4 T cells,T cells,2,T cells
kang_c002996,-4.956207,7.282298,CD4 T cells,T cells,2,T cells
kang_c002997,-2.302347,14.72767,NK cells,NK cells,4,NK cells
kang_c003001,-2.104,12.34642,CD4 T cells,T cells,4,NK cells
kang_c003003,14.89452,11.52244,CD14+ Monocytes,monocytes,0,monocytes
kang_c003007,12.33938,11.01235,CD14+ Monocytes,monocytes,0,monocytes
kang_c003018,3.412536,-1.908643,B cells,B cells,5,B cells
kang_c003019,-1.642418,12.43504,CD8 T cells,T cells,4,NK cells
kang_c003025,-3.229086,15.27301,CD8 T cells,T cells,4,NK cells
kang_c003030,-3.663354,6.392727,CD4 T cells,T cells,2,T cells
kang_c003036,12.63855,12.22136,CD14+ Monocytes,monocytes,0,monocytes
kang_c003037,2.229686,-1.770588,B cells,B cells,5,B cells
kang_c003041,-4.081797,11.49913,CD4 T cells,T cells,3,T cells
kang_c003055,2.473375,7.179365,CD4 T cells,T cells,1,Unknown
kang_c003059,-1.626786,12.3397,CD4 T cells,T cells,4,NK cells
kang_c003060,13.90346,5.163292,CD14+ Monocytes,monocytes,13,monocytes
kang_c003061,-2.835535,8.025215,CD4 T cells,T cells,14,platelets
kang_c003063,2.802039,-2.965364,B cells,B cells,5,B cells
kang_c003067,10.3448,10.38008,Dendritic cells,dendritic cells,10,dendritic cells
kang_c003070,-5.084562,10.04873,CD4 T cells,T cells,3,T cells
kang_c003084,13.07411,12.57235,CD14+ Monocytes,monocytes,0,monocytes
kang_c003089,-4.795177,7.471926,CD4 T cells,T cells,2,T cells
kang_c003093,12.43235,11.63659,CD14+ Monocytes,monocytes,0,monocytes
kang_c003095,11.21455,10.71273,CD14+ Monocytes,monocytes,0,monocytes
kang_c003097,-4.516774,8.880259,CD4 T cells,T cells,2,T cells
kang_c003098,-4.650563,7.741353,CD4 T cells,T cells,2,T cells
kang_c003101,-4.70471,11.24049,CD4 T cells,T cells,3,T cells
kang_c003103,10.58994,10.39226,Dendritic cells,dendritic cells,10,dendritic cells
kang_c003108,-2.637693,9.490469,CD4 T cells,T cells,9,T cells
kang_c003110,12.31019,10.8523,CD14+ Monocytes,monocytes,0,monocytes
kang_c003115,-4.424663,10.91836,CD4 T cells,T cells,3,T cells
kang_c003121,-2.644687,14.66862,NK cells,NK cells,4,NK cells
kang_c003126,-4.369125,10.57406,CD4 T cells,T cells,3,T cells
kang_c003129,-5.483617,10.33081,CD4 T cells,T cells,3,T cells
kang_c003131,12.06738,11.09892,CD14+ Monocytes,monocytes,0,monocytes
kang_c003133,-3.122873,13.53316,CD4 T cells,T cells,4,NK cells
kang_c003148,-5.343248,11.11893,CD4 T cells,T cells,3,T cells
kang_c003154,-3.207369,11.76953,CD4 T cells,T cells,3,T cells
kang_c003156,-4.62624,7.570145,CD4 T cells,T cells,2,T cells
kang_c003161,-3.504825,14.75783,NK cells,NK cells,4,NK cells
kang_c003166,-3.141027,10.62254,CD4 T cells,T cells,2,T cells
kang_c003167,12.4621,10.36018,CD14+ Monocytes,monocytes,0,monocytes
kang_c003174,15.57215,9.597972,FCGR3A+ Monocytes,monocytes,8,monocytes
kang_c003175,14.45552,13.20783,CD14+ Monocytes,monocytes,0,monocytes
kang_c003180,14.06873,10.32785,CD14+ Monocytes,monocytes,0,monocytes
kang_c003184,-4.611185,11.44207,CD4 T cells,T cells,3,T cells
kang_c003185,-3.21284,8.404672,CD4 T cells,T cells,14,platelets
kang_c003187,-3.806901,8.736359,CD4 T cells,T cells,2,T cells
kang_c003188,14.18227,11.89301,CD14+ Monocytes,monocytes,0,monocytes
kang_c003195,2.488029,-2.421746,B cells,B cells,5,B cells
kang_c003197,-4.633445,7.690927,CD4 T cells,T cells,2,T cells
kang_c003199,-3.501072,6.672465,CD4 T cells,T cells,2,T cells
kang_c003201,-4.564871,9.254499,CD4 T cells,T cells,2,T cells
kang_c003203,-2.739925,7.898208,CD4 T cells,T cells,1,Unknown
kang_c003207,-2.206223,14.60746,NK cells,NK cells,4,NK cells
kang_c003210,13.17619,12.60786,CD14+ Monocytes,monocytes,0,monocytes
kang_c003221,12.9952,11.41789,CD14+ Monocytes,monocytes,0,monocytes
kang_c003227,13.24856,10.79276,CD14+ Monocytes,monocytes,0,monocytes
kang_c003234,-3.116867,14.11867,NK cells,NK cells,4,NK cells
kang_c003236,-4.23088,10.66207,CD4 T cells,T cells,3,T cells
kang_c003238,-1.889241,14.72778,NK cells,NK cells,4,NK cells
kang_c003239,-2.454691,13.59893,CD8 T cells,T cells,4,NK cells
kang_c003241,-2.68376,15.23909,NK cells,NK cells,4,NK cells
kang_c003243,1.866837,-3.074579,B cells,B cells,5,B cells
kang_c003246,14.14155,12.23469,CD14+ Monocytes,monocytes,0,monocytes
kang_c003259,-2.469149,9.7266,CD4 T cells,T cells,9,T cells
kang_c003262,9.872965,10.0001,Dendritic cells,dendritic cells,10,dendritic cells
kang_c003269,2.376428,-1.701415,B cells,B cells,5,B cells
kang_c003279,13.48226,11.50042,CD14+ Monocytes,monocytes,0,monocytes
kang_c003280,-3.994625,10.9106,CD4 T cells,T cells,3,T cells
kang_c003283,-5.602178,8.50508,CD4 T cells,T cells,3,T cells
kang_c003290,10.60171,6.958607,CD14+ Monocytes,monocytes,11,monocytes
kang_c003294,-2.564789,9.682414,CD4 T cells,T cells,9,T cells
kang_c003297,14.31952,10.66332,CD14+ Monocytes,monocytes,0,monocytes
kang_c003299,-5.31034,7.270515,CD4 T cells,T cells,2,T cells
kang_c003313,14.29363,12.71969,CD14+ Monocytes,monocytes,0,monocytes
kang_c003316,15.45267,9.134142,FCGR3A+ Monocytes,monocytes,8,monocytes
kang_c003329,-4.453856,7.106935,CD4 T cells,T cells,2,T cells
kang_c003330,15.18747,9.524216,FCGR3A+ Monocytes,monocytes,8,monocytes
kang_c003334,1.703708,-1.225694,B cells,B cells,5,B cells
kang_c003335,2.333282,-1.645293,B cells,B cells,5,B cells
kang_c003337,12.73474,12.58054,CD14+ Monocytes,monocytes,0,monocytes
kang_c003341,-3.463972,11.22283,CD4 T cells,T cells,3,T cells
kang_c003346,12.70028,11.76401,CD14+ Monocytes,monocytes,0,monocytes
kang_c003347,-3.962948,6.054424,CD4 T cells,T cells,2,T cells
kang_c003353,-5.294128,9.159321,CD4 T cells,T cells,3,T cells
kang_c003356,-2.266154,14.73285,NK cells,NK cells,4,NK cells
kang_c003364,-3.106023,15.2511,NK cells,NK cells,4,NK cells
kang_c003368,-2.543912,13.12744,CD8 T cells,T cells,4,NK cells
kang_c003370,-2.033566,13.64193,CD8 T cells,T cells,4,NK cells
kang_c003375,13.38718,10.77697,CD14+ Monocytes,monocytes,0,monocytes
kang_c003382,-2.537825,10.72182,CD4 T cells,T cells,9,T cells
kang_c003384,-2.235561,14.89616,NK cells,NK cells,4,NK cells
kang_c003391,12.66108,10.0771,CD14+ Monocytes,monocytes,0,monocytes
kang_c003392,-3.323239,14.79356,NK cells,NK cells,4,NK cells
kang_c003400,-4.743515,7.908042,CD4 T cells,T cells,2,T cells
kang_c003403,-1.63383,13.03268,CD8 T cells,T cells,4,NK cells
kang_c003404,-3.735582,7.039195,CD4 T cells,T cells,2,T cells
kang_c003409,14.73594,9.361285,FCGR3A+ Monocytes,monocytes,8,monocytes
kang_c003411,13.9187,10.61903,CD14+ Monocytes,monocytes,0,monocytes
kang_c003414,-4.070082,6.787422,CD4 T cells,T cells,2,T cells
kang_c003420,1.756863,-2.521099,B cells,B cells,5,B cells
kang_c003428,13.13515,10.26994,CD14+ Monocytes,monocytes,0,monocytes
kang_c003431,-1.765863,13.29822,CD8 T cells,T cells,4,NK cells
kang_c003432,14.57397,11.39713,CD14+ Monocytes,monocytes,0,monocytes
kang_c003433,-3.009163,15.27959,NK cells,NK cells,4,NK cells
kang_c003434,12.99563,11.76757,CD14+ Monocytes,monocytes,0,monocytes
kang_c003435,12.30538,11.67307,CD14+ Monocytes,monocytes,0,monocytes
kang_c003436,-1.65533,13.84608,CD8 T cells,T cells,4,NK cells
kang_c003441,-3.591803,13.64182,CD4 T cells,T cells,4,NK cells
kang_c003445,-3.28439,6.318838,CD4 T cells,T cells,2,T cells
kang_c003448,-2.193017,9.586009,CD4 T cells,T cells,9,T cells
kang_c003450,-5.599468,7.785448,CD4 T cells,T cells,2,T cells
kang_c003452,13.94584,11.87353,CD14+ Monocytes,monocytes,0,monocytes
kang_c003453,-3.598305,8.648092,CD4 T cells,T cells,14,platelets
kang_c003457,-4.238409,10.89648,CD4 T cells,T cells,3,T cells
kang_c003462,-3.269984,9.812254,CD4 T cells,T cells,2,T cells
kang_c003471,13.45022,10.3898,CD14+ Monocytes,monocytes,0,monocytes
kang_c003472,13.9697,10.03814,CD14+ Monocytes,monocytes,0,monocytes
kang_c003475,-5.924289,7.869615,CD4 T cells,T cells,2,T cells
kang_c003483,-4.585803,9.762616,CD4 T cells,T cells,3,T cells
kang_c003484,-3.972911,9.962484,CD4 T cells,T cells,2,T cells
kang_c003492,13.86499,12.75389,CD14+ Monocytes,monocytes,0,monocytes
kang_c003493,-3.537131,7.796056,CD4 T cells,T cells,2,T cells
kang_c003496,-3.704813,12.15539,CD8 T cells,T cells,3,T cells
kang_c003500,-4.400379,7.904401,CD4 T cells,T cells,2,T cells
kang_c003507,-2.408032,13.60194,CD8 T cells,T cells,4,NK cells
kang_c003510,-3.1664,10.34373,CD4 T cells,T cells,2,T cells
kang_c003511,11.34542,11.16268,Dendritic cells,dendritic cells,0,monocytes
kang_c003514,-2.548973,12.26302,CD4 T cells,T cells,4,NK cells
kang_c003523,-3.255177,14.55577,NK cells,NK cells,4,NK cells
kang_c003524,14.58876,11.72342,CD14+ Monocytes,monocytes,0,monocytes
kang_c003526,-5.868359,9.768644,CD4 T cells,T cells,3,T cells
kang_c003527,14.41539,12.24841,CD14+ Monocytes,monocytes,0,monocytes
kang_c003530,13.36154,11.26343,CD14+ Monocytes,monocytes,0,monocytes
kang_c003532,-3.989862,5.884788,CD4 T cells,T cells,2,T cells
kang_c003535,-4.135728,8.769431,CD4 T cells,T cells,2,T cells
kang_c003536,-4.325257,8.839186,CD4 T cells,T cells,2,T cells
kang_c003542,-2.72036,9.782968,CD4 T cells,T cells,2,T cells
kang_c003544,-3.989502,10.40298,CD4 T cells,T cells,3,T cells
kang_c003553,-2.784141,12.55646,CD8 T cells,T cells,4,NK cells
kang_c003554,-1.483014,13.13128,CD8 T cells,T cells,4,NK cells
kang_c003571,-4.937434,8.661034,CD4 T cells,T cells,3,T cells
kang_c003577,-2.119904,14.67852,NK cells,NK cells,4,NK cells
kang_c003578,-2.330102,13.81532,CD8 T cells,T cells,4,NK cells
kang_c003583,-5.39135,9.523046,CD4 T cells,T cells,2,T cells
kang_c003585,-3.946718,11.35101,CD4 T cells,T cells,3,T cells
kang_c003587,-2.834598,9.913353,CD4 T cells,T cells,3,T cells
kang_c003588,-4.052665,10.59903,CD4 T cells,T cells,3,T cells
kang_c003591,8.923474,7.594864,CD14+ Monocytes,monocytes,11,monocytes
kang_c003596,-2.067665,12.99518,CD8 T cells,T cells,4,NK cells
kang_c003598,-4.967261,10.45972,CD4 T cells,T cells,3,T cells
kang_c003599,-5.95374,8.392226,CD4 T cells,T cells,2,T cells
kang_c003609,2.40833,-3.310005,B cells,B cells,5,B cells
kang_c003612,14.36741,9.468469,FCGR3A+ Monocytes,monocytes,8,monocytes
kang_c003614,-4.258721,5.799161,CD4 T cells,T cells,2,T cells
kang_c003618,-1.653537,12.71208,CD8 T cells,T cells,4,NK cells
kang_c003620,14.30571,11.86989,CD14+ Monocytes,monocytes,0,monocytes
kang_c003621,1.64672,-1.578846,B cells,B cells,5,B cells
kang_c003622,-2.563739,15.50459,NK cells,NK cells,4,NK cells
kang_c003631,-2.965374,14.15721,NK cells,NK cells,4,NK cells
kang_c003634,-5.721194,8.394699,CD4 T cells,T cells,2,T cells
kang_c003637,-3.086608,7.710788,CD4 T cells,T cells,14,platelets
kang_c003640,-3.92311,5.578816,CD4 T cells,T cells,2,T cells
kang_c003646,-2.453229,12.57874,CD8 T cells,T cells,4,NK cells
kang_c003649,-2.417563,15.49671,NK cells,NK cells,4,NK cells
kang_c003655,14.00579,12.19222,CD14+ Monocytes,monocytes,0,monocytes
kang_c003659,-4.20238,6.244813,CD4 T cells,T cells,2,T cells
kang_c003662,-2.248343,13.39404,CD8 T cells,T cells,4,NK cells
kang_c003665,-2.646009,10.6746,CD4 T cells,T cells,3,T cells
kang_c003666,1.525828,-2.108077,B cells,B cells,5,B cells
kang_c003668,1.80734,-2.789163,B cells,B cells,5,B cells
kang_c003670,-4.951026,7.533078,CD4 T cells,T cells,2,T cells
kang_c003671,-3.820434,11.53849,CD4 T cells,T cells,3,T cells
kang_c003672,13.84863,10.63348,CD14+ Monocytes,monocytes,0,monocytes
kang_c003678,-4.215884,8.769323,CD4 T cells,T cells,2,T cells
kang_c003679,12.59115,11.86643,CD14+ Monocytes,monocytes,0,monocytes
kang_c003683,-4.375388,5.64131,CD4 T cells,T cells,2,T cells
kang_c003687,-4.825511,9.513859,CD4 T cells,T cells,2,T cells
kang_c003694,-4.892422,9.725163,CD4 T cells,T cells,3,T cells
kang_c003695,13.79239,10.75174,CD14+ Monocytes,monocytes,0,monocytes
kang_c003696,-4.020445,8.190473,CD4 T cells,T cells,2,T cells
kang_c003699,-3.190434,8.751607,CD4 T cells,T cells,14,platelets
kang_c003701,13.50207,10.59109,CD14+ Monocytes,monocytes,0,monocytes
kang_c003707,-1.60221,13.1389,CD8 T cells,T cells,4,NK cells
kang_c003710,13.2622,11.35012,CD14+ Monocytes,monocytes,0,monocytes
kang_c003716,-2.105034,8.339753,CD4 T cells,T cells,1,Unknown
kang_c003718,14.52011,12.86721,CD14+ Monocytes,monocytes,0,monocytes
kang_c003721,13.79448,11.28698,CD14+ Monocytes,monocytes,0,monocytes
kang_c003724,-3.361345,11.96369,CD4 T cells,T cells,3,T cells
kang_c003725,-2.369459,12.48362,CD4 T cells,T cells,4,NK cells
kang_c003727,-3.256009,10.06697,CD4 T cells,T cells,3,T cells
kang_c003731,-3.431105,7.997655,CD4 T cells,T cells,14,platelets
kang_c003733,13.6779,9.835938,CD14+ Monocytes,monocytes,0,monocytes
kang_c003738,-3.669941,7.737127,CD4 T cells,T cells,2,T cells
kang_c003740,-1.717797,8.8191,CD4 T cells,T cells,9,T cells
kang_c003747,-4.744731,11.47323,CD4 T cells,T cells,3,T cells
kang_c003751,-3.814626,11.20119,CD4 T cells,T cells,3,T cells
kang_c003755,14.18071,13.21713,CD14+ Monocytes,monocytes,0,monocytes
kang_c003764,-4.870044,8.117874,CD4 T cells,T cells,2,T cells
kang_c003765,-4.263092,10.38125,CD4 T cells,T cells,3,T cells
kang_c003768,3.349008,-3.150445,B cells,B cells,5,B cells
kang_c003769,-3.005016,6.772965,CD4 T cells,T cells,2,T cells
kang_c003770,12.99428,11.90441,CD14+ Monocytes,monocytes,0,monocytes
kang_c003771,-1.439159,12.7281,CD8 T cells,T cells,4,NK cells
kang_c003772,-4.461359,10.86437,CD4 T cells,T cells,3,T cells
kang_c003773,-2.326596,14.25643,NK cells,NK cells,4,NK cells
kang_c003774,-4.06724,10.41922,CD4 T cells,T cells,2,T cells
kang_c003781,13.68067,11.02553,CD14+ Monocytes,monocytes,0,monocytes
kang_c003785,3.182058,-2.193571,B cells,B cells,5,B cells
kang_c003788,2.505053,-2.469158,B cells,B cells,5,B cells
kang_c003794,14.46472,11.57111,CD14+ Monocytes,monocytes,0,monocytes
kang_c003796,13.38214,13.6052,CD14+ Monocytes,monocytes,0,monocytes
kang_c003797,-2.044034,13.52005,CD8 T cells,T cells,4,NK cells
kang_c003799,2.762154,-2.877179,B cells,B cells,5,B cells
kang_c003800,13.00185,13.45394,CD14+ Monocytes,monocytes,0,monocytes
kang_c003803,2.248859,-2.647579,B cells,B cells,5,B cells
kang_c003804,13.70215,11.65841,CD14+ Monocytes,monocytes,0,monocytes
kang_c003807,-3.472626,11.73553,CD4 T cells,T cells,3,T cells
kang_c003812,-4.467795,10.42657,CD4 T cells,T cells,3,T cells
kang_c003820,-5.362001,10.49314,CD4 T cells,T cells,3,T cells
kang_c003823,-3.118663,15.17404,NK cells,NK cells,4,NK cells
kang_c003826,13.36524,11.50231,CD14+ Monocytes,monocytes,0,monocytes
kang_c003828,-4.619438,9.312069,CD4 T cells,T cells,2,T cells
kang_c003838,-4.22115,6.41504,CD4 T cells,T cells,2,T cells
kang_c003841,13.15808,13.37019,CD14+ Monocytes,monocytes,0,monocytes
kang_c003843,-5.098275,11.49375,CD4 T cells,T cells,3,T cells
kang_c003845,-5.665124,9.65323,CD4 T cells,T cells,3,T cells
kang_c003846,9.960035,10.04364,Dendritic cells,dendritic cells,10,dendritic cells
kang_c003849,-2.334083,10.02057,CD4 T cells,T cells,1,Unknown
kang_c003865,-1.969924,8.523651,CD4 T cells,T cells,1,Unknown
kang_c003868,15.01,8.979974,FCGR3A+ Monocytes,monocytes,8,monocytes
kang_c003888,-4.295151,10.97027,CD4 T cells,T cells,3,T cells
kang_c003892,-5.756727,8.880563,CD4 T cells,T cells,2,T cells
kang_c003900,-2.073677,14.54566,NK cells,NK cells,4,NK cells
kang_c003902,-3.290398,10.22237,CD4 T cells,T cells,2,T cells
kang_c003904,13.55526,10.93853,CD14+ Monocytes,monocytes,0,monocytes
kang_c003908,-2.435634,8.549603,CD4 T cells,T cells,1,Unknown
kang_c003910,3.057171,-3.334724,B cells,B cells,5,B cells
kang_c003912,-3.829858,5.916656,CD4 T cells,T cells,2,T cells
kang_c003913,-2.310668,15.00768,NK cells,NK cells,4,NK cells
kang_c003918,-4.658286,6.618157,CD4 T cells,T cells,2,T cells
kang_c003919,5.243203,-2.571433,Dendritic cells,dendritic cells,15,Unknown
kang_c003920,12.03256,12.74589,CD14+ Monocytes,monocytes,0,monocytes
kang_c003922,-2.664717,11.82483,CD4 T cells,T cells,4,NK cells
kang_c003923,14.52537,11.41761,CD14+ Monocytes,monocytes,0,monocytes
kang_c003925,-3.529609,15.20932,NK cells,NK cells,4,NK cells
kang_c003930,-1.720235,14.42153,NK cells,NK cells,4,NK cells
kang_c003934,11.49491,11.48747,CD14+ Monocytes,monocytes,0,monocytes
kang_c003941,1.801751,-0.3267577,B cells,B cells,5,B cells
kang_c003944,-5.133071,9.279963,CD4 T cells,T cells,2,T cells
kang_c003954,14.37149,11.81563,CD14+ Monocytes,monocytes,0,monocytes
kang_c003955,13.4504,11.26206,FCGR3A+ Monocytes,monocytes,0,monocytes
kang_c003957,2.443956,-1.401288,B cells,B cells,5,B cells
kang_c003958,-3.756905,8.765796,CD4 T cells,T cells,2,T cells
kang_c003961,11.81964,10.61327,CD14+ Monocytes,monocytes,0,monocytes
kang_c003963,-4.640291,8.217159,CD4 T cells,T cells,2,T cells
kang_c003965,5.119768,-2.517225,Dendritic cells,dendritic cells,15,Unknown
kang_c003974,12.84274,11.83527,CD14+ Monocytes,monocytes,0,monocytes
kang_c003975,-4.691346,7.944218,CD4 T cells,T cells,2,T cells
kang_c003977,2.348013,-2.787128,B cells,B cells,5,B cells
kang_c003981,-2.135842,14.79284,NK cells,NK cells,4,NK cells
kang_c003985,-3.532385,7.621354,CD4 T cells,T cells,2,T cells
kang_c003988,-4.71649,9.708728,CD4 T cells,T cells,3,T cells
kang_c003990,-2.288732,12.92719,CD8 T cells,T cells,4,NK cells
kang_c003993,-3.282897,9.971625,CD4 T cells,T cells,2,T cells
kang_c003999,12.47459,10.95813,CD14+ Monocytes,monocytes,0,monocytes
kang_c004001,2.229099,-2.042101,B cells,B cells,5,B cells
kang_c004002,-3.209023,8.580121,CD4 T cells,T cells,1,Unknown
kang_c004004,13.0191,9.565042,CD14+ Monocytes,monocytes,0,monocytes
kang_c004005,-4.509277,8.336848,CD4 T cells,T cells,2,T cells
kang_c004007,-3.782194,10.48945,CD4 T cells,T cells,3,T cells
kang_c004012,-2.710677,10.20367,CD4 T cells,T cells,9,T cells
kang_c004014,-2.883229,14.6958,NK cells,NK cells,4,NK cells
kang_c004015,1.777445,-2.423219,B cells,B cells,5,B cells
kang_c004021,-2.550341,8.464522,CD4 T cells,T cells,2,T cells
kang_c004023,12.08435,11.08486,CD14+ Monocytes,monocytes,0,monocytes
kang_c004037,14.61923,11.38092,CD14+ Monocytes,monocytes,0,monocytes
kang_c004039,2.180464,-2.425794,B cells,B cells,5,B cells
kang_c004042,-3.877989,7.293192,CD4 T cells,T cells,2,T cells
kang_c004045,-4.241743,9.033585,CD4 T cells,T cells,2,T cells
kang_c004055,13.46733,10.72764,CD14+ Monocytes,monocytes,0,monocytes
kang_c004058,14.44024,10.58591,CD14+ Monocytes,monocytes,0,monocytes
kang_c004066,12.61496,12.31693,CD14+ Monocytes,monocytes,0,monocytes
kang_c004073,-3.613968,9.41479,CD4 T cells,T cells,2,T cells
kang_c004074,-2.406049,14.96735,NK cells,NK cells,4,NK cells
kang_c004077,-3.338161,11.0115,CD4 T cells,T cells,3,T cells
kang_c004084,13.4612,10.37528,CD14+ Monocytes,monocytes,0,monocytes
kang_c004087,9.688061,10.02396,Dendritic cells,dendritic cells,10,dendritic cells
kang_c004090,-2.505719,13.91662,CD8 T cells,T cells,4,NK cells
kang_c004092,-2.178026,8.529448,CD4 T cells,T cells,1,Unknown
kang_c004094,-3.301279,9.860412,CD8 T cells,T cells,3,T cells
kang_c004095,12.64718,11.24736,CD14+ Monocytes,monocytes,0,monocytes
kang_c004096,-2.384284,13.35108,CD8 T cells,T cells,4,NK cells
kang_c004097,3.823658,-2.293164,B cells,B cells,5,B cells
kang_c004100,-4.696213,10.5584,CD4 T cells,T cells,3,T cells
kang_c004101,-4.337237,6.452744,CD4 T cells,T cells,2,T cells
kang_c004105,-3.486842,11.72705,CD4 T cells,T cells,3,T cells
kang_c004107,-2.238949,12.28083,CD4 T cells,T cells,4,NK cells
kang_c004108,-3.537955,7.669227,CD4 T cells,T cells,14,platelets
kang_c004110,-3.449641,10.44009,CD4 T cells,T cells,3,T cells
kang_c004117,11.77503,11.64925,CD14+ Monocytes,monocytes,0,monocytes
kang_c004123,2.586088,-3.165277,B cells,B cells,5,B cells
kang_c004125,-4.084343,11.37165,CD4 T cells,T cells,3,T cells
kang_c004129,-4.662452,9.140622,CD4 T cells,T cells,3,T cells
kang_c004130,-4.917438,7.674042,CD4 T cells,T cells,2,T cells
kang_c004136,-2.044408,13.2899,CD4 T cells,T cells,4,NK cells
kang_c004137,15.15258,9.647729,FCGR3A+ Monocytes,monocytes,8,monocytes
kang_c004138,1.33151,-2.349048,B cells,B cells,5,B cells
kang_c004142,-4.890379,9.593246,CD4 T cells,T cells,3,T cells
kang_c004153,13.15326,9.280969,CD14+ Monocytes,monocytes,0,monocytes
kang_c004166,-4.915697,10.52696,CD4 T cells,T cells,3,T cells
kang_c004168,-3.709954,12.11828,CD4 T cells,T cells,3,T cells
kang_c004174,-5.411099,7.168426,CD4 T cells,T cells,2,T cells
kang_c004178,2.691842,-3.108854,B cells,B cells,5,B cells
kang_c004182,2.488244,-1.444238,B cells,B cells,5,B cells
kang_c004183,-2.91953,14.84307,NK cells,NK cells,4,NK cells
kang_c004184,-2.977642,13.23636,NK cells,NK cells,4,NK cells
kang_c004187,14.93042,12.05474,CD14+ Monocytes,monocytes,0,monocytes
kang_c004188,9.785046,10.11244,Dendritic cells,dendritic cells,10,dendritic cells
kang_c004191,-4.494985,10.05094,CD4 T cells,T cells,3,T cells
kang_c004193,-4.543557,9.749757,CD4 T cells,T cells,2,T cells
kang_c004196,14.29871,11.19703,CD14+ Monocytes,monocytes,0,monocytes
kang_c004203,10.45262,10.47943,Dendritic cells,dendritic cells,10,dendritic cells
kang_c004210,8.821783,7.68933,Megakaryocytes,platelets,11,monocytes
kang_c004212,14.36708,10.3941,CD14+ Monocytes,monocytes,0,monocytes
kang_c004217,-3.927636,6.051129,CD4 T cells,T cells,2,T cells
kang_c004218,-4.335586,7.238451,CD4 T cells,T cells,2,T cells
kang_c004221,-3.376604,6.591203,CD4 T cells,T cells,2,T cells
kang_c004222,-3.479513,7.098166,CD4 T cells,T cells,2,T cells
kang_c004223,13.86066,10.55029,CD14+ Monocytes,monocytes,0,monocytes
kang_c004225,-3.624853,11.17583,CD4 T cells,T cells,3,T cells
kang_c004227,-4.607234,8.553196,CD4 T cells,T cells,2,T cells
kang_c004232,-1.651002,10.57258,CD4 T cells,T cells,9,T cells
kang_c004236,-4.411556,11.23839,CD4 T cells,T cells,3,T cells
kang_c004246,10.15051,9.946031,Dendritic cells,dendritic cells,10,dendritic cells
kang_c004248,13.19178,9.69525,CD14+ Monocytes,monocytes,0,monocytes
kang_c004251,-3.411572,14.81313,NK cells,NK cells,4,NK cells
kang_c004254,-4.556361,7.268359,CD4 T cells,T cells,2,T cells
kang_c004255,-3.01733,9.054415,CD4 T cells,T cells,2,T cells
kang_c004264,12.6322,12.51301,CD14+ Monocytes,monocytes,0,monocytes
kang_c004265,14.82651,9.562588,FCGR3A+ Monocytes,monocytes,8,monocytes
kang_c004266,-3.084428,12.48913,CD4 T cells,T cells,3,T cells
kang_c004267,-3.966388,8.390321,CD4 T cells,T cells,2,T cells
kang_c004268,2.509943,7.258318,CD4 T cells,T cells,1,Unknown
kang_c004272,-3.900344,9.113474,CD4 T cells,T cells,2,T cells
kang_c004275,-3.604478,8.883172,CD4 T cells,T cells,2,T cells
kang_c004277,-3.742102,9.462388,CD4 T cells,T cells,2,T cells
kang_c004280,-4.762824,9.7202,CD4 T cells,T cells,2,T cells
kang_c004285,-5.381156,9.39866,CD4 T cells,T cells,2,T cells
kang_c004286,-5.407184,9.378521,CD4 T cells,T cells,3,T cells
kang_c004289,-2.304813,10.1606,CD4 T cells,T cells,9,T cells
kang_c004300,14.59516,11.6518,CD14+ Monocytes,monocytes,0,monocytes
kang_c004306,-3.796614,8.279937,CD4 T cells,T cells,14,platelets
kang_c004310,-1.751588,14.31144,NK cells,NK cells,4,NK cells
kang_c004317,-3.431656,11.18167,CD4 T cells,T cells,3,T cells
kang_c004324,12.62577,11.65931,CD14+ Monocytes,monocytes,0,monocytes
kang_c004326,-5.33969,10.97184,CD4 T cells,T cells,3,T cells
kang_c004328,14.59865,11.28335,CD14+ Monocytes,monocytes,0,monocytes
kang_c004335,-3.413799,9.933328,CD4 T cells,T cells,3,T cells
kang_c004342,-3.559907,6.617789,CD4 T cells,T cells,2,T cells
kang_c004349,12.61494,12.04537,CD14+ Monocytes,monocytes,0,monocytes
kang_c004354,14.12509,12.72278,CD14+ Monocytes,monocytes,0,monocytes
kang_c004355,-2.443936,13.10386,CD8 T cells,T cells,4,NK cells
kang_c004356,-2.099869,10.06771,CD4 T cells,T cells,9,T cells
kang_c004357,14.58221,9.126056,FCGR3A+ Monocytes,monocytes,8,monocytes
kang_c004359,1.742279,-0.04919059,B cells,B cells,5,B cells
kang_c004363,-4.115808,6.099057,CD4 T cells,T cells,2,T cells
kang_c004367,12.77564,9.316061,CD14+ Monocytes,monocytes,0,monocytes
kang_c004370,10.07444,10.13178,Dendritic cells,dendritic cells,10,dendritic cells
kang_c004375,-3.070802,9.941508,CD4 T cells,T cells,2,T cells
kang_c004376,-3.71344,6.195234,CD4 T cells,T cells,2,T cells
kang_c004378,4.206574,-1.961561,B cells,B cells,15,Unknown
kang_c004379,13.72198,10.76573,CD14+ Monocytes,monocytes,0,monocytes
kang_c004382,11.0652,10.89916,Dendritic cells,dendritic cells,0,monocytes
kang_c004385,12.48773,12.08995,CD14+ Monocytes,monocytes,0,monocytes
kang_c004395,-4.507389,5.954718,CD4 T cells,T cells,2,T cells
kang_c004396,14.81583,9.058902,FCGR3A+ Monocytes,monocytes,8,monocytes
kang_c004398,-2.28168,8.961582,CD4 T cells,T cells,1,Unknown
kang_c004399,11.92252,11.33152,CD14+ Monocytes,monocytes,0,monocytes
kang_c004407,-3.630496,11.03764,CD4 T cells,T cells,3,T cells
kang_c004411,13.28102,12.60551,CD14+ Monocytes,monocytes,0,monocytes
kang_c004415,-3.022136,9.972805,CD4 T cells,T cells,2,T cells
kang_c004425,-1.233382,12.57181,CD8 T cells,T cells,4,NK cells
kang_c004431,-2.915019,9.572487,CD4 T cells,T cells,2,T cells
kang_c004433,-3.441561,6.338199,CD4 T cells,T cells,2,T cells
kang_c004448,14.02379,11.81283,CD14+ Monocytes,monocytes,0,monocytes
kang_c004449,-2.624641,6.984568,CD4 T cells,T cells,7,T cells
kang_c004450,-4.378266,9.423026,CD4 T cells,T cells,2,T cells
kang_c004456,-1.658919,13.5447,CD8 T cells,T cells,4,NK cells
kang_c004457,-5.776541,8.319807,CD4 T cells,T cells,2,T cells
kang_c004467,-4.354362,10.18255,CD4 T cells,T cells,3,T cells
kang_c004474,14.336,10.97217,CD14+ Monocytes,monocytes,0,monocytes
kang_c004475,-4.826416,7.172302,CD4 T cells,T cells,2,T cells
kang_c004478,-3.837049,6.589906,CD4 T cells,T cells,2,T cells
kang_c004479,1.56823,-1.744252,B cells,B cells,5,B cells
kang_c004487,12.54446,12.599,CD14+ Monocytes,monocytes,0,monocytes
kang_c004498,-4.949232,8.930792,CD4 T cells,T cells,2,T cells
kang_c004502,13.54497,10.29658,FCGR3A+ Monocytes,monocytes,0,monocytes
kang_c004503,2.051504,-2.353703,B cells,B cells,5,B cells
kang_c004507,14.57865,9.765689,FCGR3A+ Monocytes,monocytes,8,monocytes
kang_c004509,2.061985,7.264263,CD4 T cells,T cells,1,Unknown
kang_c004523,12.88768,8.689299,CD14+ Monocytes,monocytes,0,monocytes
kang_c004527,11.86419,11.76562,CD14+ Monocytes,monocytes,0,monocytes
kang_c004532,-2.534388,8.916913,CD4 T cells,T cells,1,Unknown
kang_c004533,-3.210687,15.20364,NK cells,NK cells,4,NK cells
kang_c004538,13.45249,9.78398,CD14+ Monocytes,monocytes,0,monocytes
kang_c004539,-1.917186,8.258886,CD4 T cells,T cells,1,Unknown
kang_c004549,-4.11348,7.292025,CD4 T cells,T cells,2,T cells
kang_c004556,-1.972605,8.471642,CD4 T cells,T cells,1,Unknown
kang_c004558,2.878482,-1.708509,B cells,B cells,5,B cells
kang_c004568,-4.243198,7.864943,CD4 T cells,T cells,2,T cells
kang_c004569,13.10398,6.974252,CD14+ Monocytes,monocytes,13,monocytes
kang_c004570,13.60028,12.60157,CD14+ Monocytes,monocytes,0,monocytes
kang_c004577,-5.699293,8.170145,CD4 T cells,T cells,2,T cells
kang_c004581,14.96403,12.10337,CD14+ Monocytes,monocytes,0,monocytes
kang_c004585,14.8976,11.86808,CD14+ Monocytes,monocytes,0,monocytes
kang_c004594,-4.208012,7.000754,CD4 T cells,T cells,2,T cells
kang_c004596,-3.176948,14.93518,NK cells,NK cells,4,NK cells
kang_c004599,2.154912,-0.3666396,B cells,B cells,5,B cells
kang_c004601,13.23181,10.56207,CD14+ Monocytes,monocytes,0,monocytes
kang_c004606,13.5536,12.23018,CD14+ Monocytes,monocytes,0,monocytes
kang_c004609,13.02992,13.24169,CD14+ Monocytes,monocytes,0,monocytes
kang_c004611,-2.541382,9.920647,CD4 T cells,T cells,9,T cells
kang_c004624,-3.772576,7.600483,CD4 T cells,T cells,2,T cells
kang_c004626,-3.661322,10.80824,CD4 T cells,T cells,3,T cells
kang_c004630,-2.361335,14.75208,NK cells,NK cells,4,NK cells
kang_c004646,3.161975,-3.179877,B cells,B cells,5,B cells
kang_c004648,-5.137189,9.850169,CD4 T cells,T cells,3,T cells
kang_c004650,-1.619039,14.25389,NK cells,NK cells,4,NK cells
kang_c004651,-3.424797,12.16264,CD4 T cells,T cells,3,T cells
kang_c004655,-1.776837,12.61039,CD8 T cells,T cells,4,NK cells
kang_c004658,-1.323741,8.624048,CD4 T cells,T cells,7,T cells
kang_c004659,-4.720826,6.637157,CD4 T cells,T cells,2,T cells
kang_c004662,-2.631072,13.52407,CD8 T cells,T cells,4,NK cells
kang_c004664,-4.799308,8.990577,CD4 T cells,T cells,2,T cells
kang_c004666,-4.723466,10.93875,CD4 T cells,T cells,3,T cells
kang_c004672,3.009238,-2.537032,B cells,B cells,5,B cells
kang_c004673,13.20029,11.48389,CD14+ Monocytes,monocytes,0,monocytes
kang_c004680,13.4886,9.858759,CD14+ Monocytes,monocytes,0,monocytes
kang_c004682,-4.511957,7.229277,CD4 T cells,T cells,2,T cells
kang_c004683,-4.193153,7.925087,CD4 T cells,T cells,2,T cells
kang_c004684,-5.44472,7.164181,CD4 T cells,T cells,2,T cells
kang_c004688,-5.143892,7.40968,CD4 T cells,T cells,2,T cells
kang_c004693,-3.478259,7.635242,CD4 T cells,T cells,2,T cells
kang_c004702,-1.813824,13.68197,CD8 T cells,T cells,4,NK cells
kang_c004703,-5.752027,9.161531,CD4 T cells,T cells,3,T cells
kang_c004705,-4.655201,8.556511,CD4 T cells,T cells,2,T cells
kang_c004706,14.13706,13.40801,CD14+ Monocytes,monocytes,0,monocytes
kang_c004709,12.66589,10.73337,CD14+ Monocytes,monocytes,0,monocytes
kang_c004716,1.618247,-1.801471,B cells,B cells,5,B cells
kang_c004719,13.91381,12.17479,CD14+ Monocytes,monocytes,0,monocytes
kang_c004721,-5.186841,7.114525,CD4 T cells,T cells,2,T cells
kang_c004723,12.8118,12.25526,CD14+ Monocytes,monocytes,0,monocytes
kang_c004726,-1.673481,14.75025,NK cells,NK cells,4,NK cells
kang_c004728,-2.209885,15.01307,NK cells,NK cells,4,NK cells
kang_c004730,-3.138828,8.151175,CD4 T cells,T cells,2,T cells
kang_c004733,2.59315,-1.958642,B cells,B cells,5,B cells
kang_c004735,13.96819,11.03766,CD14+ Monocytes,monocytes,0,monocytes
kang_c004741,-5.269465,10.19373,CD4 T cells,T cells,3,T cells
kang_c004745,-1.66014,15.03163,NK cells,NK cells,4,NK cells
kang_c004753,-3.189718,7.86995,CD4 T cells,T cells,2,T cells
kang_c004755,-2.542789,13.30016,CD8 T cells,T cells,4,NK cells
kang_c004756,12.06048,10.6057,Dendritic cells,dendritic cells,0,monocytes
kang_c004759,-3.557918,7.719642,CD4 T cells,T cells,2,T cells
kang_c004767,13.5532,11.14638,CD14+ Monocytes,monocytes,0,monocytes
kang_c004770,-4.247054,6.351198,CD4 T cells,T cells,2,T cells
kang_c004773,-4.689378,7.977993,CD4 T cells,T cells,2,T cells
kang_c004778,-5.297817,7.366685,CD4 T cells,T cells,2,T cells
kang_c004779,-1.010671,13.82476,CD8 T cells,T cells,4,NK cells
kang_c004794,-4.405982,7.157708,CD4 T cells,T cells,2,T cells
kang_c004797,2.711111,-2.76133,B cells,B cells,5,B cells
kang_c004798,9.809979,10.08409,Dendritic cells,dendritic cells,10,dendritic cells
kang_c004801,2.958275,-1.659265,B cells,B cells,5,B cells
kang_c004803,-5.280475,8.713488,CD4 T cells,T cells,3,T cells
kang_c004804,-3.7522,8.036089,CD4 T cells,T cells,2,T cells
kang_c004808,2.112408,-0.9191142,B cells,B cells,5,B cells
kang_c004815,-3.78679,6.207789,CD4 T cells,T cells,2,T cells
kang_c004823,13.03044,9.610563,CD14+ Monocytes,monocytes,0,monocytes
kang_c004828,-4.095593,5.967056,CD4 T cells,T cells,2,T cells
kang_c004834,15.4674,9.148132,FCGR3A+ Monocytes,monocytes,8,monocytes
kang_c004836,13.50681,13.04318,CD14+ Monocytes,monocytes,0,monocytes
kang_c004845,-4.613581,9.802058,CD4 T cells,T cells,3,T cells
kang_c004846,-4.276948,5.599294,CD4 T cells,T cells,2,T cells
kang_c004856,-3.939892,5.835454,CD4 T cells,T cells,2,T cells
kang_c004859,-4.363147,9.640203,CD4 T cells,T cells,2,T cells
kang_c004860,-4.39678,11.10053,CD4 T cells,T cells,3,T cells
kang_c004861,11.40378,11.43835,CD14+ Monocytes,monocytes,0,monocytes
kang_c004862,-2.985396,8.702911,CD4 T cells,T cells,2,T cells
kang_c004872,14.89084,9.381403,FCGR3A+ Monocytes,monocytes,8,monocytes
kang_c004879,-1.640151,13.15562,CD8 T cells,T cells,4,NK cells
kang_c004885,13.31248,12.43828,CD14+ Monocytes,monocytes,0,monocytes
kang_c004887,-3.309803,8.077023,CD4 T cells,T cells,2,T cells
kang_c004889,2.411877,-1.368752,B cells,B cells,5,B cells
kang_c004891,3.119539,-2.672496,B cells,B cells,5,B cells
kang_c004906,-4.522493,10.6808,CD4 T cells,T cells,3,T cells
kang_c004907,-2.604539,15.27173,NK cells,NK cells,4,NK cells
kang_c004913,2.541364,7.112086,CD4 T cells,T cells,1,Unknown
kang_c004915,-2.15197,14.38574,NK cells,NK cells,4,NK cells
kang_c004918,14.64725,6.851092,FCGR3A+ Monocytes,monocytes,8,monocytes
kang_c004919,2.522352,-2.341025,B cells,B cells,5,B cells
kang_c004924,13.01018,12.09311,CD14+ Monocytes,monocytes,0,monocytes
kang_c004927,14.1582,10.94028,CD14+ Monocytes,monocytes,0,monocytes
kang_c004929,13.39311,11.05774,CD14+ Monocytes,monocytes,0,monocytes
kang_c004934,-3.304831,10.14773,CD4 T cells,T cells,2,T cells
kang_c004935,-5.314776,9.879055,CD4 T cells,T cells,3,T cells
kang_c004946,-2.922377,15.17822,NK cells,NK cells,4,NK cells
kang_c004949,-3.475408,12.88021,CD8 T cells,T cells,3,T cells
kang_c004960,14.11888,10.35248,CD14+ Monocytes,monocytes,0,monocytes
kang_c004965,12.22269,12.87997,CD14+ Monocytes,monocytes,0,monocytes
kang_c004968,-4.628715,9.262922,CD4 T cells,T cells,3,T cells
kang_c004970,-4.814517,10.32974,CD4 T cells,T cells,3,T cells
kang_c004986,12.57869,10.24997,CD14+ Monocytes,monocytes,0,monocytes
kang_c004988,-4.70103,11.3698,CD4 T cells,T cells,3,T cells
kang_c004990,14.02739,9.74396,FCGR3A+ Monocytes,monocytes,8,monocytes
kang_c004991,-5.523295,9.063726,CD4 T cells,T cells,2,T cells
kang_c004994,-2.011625,8.675826,CD4 T cells,T cells,1,Unknown
kang_c004996,-2.035811,12.21708,CD4 T cells,T cells,4,NK cells
kang_c004997,-4.851007,8.347387,CD4 T cells,T cells,2,T cells
kang_c005001,1.972091,-2.594784,B cells,B cells,5,B cells
kang_c005015,-3.683743,11.3773,CD4 T cells,T cells,3,T cells
kang_c005019,-4.603028,11.82031,CD4 T cells,T cells,3,T cells
kang_c005047,13.10492,9.421066,CD14+ Monocytes,monocytes,0,monocytes
kang_c005053,-3.432869,9.187305,CD4 T cells,T cells,2,T cells
kang_c005064,-4.6918,7.089437,CD4 T cells,T cells,2,T cells
kang_c005067,-3.104509,10.60671,CD4 T cells,T cells,9,T cells
kang_c005074,-4.929883,8.614126,CD4 T cells,T cells,3,T cells
kang_c005076,8.248377,7.640272,Megakaryocytes,platelets,11,monocytes
kang_c005085,-3.23053,7.564821,CD4 T cells,T cells,2,T cells
kang_c005086,-5.561152,9.084712,CD4 T cells,T cells,3,T cells
kang_c005101,14.22021,12.09493,CD14+ Monocytes,monocytes,0,monocytes
kang_c005103,-3.761585,9.267573,CD4 T cells,T cells,2,T cells
kang_c005116,13.11731,13.19857,CD14+ Monocytes,monocytes,0,monocytes
kang_c005117,-5.834905,10.24361,CD4 T cells,T cells,3,T cells
kang_c005118,-2.331913,12.52629,CD8 T cells,T cells,4,NK cells
kang_c005126,2.880989,-2.386186,B cells,B cells,5,B cells
kang_c005128,9.822826,9.950455,Dendritic cells,dendritic cells,10,dendritic cells
kang_c005132,13.05194,9.280264,CD14+ Monocytes,monocytes,0,monocytes
kang_c005134,-3.581192,9.968083,CD4 T cells,T cells,2,T cells
kang_c005149,-1.856282,13.77403,CD8 T cells,T cells,4,NK cells
kang_c005151,14.3083,11.75072,CD14+ Monocytes,monocytes,0,monocytes
kang_c005160,-4.156797,10.18975,CD4 T cells,T cells,3,T cells
kang_c005184,-2.38988,15.14738,NK cells,NK cells,4,NK cells
kang_c005187,-2.489549,10.19842,CD4 T cells,T cells,9,T cells
kang_c005189,12.10293,12.12997,CD14+ Monocytes,monocytes,0,monocytes
kang_c005193,-4.120834,8.417952,CD4 T cells,T cells,2,T cells
kang_c005196,-3.744321,11.79408,CD4 T cells,T cells,3,T cells
kang_c005197,-3.121847,9.678995,CD4 T cells,T cells,9,T cells
kang_c005199,-5.67852,7.506641,CD4 T cells,T cells,2,T cells
kang_c005200,8.353011,7.688897,NK cells,NK cells,11,monocytes
kang_c005203,14.31183,11.91025,CD14+ Monocytes,monocytes,0,monocytes
kang_c005204,-5.457386,9.61946,CD4 T cells,T cells,2,T cells
kang_c005209,-3.01032,14.80029,NK cells,NK cells,4,NK cells
kang_c005212,-1.99572,12.64549,CD8 T cells,T cells,4,NK cells
kang_c005218,-2.0154,8.49576,CD4 T cells,T cells,1,Unknown
kang_c005219,-4.459558,9.383603,CD4 T cells,T cells,2,T cells
kang_c005227,12.97334,13.04491,CD14+ Monocytes,monocytes,0,monocytes
kang_c005228,13.68061,13.48945,CD14+ Monocytes,monocytes,0,monocytes
kang_c005238,3.051646,-1.835443,B cells,B cells,5,B cells
kang_c005239,-3.547449,10.85223,CD4 T cells,T cells,3,T cells
kang_c005240,11.90434,11.45305,CD14+ Monocytes,monocytes,0,monocytes
kang_c005245,12.9053,11.43136,CD14+ Monocytes,monocytes,0,monocytes
kang_c005246,-2.008733,13.57558,NK cells,NK cells,4,NK cells
kang_c005249,-1.977928,11.91699,CD4 T cells,T cells,4,NK cells
kang_c005253,3.318494,-3.044676,B cells,B cells,5,B cells
kang_c005256,1.644366,-2.686772,B cells,B cells,5,B cells
kang_c005258,-2.966145,14.53079,NK cells,NK cells,4,NK cells
kang_c005263,-4.99723,9.077498,CD4 T cells,T cells,3,T cells
kang_c005265,14.49809,9.069721,FCGR3A+ Monocytes,monocytes,8,monocytes
kang_c005266,-4.484527,10.63251,CD4 T cells,T cells,3,T cells
kang_c005267,-4.426942,9.910972,CD4 T cells,T cells,3,T cells
kang_c005274,-4.623597,9.995635,CD4 T cells,T cells,2,T cells
kang_c005275,-3.042881,11.30949,CD4 T cells,T cells,3,T cells
kang_c005277,13.58219,12.75422,CD14+ Monocytes,monocytes,0,monocytes
kang_c005280,-4.060506,9.607135,CD4 T cells,T cells,2,T cells
kang_c005284,-3.531904,14.74651,CD8 T cells,T cells,4,NK cells
kang_c005286,-2.464835,13.23065,CD8 T cells,T cells,4,NK cells
kang_c005291,-4.981544,7.126518,CD4 T cells,T cells,2,T cells
kang_c005293,-5.098842,10.40436,CD4 T cells,T cells,3,T cells
kang_c005295,15.28955,9.50709,FCGR3A+ Monocytes,monocytes,8,monocytes
kang_c005297,13.44366,12.33442,CD14+ Monocytes,monocytes,0,monocytes
kang_c005306,-4.611469,10.00428,CD4 T cells,T cells,3,T cells
kang_c005307,-1.501595,15.48526,NK cells,NK cells,6,NK cells
kang_c005309,13.09788,11.71335,CD14+ Monocytes,monocytes,0,monocytes
kang_c005312,14.21509,10.46541,CD14+ Monocytes,monocytes,0,monocytes
kang_c005321,-1.277902,12.90418,CD8 T cells,T cells,4,NK cells
kang_c005323,13.92565,11.29089,CD14+ Monocytes,monocytes,0,monocytes
kang_c005328,2.742963,-2.234236,B cells,B cells,5,B cells
kang_c005336,-2.019622,13.61003,CD8 T cells,T cells,4,NK cells
kang_c005337,12.16165,10.9182,CD14+ Monocytes,monocytes,0,monocytes
kang_c005344,13.01109,13.03627,CD14+ Monocytes,monocytes,0,monocytes
kang_c005348,14.36868,12.36589,CD14+ Monocytes,monocytes,0,monocytes
kang_c005349,1.406091,-0.1437967,B cells,B cells,5,B cells
kang_c005350,10.64089,10.72068,Dendritic cells,dendritic cells,10,dendritic cells
kang_c005354,-2.691517,10.44758,CD4 T cells,T cells,3,T cells
kang_c005360,-3.319373,11.84921,CD4 T cells,T cells,3,T cells
kang_c005367,-4.67613,7.892363,CD4 T cells,T cells,2,T cells
kang_c005374,-2.049062,13.2229,CD8 T cells,T cells,4,NK cells
kang_c005375,3.259259,-2.206196,B cells,B cells,5,B cells
kang_c005382,2.192288,-3.165321,B cells,B cells,5,B cells
kang_c005393,-3.145601,15.16736,NK cells,NK cells,4,NK cells
kang_c005394,-3.442959,15.45953,NK cells,NK cells,4,NK cells
kang_c005399,-1.943992,9.411476,CD4 T cells,T cells,1,Unknown
kang_c005403,-2.125213,8.603004,CD4 T cells,T cells,1,Unknown
kang_c005405,-3.194145,7.87264,CD4 T cells,T cells,2,T cells
kang_c005420,-4.721933,6.263244,CD4 T cells,T cells,2,T cells
kang_c005427,2.138769,7.581591,CD4 T cells,T cells,1,Unknown
kang_c005433,-4.752464,6.985465,CD4 T cells,T cells,2,T cells
kang_c005434,-3.801212,6.545133,CD4 T cells,T cells,2,T cells
kang_c005441,-2.385716,15.20459,NK cells,NK cells,4,NK cells
kang_c005443,13.43608,13.35692,CD14+ Monocytes,monocytes,0,monocytes
kang_c005447,2.855971,-2.894481,B cells,B cells,5,B cells
kang_c005450,-2.522181,8.706061,CD4 T cells,T cells,2,T cells
kang_c005459,-4.254283,9.001131,CD4 T cells,T cells,2,T cells
kang_c005461,-1.525756,14.49624,NK cells,NK cells,4,NK cells
kang_c005462,-3.657939,6.43959,CD4 T cells,T cells,2,T cells
kang_c005464,2.359499,-2.033574,B cells,B cells,5,B cells
kang_c005472,-4.45122,10.99143,CD4 T cells,T cells,3,T cells
kang_c005475,-4.203212,9.854033,CD4 T cells,T cells,3,T cells
kang_c005486,13.20416,9.900989,CD14+ Monocytes,monocytes,0,monocytes
kang_c005488,12.80585,11.58571,CD14+ Monocytes,monocytes,0,monocytes
kang_c005497,1.79187,-1.35657,B cells,B cells,5,B cells
kang_c005498,14.59929,12.39207,CD14+ Monocytes,monocytes,0,monocytes
kang_c005500,-4.226078,8.318716,CD4 T cells,T cells,2,T cells
kang_c005501,2.638046,-2.216776,B cells,B cells,5,B cells
kang_c005502,-4.070262,7.615961,CD4 T cells,T cells,2,T cells
kang_c005503,14.34504,12.79354,CD14+ Monocytes,monocytes,0,monocytes
kang_c005507,13.82908,12.16381,CD14+ Monocytes,monocytes,0,monocytes
kang_c005508,15.69398,9.492888,FCGR3A+ Monocytes,monocytes,8,monocytes
kang_c005525,-2.958354,14.42583,NK cells,NK cells,4,NK cells
kang_c005546,3.268543,-2.892492,B cells,B cells,5,B cells
kang_c005547,-4.628473,7.916422,CD4 T cells,T cells,2,T cells
kang_c005554,-4.286899,8.200003,CD4 T cells,T cells,2,T cells
kang_c005556,-0.4902782,7.737493,CD4 T cells,T cells,7,T cells
kang_c005565,-3.62533,9.275057,CD4 T cells,T cells,1,Unknown
kang_c005569,-5.738568,8.420146,CD4 T cells,T cells,2,T cells
kang_c005573,14.94792,11.56762,CD14+ Monocytes,monocytes,0,monocytes
kang_c005574,-3.585574,5.916527,CD4 T cells,T cells,2,T cells
kang_c005576,-2.43355,14.68112,NK cells,NK cells,4,NK cells
kang_c005581,-3.056543,15.05251,NK cells,NK cells,4,NK cells
kang_c005583,-1.87878,15.42833,NK cells,NK cells,4,NK cells
kang_c005588,13.6038,12.84075,CD14+ Monocytes,monocytes,0,monocytes
kang_c005590,11.67749,11.7922,CD14+ Monocytes,monocytes,0,monocytes
kang_c005591,-5.311634,10.71019,CD4 T cells,T cells,3,T cells
kang_c005594,13.35983,12.67899,CD14+ Monocytes,monocytes,0,monocytes
kang_c005595,3.251293,-1.971208,B cells,B cells,5,B cells
kang_c005596,-1.484786,12.3403,CD4 T cells,T cells,4,NK cells
kang_c005598,1.928714,-2.172244,B cells,B cells,5,B cells
kang_c005602,13.31246,11.29071,CD14+ Monocytes,monocytes,0,monocytes
kang_c005607,-4.841769,9.694974,CD4 T cells,T cells,3,T cells
kang_c005611,-3.01117,10.85398,CD4 T cells,T cells,3,T cells
kang_c005614,-3.090077,7.7439,CD4 T cells,T cells,2,T cells
kang_c005618,-2.329661,7.899608,CD4 T cells,T cells,1,Unknown
kang_c005628,-5.971523,8.107336,CD4 T cells,T cells,2,T cells
kang_c005629,-4.502536,8.572746,CD4 T cells,T cells,2,T cells
kang_c005631,13.40673,12.6652,CD14+ Monocytes,monocytes,0,monocytes
kang_c005637,13.2095,11.83287,CD14+ Monocytes,monocytes,0,monocytes
kang_c005639,13.68661,10.10289,CD14+ Monocytes,monocytes,0,monocytes
kang_c005648,-2.567858,12.94386,CD8 T cells,T cells,4,NK cells
kang_c005656,-4.711763,11.23774,CD4 T cells,T cells,3,T cells
kang_c005658,2.587972,-2.040361,B cells,B cells,5,B cells
kang_c005661,-2.551258,13.62,CD8 T cells,T cells,4,NK cells
kang_c005667,14.49253,10.9388,CD14+ Monocytes,monocytes,0,monocytes
kang_c005671,13.2093,12.08395,CD14+ Monocytes,monocytes,0,monocytes
kang_c005676,-1.540094,7.201417,CD4 T cells,T cells,7,T cells
kang_c005679,-2.626032,9.853406,CD4 T cells,T cells,9,T cells
kang_c005683,-5.034089,9.174166,CD4 T cells,T cells,2,T cells
kang_c005684,-4.990321,10.96984,CD4 T cells,T cells,3,T cells
kang_c005686,-2.229777,8.560922,CD4 T cells,T cells,1,Unknown
kang_c005703,2.016846,-2.63507,B cells,B cells,5,B cells
kang_c005709,-0.8981983,12.96097,CD8 T cells,T cells,4,NK cells
kang_c005714,2.494779,-2.417491,B cells,B cells,5,B cells
kang_c005717,3.287951,-2.855479,B cells,B cells,5,B cells
kang_c005720,-2.199984,12.77803,CD8 T cells,T cells,4,NK cells
kang_c005722,3.673857,-1.44355,B cells,B cells,5,B cells
kang_c005725,-5.276984,7.87556,CD4 T cells,T cells,2,T cells
kang_c005733,12.81306,12.86943,CD14+ Monocytes,monocytes,0,monocytes
kang_c005734,13.15243,12.40971,CD14+ Monocytes,monocytes,0,monocytes
kang_c005739,10.46726,10.75009,Dendritic cells,dendritic cells,10,dendritic cells
kang_c005742,-3.216866,9.785251,CD4 T cells,T cells,2,T cells
kang_c005743,-1.547268,13.44354,CD8 T cells,T cells,4,NK cells
kang_c005747,-2.370065,8.20186,CD4 T cells,T cells,1,Unknown
kang_c005749,10.68664,10.68357,Dendritic cells,dendritic cells,10,dendritic cells
kang_c005750,-4.508144,9.432449,CD4 T cells,T cells,2,T cells
kang_c005751,13.25765,10.95906,CD14+ Monocytes,monocytes,0,monocytes
kang_c005754,-2.913583,12.25717,CD4 T cells,T cells,4,NK cells
kang_c005756,14.14731,12.51107,CD14+ Monocytes,monocytes,0,monocytes
kang_c005758,2.915875,-2.922458,B cells,B cells,5,B cells
kang_c005759,13.81961,12.05859,CD14+ Monocytes,monocytes,0,monocytes
kang_c005764,-4.631191,11.03979,CD4 T cells,T cells,3,T cells
kang_c005769,14.31905,11.96148,CD14+ Monocytes,monocytes,0,monocytes
kang_c005770,3.102328,-2.80465,B cells,B cells,5,B cells
kang_c005778,-5.072064,11.15246,CD4 T cells,T cells,3,T cells
kang_c005779,-4.857331,11.19017,CD4 T cells,T cells,3,T cells
kang_c005780,-5.449387,7.836847,CD4 T cells,T cells,2,T cells
kang_c005784,1.529437,-2.38328,B cells,B cells,5,B cells
kang_c005787,2.954112,-3.241029,B cells,B cells,5,B cells
kang_c005790,-4.466049,9.778998,CD4 T cells,T cells,2,T cells
kang_c005792,-3.073109,12.18016,CD8 T cells,T cells,3,T cells
kang_c005797,-3.247823,12.12227,CD4 T cells,T cells,3,T cells
kang_c005820,-2.438465,10.58574,CD4 T cells,T cells,9,T cells
kang_c005823,2.963745,-3.08813,B cells,B cells,5,B cells
kang_c005830,-2.609975,11.51258,CD4 T cells,T cells,4,NK cells
kang_c005834,-3.617993,9.328707,CD4 T cells,T cells,2,T cells
kang_c005835,1.61365,-1.834332,B cells,B cells,5,B cells
kang_c005838,-2.689347,7.927614,CD4 T cells,T cells,2,T cells
kang_c005840,14.07608,10.88656,CD14+ Monocytes,monocytes,0,monocytes
kang_c005841,14.80344,11.80084,CD14+ Monocytes,monocytes,0,monocytes
kang_c005842,15.20347,10.01717,CD14+ Monocytes,monocytes,8,monocytes
kang_c005848,15.11316,9.699141,FCGR3A+ Monocytes,monocytes,8,monocytes
kang_c005855,2.909117,-2.445475,B cells,B cells,5,B cells
kang_c005856,-3.737306,10.41401,CD4 T cells,T cells,3,T cells
kang_c005862,-2.985609,10.73807,CD4 T cells,T cells,3,T cells
kang_c005863,3.245279,-2.487296,B cells,B cells,5,B cells
kang_c005865,-3.814347,7.560478,CD4 T cells,T cells,2,T cells
kang_c005868,-3.270382,8.712903,CD4 T cells,T cells,2,T cells
kang_c005870,-3.467554,15.44924,NK cells,NK cells,4,NK cells
kang_c005873,13.46037,12.38992,CD14+ Monocytes,monocytes,0,monocytes
kang_c005877,-4.601822,11.46396,CD4 T cells,T cells,3,T cells
kang_c005883,-3.064804,15.25129,NK cells,NK cells,4,NK cells
kang_c005884,-2.507162,14.84087,NK cells,NK cells,4,NK cells
kang_c005888,-4.995851,9.746726,CD4 T cells,T cells,2,T cells
kang_c005890,13.86308,10.33771,CD14+ Monocytes,monocytes,0,monocytes
kang_c005893,12.10355,12.60641,CD14+ Monocytes,monocytes,0,monocytes
kang_c005898,-2.871847,9.973202,CD4 T cells,T cells,9,T cells
kang_c005901,-4.204034,10.82296,CD4 T cells,T cells,3,T cells
kang_c005908,-4.781895,8.511633,CD4 T cells,T cells,2,T cells
kang_c005910,-2.425672,15.0962,NK cells,NK cells,4,NK cells
kang_c005911,-5.365578,8.741649,CD4 T cells,T cells,3,T cells
kang_c005915,14.84142,11.47766,CD14+ Monocytes,monocytes,0,monocytes
kang_c005926,-5.315144,10.0209,CD4 T cells,T cells,3,T cells
kang_c005933,15.65567,9.512026,FCGR3A+ Monocytes,monocytes,8,monocytes
kang_c005942,12.30997,11.47111,CD14+ Monocytes,monocytes,0,monocytes
kang_c005943,2.186764,-3.487306,B cells,B cells,5,B cells
kang_c005944,12.05818,10.87547,CD14+ Monocytes,monocytes,0,monocytes
kang_c005946,15.25457,9.917506,FCGR3A+ Monocytes,monocytes,8,monocytes
kang_c005950,2.530542,-1.857231,B cells,B cells,5,B cells
kang_c005951,14.14249,10.27607,CD14+ Monocytes,monocytes,0,monocytes
kang_c005971,13.04675,11.99715,CD14+ Monocytes,monocytes,0,monocytes
kang_c005975,-3.919338,7.692917,CD4 T cells,T cells,2,T cells
kang_c005981,-5.66054,9.310475,CD4 T cells,T cells,2,T cells
kang_c005982,-2.152888,12.29834,CD4 T cells,T cells,4,NK cells
kang_c005985,12.31758,10.58104,CD14+ Monocytes,monocytes,0,monocytes
kang_c005990,14.51238,11.17251,CD14+ Monocytes,monocytes,0,monocytes
kang_c005994,-2.33516,12.58999,CD8 T cells,T cells,4,NK cells
kang_c005995,14.36889,10.87408,CD14+ Monocytes,monocytes,0,monocytes
kang_c005998,-3.335361,15.55618,NK cells,NK cells,4,NK cells
kang_c006003,3.085223,-1.654546,B cells,B cells,5,B cells
kang_c006004,13.08733,9.790933,CD14+ Monocytes,monocytes,0,monocytes
kang_c006009,2.183104,-2.830202,B cells,B cells,5,B cells
kang_c006010,-5.270272,10.23482,CD4 T cells,T cells,3,T cells
kang_c006012,2.427098,6.914233,CD4 T cells,T cells,1,Unknown
kang_c006013,-4.545529,6.663505,CD4 T cells,T cells,2,T cells
kang_c006020,-4.145827,10.65012,CD4 T cells,T cells,3,T cells
kang_c006029,-4.254546,11.87138,CD4 T cells,T cells,3,T cells
kang_c006032,-3.211097,14.77592,NK cells,NK cells,4,NK cells
kang_c006034,-2.224965,15.3071,NK cells,NK cells,4,NK cells
kang_c006039,1.704844,-2.248646,B cells,B cells,5,B cells
kang_c006045,14.64322,11.78861,CD14+ Monocytes,monocytes,0,monocytes
kang_c006051,1.543662,0.03381767,B cells,B cells,5,B cells
kang_c006061,13.52452,12.26235,CD14+ Monocytes,monocytes,0,monocytes
kang_c006068,2.339882,7.062144,CD4 T cells,T cells,1,Unknown
kang_c006070,12.86747,12.90903,CD14+ Monocytes,monocytes,0,monocytes
kang_c006076,-5.010188,11.24446,CD4 T cells,T cells,3,T cells
kang_c006078,-4.102181,11.79995,CD4 T cells,T cells,3,T cells
kang_c006082,5.382977,-2.717354,Dendritic cells,dendritic cells,15,Unknown
kang_c006086,2.507722,7.00416,CD4 T cells,T cells,1,Unknown
kang_c006090,2.263685,-0.4267874,B cells,B cells,5,B cells
kang_c006091,14.90841,10.0253,FCGR3A+ Monocytes,monocytes,8,monocytes
kang_c006097,-3.094954,14.70018,NK cells,NK cells,4,NK cells
kang_c006106,-3.595328,11.55682,CD4 T cells,T cells,3,T cells
kang_c006108,-3.697194,8.262691,CD4 T cells,T cells,14,platelets
kang_c006109,-4.64064,6.815175,CD4 T cells,T cells,2,T cells
kang_c006114,12.97664,7.927898,CD14+ Monocytes,monocytes,13,monocytes
kang_c006125,-4.291103,12.0111,CD4 T cells,T cells,3,T cells
kang_c006131,1.753828,0.2421916,B cells,B cells,5,B cells
kang_c006134,-1.926746,14.59677,NK cells,NK cells,4,NK cells
kang_c006138,-3.217033,8.58014,CD4 T cells,T cells,2,T cells
kang_c006148,-1.689227,13.49372,CD8 T cells,T cells,4,NK cells
kang_c006151,3.529863,-2.349958,B cells,B cells,5,B cells
kang_c006153,14.43971,9.137774,FCGR3A+ Monocytes,monocytes,8,monocytes
kang_c006157,-2.952794,8.408233,CD4 T cells,T cells,1,Unknown
kang_c006159,13.0462,11.81354,CD14+ Monocytes,monocytes,0,monocytes
kang_c006161,13.49608,11.60208,CD14+ Monocytes,monocytes,0,monocytes
kang_c006174,-2.320532,8.550215,CD4 T cells,T cells,1,Unknown
kang_c006180,-3.899625,8.535292,CD4 T cells,T cells,2,T cells
kang_c006185,-2.819901,7.174841,CD4 T cells,T cells,2,T cells
kang_c006191,13.65217,11.96099,CD14+ Monocytes,monocytes,0,monocytes
kang_c006195,11.39558,11.21157,Dendritic cells,dendritic cells,0,monocytes
kang_c006207,13.22905,13.08886,CD14+ Monocytes,monocytes,0,monocytes
kang_c006210,3.331992,-2.71809,B cells,B cells,5,B cells
kang_c006215,12.18774,13.10391,CD14+ Monocytes,monocytes,0,monocytes
kang_c006217,-3.90125,6.201239,CD4 T cells,T cells,2,T cells
kang_c006221,13.48523,12.54281,CD14+ Monocytes,monocytes,0,monocytes
kang_c006225,13.82905,12.3965,CD14+ Monocytes,monocytes,0,monocytes
kang_c006229,-3.851565,10.57804,CD4 T cells,T cells,3,T cells
kang_c006231,11.74938,12.83622,CD14+ Monocytes,monocytes,0,monocytes
kang_c006244,-5.476774,8.888095,CD4 T cells,T cells,2,T cells
kang_c006245,-2.130255,10.46509,CD4 T cells,T cells,4,NK cells
kang_c006247,-2.505788,9.568765,CD4 T cells,T cells,9,T cells
kang_c006250,12.3772,11.37214,CD14+ Monocytes,monocytes,0,monocytes
kang_c006252,13.08956,11.94388,CD14+ Monocytes,monocytes,0,monocytes
kang_c006253,-4.857584,9.689255,CD4 T cells,T cells,3,T cells
kang_c006261,12.85379,12.67971,CD14+ Monocytes,monocytes,0,monocytes
kang_c006274,11.64467,12.34303,CD14+ Monocytes,monocytes,0,monocytes
kang_c006280,-2.26657,8.091367,CD4 T cells,T cells,1,Unknown
kang_c006284,-3.321044,7.234144,CD4 T cells,T cells,2,T cells
kang_c006285,-1.187451,13.9476,CD8 T cells,T cells,4,NK cells
kang_c006293,14.69761,12.0247,CD14+ Monocytes,monocytes,0,monocytes
kang_c006300,14.09763,7.097151,FCGR3A+ Monocytes,monocytes,8,monocytes
kang_c006304,2.265753,-3.229097,B cells,B cells,5,B cells
kang_c006305,-1.708874,13.60419,CD8 T cells,T cells,4,NK cells
kang_c006309,-5.085786,9.19189,CD4 T cells,T cells,3,T cells
kang_c006313,2.255791,-3.339495,B cells,B cells,5,B cells
kang_c006314,-4.533889,10.81325,CD4 T cells,T cells,3,T cells
kang_c006330,13.03391,12.85476,CD14+ Monocytes,monocytes,0,monocytes
kang_c006333,13.23939,12.75824,CD14+ Monocytes,monocytes,0,monocytes
kang_c006336,13.16885,11.22768,CD14+ Monocytes,monocytes,0,monocytes
kang_c006342,3.498674,-2.021809,B cells,B cells,5,B cells
kang_c006343,13.31672,9.795133,CD14+ Monocytes,monocytes,0,monocytes
kang_c006360,12.65186,10.47618,CD14+ Monocytes,monocytes,0,monocytes
kang_c006363,2.157972,-1.01235,B cells,B cells,5,B cells
kang_c006364,14.35022,12.13457,CD14+ Monocytes,monocytes,0,monocytes
kang_c006367,-1.708236,14.331,CD8 T cells,T cells,4,NK cells
kang_c006368,-5.347378,9.735309,CD4 T cells,T cells,2,T cells
kang_c006372,-3.202302,11.53124,CD4 T cells,T cells,3,T cells
kang_c006378,-1.919787,14.47453,NK cells,NK cells,4,NK cells
kang_c006381,-2.008493,9.437885,CD4 T cells,T cells,1,Unknown
kang_c006390,12.95247,13.5486,CD14+ Monocytes,monocytes,0,monocytes
kang_c006396,-5.435419,11.30716,CD4 T cells,T cells,3,T cells
kang_c006398,-4.486995,6.8617,CD4 T cells,T cells,2,T cells
kang_c006410,-3.962198,7.485403,CD4 T cells,T cells,2,T cells
kang_c006411,-5.26634,6.959356,CD4 T cells,T cells,2,T cells
kang_c006412,14.46148,11.94308,CD14+ Monocytes,monocytes,0,monocytes
kang_c006413,-2.63473,15.88964,NK cells,NK cells,4,NK cells
kang_c006417,12.24654,12.5097,CD14+ Monocytes,monocytes,0,monocytes
kang_c006418,14.75943,9.271528,FCGR3A+ Monocytes,monocytes,8,monocytes
kang_c006419,-3.169066,11.00417,CD8 T cells,T cells,2,T cells
kang_c006420,-3.089684,10.17602,CD4 T cells,T cells,2,T cells
kang_c006422,12.59221,11.64158,CD14+ Monocytes,monocytes,0,monocytes
kang_c006426,14.85974,10.57315,FCGR3A+ Monocytes,monocytes,8,monocytes
kang_c006431,13.33096,13.64339,CD14+ Monocytes,monocytes,0,monocytes
kang_c006435,-5.746906,10.15381,CD4 T cells,T cells,3,T cells
kang_c006438,-3.452075,6.461244,CD4 T cells,T cells,2,T cells
kang_c006440,3.105565,-2.323546,B cells,B cells,5,B cells
kang_c006448,3.372469,-2.839233,B cells,B cells,5,B cells
kang_c006458,-2.212363,13.6598,CD8 T cells,T cells,4,NK cells
kang_c006459,14.73608,9.343555,FCGR3A+ Monocytes,monocytes,8,monocytes
kang_c006462,-2.262777,14.86237,NK cells,NK cells,4,NK cells
kang_c006469,-1.364126,12.80422,CD8 T cells,T cells,4,NK cells
kang_c006474,12.04439,11.62482,CD14+ Monocytes,monocytes,0,monocytes
kang_c006475,-1.861513,12.52179,CD4 T cells,T cells,4,NK cells
kang_c006485,-4.412033,5.842219,CD4 T cells,T cells,2,T cells
kang_c006489,-5.034547,7.655348,CD4 T cells,T cells,2,T cells
kang_c006493,-2.559597,11.59336,CD4 T cells,T cells,4,NK cells
kang_c006494,-2.154734,12.44058,CD4 T cells,T cells,4,NK cells
kang_c006499,2.608125,7.331123,CD4 T cells,T cells,1,Unknown
kang_c006505,-4.370484,7.197906,CD4 T cells,T cells,2,T cells
kang_c006506,-3.595958,7.071522,CD4 T cells,T cells,2,T cells
kang_c006507,-2.266819,10.81394,CD4 T cells,T cells,3,T cells
kang_c006509,-4.472427,11.1706,CD4 T cells,T cells,3,T cells
kang_c006510,1.419025,-0.4943716,B cells,B cells,5,B cells
kang_c006513,-3.174326,14.40218,NK cells,NK cells,4,NK cells
kang_c006520,-3.914907,7.451378,CD4 T cells,T cells,2,T cells
kang_c006528,-3.636003,6.000087,CD4 T cells,T cells,2,T cells
kang_c006531,2.102413,-0.7232684,B cells,B cells,5,B cells
kang_c006532,12.81486,10.76145,CD14+ Monocytes,monocytes,0,monocytes
kang_c006536,-6.010931,7.921231,CD4 T cells,T cells,2,T cells
kang_c006542,-2.680233,15.04707,NK cells,NK cells,4,NK cells
kang_c006545,2.648797,-2.537766,B cells,B cells,5,B cells
kang_c006554,11.8116,12.58503,CD14+ Monocytes,monocytes,0,monocytes
kang_c006559,-4.515093,8.325669,CD4 T cells,T cells,2,T cells
kang_c006569,13.10829,11.90273,CD14+ Monocytes,monocytes,0,monocytes
kang_c006570,14.79053,9.670926,CD14+ Monocytes,monocytes,8,monocytes
kang_c006571,2.352069,-1.880838,B cells,B cells,5,B cells
kang_c006586,-2.473617,14.47944,NK cells,NK cells,4,NK cells
kang_c006589,2.066442,-2.220818,B cells,B cells,5,B cells
kang_c006595,-1.569342,10.14214,CD4 T cells,T cells,9,T cells
kang_c006597,-4.774314,11.41194,CD4 T cells,T cells,3,T cells
kang_c006602,14.27265,12.06193,CD14+ Monocytes,monocytes,0,monocytes
kang_c006605,-3.511619,7.501339,CD4 T cells,T cells,2,T cells
kang_c006613,-1.785636,12.71136,CD8 T cells,T cells,4,NK cells
kang_c006624,-4.313041,7.654395,CD4 T cells,T cells,2,T cells
kang_c006626,-2.217086,11.81829,CD4 T cells,T cells,4,NK cells
kang_c006629,-5.15808,7.569513,CD4 T cells,T cells,2,T cells
kang_c006635,15.3642,9.406308,FCGR3A+ Monocytes,monocytes,8,monocytes
kang_c006645,-2.788356,10.58823,CD4 T cells,T cells,1,Unknown
kang_c006647,-4.966762,10.18412,CD4 T cells,T cells,3,T cells
kang_c006648,-1.68202,15.29873,NK cells,NK cells,4,NK cells
kang_c006650,-4.851411,8.945022,CD4 T cells,T cells,2,T cells
kang_c006655,-3.427604,10.56816,CD4 T cells,T cells,3,T cells
kang_c006659,2.991736,-2.852561,B cells,B cells,5,B cells
kang_c006660,-2.740362,15.40246,NK cells,NK cells,4,NK cells
kang_c006669,-4.88733,8.747396,CD4 T cells,T cells,2,T cells
kang_c006670,-3.655404,10.56695,CD4 T cells,T cells,3,T cells
kang_c006671,-2.792118,12.053,CD4 T cells,T cells,4,NK cells
kang_c006675,1.630745,-2.462133,B cells,B cells,5,B cells
kang_c006677,-3.39394,10.83648,CD4 T cells,T cells,3,T cells
kang_c006680,-3.294119,8.131639,CD4 T cells,T cells,14,platelets
kang_c006681,1.467392,-1.956933,B cells,B cells,5,B cells
kang_c006685,-4.536309,7.774411,CD4 T cells,T cells,2,T cells
kang_c006690,1.335266,-2.330297,B cells,B cells,5,B cells
kang_c006701,11.58547,11.6773,CD14+ Monocytes,monocytes,0,monocytes
kang_c006703,-4.488374,6.83837,CD4 T cells,T cells,2,T cells
kang_c006706,-3.168745,12.14435,CD4 T cells,T cells,3,T cells
kang_c006724,-2.852524,8.621484,CD4 T cells,T cells,1,Unknown
kang_c006727,-5.356676,9.54254,CD4 T cells,T cells,3,T cells
kang_c006729,-4.503774,9.184853,CD4 T cells,T cells,2,T cells
kang_c006731,2.170731,-2.680779,B cells,B cells,5,B cells
kang_c006735,3.250645,-3.230884,B cells,B cells,5,B cells
kang_c006740,-4.255149,6.008003,CD4 T cells,T cells,2,T cells
kang_c006747,-5.324773,7.648946,CD4 T cells,T cells,2,T cells
kang_c006750,-2.946027,7.774145,CD4 T cells,T cells,2,T cells
kang_c006751,-4.407801,6.628449,CD4 T cells,T cells,2,T cells
kang_c006752,-2.869564,15.33508,NK cells,NK cells,4,NK cells
kang_c006757,-4.361853,11.16848,CD4 T cells,T cells,3,T cells
kang_c006758,1.731914,-2.290892,B cells,B cells,5,B cells
kang_c006768,-2.914735,8.154515,CD4 T cells,T cells,14,platelets
kang_c006774,12.56244,11.49081,CD14+ Monocytes,monocytes,0,monocytes
kang_c006775,-2.779688,12.20755,CD4 T cells,T cells,4,NK cells
kang_c006777,13.04924,13.38841,CD14+ Monocytes,monocytes,0,monocytes
kang_c006778,-1.673889,13.68184,NK cells,NK cells,4,NK cells
kang_c006785,1.979649,-0.3318269,B cells,B cells,5,B cells
kang_c006786,-4.109763,9.226008,CD4 T cells,T cells,3,T cells
kang_c006790,-3.467557,10.28621,CD4 T cells,T cells,2,T cells
kang_c006793,-2.57087,8.603079,CD4 T cells,T cells,1,Unknown
kang_c006803,14.55415,10.57299,CD14+ Monocytes,monocytes,0,monocytes
kang_c006805,14.67616,9.023895,FCGR3A+ Monocytes,monocytes,8,monocytes
kang_c006808,-4.638039,7.843125,CD4 T cells,T cells,2,T cells
kang_c006810,-5.26673,9.503124,CD4 T cells,T cells,3,T cells
kang_c006811,14.33291,11.72841,CD14+ Monocytes,monocytes,0,monocytes
kang_c006812,-4.974954,8.371316,CD4 T cells,T cells,2,T cells
kang_c006814,13.85472,9.591204,FCGR3A+ Monocytes,monocytes,8,monocytes
kang_c006818,-4.739588,7.805151,CD4 T cells,T cells,2,T cells
kang_c006819,13.2675,10.38443,CD14+ Monocytes,monocytes,0,monocytes
kang_c006820,-5.725068,9.339058,CD4 T cells,T cells,2,T cells
kang_c006821,13.25057,13.74894,CD14+ Monocytes,monocytes,0,monocytes
kang_c006823,-5.344136,8.872396,CD4 T cells,T cells,2,T cells
kang_c006825,12.81232,11.84128,CD14+ Monocytes,monocytes,0,monocytes
kang_c006829,13.07622,9.715803,CD14+ Monocytes,monocytes,0,monocytes
kang_c006840,-4.326592,9.415287,CD4 T cells,T cells,3,T cells
kang_c006841,14.34863,11.5597,CD14+ Monocytes,monocytes,0,monocytes
kang_c006844,13.93337,12.25474,CD14+ Monocytes,monocytes,0,monocytes
kang_c006846,13.85169,12.97189,CD14+ Monocytes,monocytes,0,monocytes
kang_c006851,-3.924008,9.812834,CD4 T cells,T cells,2,T cells
kang_c006852,-2.983954,12.70864,CD8 T cells,T cells,4,NK cells
kang_c006855,2.637818,-2.442181,B cells,B cells,5,B cells
kang_c006859,14.97174,11.2303,CD14+ Monocytes,monocytes,0,monocytes
kang_c006862,2.928772,-2.553306,B cells,B cells,5,B cells
kang_c006865,3.016988,-2.276086,B cells,B cells,5,B cells
kang_c006871,-3.925089,7.832596,CD4 T cells,T cells,2,T cells
kang_c006873,-1.814973,15.31588,NK cells,NK cells,4,NK cells
kang_c006874,-4.167144,8.851385,CD4 T cells,T cells,2,T cells
kang_c006880,-3.633865,11.88939,CD4 T cells,T cells,3,T cells
kang_c006883,13.99295,11.21144,CD14+ Monocytes,monocytes,0,monocytes
kang_c006885,13.3486,13.12707,CD14+ Monocytes,monocytes,0,monocytes
kang_c006887,14.8265,11.81964,CD14+ Monocytes,monocytes,0,monocytes
kang_c006890,-5.795407,8.018622,CD4 T cells,T cells,2,T cells
kang_c006893,14.11374,12.16903,CD14+ Monocytes,monocytes,0,monocytes
kang_c006897,10.88734,10.3315,Dendritic cells,dendritic cells,10,dendritic cells
kang_c006900,-4.157456,7.952794,CD4 T cells,T cells,2,T cells
kang_c006907,-3.332547,8.772555,CD4 T cells,T cells,2,T cells
kang_c006908,15.35471,9.589716,FCGR3A+ Monocytes,monocytes,8,monocytes
kang_c006909,-5.313854,9.291469,CD4 T cells,T cells,2,T cells
kang_c006913,1.851418,-2.279882,B cells,B cells,5,B cells
kang_c006915,-4.676309,10.26539,CD4 T cells,T cells,3,T cells
kang_c006916,-1.400529,13.1378,CD8 T cells,T cells,4,NK cells
kang_c006918,13.31858,13.24209,CD14+ Monocytes,monocytes,0,monocytes
kang_c006919,13.50481,10.5071,CD14+ Monocytes,monocytes,0,monocytes
kang_c006920,13.21142,12.23633,CD14+ Monocytes,monocytes,0,monocytes
kang_c006922,-3.793506,9.920894,CD4 T cells,T cells,2,T cells
kang_c006936,2.910306,-2.391657,B cells,B cells,5,B cells
kang_c006937,-3.595594,14.74801,NK cells,NK cells,4,NK cells
kang_c006940,-5.750566,9.092128,CD4 T cells,T cells,3,T cells
kang_c006943,-4.075398,9.62517,CD4 T cells,T cells,2,T cells
kang_c006952,-4.849141,10.14629,CD4 T cells,T cells,3,T cells
kang_c006956,2.556951,-1.859272,B cells,B cells,5,B cells
kang_c006962,-1.895584,14.29132,NK cells,NK cells,4,NK cells
kang_c006963,-4.970104,7.764011,CD4 T cells,T cells,2,T cells
kang_c006966,11.46205,10.95789,Dendritic cells,dendritic cells,0,monocytes
kang_c006967,-2.115543,8.405351,CD4 T cells,T cells,1,Unknown
kang_c006968,-2.663061,14.36644,NK cells,NK cells,4,NK cells
kang_c006971,-4.218463,9.238681,CD4 T cells,T cells,2,T cells
kang_c006972,-3.603225,5.9107,CD4 T cells,T cells,2,T cells
kang_c006973,-5.495261,7.309745,CD4 T cells,T cells,2,T cells
kang_c006978,1.837888,-0.8829714,B cells,B cells,5,B cells
kang_c006981,15.50677,9.389016,FCGR3A+ Monocytes,monocytes,8,monocytes
kang_c006982,15.74401,9.486549,FCGR3A+ Monocytes,monocytes,8,monocytes
kang_c006998,-1.771086,13.77159,CD8 T cells,T cells,4,NK cells
kang_c007007,-3.843451,7.829972,CD4 T cells,T cells,2,T cells
kang_c007010,-1.827692,8.521393,CD4 T cells,T cells,1,Unknown
kang_c007014,-5.140361,10.25794,CD4 T cells,T cells,3,T cells
kang_c007023,3.082974,-3.173406,B cells,B cells,5,B cells
kang_c007024,-2.213311,12.60003,CD8 T cells,T cells,4,NK cells
kang_c007027,5.112731,-2.452807,Dendritic cells,dendritic cells,15,Unknown
kang_c007034,-2.738086,15.21717,NK cells,NK cells,4,NK cells
kang_c007037,-1.622486,13.82762,CD8 T cells,T cells,4,NK cells
kang_c007046,-5.422741,9.760172,CD4 T cells,T cells,2,T cells
kang_c007052,13.87791,11.45436,CD14+ Monocytes,monocytes,0,monocytes
kang_c007053,-3.77204,8.034912,CD4 T cells,T cells,2,T cells
kang_c007068,-4.34071,10.99418,CD4 T cells,T cells,3,T cells
kang_c007080,-1.644016,13.26842,CD8 T cells,T cells,4,NK cells
kang_c007081,-4.071122,8.58411,CD4 T cells,T cells,2,T cells
kang_c007082,-5.232935,8.953506,CD4 T cells,T cells,2,T cells
kang_c007088,-3.317222,7.848757,CD4 T cells,T cells,14,platelets
kang_c007093,-5.066903,10.34266,CD4 T cells,T cells,3,T cells
kang_c007101,-4.889258,10.25743,CD4 T cells,T cells,3,T cells
kang_c007102,2.994341,-2.525823,B cells,B cells,5,B cells
kang_c007103,-1.977066,12.77608,CD8 T cells,T cells,4,NK cells
kang_c007108,-5.226297,7.620692,CD4 T cells,T cells,2,T cells
kang_c007112,15.36759,9.505987,FCGR3A+ Monocytes,monocytes,8,monocytes
kang_c007124,13.93679,13.55484,CD14+ Monocytes,monocytes,0,monocytes
kang_c007129,12.44258,11.53804,CD14+ Monocytes,monocytes,0,monocytes
kang_c007135,1.421589,-2.474176,B cells,B cells,5,B cells
kang_c007136,1.879775,-2.223516,B cells,B cells,5,B cells
kang_c007137,-2.024966,15.40563,NK cells,NK cells,4,NK cells
kang_c007143,-1.278112,13.32861,CD8 T cells,T cells,4,NK cells
kang_c007145,-4.118101,10.2042,CD4 T cells,T cells,3,T cells
kang_c007146,-2.458064,12.32621,CD4 T cells,T cells,4,NK cells
kang_c007147,14.69662,11.8842,CD14+ Monocytes,monocytes,0,monocytes
kang_c007151,2.234138,-3.494341,B cells,B cells,5,B cells
kang_c007156,2.322304,-3.250937,B cells,B cells,5,B cells
kang_c007161,3.467174,-2.065706,B cells,B cells,5,B cells
kang_c007162,-4.954214,9.34389,CD4 T cells,T cells,2,T cells
kang_c007166,-3.965173,8.967272,CD4 T cells,T cells,2,T cells
kang_c007172,11.68345,12.54153,CD14+ Monocytes,monocytes,0,monocytes
kang_c007177,-2.902459,10.37965,CD4 T cells,T cells,9,T cells
kang_c007180,13.47678,10.3458,CD14+ Monocytes,monocytes,0,monocytes
kang_c007191,11.21352,11.20802,Dendritic cells,dendritic cells,0,monocytes
kang_c007193,1.891397,7.196362,CD4 T cells,T cells,1,Unknown
kang_c007194,13.56143,13.08092,CD14+ Monocytes,monocytes,0,monocytes
kang_c007195,-2.325671,8.424768,CD4 T cells,T cells,1,Unknown
kang_c007200,-4.616652,7.371657,CD4 T cells,T cells,2,T cells
kang_c007204,-4.655197,6.616694,CD4 T cells,T cells,2,T cells
kang_c007205,9.736886,9.979685,Dendritic cells,dendritic cells,10,dendritic cells
kang_c007208,-1.987655,13.40754,CD4 T cells,T cells,4,NK cells
kang_c007215,-4.503936,6.711485,CD4 T cells,T cells,2,T cells
kang_c007218,2.720133,-1.621352,B cells,B cells,5,B cells
kang_c007220,2.457772,-2.937352,B cells,B cells,5,B cells
kang_c007222,-1.58595,12.95088,CD8 T cells,T cells,4,NK cells
kang_c007223,-5.458204,8.990789,CD4 T cells,T cells,2,T cells
kang_c007228,-2.082467,15.11607,NK cells,NK cells,4,NK cells
kang_c007230,-1.689603,14.48407,NK cells,NK cells,4,NK cells
kang_c007237,12.08807,12.30617,CD14+ Monocytes,monocytes,0,monocytes
kang_c007245,14.16122,12.02195,CD14+ Monocytes,monocytes,0,monocytes
kang_c007247,12.46071,12.18037,CD14+ Monocytes,monocytes,0,monocytes
kang_c007254,-3.264107,14.61283,NK cells,NK cells,4,NK cells
kang_c007255,13.52365,11.47347,CD14+ Monocytes,monocytes,0,monocytes
kang_c007256,2.317903,-2.753831,B cells,B cells,5,B cells
kang_c007266,2.908888,-2.251521,B cells,B cells,5,B cells
kang_c007267,-1.57676,13.8356,CD8 T cells,T cells,4,NK cells
kang_c007273,-2.662137,12.09225,CD8 T cells,T cells,4,NK cells
kang_c007276,-5.050783,11.33014,CD4 T cells,T cells,3,T cells
kang_c007280,-3.165625,15.5457,NK cells,NK cells,4,NK cells
kang_c007287,-2.459684,10.89435,CD4 T cells,T cells,9,T cells
kang_c007289,13.92238,10.59926,CD14+ Monocytes,monocytes,0,monocytes
kang_c007291,-3.852575,9.258094,CD4 T cells,T cells,2,T cells
kang_c007293,-2.153677,9.283647,CD4 T cells,T cells,1,Unknown
kang_c007301,-2.824548,8.42131,CD4 T cells,T cells,2,T cells
kang_c007303,-3.822888,6.258671,CD4 T cells,T cells,2,T cells
kang_c007304,2.270244,-1.598239,B cells,B cells,5,B cells
kang_c007305,-3.312369,9.942748,CD4 T cells,T cells,2,T cells
kang_c007309,-4.374317,8.349052,CD4 T cells,T cells,2,T cells
kang_c007312,13.06939,13.38701,CD14+ Monocytes,monocytes,0,monocytes
kang_c007315,2.120797,7.123566,CD4 T cells,T cells,1,Unknown
kang_c007318,3.205955,-1.805857,B cells,B cells,5,B cells
kang_c007323,-2.843729,9.507836,CD4 T cells,T cells,2,T cells
kang_c007325,12.31869,12.55931,CD14+ Monocytes,monocytes,0,monocytes
kang_c007327,-4.52352,6.174846,CD4 T cells,T cells,2,T cells
kang_c007328,-2.257277,13.7523,NK cells,NK cells,4,NK cells
kang_c007332,-3.114659,10.9724,CD4 T cells,T cells,3,T cells
kang_c007337,2.679873,-1.224059,B cells,B cells,5,B cells
kang_c007340,14.24778,9.911249,FCGR3A+ Monocytes,monocytes,0,monocytes
kang_c007341,-3.760572,9.73256,CD4 T cells,T cells,3,T cells
kang_c007342,2.617359,-1.361552,B cells,B cells,5,B cells
kang_c007347,13.37818,11.03731,CD14+ Monocytes,monocytes,0,monocytes
kang_c007350,12.96624,10.37231,CD14+ Monocytes,monocytes,0,monocytes
kang_c007353,2.111435,-2.659294,B cells,B cells,5,B cells
kang_c007354,-5.055588,8.723115,CD4 T cells,T cells,3,T cells
kang_c007360,13.7849,9.61772,FCGR3A+ Monocytes,monocytes,8,monocytes
kang_c007363,14.46366,11.84526,CD14+ Monocytes,monocytes,0,monocytes
kang_c007371,-3.650242,11.38136,CD4 T cells,T cells,3,T cells
kang_c007382,11.70357,12.36231,CD14+ Monocytes,monocytes,0,monocytes
kang_c007383,-2.573385,13.71377,CD8 T cells,T cells,4,NK cells
kang_c007385,-5.35576,7.348585,CD4 T cells,T cells,2,T cells
kang_c007386,-5.890982,8.423342,CD4 T cells,T cells,2,T cells
kang_c007387,-2.696825,14.78301,NK cells,NK cells,4,NK cells
kang_c007390,15.53818,9.288267,FCGR3A+ Monocytes,monocytes,8,monocytes
kang_c007391,14.23851,10.28102,FCGR3A+ Monocytes,monocytes,0,monocytes
kang_c007393,-4.303496,11.87208,CD4 T cells,T cells,3,T cells
kang_c007397,3.242534,-2.467022,B cells,B cells,5,B cells
kang_c007402,-3.139516,10.0743,CD4 T cells,T cells,2,T cells
kang_c007405,3.202961,-1.754484,B cells,B cells,5,B cells
kang_c007406,-2.169957,7.08697,CD4 T cells,T cells,7,T cells
kang_c007407,14.38002,12.60997,CD14+ Monocytes,monocytes,0,monocytes
kang_c007409,12.06766,12.44492,CD14+ Monocytes,monocytes,0,monocytes
kang_c007419,-2.528193,9.136007,CD4 T cells,T cells,2,T cells
kang_c007422,-4.137832,9.619868,CD4 T cells,T cells,3,T cells
kang_c007432,-3.312283,7.85981,CD4 T cells,T cells,2,T cells
kang_c007434,2.741081,-1.639935,B cells,B cells,5,B cells
kang_c007438,3.088309,-2.728612,B cells,B cells,5,B cells
kang_c007439,-2.160883,15.88976,NK cells,NK cells,6,NK cells
kang_c007458,-3.553651,8.712112,CD4 T cells,T cells,2,T cells
kang_c007464,-3.446315,7.166903,CD4 T cells,T cells,2,T cells
kang_c007466,13.57017,11.11774,CD14+ Monocytes,monocytes,0,monocytes
kang_c007468,-2.70654,9.405764,CD4 T cells,T cells,9,T cells
kang_c007470,-3.479182,8.399077,CD4 T cells,T cells,2,T cells
kang_c007471,-3.465954,12.31768,CD4 T cells,T cells,3,T cells
kang_c007480,-5.748924,9.470936,CD4 T cells,T cells,3,T cells
kang_c007482,-3.758018,6.893907,CD4 T cells,T cells,2,T cells
kang_c007484,2.055358,-3.24541,B cells,B cells,5,B cells
kang_c007487,14.60023,10.27585,CD14+ Monocytes,monocytes,8,monocytes
kang_c007488,2.144086,-2.138172,B cells,B cells,5,B cells
kang_c007493,2.740198,-1.962914,B cells,B cells,5,B cells
kang_c007494,13.56631,10.51583,CD14+ Monocytes,monocytes,0,monocytes
kang_c007503,2.398029,-2.464343,B cells,B cells,5,B cells
kang_c007510,-3.830944,7.053442,CD4 T cells,T cells,2,T cells
kang_c007514,13.47665,10.21225,CD14+ Monocytes,monocytes,0,monocytes
kang_c007515,3.802136,-1.81472,B cells,B cells,5,B cells
kang_c007517,-5.342322,7.21398,CD4 T cells,T cells,2,T cells
kang_c007519,14.56859,11.33572,CD14+ Monocytes,monocytes,0,monocytes
kang_c007520,2.320163,-3.103237,B cells,B cells,5,B cells
kang_c007523,-3.318485,15.11188,NK cells,NK cells,4,NK cells
kang_c007529,-3.229546,8.733888,CD4 T cells,T cells,2,T cells
kang_c007531,13.54696,12.50272,CD14+ Monocytes,monocytes,0,monocytes
kang_c007532,-3.511872,7.744371,CD4 T cells,T cells,2,T cells
kang_c007533,10.15445,10.20616,Dendritic cells,dendritic cells,10,dendritic cells
kang_c007536,-4.308851,5.7473,CD4 T cells,T cells,2,T cells
kang_c007541,14.74472,11.72274,CD14+ Monocytes,monocytes,0,monocytes
kang_c007543,11.42776,11.69491,CD14+ Monocytes,monocytes,0,monocytes
kang_c007545,2.32031,7.337388,CD4 T cells,T cells,1,Unknown
kang_c007550,-5.096465,9.570642,CD4 T cells,T cells,2,T cells
kang_c007551,-1.791626,7.978695,CD4 T cells,T cells,1,Unknown
kang_c007552,13.95754,9.448792,FCGR3A+ Monocytes,monocytes,8,monocytes
kang_c007554,-5.458877,11.00822,CD4 T cells,T cells,3,T cells
kang_c007556,-3.608261,11.33151,CD4 T cells,T cells,3,T cells
kang_c007567,3.06587,-2.178548,B cells,B cells,5,B cells
kang_c007568,13.58089,11.09244,CD14+ Monocytes,monocytes,0,monocytes
kang_c007572,-4.379188,6.300699,CD4 T cells,T cells,2,T cells
kang_c007574,2.834533,-2.021949,B cells,B cells,5,B cells
kang_c007582,-2.7278,7.787657,CD4 T cells,T cells,2,T cells
kang_c007589,-4.281176,8.672058,CD4 T cells,T cells,2,T cells
kang_c007601,-3.332043,8.205241,CD4 T cells,T cells,1,Unknown
kang_c007605,12.72708,13.04154,CD14+ Monocytes,monocytes,0,monocytes
kang_c007606,-4.753494,11.91435,CD4 T cells,T cells,3,T cells
kang_c007610,-5.761122,9.980275,CD4 T cells,T cells,3,T cells
kang_c007612,13.68484,12.09808,CD14+ Monocytes,monocytes,0,monocytes
kang_c007615,-5.667039,9.327945,CD4 T cells,T cells,3,T cells
kang_c007618,-3.937909,7.841562,CD4 T cells,T cells,2,T cells
kang_c007625,-1.956872,8.494696,CD4 T cells,T cells,1,Unknown
kang_c007626,2.110548,7.348327,CD4 T cells,T cells,1,Unknown
kang_c007627,3.38534,-1.829911,B cells,B cells,5,B cells
kang_c007631,12.5888,9.02707,CD14+ Monocytes,monocytes,0,monocytes
kang_c007633,-4.85764,7.815083,CD4 T cells,T cells,2,T cells
kang_c007635,14.61296,12.34345,CD14+ Monocytes,monocytes,0,monocytes
kang_c007641,-4.438418,11.06544,CD4 T cells,T cells,2,T cells
kang_c007644,13.60724,9.955889,FCGR3A+ Monocytes,monocytes,0,monocytes
kang_c007658,-3.405512,9.524794,CD4 T cells,T cells,3,T cells
kang_c007664,-4.537943,8.012609,CD4 T cells,T cells,2,T cells
kang_c007669,1.896348,-0.5938989,B cells,B cells,5,B cells
kang_c007675,-2.065199,12.40023,CD8 T cells,T cells,4,NK cells
kang_c007676,14.71445,8.929011,FCGR3A+ Monocytes,monocytes,8,monocytes
kang_c007678,13.0561,10.92799,CD14+ Monocytes,monocytes,0,monocytes
kang_c007680,-2.266883,13.27945,CD8 T cells,T cells,4,NK cells
kang_c007689,2.33072,-2.309454,B cells,B cells,5,B cells
kang_c007691,12.85263,11.93232,CD14+ Monocytes,monocytes,0,monocytes
kang_c007695,-0.4473654,12.10544,CD8 T cells,T cells,12,NK cells
kang_c007696,-2.798515,8.777049,CD4 T cells,T cells,2,T cells
kang_c007704,13.87996,11.79639,CD14+ Monocytes,monocytes,0,monocytes
kang_c007718,12.90941,10.9017,CD14+ Monocytes,monocytes,0,monocytes
kang_c007720,-3.823166,9.21055,CD4 T cells,T cells,2,T cells
kang_c007722,-5.017106,11.17281,CD4 T cells,T cells,3,T cells
kang_c007725,13.05397,10.47634,CD14+ Monocytes,monocytes,0,monocytes
kang_c007726,3.104572,-2.54909,B cells,B cells,5,B cells
kang_c007728,11.68394,11.55295,Dendritic cells,dendritic cells,0,monocytes
kang_c007729,-3.656874,9.136682,CD4 T cells,T cells,2,T cells
kang_c007731,-1.903614,15.1009,NK cells,NK cells,4,NK cells
kang_c007735,-3.250401,7.641728,CD4 T cells,T cells,2,T cells
kang_c007737,3.459195,-1.460812,B cells,B cells,5,B cells
kang_c007739,-4.862145,7.533027,CD4 T cells,T cells,2,T cells
kang_c007740,-3.292197,13.86827,CD4 T cells,T cells,4,NK cells
kang_c007747,-5.087175,9.687408,CD4 T cells,T cells,3,T cells
kang_c007751,-3.718202,7.359942,CD4 T cells,T cells,2,T cells
kang_c007758,-3.374995,14.3541,NK cells,NK cells,4,NK cells
kang_c007762,-1.602716,13.97264,CD8 T cells,T cells,4,NK cells
kang_c007764,-4.077688,11.43091,CD4 T cells,T cells,3,T cells
kang_c007765,-2.69366,7.461468,CD4 T cells,T cells,2,T cells
kang_c007766,-4.377481,8.048717,CD4 T cells,T cells,2,T cells
kang_c007769,-3.502833,9.507071,CD4 T cells,T cells,1,Unknown
kang_c007775,-2.459612,9.86663,CD4 T cells,T cells,9,T cells
kang_c007777,-4.548494,8.459423,CD4 T cells,T cells,2,T cells
kang_c007782,-4.282729,8.280925,CD4 T cells,T cells,2,T cells
kang_c007784,14.18979,11.83217,CD14+ Monocytes,monocytes,0,monocytes
kang_c007785,2.490197,-1.660232,B cells,B cells,5,B cells
kang_c007787,14.03317,11.22698,CD14+ Monocytes,monocytes,0,monocytes
kang_c007789,-2.185852,14.67793,NK cells,NK cells,4,NK cells
kang_c007798,15.57978,9.404911,FCGR3A+ Monocytes,monocytes,8,monocytes
kang_c007806,-5.370268,10.83377,CD4 T cells,T cells,3,T cells
kang_c007809,-2.33012,14.33803,NK cells,NK cells,4,NK cells
kang_c007812,1.585129,-1.608263,B cells,B cells,5,B cells
kang_c007824,-4.272788,8.473134,CD4 T cells,T cells,2,T cells
kang_c007826,-5.699096,7.933418,CD4 T cells,T cells,2,T cells
kang_c007835,-3.646297,7.248837,CD4 T cells,T cells,2,T cells
kang_c007844,-2.73526,15.2638,NK cells,NK cells,4,NK cells
kang_c007845,-4.640281,9.253489,CD4 T cells,T cells,2,T cells
kang_c007848,1.738008,-0.3011463,B cells,B cells,5,B cells
kang_c007850,-2.806546,15.0798,NK cells,NK cells,4,NK cells
kang_c007855,-2.228594,13.46915,CD8 T cells,T cells,4,NK cells
kang_c007859,13.35854,10.17913,CD14+ Monocytes,monocytes,0,monocytes
kang_c007863,-3.03808,14.86944,NK cells,NK cells,4,NK cells
kang_c007864,13.37739,12.25254,CD14+ Monocytes,monocytes,0,monocytes
kang_c007865,-4.845453,6.636521,CD4 T cells,T cells,2,T cells
kang_c007871,-3.210135,7.065267,CD4 T cells,T cells,2,T cells
kang_c007872,12.10292,11.47711,CD14+ Monocytes,monocytes,0,monocytes
kang_c007873,-4.987588,8.533069,CD4 T cells,T cells,2,T cells
kang_c007874,12.33904,11.58601,CD14+ Monocytes,monocytes,0,monocytes
kang_c007879,14.37004,13.00051,CD14+ Monocytes,monocytes,0,monocytes
kang_c007880,12.99856,11.3417,CD14+ Monocytes,monocytes,0,monocytes
kang_c007881,14.69169,9.229106,FCGR3A+ Monocytes,monocytes,8,monocytes
kang_c007887,-4.617152,8.869756,CD4 T cells,T cells,2,T cells
kang_c007889,14.75918,11.74267,CD14+ Monocytes,monocytes,0,monocytes
kang_c007900,-3.521867,8.153894,CD4 T cells,T cells,2,T cells
kang_c007904,2.108723,-3.065332,B cells,B cells,5,B cells
kang_c007909,-3.554776,14.59842,NK cells,NK cells,4,NK cells
kang_c007910,-4.511025,9.000096,CD4 T cells,T cells,2,T cells
kang_c007911,14.45545,11.40802,CD14+ Monocytes,monocytes,0,monocytes
kang_c007912,12.70215,9.191602,CD14+ Monocytes,monocytes,0,monocytes
kang_c007917,11.59736,11.63317,CD14+ Monocytes,monocytes,0,monocytes
kang_c007920,-5.970547,9.994449,CD4 T cells,T cells,3,T cells
kang_c007926,3.113654,-3.023303,B cells,B cells,5,B cells
kang_c007929,12.1208,12.81314,CD14+ Monocytes,monocytes,0,monocytes
kang_c007933,9.823411,9.875074,Dendritic cells,dendritic cells,10,dendritic cells
kang_c007950,-3.892696,11.58564,CD4 T cells,T cells,3,T cells
kang_c007955,2.230518,-1.877095,B cells,B cells,5,B cells
kang_c007960,-4.249714,9.698968,CD4 T cells,T cells,2,T cells
kang_c007962,3.430791,-2.472242,B cells,B cells,5,B cells
kang_c007964,12.5479,12.33163,CD14+ Monocytes,monocytes,0,monocytes
kang_c007976,-2.791088,8.099916,CD4 T cells,T cells,14,platelets
kang_c007977,13.86121,10.97705,CD14+ Monocytes,monocytes,0,monocytes
kang_c007981,-4.210255,11.07423,CD4 T cells,T cells,3,T cells
kang_c007982,12.14423,12.3745,CD14+ Monocytes,monocytes,0,monocytes
kang_c007985,-4.809293,7.803509,CD4 T cells,T cells,2,T cells
kang_c007986,-4.606248,9.556811,CD4 T cells,T cells,2,T cells
kang_c007988,12.7488,11.95246,CD14+ Monocytes,monocytes,0,monocytes
kang_c007996,1.6166,-2.140819,B cells,B cells,5,B cells
kang_c007997,-5.541459,8.99434,CD4 T cells,T cells,2,T cells
kang_c007999,11.70037,12.29638,CD14+ Monocytes,monocytes,0,monocytes
kang_c008002,-2.86044,14.12679,NK cells,NK cells,4,NK cells
kang_c008008,-3.881309,8.563242,CD4 T cells,T cells,2,T cells
kang_c008019,-3.578756,11.23187,CD4 T cells,T cells,3,T cells
kang_c008022,1.712925,-2.745747,B cells,B cells,5,B cells
kang_c008031,2.114598,7.064209,CD4 T cells,T cells,1,Unknown
kang_c008033,-5.135909,8.603647,CD4 T cells,T cells,2,T cells
kang_c008039,13.75865,12.80791,CD14+ Monocytes,monocytes,0,monocytes
kang_c008053,11.69743,12.0592,CD14+ Monocytes,monocytes,0,monocytes
kang_c008056,11.95012,12.78405,CD14+ Monocytes,monocytes,0,monocytes
kang_c008069,-3.137901,10.95757,CD4 T cells,T cells,3,T cells
kang_c008073,-5.04161,7.401858,CD4 T cells,T cells,2,T cells
kang_c008074,-3.61034,8.151035,CD4 T cells,T cells,2,T cells
kang_c008084,-4.188581,10.19175,CD4 T cells,T cells,3,T cells
kang_c008085,-3.098187,15.65162,NK cells,NK cells,4,NK cells
kang_c008088,-5.203382,7.832364,CD4 T cells,T cells,2,T cells
kang_c008091,14.26047,9.332343,FCGR3A+ Monocytes,monocytes,8,monocytes
kang_c008098,-4.290716,11.24108,CD4 T cells,T cells,3,T cells
kang_c008104,12.19294,11.28581,CD14+ Monocytes,monocytes,0,monocytes
kang_c008109,14.14115,9.971944,FCGR3A+ Monocytes,monocytes,0,monocytes
kang_c008116,-2.796955,15.65932,NK cells,NK cells,4,NK cells
kang_c008119,-4.388878,10.62995,CD4 T cells,T cells,3,T cells
kang_c008120,12.93417,11.08913,CD14+ Monocytes,monocytes,0,monocytes
kang_c008122,-3.57825,9.764404,CD4 T cells,T cells,2,T cells
kang_c008123,-2.461054,8.380381,CD4 T cells,T cells,1,Unknown
kang_c008128,-4.472644,9.709881,CD4 T cells,T cells,2,T cells
kang_c008129,-4.424673,8.463469,CD4 T cells,T cells,2,T cells
kang_c008130,-3.003604,14.61427,NK cells,NK cells,4,NK cells
kang_c008134,12.3961,12.11007,CD14+ Monocytes,monocytes,0,monocytes
kang_c008148,-1.576711,8.552623,CD4 T cells,T cells,1,Unknown
kang_c008156,11.47445,11.3073,Dendritic cells,dendritic cells,0,monocytes
kang_c008161,14.56479,8.919606,FCGR3A+ Monocytes,monocytes,8,monocytes
kang_c008165,-4.144795,11.20536,CD4 T cells,T cells,3,T cells
kang_c008168,12.90015,9.727764,CD14+ Monocytes,monocytes,0,monocytes
kang_c008172,-4.034007,7.85308,CD4 T cells,T cells,2,T cells
kang_c008173,1.49036,-0.4116187,B cells,B cells,5,B cells
kang_c008178,2.126471,-3.320456,B cells,B cells,5,B cells
kang_c008180,-2.764731,15.49244,NK cells,NK cells,4,NK cells
kang_c008190,-4.184759,7.250709,CD4 T cells,T cells,2,T cells
kang_c008192,11.79965,12.40125,CD14+ Monocytes,monocytes,0,monocytes
kang_c008196,-4.080542,9.555486,CD4 T cells,T cells,2,T cells
kang_c008203,14.81888,12.02579,CD14+ Monocytes,monocytes,0,monocytes
kang_c008208,2.245941,-0.5500725,B cells,B cells,5,B cells
kang_c008211,12.43405,10.92521,CD14+ Monocytes,monocytes,0,monocytes
kang_c008212,13.29372,10.67457,CD14+ Monocytes,monocytes,0,monocytes
kang_c008218,12.08778,12.04418,CD14+ Monocytes,monocytes,0,monocytes
kang_c008222,-4.770087,11.49531,CD4 T cells,T cells,3,T cells
kang_c008225,11.59679,11.28191,CD14+ Monocytes,monocytes,0,monocytes
kang_c008226,-5.719009,8.644189,CD4 T cells,T cells,3,T cells
kang_c008232,7.966117,7.737759,CD4 T cells,T cells,11,monocytes
kang_c008238,1.279966,7.29144,CD4 T cells,T cells,1,Unknown
kang_c008239,-1.697347,13.55326,CD8 T cells,T cells,4,NK cells
kang_c008245,-2.555129,15.38863,NK cells,NK cells,4,NK cells
kang_c008254,-3.604095,15.0307,NK cells,NK cells,4,NK cells
kang_c008258,2.579725,-0.1417116,B cells,B cells,5,B cells
kang_c008260,-1.813156,9.234894,CD4 T cells,T cells,9,T cells
kang_c008261,13.22789,12.08544,CD14+ Monocytes,monocytes,0,monocytes
kang_c008262,13.31134,13.40721,CD14+ Monocytes,monocytes,0,monocytes
kang_c008264,-1.456594,13.23832,CD8 T cells,T cells,4,NK cells
kang_c008265,-1.180128,14.03026,NK cells,NK cells,4,NK cells
kang_c008266,2.841018,-2.722369,B cells,B cells,5,B cells
kang_c008277,-4.14344,11.07394,CD4 T cells,T cells,3,T cells
kang_c008283,-2.247912,13.66485,CD8 T cells,T cells,4,NK cells
kang_c008286,-1.109904,13.92641,CD8 T cells,T cells,4,NK cells
kang_c008296,-3.325111,8.888777,CD4 T cells,T cells,1,Unknown
kang_c008303,12.01123,12.11323,CD14+ Monocytes,monocytes,0,monocytes
kang_c008305,-4.36396,8.001794,CD4 T cells,T cells,2,T cells
kang_c008310,-3.811855,9.245206,CD4 T cells,T cells,2,T cells
kang_c008312,14.19817,10.65301,CD14+ Monocytes,monocytes,0,monocytes
kang_c008337,12.77266,11.21929,CD14+ Monocytes,monocytes,0,monocytes
kang_c008350,-1.125694,12.46322,CD8 T cells,T cells,4,NK cells
kang_c008355,-2.69627,12.64484,CD8 T cells,T cells,4,NK cells
kang_c008356,-4.041366,10.07989,CD4 T cells,T cells,3,T cells
kang_c008370,14.36173,11.42623,CD14+ Monocytes,monocytes,0,monocytes
kang_c008374,1.71521,7.353926,CD4 T cells,T cells,1,Unknown
kang_c008377,-3.505635,13.75798,NK cells,NK cells,4,NK cells
kang_c008385,12.24565,13.0116,CD14+ Monocytes,monocytes,0,monocytes
kang_c008392,-4.49399,9.279253,CD4 T cells,T cells,2,T cells
kang_c008403,-3.662717,5.672064,CD4 T cells,T cells,2,T cells
kang_c008404,-0.9888759,13.45072,CD8 T cells,T cells,4,NK cells
kang_c008407,12.25147,11.31456,CD14+ Monocytes,monocytes,0,monocytes
kang_c008409,13.81124,12.05411,CD14+ Monocytes,monocytes,0,monocytes
kang_c008411,-2.183995,13.32113,CD8 T cells,T cells,4,NK cells
kang_c008418,-2.413625,8.500431,CD4 T cells,T cells,1,Unknown
kang_c008421,14.14217,12.3981,CD14+ Monocytes,monocytes,0,monocytes
kang_c008422,-5.101038,7.463408,CD4 T cells,T cells,2,T cells
kang_c008423,15.18258,9.151543,FCGR3A+ Monocytes,monocytes,8,monocytes
kang_c008427,2.348185,-3.329468,B cells,B cells,5,B cells
kang_c008442,-2.45536,13.76814,CD8 T cells,T cells,4,NK cells
kang_c008447,-5.491838,7.727896,CD4 T cells,T cells,2,T cells
kang_c008455,2.032472,-2.518512,B cells,B cells,5,B cells
kang_c008461,-2.495287,11.99348,CD4 T cells,T cells,4,NK cells
kang_c008465,-2.58623,15.19959,NK cells,NK cells,4,NK cells
kang_c008468,-3.205107,10.49546,CD4 T cells,T cells,3,T cells
kang_c008469,9.927077,10.06079,Dendritic cells,dendritic cells,10,dendritic cells
kang_c008472,2.526886,-3.115809,B cells,B cells,5,B cells
kang_c008480,-4.687643,8.214791,CD4 T cells,T cells,2,T cells
kang_c008485,-4.392942,9.608383,CD4 T cells,T cells,3,T cells
kang_c008500,-5.175497,8.414259,CD4 T cells,T cells,2,T cells
kang_c008505,-3.483412,15.0574,NK cells,NK cells,4,NK cells
kang_c008510,-1.8988,13.21161,CD8 T cells,T cells,4,NK cells
kang_c008515,-2.470722,11.86428,CD8 T cells,T cells,4,NK cells
kang_c008518,12.74237,12.67623,CD14+ Monocytes,monocytes,0,monocytes
kang_c008520,-5.557667,8.795639,CD4 T cells,T cells,3,T cells
kang_c008525,14.15586,12.24938,CD14+ Monocytes,monocytes,0,monocytes
kang_c008529,-3.088769,15.57203,NK cells,NK cells,4,NK cells
kang_c008532,12.70407,10.97871,CD14+ Monocytes,monocytes,0,monocytes
kang_c008536,12.75731,12.06089,CD14+ Monocytes,monocytes,0,monocytes
kang_c008538,-3.591095,8.476733,CD4 T cells,T cells,2,T cells
kang_c008542,-3.533158,8.169847,CD4 T cells,T cells,2,T cells
kang_c008545,-3.333358,12.67013,CD4 T cells,T cells,3,T cells
kang_c008550,13.10171,12.46784,CD14+ Monocytes,monocytes,0,monocytes
kang_c008552,13.07379,11.27415,CD14+ Monocytes,monocytes,0,monocytes
kang_c008560,-5.253099,7.497408,CD4 T cells,T cells,2,T cells
kang_c008564,2.7557,-3.157202,B cells,B cells,5,B cells
kang_c008565,-2.10422,8.257366,CD4 T cells,T cells,1,Unknown
kang_c008568,9.789042,9.925408,Dendritic cells,dendritic cells,10,dendritic cells
kang_c008580,-3.733792,14.84175,NK cells,NK cells,4,NK cells
kang_c008582,14.10627,10.85022,CD14+ Monocytes,monocytes,0,monocytes
kang_c008584,-5.31654,8.247783,CD4 T cells,T cells,2,T cells
kang_c008585,13.43227,11.85195,CD14+ Monocytes,monocytes,0,monocytes
kang_c008591,-2.643581,14.93634,NK cells,NK cells,4,NK cells
kang_c008597,-5.081534,9.482914,CD4 T cells,T cells,3,T cells
kang_c008599,12.33824,11.64754,CD14+ Monocytes,monocytes,0,monocytes
kang_c008606,-2.249616,15.5837,NK cells,NK cells,4,NK cells
kang_c008609,-1.103262,12.63398,CD8 T cells,T cells,4,NK cells
kang_c008618,-3.285037,6.224321,CD4 T cells,T cells,2,T cells
kang_c008619,-3.602817,8.240265,CD4 T cells,T cells,14,platelets
kang_c008622,-3.67705,9.250239,CD4 T cells,T cells,2,T cells
kang_c008624,2.179627,-1.362341,B cells,B cells,5,B cells
kang_c008626,-4.888435,11.35404,CD4 T cells,T cells,3,T cells
kang_c008631,13.2003,10.62894,CD14+ Monocytes,monocytes,0,monocytes
kang_c008633,14.17263,10.33331,CD14+ Monocytes,monocytes,0,monocytes
kang_c008635,-2.796508,13.26788,CD8 T cells,T cells,4,NK cells
kang_c008636,-5.095694,11.11157,CD4 T cells,T cells,3,T cells
kang_c008639,-4.699884,8.392406,CD4 T cells,T cells,2,T cells
kang_c008640,-3.348113,15.10341,NK cells,NK cells,4,NK cells
kang_c008641,11.85423,10.81047,CD14+ Monocytes,monocytes,0,monocytes
kang_c008642,-2.206039,12.8307,CD4 T cells,T cells,4,NK cells
kang_c008643,-4.132078,8.746571,CD4 T cells,T cells,2,T cells
kang_c008647,-3.495502,11.60239,CD4 T cells,T cells,3,T cells
kang_c008650,-4.704883,8.437014,CD4 T cells,T cells,2,T cells
kang_c008653,-3.399843,10.29544,CD4 T cells,T cells,2,T cells
kang_c008655,13.33868,12.85483,CD14+ Monocytes,monocytes,0,monocytes
kang_c008667,-2.390369,8.13425,CD4 T cells,T cells,1,Unknown
kang_c008672,-4.833873,9.971747,CD4 T cells,T cells,3,T cells
kang_c008673,13.15277,11.76035,CD14+ Monocytes,monocytes,0,monocytes
kang_c008683,12.27884,12.57141,CD14+ Monocytes,monocytes,0,monocytes
kang_c008685,-2.843634,9.329085,CD4 T cells,T cells,2,T cells
kang_c008688,-3.836939,7.13773,CD4 T cells,T cells,2,T cells
kang_c008695,-3.252023,14.58422,NK cells,NK cells,4,NK cells
kang_c008698,-3.696105,6.313196,CD4 T cells,T cells,2,T cells
kang_c008712,-3.554031,8.806349,CD4 T cells,T cells,2,T cells
kang_c008721,-3.461181,5.676243,CD4 T cells,T cells,2,T cells
kang_c008731,11.8584,11.75153,CD14+ Monocytes,monocytes,0,monocytes
kang_c008741,13.98996,11.30408,CD14+ Monocytes,monocytes,0,monocytes
kang_c008747,13.67019,10.19074,CD14+ Monocytes,monocytes,0,monocytes
kang_c008753,12.97358,12.41391,CD14+ Monocytes,monocytes,0,monocytes
kang_c008755,1.802749,-2.968904,B cells,B cells,5,B cells
kang_c008758,12.48384,8.804718,CD14+ Monocytes,monocytes,0,monocytes
kang_c008759,-3.112413,10.82454,CD4 T cells,T cells,3,T cells
kang_c008765,-4.266938,7.622872,CD4 T cells,T cells,2,T cells
kang_c008769,-3.525362,15.32789,NK cells,NK cells,4,NK cells
kang_c008774,-4.958786,9.27372,CD4 T cells,T cells,2,T cells
kang_c008776,12.93233,12.77845,CD14+ Monocytes,monocytes,0,monocytes
kang_c008778,-3.460554,6.334638,CD4 T cells,T cells,2,T cells
kang_c008779,-4.252284,10.86205,CD4 T cells,T cells,3,T cells
kang_c008782,8.395645,7.744297,Megakaryocytes,platelets,11,monocytes
kang_c008783,13.23562,12.90353,CD14+ Monocytes,monocytes,0,monocytes
kang_c008784,-4.45631,8.826612,CD4 T cells,T cells,2,T cells
kang_c008791,12.75761,12.8667,CD14+ Monocytes,monocytes,0,monocytes
kang_c008794,-2.768505,6.67722,CD4 T cells,T cells,7,T cells
kang_c008804,12.39383,11.27199,CD14+ Monocytes,monocytes,0,monocytes
kang_c008807,1.875153,-2.341137,B cells,B cells,5,B cells
kang_c008810,-3.67737,6.278591,CD4 T cells,T cells,2,T cells
kang_c008818,-4.98808,9.295677,CD4 T cells,T cells,3,T cells
kang_c008820,12.8857,11.52655,CD14+ Monocytes,monocytes,0,monocytes
kang_c008821,1.938229,-3.091874,B cells,B cells,5,B cells
kang_c008825,13.0534,13.59309,CD14+ Monocytes,monocytes,0,monocytes
kang_c008829,12.82446,10.41683,CD14+ Monocytes,monocytes,0,monocytes
kang_c008835,-3.776806,7.503883,CD4 T cells,T cells,2,T cells
kang_c008844,-3.931897,6.86155,CD4 T cells,T cells,2,T cells
kang_c008847,-2.702816,15.08799,NK cells,NK cells,4,NK cells
kang_c008849,13.86115,11.39921,CD14+ Monocytes,monocytes,0,monocytes
kang_c008853,-2.531294,13.23329,CD4 T cells,T cells,4,NK cells
kang_c008856,-5.722896,9.292078,CD4 T cells,T cells,3,T cells
kang_c008858,-5.407068,9.550604,CD4 T cells,T cells,3,T cells
kang_c008863,-1.591399,13.688,CD8 T cells,T cells,4,NK cells
kang_c008864,12.91187,12.28228,CD14+ Monocytes,monocytes,0,monocytes
kang_c008874,-2.295993,8.178516,CD4 T cells,T cells,1,Unknown
kang_c008875,-5.064854,11.80405,CD4 T cells,T cells,3,T cells
kang_c008881,13.73182,10.33089,CD14+ Monocytes,monocytes,0,monocytes
kang_c008882,2.743038,-1.728674,B cells,B cells,5,B cells
kang_c008883,11.69724,12.72519,CD14+ Monocytes,monocytes,0,monocytes
kang_c008898,14.44543,11.13218,CD14+ Monocytes,monocytes,0,monocytes
kang_c008900,1.965872,-1.976411,B cells,B cells,5,B cells
kang_c008911,15.34091,10.09938,CD14+ Monocytes,monocytes,8,monocytes
kang_c008915,10.21715,10.1451,Dendritic cells,dendritic cells,10,dendritic cells
kang_c008920,-5.82439,7.948755,CD4 T cells,T cells,2,T cells
kang_c008924,-3.954074,9.866108,CD4 T cells,T cells,2,T cells
kang_c008927,-4.935508,8.303569,CD4 T cells,T cells,2,T cells
kang_c008929,3.317594,-1.954881,B cells,B cells,5,B cells
kang_c008940,-3.550142,7.431703,CD4 T cells,T cells,2,T cells
kang_c008941,-1.260803,12.61525,CD8 T cells,T cells,4,NK cells
kang_c008942,-4.427371,9.945698,CD4 T cells,T cells,3,T cells
kang_c008944,-5.664941,9.004324,CD4 T cells,T cells,3,T cells
kang_c008948,2.277888,-1.71241,B cells,B cells,5,B cells
kang_c008958,-4.911855,7.695628,CD4 T cells,T cells,2,T cells
kang_c008959,13.76226,10.51827,FCGR3A+ Monocytes,monocytes,0,monocytes
kang_c008962,-4.673456,10.56018,CD4 T cells,T cells,3,T cells
kang_c008973,-3.049583,9.850172,CD4 T cells,T cells,2,T cells
kang_c008980,15.05861,9.157206,FCGR3A+ Monocytes,monocytes,8,monocytes
kang_c008981,14.26243,12.44072,CD14+ Monocytes,monocytes,0,monocytes
kang_c008991,-3.230436,9.551079,CD4 T cells,T cells,2,T cells
kang_c008994,-1.67082,13.11222,CD8 T cells,T cells,4,NK cells
kang_c008997,-1.725093,13.55191,CD8 T cells,T cells,4,NK cells
kang_c008998,-3.53661,9.664887,CD4 T cells,T cells,3,T cells
kang_c008999,13.45402,11.43696,CD14+ Monocytes,monocytes,0,monocytes
kang_c009001,-4.512495,7.686213,CD4 T cells,T cells,2,T cells
kang_c009004,-1.699789,12.43899,CD8 T cells,T cells,4,NK cells
kang_c009008,-1.568028,13.36202,CD8 T cells,T cells,4,NK cells
kang_c009010,13.37043,10.68948,CD14+ Monocytes,monocytes,0,monocytes
kang_c009014,-3.588307,9.213926,CD4 T cells,T cells,2,T cells
kang_c009017,13.114,10.5757,CD14+ Monocytes,monocytes,0,monocytes
kang_c009021,-5.918731,7.765952,CD4 T cells,T cells,2,T cells
kang_c009022,-4.16062,10.54292,CD4 T cells,T cells,3,T cells
kang_c009023,1.560173,-1.883459,B cells,B cells,5,B cells
kang_c009027,14.1973,10.64752,CD14+ Monocytes,monocytes,0,monocytes
kang_c009030,14.35722,11.33744,CD14+ Monocytes,monocytes,0,monocytes
kang_c009032,-1.754303,13.19546,CD8 T cells,T cells,4,NK cells
kang_c009041,-4.593979,7.438268,CD4 T cells,T cells,2,T cells
kang_c009044,-4.137999,10.76291,CD4 T cells,T cells,3,T cells
kang_c009051,-4.365426,7.330788,CD4 T cells,T cells,2,T cells
kang_c009054,-3.232868,14.65642,NK cells,NK cells,4,NK cells
kang_c009057,-2.036258,14.27736,NK cells,NK cells,4,NK cells
kang_c009062,-3.75158,6.546673,CD4 T cells,T cells,2,T cells
kang_c009063,-4.372753,6.90788,CD4 T cells,T cells,2,T cells
kang_c009068,-3.407045,6.831951,CD4 T cells,T cells,2,T cells
kang_c009073,3.58275,-2.171374,B cells,B cells,5,B cells
kang_c009076,-5.018707,9.702626,CD4 T cells,T cells,3,T cells
kang_c009078,-3.526398,10.27908,CD4 T cells,T cells,2,T cells
kang_c009079,-2.115176,15.42976,NK cells,NK cells,4,NK cells
kang_c009081,-3.995012,10.06148,CD4 T cells,T cells,3,T cells
kang_c009083,13.72783,11.31418,CD14+ Monocytes,monocytes,0,monocytes
kang_c009091,15.13803,8.948194,FCGR3A+ Monocytes,monocytes,8,monocytes
kang_c009094,-3.726147,7.864039,CD4 T cells,T cells,2,T cells
kang_c009098,-4.095023,6.217138,CD4 T cells,T cells,2,T cells
kang_c009108,-3.577943,11.2031,CD4 T cells,T cells,3,T cells
kang_c009110,12.09208,10.68142,CD14+ Monocytes,monocytes,0,monocytes
kang_c009112,13.62539,10.53388,CD14+ Monocytes,monocytes,0,monocytes
kang_c009113,-2.588411,14.80706,NK cells,NK cells,4,NK cells
kang_c009115,14.97298,9.484141,FCGR3A+ Monocytes,monocytes,8,monocytes
kang_c009121,-4.886509,11.81058,CD4 T cells,T cells,3,T cells
kang_c009128,-3.876684,9.929164,CD4 T cells,T cells,3,T cells
kang_c009133,13.22582,9.457698,CD14+ Monocytes,monocytes,0,monocytes
kang_c009139,-3.725145,6.971879,CD4 T cells,T cells,2,T cells
kang_c009140,-3.185751,14.70981,NK cells,NK cells,4,NK cells
kang_c009143,-4.262556,9.465322,CD4 T cells,T cells,2,T cells
kang_c009148,14.3972,10.61822,CD14+ Monocytes,monocytes,0,monocytes
kang_c009151,-5.736108,7.702712,CD4 T cells,T cells,2,T cells
kang_c009154,-2.169553,14.12221,NK cells,NK cells,4,NK cells
kang_c009155,-5.065924,10.11485,CD4 T cells,T cells,3,T cells
kang_c009165,-4.406784,6.175982,CD4 T cells,T cells,2,T cells
kang_c009172,12.63269,11.57457,CD14+ Monocytes,monocytes,0,monocytes
kang_c009179,15.18918,9.307429,FCGR3A+ Monocytes,monocytes,8,monocytes
kang_c009181,10.31888,10.20472,Dendritic cells,dendritic cells,10,dendritic cells
kang_c009186,14.03319,11.70986,CD14+ Monocytes,monocytes,0,monocytes
kang_c009194,-5.530128,9.280499,CD4 T cells,T cells,2,T cells
kang_c009195,11.77641,11.63333,CD14+ Monocytes,monocytes,0,monocytes
kang_c009198,12.6654,12.29175,CD14+ Monocytes,monocytes,0,monocytes
kang_c009199,12.63226,10.6504,CD14+ Monocytes,monocytes,0,monocytes
kang_c009201,3.258072,-2.166011,B cells,B cells,5,B cells
kang_c009203,-1.443254,12.68726,CD8 T cells,T cells,4,NK cells
kang_c009204,-3.241344,11.335,CD4 T cells,T cells,3,T cells
kang_c009212,-4.022851,8.705172,CD4 T cells,T cells,2,T cells
kang_c009213,-1.957891,13.84957,CD8 T cells,T cells,4,NK cells
kang_c009219,-4.348487,6.732286,CD4 T cells,T cells,2,T cells
kang_c009220,-3.53879,7.273445,CD4 T cells,T cells,2,T cells
kang_c009226,-4.209363,5.887381,CD4 T cells,T cells,2,T cells
kang_c009230,-4.815531,7.306593,CD4 T cells,T cells,2,T cells
kang_c009231,-2.378984,12.95723,CD8 T cells,T cells,4,NK cells
kang_c009247,14.93729,11.95035,CD14+ Monocytes,monocytes,0,monocytes
kang_c009255,-4.940871,6.384437,CD4 T cells,T cells,2,T cells
kang_c009264,1.599992,-1.537138,B cells,B cells,5,B cells
kang_c009266,13.25921,10.9501,CD14+ Monocytes,monocytes,0,monocytes
kang_c009268,2.395163,-0.5983319,B cells,B cells,5,B cells
kang_c009269,13.83451,11.59381,CD14+ Monocytes,monocytes,0,monocytes
kang_c009273,-4.432528,7.969012,CD4 T cells,T cells,2,T cells
kang_c009275,-2.736912,10.48573,CD4 T cells,T cells,2,T cells
kang_c009276,-1.752385,8.427187,CD4 T cells,T cells,1,Unknown
kang_c009278,-5.235881,8.436136,CD4 T cells,T cells,2,T cells
kang_c009279,-2.786347,14.53077,NK cells,NK cells,4,NK cells
kang_c009281,-3.920192,5.668997,CD4 T cells,T cells,2,T cells
kang_c009284,-4.187633,6.202814,CD4 T cells,T cells,2,T cells
kang_c009287,-3.085311,12.13054,CD4 T cells,T cells,4,NK cells
kang_c009289,-3.14524,10.28438,CD4 T cells,T cells,9,T cells
kang_c009296,-2.227689,8.038321,CD4 T cells,T cells,7,T cells
kang_c009298,-4.323399,7.480066,CD4 T cells,T cells,2,T cells
kang_c009300,-4.163294,7.794659,CD4 T cells,T cells,2,T cells
kang_c009309,-3.552295,7.955219,CD4 T cells,T cells,14,platelets
kang_c009312,-5.613148,7.943518,CD4 T cells,T cells,2,T cells
kang_c009314,-5.43537,9.776946,CD4 T cells,T cells,3,T cells
kang_c009317,3.064966,-1.845521,B cells,B cells,5,B cells
kang_c009320,-3.5113,12.34828,CD8 T cells,T cells,3,T cells
kang_c009322,13.02021,10.78411,CD14+ Monocytes,monocytes,0,monocytes
kang_c009328,-3.381291,11.64023,CD4 T cells,T cells,3,T cells
kang_c009329,-5.186202,11.27555,CD4 T cells,T cells,3,T cells
kang_c009335,12.90384,10.12044,CD14+ Monocytes,monocytes,0,monocytes
kang_c009363,-2.171906,12.54421,CD8 T cells,T cells,4,NK cells
kang_c009364,9.064568,7.696215,CD14+ Monocytes,monocytes,11,monocytes
kang_c009366,1.951493,-2.851504,B cells,B cells,5,B cells
kang_c009368,-2.014277,8.421934,CD4 T cells,T cells,1,Unknown
kang_c009370,-5.805182,10.26492,CD4 T cells,T cells,3,T cells
kang_c009374,-1.715304,13.75457,CD8 T cells,T cells,4,NK cells
kang_c009375,-4.947571,9.928164,CD4 T cells,T cells,3,T cells
kang_c009377,-2.788761,7.975427,CD4 T cells,T cells,14,platelets
kang_c009378,-5.598518,9.443269,CD4 T cells,T cells,3,T cells
kang_c009380,-4.86518,7.981381,CD4 T cells,T cells,2,T cells
kang_c009381,1.470293,-1.000008,B cells,B cells,5,B cells
kang_c009387,-4.446081,11.48754,CD4 T cells,T cells,3,T cells
kang_c009396,-2.43772,14.06437,CD8 T cells,T cells,4,NK cells
kang_c009399,-2.304102,12.46284,CD4 T cells,T cells,4,NK cells
kang_c009401,14.29,10.8342,CD14+ Monocytes,monocytes,0,monocytes
kang_c009405,1.746168,-2.670354,B cells,B cells,5,B cells
kang_c009407,-2.103,12.41226,CD8 T cells,T cells,4,NK cells
kang_c009416,11.60434,12.12589,CD14+ Monocytes,monocytes,0,monocytes
kang_c009419,-3.588801,10.35396,CD4 T cells,T cells,3,T cells
kang_c009421,2.364596,7.2654,CD4 T cells,T cells,1,Unknown
kang_c009423,-4.123779,5.629907,CD4 T cells,T cells,2,T cells
kang_c009428,-5.868473,7.811599,CD4 T cells,T cells,2,T cells
kang_c009440,-4.932028,11.76336,CD4 T cells,T cells,3,T cells
kang_c009441,12.90563,11.32245,CD14+ Monocytes,monocytes,0,monocytes
kang_c009446,1.653087,-2.181588,B cells,B cells,5,B cells
kang_c009449,-1.467752,14.29083,NK cells,NK cells,4,NK cells
kang_c009451,-5.028682,9.498494,CD4 T cells,T cells,3,T cells
kang_c009455,-5.574489,9.0099,CD4 T cells,T cells,2,T cells
kang_c009456,-3.507645,9.914766,CD4 T cells,T cells,3,T cells
kang_c009457,12.99183,10.88781,CD14+ Monocytes,monocytes,0,monocytes
kang_c009458,-1.650401,12.72705,CD8 T cells,T cells,4,NK cells
kang_c009459,-2.122671,13.07855,CD8 T cells,T cells,4,NK cells
kang_c009473,11.72205,11.56701,CD14+ Monocytes,monocytes,0,monocytes
kang_c009474,11.62454,11.91697,CD14+ Monocytes,monocytes,0,monocytes
kang_c009477,-1.773159,15.27172,NK cells,NK cells,4,NK cells
kang_c009478,10.81901,10.9065,Dendritic cells,dendritic cells,10,dendritic cells
kang_c009481,-4.836865,11.50633,CD4 T cells,T cells,3,T cells
kang_c009487,-4.956283,7.545986,CD4 T cells,T cells,2,T cells
kang_c009492,13.60655,12.0038,CD14+ Monocytes,monocytes,0,monocytes
kang_c009494,-3.206612,11.68354,CD4 T cells,T cells,4,NK cells
kang_c009498,14.03928,12.87031,CD14+ Monocytes,monocytes,0,monocytes
kang_c009500,-2.089577,15.19079,NK cells,NK cells,4,NK cells
kang_c009503,3.152326,-3.042446,B cells,B cells,5,B cells
kang_c009510,-2.181677,9.147449,CD4 T cells,T cells,1,Unknown
kang_c009511,13.23834,5.722035,CD14+ Monocytes,monocytes,13,monocytes
kang_c009513,-5.954913,7.87914,CD4 T cells,T cells,2,T cells
kang_c009515,3.415582,-2.874359,B cells,B cells,5,B cells
kang_c009516,-3.296988,14.82512,NK cells,NK cells,4,NK cells
kang_c009518,2.120768,-2.75609,B cells,B cells,5,B cells
kang_c009520,-4.580456,6.47337,CD4 T cells,T cells,2,T cells
kang_c009523,-3.900936,10.84985,CD4 T cells,T cells,3,T cells
kang_c009524,14.18194,10.27044,CD14+ Monocytes,monocytes,0,monocytes
kang_c009531,10.36053,10.58351,Dendritic cells,dendritic cells,10,dendritic cells
kang_c009532,1.501725,-2.160914,B cells,B cells,5,B cells
kang_c009535,14.9259,11.50123,CD14+ Monocytes,monocytes,0,monocytes
kang_c009537,14.15317,10.44542,FCGR3A+ Monocytes,monocytes,0,monocytes
kang_c009551,13.7149,12.37147,CD14+ Monocytes,monocytes,0,monocytes
kang_c009553,-5.50619,7.537487,CD4 T cells,T cells,2,T cells
kang_c009556,-3.215947,9.774035,CD4 T cells,T cells,2,T cells
kang_c009559,-1.129548,16.46044,NK cells,NK cells,6,NK cells
kang_c009564,2.124128,-3.2856,B cells,B cells,5,B cells
kang_c009573,-3.659718,10.95146,CD4 T cells,T cells,3,T cells
kang_c009575,-2.36925,13.07333,CD8 T cells,T cells,4,NK cells
kang_c009586,2.676197,-2.724576,B cells,B cells,5,B cells
kang_c009594,5.153131,-2.47486,Dendritic cells,dendritic cells,15,Unknown
kang_c009597,14.33432,12.09618,CD14+ Monocytes,monocytes,0,monocytes
kang_c009603,-3.301812,10.74896,CD4 T cells,T cells,2,T cells
kang_c009609,-2.354627,14.86686,NK cells,NK cells,4,NK cells
kang_c009615,-3.66098,7.875584,CD4 T cells,T cells,2,T cells
kang_c009626,14.65923,11.54617,CD14+ Monocytes,monocytes,0,monocytes
kang_c009633,12.35463,12.60022,CD14+ Monocytes,monocytes,0,monocytes
kang_c009637,-4.802674,8.014109,CD4 T cells,T cells,2,T cells
kang_c009638,-2.607439,8.566645,CD4 T cells,T cells,1,Unknown
kang_c009647,1.592606,-1.99629,B cells,B cells,5,B cells
kang_c009648,2.534322,-1.238794,B cells,B cells,5,B cells
kang_c009652,13.01882,11.94064,CD14+ Monocytes,monocytes,0,monocytes
kang_c009656,-4.24993,7.368811,CD4 T cells,T cells,2,T cells
kang_c009660,-3.319928,8.621559,CD4 T cells,T cells,2,T cells
kang_c009663,-2.927311,12.27551,CD4 T cells,T cells,4,NK cells
kang_c009664,-2.351774,15.88328,CD8 T cells,T cells,6,NK cells
kang_c009665,-3.437624,11.93635,CD4 T cells,T cells,3,T cells
kang_c009668,13.98145,11.70888,CD14+ Monocytes,monocytes,0,monocytes
kang_c009669,13.60171,10.70412,CD14+ Monocytes,monocytes,0,monocytes
kang_c009673,13.26541,11.79452,CD14+ Monocytes,monocytes,0,monocytes
kang_c009691,14.4076,9.869669,FCGR3A+ Monocytes,monocytes,0,monocytes
kang_c009694,13.08364,11.69128,CD14+ Monocytes,monocytes,0,monocytes
kang_c009703,13.31217,11.04917,CD14+ Monocytes,monocytes,0,monocytes
kang_c009704,-3.354348,6.927357,CD4 T cells,T cells,2,T cells
kang_c009712,13.9448,11.85143,CD14+ Monocytes,monocytes,0,monocytes
kang_c009716,-2.844817,10.33488,CD4 T cells,T cells,2,T cells
kang_c009725,3.149238,-2.413729,B cells,B cells,5,B cells
kang_c009726,-5.861595,8.345336,CD4 T cells,T cells,2,T cells
kang_c009728,-5.621974,7.579122,CD4 T cells,T cells,2,T cells
kang_c009734,14.27861,10.7256,CD14+ Monocytes,monocytes,0,monocytes
kang_c009744,13.89039,11.40154,CD14+ Monocytes,monocytes,0,monocytes
kang_c009749,-5.997076,8.386362,CD4 T cells,T cells,2,T cells
kang_c009750,14.02955,10.63005,CD14+ Monocytes,monocytes,0,monocytes
kang_c009754,-3.685727,9.602817,CD4 T cells,T cells,2,T cells
kang_c009755,2.550327,7.088649,CD4 T cells,T cells,1,Unknown
kang_c009756,1.449027,-2.570835,B cells,B cells,5,B cells
kang_c009758,15.38283,9.274473,FCGR3A+ Monocytes,monocytes,8,monocytes
kang_c009759,-3.285233,10.80994,CD4 T cells,T cells,2,T cells
kang_c009761,-2.09549,8.851408,CD4 T cells,T cells,1,Unknown
kang_c009765,-2.319977,8.679731,CD4 T cells,T cells,1,Unknown
kang_c009768,-2.374929,8.705468,CD4 T cells,T cells,1,Unknown
kang_c009772,1.42932,-0.269863,B cells,B cells,5,B cells
kang_c009774,13.56863,10.57615,CD14+ Monocytes,monocytes,0,monocytes
kang_c009781,-4.364699,8.469443,CD4 T cells,T cells,2,T cells
kang_c009790,13.40705,11.00388,CD14+ Monocytes,monocytes,0,monocytes
kang_c009794,13.51913,10.53611,CD14+ Monocytes,monocytes,0,monocytes
kang_c009800,-3.747439,11.01478,CD4 T cells,T cells,3,T cells
kang_c009801,-4.54323,11.54409,CD4 T cells,T cells,3,T cells
kang_c009810,14.25762,13.42421,CD14+ Monocytes,monocytes,0,monocytes
kang_c009811,-1.458782,13.78285,CD8 T cells,T cells,4,NK cells
kang_c009812,-3.693358,6.991165,CD4 T cells,T cells,2,T cells
kang_c009814,-2.663576,12.91673,CD8 T cells,T cells,4,NK cells
kang_c009816,-4.605793,6.750926,CD4 T cells,T cells,2,T cells
kang_c009824,-4.347105,9.836905,CD4 T cells,T cells,3,T cells
kang_c009825,1.588845,-0.2591802,B cells,B cells,5,B cells
kang_c009834,-1.947482,10.24685,CD4 T cells,T cells,9,T cells
kang_c009836,-1.751803,8.022474,CD4 T cells,T cells,7,T cells
kang_c009837,-5.030394,9.865128,CD4 T cells,T cells,3,T cells
kang_c009841,11.60272,11.19579,Dendritic cells,dendritic cells,0,monocytes
kang_c009851,13.57843,12.25282,CD14+ Monocytes,monocytes,0,monocytes
kang_c009853,2.835123,-2.353185,B cells,B cells,5,B cells
kang_c009855,-3.597744,9.463865,CD4 T cells,T cells,2,T cells
kang_c009856,14.76387,8.927094,FCGR3A+ Monocytes,monocytes,8,monocytes
kang_c009858,-5.220711,6.904058,CD4 T cells,T cells,2,T cells
kang_c009869,-5.704932,10.06161,CD4 T cells,T cells,3,T cells
kang_c009872,-5.469193,9.04385,CD4 T cells,T cells,3,T cells
kang_c009874,14.28956,10.53715,FCGR3A+ Monocytes,monocytes,0,monocytes
kang_c009878,-3.270997,7.639715,CD4 T cells,T cells,2,T cells
kang_c009883,-4.362633,10.51663,CD4 T cells,T cells,3,T cells
kang_c009885,-3.756055,10.42266,CD4 T cells,T cells,3,T cells
kang_c009904,10.32123,10.31936,Dendritic cells,dendritic cells,10,dendritic cells
kang_c009908,14.31751,11.29903,CD14+ Monocytes,monocytes,0,monocytes
kang_c009913,-2.578965,13.2976,CD8 T cells,T cells,4,NK cells
kang_c009916,13.69591,12.73825,CD14+ Monocytes,monocytes,0,monocytes
kang_c009917,-4.597754,5.885443,CD4 T cells,T cells,2,T cells
kang_c009920,14.03759,13.50196,CD14+ Monocytes,monocytes,0,monocytes
kang_c009924,-3.648323,8.149588,CD4 T cells,T cells,2,T cells
kang_c009926,13.97145,10.58927,CD14+ Monocytes,monocytes,0,monocytes
kang_c009928,13.68221,12.09455,CD14+ Monocytes,monocytes,0,monocytes
kang_c009931,-4.295521,8.427809,CD4 T cells,T cells,2,T cells
kang_c009933,13.76366,10.8968,CD14+ Monocytes,monocytes,0,monocytes
kang_c009934,-3.192308,12.51577,CD8 T cells,T cells,3,T cells
kang_c009935,3.133805,-3.284024,B cells,B cells,5,B cells
kang_c009936,2.438177,-2.298187,B cells,B cells,5,B cells
kang_c009937,12.38131,12.74713,CD14+ Monocytes,monocytes,0,monocytes
kang_c009939,2.981233,-2.655964,B cells,B cells,5,B cells
kang_c009940,-5.128967,7.093146,CD4 T cells,T cells,2,T cells
kang_c009942,-3.41874,8.970077,CD4 T cells,T cells,2,T cells
kang_c009943,-5.34043,10.35671,CD4 T cells,T cells,3,T cells
kang_c009949,-4.490716,10.85582,CD4 T cells,T cells,3,T cells
kang_c009953,-2.038604,13.7327,CD8 T cells,T cells,4,NK cells
kang_c009958,12.16007,11.64461,CD14+ Monocytes,monocytes,0,monocytes
kang_c009959,-3.692589,8.810092,CD4 T cells,T cells,2,T cells
kang_c009963,3.333419,-1.840005,B cells,B cells,5,B cells
kang_c009964,-1.35025,12.54537,CD8 T cells,T cells,4,NK cells
kang_c009965,2.803308,7.366106,CD4 T cells,T cells,1,Unknown
kang_c009968,14.17393,10.18389,FCGR3A+ Monocytes,monocytes,0,monocytes
kang_c009971,14.25125,12.75311,CD14+ Monocytes,monocytes,0,monocytes
kang_c009975,13.97322,13.53196,CD14+ Monocytes,monocytes,0,monocytes
kang_c009977,-3.546639,9.161878,CD4 T cells,T cells,2,T cells
kang_c009979,2.011701,-1.612249,B cells,B cells,5,B cells
kang_c009984,2.078602,-0.9589015,B cells,B cells,5,B cells
kang_c009989,3.290986,-1.869415,B cells,B cells,5,B cells
kang_c009996,-2.996154,15.70589,NK cells,NK cells,4,NK cells
kang_c009997,-3.051405,7.076304,CD4 T cells,T cells,2,T cells
kang_c009999,13.00395,13.71752,CD14+ Monocytes,monocytes,0,monocytes
kang_c010001,8.236947,7.636758,B cells,B cells,11,monocytes
kang_c010009,13.47994,13.33725,CD14+ Monocytes,monocytes,0,monocytes
kang_c010010,-3.136893,10.14618,CD4 T cells,T cells,2,T cells
kang_c010015,12.09907,12.21097,CD14+ Monocytes,monocytes,0,monocytes
kang_c010023,-2.612443,9.645977,CD4 T cells,T cells,9,T cells
kang_c010024,-1.475955,13.50036,CD8 T cells,T cells,4,NK cells
kang_c010027,-2.384095,8.895152,CD4 T cells,T cells,4,NK cells
kang_c010029,13.21247,10.38828,CD14+ Monocytes,monocytes,0,monocytes
kang_c010032,11.98323,11.61753,CD14+ Monocytes,monocytes,0,monocytes
kang_c010034,-4.42516,8.354848,CD4 T cells,T cells,2,T cells
kang_c010037,-4.731336,10.18773,CD4 T cells,T cells,3,T cells
kang_c010042,12.38493,12.36943,CD14+ Monocytes,monocytes,0,monocytes
kang_c010047,2.117731,-1.155048,B cells,B cells,5,B cells
kang_c010057,-2.95684,15.16377,NK cells,NK cells,4,NK cells
kang_c010059,-3.74243,7.784689,CD4 T cells,T cells,2,T cells
kang_c010060,14.34878,12.02892,CD14+ Monocytes,monocytes,0,monocytes
kang_c010062,-3.735137,11.65326,CD4 T cells,T cells,3,T cells
kang_c010069,13.71327,11.93582,CD14+ Monocytes,monocytes,0,monocytes
kang_c010073,3.262772,-3.068849,B cells,B cells,5,B cells
kang_c010076,2.034268,7.206378,CD4 T cells,T cells,1,Unknown
kang_c010077,-4.482556,8.810525,CD4 T cells,T cells,2,T cells
kang_c010083,-4.18001,8.146731,CD4 T cells,T cells,2,T cells
kang_c010086,-3.571179,11.13733,CD4 T cells,T cells,3,T cells
kang_c010087,-2.430956,10.37761,CD4 T cells,T cells,3,T cells
kang_c010088,12.8589,8.428673,CD14+ Monocytes,monocytes,0,monocytes
kang_c010099,-2.116547,13.28902,CD8 T cells,T cells,4,NK cells
kang_c010101,-3.866728,8.138207,CD4 T cells,T cells,2,T cells
kang_c010103,-3.428524,10.09055,CD4 T cells,T cells,2,T cells
kang_c010108,-2.460973,8.492569,CD4 T cells,T cells,1,Unknown
kang_c010113,-1.104435,12.72283,CD4 T cells,T cells,4,NK cells
kang_c010114,12.28031,11.12778,CD14+ Monocytes,monocytes,0,monocytes
kang_c010116,12.75472,11.58238,CD14+ Monocytes,monocytes,0,monocytes
kang_c010117,1.559996,-1.735859,B cells,B cells,5,B cells
kang_c010121,-4.949263,7.390905,CD4 T cells,T cells,2,T cells
kang_c010124,14.41493,12.5755,CD14+ Monocytes,monocytes,0,monocytes
kang_c010128,11.90503,12.71846,CD14+ Monocytes,monocytes,0,monocytes
kang_c010134,-4.34673,7.939239,CD4 T cells,T cells,2,T cells
kang_c010147,-3.671358,8.633023,CD4 T cells,T cells,2,T cells
kang_c010148,-2.38183,13.56695,CD8 T cells,T cells,4,NK cells
kang_c010149,-1.753035,14.25243,NK cells,NK cells,4,NK cells
kang_c010150,-3.259025,9.125639,CD4 T cells,T cells,3,T cells
kang_c010156,-3.537966,5.752036,CD4 T cells,T cells,2,T cells
kang_c010157,12.73414,11.00023,CD14+ Monocytes,monocytes,0,monocytes
kang_c010158,14.53618,11.33663,CD14+ Monocytes,monocytes,0,monocytes
kang_c010160,15.62435,9.122004,FCGR3A+ Monocytes,monocytes,8,monocytes
kang_c010163,-3.975815,10.31087,CD4 T cells,T cells,3,T cells
kang_c010168,-3.983704,8.140984,CD4 T cells,T cells,2,T cells
kang_c010172,13.98306,11.22428,CD14+ Monocytes,monocytes,0,monocytes
kang_c010175,-3.758335,10.10451,CD4 T cells,T cells,2,T cells
kang_c010177,-5.166653,7.734482,CD4 T cells,T cells,2,T cells
kang_c010190,11.8478,12.81282,CD14+ Monocytes,monocytes,0,monocytes
kang_c010194,-3.17216,10.26425,CD4 T cells,T cells,3,T cells
kang_c010195,-3.305352,6.361838,CD4 T cells,T cells,2,T cells
kang_c010196,-4.75494,6.147821,CD4 T cells,T cells,2,T cells
kang_c010199,-3.601093,8.52898,CD4 T cells,T cells,2,T cells
kang_c010204,-5.413723,9.712721,CD4 T cells,T cells,3,T cells
kang_c010208,12.08237,12.55626,CD14+ Monocytes,monocytes,0,monocytes
kang_c010210,-3.342559,7.4813,CD4 T cells,T cells,2,T cells
kang_c010215,-5.673283,9.032753,CD4 T cells,T cells,3,T cells
kang_c010216,-3.099059,15.50604,NK cells,NK cells,4,NK cells
kang_c010225,12.87288,11.80806,CD14+ Monocytes,monocytes,0,monocytes
kang_c010227,-3.582235,7.630587,CD4 T cells,T cells,2,T cells
kang_c010242,12.84319,11.10638,CD14+ Monocytes,monocytes,0,monocytes
kang_c010244,-3.967784,9.117023,CD4 T cells,T cells,2,T cells
kang_c010245,-1.682126,8.126803,CD4 T cells,T cells,7,T cells
kang_c010247,-4.171157,7.678711,CD4 T cells,T cells,2,T cells
kang_c010250,-4.647165,6.065029,CD4 T cells,T cells,2,T cells
kang_c010254,-2.275355,9.100689,CD4 T cells,T cells,1,Unknown
kang_c010256,1.260209,-0.6850989,CD4 T cells,T cells,1,Unknown
kang_c010258,-2.294768,12.52413,CD4 T cells,T cells,4,NK cells
kang_c010260,-2.459378,9.429729,CD4 T cells,T cells,1,Unknown
kang_c010262,-5.81329,8.476539,CD4 T cells,T cells,3,T cells
kang_c010264,13.53886,11.80967,CD14+ Monocytes,monocytes,0,monocytes
kang_c010265,-4.479689,10.90208,CD4 T cells,T cells,3,T cells
kang_c010266,-4.126641,11.73368,CD4 T cells,T cells,3,T cells
kang_c010272,-1.520639,13.87815,CD8 T cells,T cells,4,NK cells
kang_c010273,-2.9736,14.90315,NK cells,NK cells,4,NK cells
kang_c010279,13.42812,12.47781,CD14+ Monocytes,monocytes,0,monocytes
kang_c010280,-3.589468,11.65453,CD4 T cells,T cells,3,T cells
kang_c010285,-5.544776,10.8447,CD4 T cells,T cells,3,T cells
kang_c010296,1.97306,-2.511315,B cells,B cells,5,B cells
kang_c010297,-3.632259,15.09121,CD8 T cells,T cells,4,NK cells
kang_c010299,-2.015753,14.51233,NK cells,NK cells,4,NK cells
kang_c010310,-2.611809,7.665128,CD4 T cells,T cells,2,T cells
kang_c010311,-3.034363,6.12821,CD4 T cells,T cells,2,T cells
kang_c010312,1.769182,-1.465004,B cells,B cells,5,B cells
kang_c010314,-4.467046,7.718804,CD4 T cells,T cells,2,T cells
kang_c010315,2.421584,-1.608695,B cells,B cells,5,B cells
kang_c010320,-1.526571,13.59433,CD8 T cells,T cells,4,NK cells
kang_c010321,3.447715,-1.879773,B cells,B cells,5,B cells
kang_c010324,-5.069259,9.120537,CD4 T cells,T cells,2,T cells
kang_c010327,13.96857,11.70109,CD14+ Monocytes,monocytes,0,monocytes
kang_c010330,14.3117,11.13697,CD14+ Monocytes,monocytes,0,monocytes
kang_c010336,14.92259,10.59934,CD14+ Monocytes,monocytes,0,monocytes
kang_c010337,-4.044627,8.758837,CD4 T cells,T cells,2,T cells
kang_c010349,-3.20368,10.22814,CD4 T cells,T cells,2,T cells
kang_c010352,2.189897,-0.451203,B cells,B cells,5,B cells
kang_c010354,-5.198957,6.81012,CD4 T cells,T cells,2,T cells
kang_c010357,-5.635403,9.966065,CD4 T cells,T cells,3,T cells
kang_c010363,-4.237372,10.70076,CD4 T cells,T cells,3,T cells
kang_c010365,-2.360831,15.19164,NK cells,NK cells,4,NK cells
kang_c010368,-2.685565,14.50739,CD8 T cells,T cells,4,NK cells
kang_c010369,13.91695,11.72653,CD14+ Monocytes,monocytes,0,monocytes
kang_c010373,13.66302,11.58829,CD14+ Monocytes,monocytes,0,monocytes
kang_c010374,10.88366,10.88738,Dendritic cells,dendritic cells,10,dendritic cells
kang_c010375,1.543865,-1.091941,B cells,B cells,5,B cells
kang_c010378,-2.02039,15.23709,NK cells,NK cells,4,NK cells
kang_c010379,-4.076502,9.6203,CD4 T cells,T cells,2,T cells
kang_c010380,14.20073,11.87266,CD14+ Monocytes,monocytes,0,monocytes
kang_c010384,-2.875862,7.665851,CD4 T cells,T cells,2,T cells
kang_c010385,13.82482,11.86949,CD14+ Monocytes,monocytes,0,monocytes
kang_c010386,-3.484974,12.25762,CD8 T cells,T cells,3,T cells
kang_c010387,-4.962221,11.66715,CD4 T cells,T cells,3,T cells
kang_c010389,-3.897342,6.319712,CD4 T cells,T cells,2,T cells
kang_c010397,-3.433607,9.070494,CD4 T cells,T cells,2,T cells
kang_c010398,2.448293,-2.68802,B cells,B cells,5,B cells
kang_c010402,-3.976042,6.478652,CD4 T cells,T cells,2,T cells
kang_c010404,13.0003,12.00788,CD14+ Monocytes,monocytes,0,monocytes
kang_c010407,13.8787,11.48262,CD14+ Monocytes,monocytes,0,monocytes
kang_c010421,-4.342997,12.05628,CD4 T cells,T cells,3,T cells
kang_c010429,12.44847,10.5834,CD14+ Monocytes,monocytes,0,monocytes
kang_c010431,12.78611,10.56418,CD14+ Monocytes,monocytes,0,monocytes
kang_c010438,-3.928025,10.22409,CD4 T cells,T cells,2,T cells
kang_c010442,-3.486262,7.896592,CD4 T cells,T cells,2,T cells
kang_c010449,-3.635072,7.439529,CD4 T cells,T cells,2,T cells
kang_c010451,-4.057499,11.50285,CD4 T cells,T cells,3,T cells
kang_c010454,-4.430819,8.151911,CD4 T cells,T cells,2,T cells
kang_c010455,14.26052,11.62732,CD14+ Monocytes,monocytes,0,monocytes
kang_c010456,2.79803,-2.559934,B cells,B cells,5,B cells
kang_c010458,-4.01262,9.224298,CD4 T cells,T cells,3,T cells
kang_c010473,12.6249,12.32266,CD14+ Monocytes,monocytes,0,monocytes
kang_c010476,2.664147,7.39145,CD4 T cells,T cells,1,Unknown
kang_c010477,1.507802,-0.4199514,B cells,B cells,5,B cells
kang_c010480,13.25124,13.30003,CD14+ Monocytes,monocytes,0,monocytes
kang_c010483,-4.285007,5.929471,CD4 T cells,T cells,2,T cells
kang_c010489,-2.99875,7.565886,CD4 T cells,T cells,2,T cells
kang_c010493,14.82534,11.51207,CD14+ Monocytes,monocytes,0,monocytes
kang_c010498,2.036914,-2.477463,B cells,B cells,5,B cells
kang_c010499,-1.0986,10.31808,CD4 T cells,T cells,9,T cells
kang_c010504,11.52766,11.61036,CD14+ Monocytes,monocytes,0,monocytes
kang_c010507,12.91488,12.81765,CD14+ Monocytes,monocytes,0,monocytes
kang_c010511,2.524743,7.087966,CD4 T cells,T cells,1,Unknown
kang_c010514,14.1247,10.03385,FCGR3A+ Monocytes,monocytes,0,monocytes
kang_c010515,-2.627961,12.93633,CD8 T cells,T cells,4,NK cells
kang_c010524,-3.397249,11.43037,CD4 T cells,T cells,3,T cells
kang_c010525,13.67069,11.10844,CD14+ Monocytes,monocytes,0,monocytes
kang_c010526,-4.3176,11.62674,CD4 T cells,T cells,3,T cells
kang_c010529,-4.022034,6.518516,CD4 T cells,T cells,2,T cells
kang_c010533,-4.567554,10.78733,CD4 T cells,T cells,3,T cells
kang_c010534,-2.786694,11.09686,CD4 T cells,T cells,3,T cells
kang_c010536,14.08702,10.45804,CD14+ Monocytes,monocytes,0,monocytes
kang_c010539,-3.080264,10.09383,CD4 T cells,T cells,2,T cells
kang_c010544,-3.407342,11.56111,CD4 T cells,T cells,3,T cells
kang_c010549,14.29208,11.87973,CD14+ Monocytes,monocytes,0,monocytes
kang_c010554,1.233909,-0.5995581,CD4 T cells,T cells,1,Unknown
kang_c010558,12.7772,10.19312,CD14+ Monocytes,monocytes,0,monocytes
kang_c010561,13.59505,11.39344,CD14+ Monocytes,monocytes,0,monocytes
kang_c010562,-2.975506,13.63237,CD8 T cells,T cells,4,NK cells
kang_c010563,2.354614,-1.099155,B cells,B cells,5,B cells
kang_c010567,-2.612594,11.99907,CD4 T cells,T cells,4,NK cells
kang_c010568,-2.638033,12.54134,CD4 T cells,T cells,4,NK cells
kang_c010570,-5.107852,8.45004,CD4 T cells,T cells,2,T cells
kang_c010573,-1.938729,11.10547,CD4 T cells,T cells,1,Unknown
kang_c010577,-5.013446,10.55061,CD4 T cells,T cells,3,T cells
kang_c010582,-2.720114,9.016552,CD4 T cells,T cells,1,Unknown
kang_c010587,-4.369008,10.17138,CD4 T cells,T cells,3,T cells
kang_c010588,13.16863,9.786582,CD14+ Monocytes,monocytes,0,monocytes
kang_c010593,-4.471596,11.12756,CD4 T cells,T cells,3,T cells
kang_c010595,2.854416,-1.866673,B cells,B cells,5,B cells
kang_c010604,14.0426,10.56288,CD14+ Monocytes,monocytes,0,monocytes
kang_c010605,-4.543366,7.680966,CD4 T cells,T cells,2,T cells
kang_c010609,13.29925,12.38592,CD14+ Monocytes,monocytes,0,monocytes
kang_c010610,2.441257,-2.401275,B cells,B cells,5,B cells
kang_c010612,-3.728204,8.905385,CD4 T cells,T cells,2,T cells
kang_c010617,14.92096,11.97843,CD14+ Monocytes,monocytes,0,monocytes
kang_c010623,-4.348302,6.383139,CD4 T cells,T cells,2,T cells
kang_c010626,14.35036,10.70763,CD14+ Monocytes,monocytes,0,monocytes
kang_c010630,-3.938545,7.562894,CD4 T cells,T cells,2,T cells
kang_c010634,-5.132176,9.938697,CD4 T cells,T cells,3,T cells
kang_c010639,14.4735,12.45138,CD14+ Monocytes,monocytes,0,monocytes
kang_c010641,-1.992237,15.77585,NK cells,NK cells,4,NK cells
kang_c010649,15.4738,9.308342,FCGR3A+ Monocytes,monocytes,8,monocytes
kang_c010650,-3.155382,8.572124,CD4 T cells,T cells,2,T cells
kang_c010656,12.6208,12.75134,CD14+ Monocytes,monocytes,0,monocytes
kang_c010663,-3.289811,10.25533,CD4 T cells,T cells,3,T cells
kang_c010667,-3.451433,8.764698,CD4 T cells,T cells,2,T cells
kang_c010677,-2.969793,7.45882,CD4 T cells,T cells,2,T cells
kang_c010678,2.246463,-0.101267,B cells,B cells,5,B cells
kang_c010680,-2.215825,11.56549,CD4 T cells,T cells,1,Unknown
kang_c010683,13.49704,10.77634,CD14+ Monocytes,monocytes,0,monocytes
kang_c010691,-4.270553,9.984698,CD4 T cells,T cells,3,T cells
kang_c010692,-4.014105,6.510247,CD4 T cells,T cells,2,T cells
kang_c010698,2.191008,-2.023726,B cells,B cells,5,B cells
kang_c010700,10.60913,10.7614,Dendritic cells,dendritic cells,10,dendritic cells
kang_c010705,15.67569,9.289583,FCGR3A+ Monocytes,monocytes,8,monocytes
kang_c010709,-5.398042,9.314265,CD4 T cells,T cells,3,T cells
kang_c010711,-3.040464,10.13449,CD4 T cells,T cells,2,T cells
kang_c010715,14.45724,12.44967,CD14+ Monocytes,monocytes,0,monocytes
kang_c010721,14.54489,8.873365,FCGR3A+ Monocytes,monocytes,8,monocytes
kang_c010725,-2.876784,15.56461,NK cells,NK cells,4,NK cells
kang_c010729,-5.17344,7.049872,CD4 T cells,T cells,2,T cells
kang_c010737,-3.592283,14.8923,NK cells,NK cells,4,NK cells
kang_c010740,-3.841347,6.184934,CD4 T cells,T cells,2,T cells
kang_c010744,-1.872998,14.77442,NK cells,NK cells,4,NK cells
kang_c010746,-5.155925,7.174689,CD4 T cells,T cells,2,T cells
kang_c010751,14.65906,11.60726,CD14+ Monocytes,monocytes,0,monocytes
kang_c010755,2.457347,7.239608,CD4 T cells,T cells,1,Unknown
kang_c010756,12.43838,10.08089,CD14+ Monocytes,monocytes,0,monocytes
kang_c010760,-4.004741,5.654802,CD4 T cells,T cells,2,T cells
kang_c010761,-2.781204,8.157137,CD4 T cells,T cells,1,Unknown
kang_c010764,-2.322743,8.584799,CD4 T cells,T cells,1,Unknown
kang_c010766,-2.739808,13.33305,CD8 T cells,T cells,4,NK cells
kang_c010767,-3.712122,9.240137,CD4 T cells,T cells,2,T cells
kang_c010769,-2.898844,13.19885,CD8 T cells,T cells,4,NK cells
kang_c010773,11.10605,10.8772,Dendritic cells,dendritic cells,0,monocytes
kang_c010785,-2.605793,10.09426,CD4 T cells,T cells,9,T cells
kang_c010786,-5.516825,10.896,CD4 T cells,T cells,3,T cells
kang_c010793,-2.352731,14.6076,NK cells,NK cells,4,NK cells
kang_c010795,-2.349067,15.31177,NK cells,NK cells,4,NK cells
kang_c010806,-4.460361,8.611187,CD4 T cells,T cells,2,T cells
kang_c010808,12.52499,12.08938,CD14+ Monocytes,monocytes,0,monocytes
kang_c010809,14.63248,12.43367,CD14+ Monocytes,monocytes,0,monocytes
kang_c010817,-4.058528,8.437222,CD4 T cells,T cells,2,T cells
kang_c010819,14.67547,8.892951,FCGR3A+ Monocytes,monocytes,8,monocytes
kang_c010820,-2.918263,8.42709,CD4 T cells,T cells,1,Unknown
kang_c010826,2.207243,7.239954,CD4 T cells,T cells,1,Unknown
kang_c010828,3.738619,-2.127102,B cells,B cells,5,B cells
kang_c010832,-3.927828,9.765142,CD4 T cells,T cells,2,T cells
kang_c010834,11.80046,11.45732,CD14+ Monocytes,monocytes,0,monocytes
kang_c010838,-4.0171,7.69027,CD4 T cells,T cells,2,T cells
kang_c010841,13.52338,12.25615,CD14+ Monocytes,monocytes,0,monocytes
kang_c010844,-4.611492,6.800708,CD4 T cells,T cells,2,T cells
kang_c010845,13.52105,11.00725,CD14+ Monocytes,monocytes,0,monocytes
kang_c010849,-2.785152,14.7368,NK cells,NK cells,4,NK cells
kang_c010854,-5.356296,8.811577,CD4 T cells,T cells,2,T cells
kang_c010857,12.82094,12.35564,CD14+ Monocytes,monocytes,0,monocytes
kang_c010858,13.3346,12.6106,CD14+ Monocytes,monocytes,0,monocytes
kang_c010870,1.535482,-0.1412261,B cells,B cells,5,B cells
kang_c010877,8.408376,7.74896,Megakaryocytes,platelets,11,monocytes
kang_c010882,-4.207904,9.984793,CD4 T cells,T cells,2,T cells
kang_c010890,-2.611556,11.14706,CD4 T cells,T cells,3,T cells
kang_c010893,3.027385,-1.748509,B cells,B cells,5,B cells
kang_c010895,13.33293,11.47587,CD14+ Monocytes,monocytes,0,monocytes
kang_c010907,-2.374856,12.69768,CD8 T cells,T cells,4,NK cells
kang_c010911,-3.033255,9.706323,CD4 T cells,T cells,9,T cells
kang_c010922,-5.03867,7.588028,CD4 T cells,T cells,2,T cells
kang_c010924,-4.875234,6.411905,CD4 T cells,T cells,2,T cells
kang_c010925,13.01118,13.56881,CD14+ Monocytes,monocytes,0,monocytes
kang_c010926,13.2783,10.27381,CD14+ Monocytes,monocytes,0,monocytes
kang_c010927,-4.464849,11.30324,CD4 T cells,T cells,3,T cells
kang_c010928,13.63676,10.94755,CD14+ Monocytes,monocytes,0,monocytes
kang_c010931,-3.918812,9.639494,CD4 T cells,T cells,2,T cells
kang_c010932,-3.369158,13.27234,CD4 T cells,T cells,4,NK cells
kang_c010933,3.213796,-2.129447,B cells,B cells,5,B cells
kang_c010934,3.544143,-2.097058,B cells,B cells,5,B cells
kang_c010935,12.83762,10.72872,CD14+ Monocytes,monocytes,0,monocytes
kang_c010947,-4.545508,9.101423,CD4 T cells,T cells,3,T cells
kang_c010948,-5.026161,7.497005,CD4 T cells,T cells,2,T cells
kang_c010950,-3.515589,15.31263,NK cells,NK cells,4,NK cells
kang_c010951,1.729699,-0.3320038,B cells,B cells,5,B cells
kang_c010957,14.30762,12.59345,CD14+ Monocytes,monocytes,0,monocytes
kang_c010959,-4.006869,11.3757,CD4 T cells,T cells,3,T cells
kang_c010960,15.01737,9.153108,FCGR3A+ Monocytes,monocytes,8,monocytes
kang_c010962,11.84204,11.60649,CD14+ Monocytes,monocytes,0,monocytes
kang_c010970,14.05912,9.753575,FCGR3A+ Monocytes,monocytes,8,monocytes
kang_c010972,-4.251268,8.882844,CD4 T cells,T cells,2,T cells
kang_c010977,2.190928,-0.7261394,B cells,B cells,5,B cells
kang_c010988,2.792175,7.388929,CD4 T cells,T cells,1,Unknown
kang_c010992,3.162962,-2.594987,B cells,B cells,5,B cells
kang_c010998,13.54165,13.05244,CD14+ Monocytes,monocytes,0,monocytes
kang_c011007,-4.50731,10.8955,CD4 T cells,T cells,3,T cells
kang_c011013,-2.346204,9.35233,CD4 T cells,T cells,1,Unknown
kang_c011018,10.59044,10.67145,Dendritic cells,dendritic cells,10,dendritic cells
kang_c011021,13.32941,13.03034,CD14+ Monocytes,monocytes,0,monocytes
kang_c011024,2.199572,-2.897892,B cells,B cells,5,B cells
kang_c011026,-3.706581,6.563004,CD4 T cells,T cells,2,T cells
kang_c011029,-2.209734,13.7731,CD8 T cells,T cells,4,NK cells
kang_c011032,11.62325,10.82573,CD14+ Monocytes,monocytes,0,monocytes
kang_c011033,13.23853,12.87173,CD14+ Monocytes,monocytes,0,monocytes
kang_c011043,-3.947387,11.57674,CD4 T cells,T cells,3,T cells
kang_c011046,-3.544842,11.26485,CD4 T cells,T cells,3,T cells
kang_c011047,15.04782,9.226437,FCGR3A+ Monocytes,monocytes,8,monocytes
kang_c011048,-5.313048,9.591169,CD4 T cells,T cells,3,T cells
kang_c011053,3.309038,-2.252535,B cells,B cells,5,B cells
kang_c011057,-3.72942,11.45059,CD4 T cells,T cells,3,T cells
kang_c011058,-5.56463,10.63951,CD4 T cells,T cells,3,T cells
kang_c011061,15.31321,9.595962,FCGR3A+ Monocytes,monocytes,8,monocytes
kang_c011064,-1.699068,8.462216,CD4 T cells,T cells,1,Unknown
kang_c011073,-3.649879,8.143579,CD4 T cells,T cells,2,T cells
kang_c011082,-5.121681,10.04708,CD4 T cells,T cells,3,T cells
kang_c011086,-2.477302,9.393373,CD4 T cells,T cells,2,T cells
kang_c011099,-3.328806,6.211801,CD4 T cells,T cells,2,T cells
kang_c011101,2.248619,-0.7750401,B cells,B cells,5,B cells
kang_c011104,-3.043974,8.956272,CD4 T cells,T cells,2,T cells
kang_c011106,-3.490608,12.07816,CD4 T cells,T cells,3,T cells
kang_c011108,-5.378502,10.57324,CD4 T cells,T cells,3,T cells
kang_c011113,-3.844431,10.07796,CD4 T cells,T cells,2,T cells
kang_c011114,-4.771281,11.67311,CD4 T cells,T cells,3,T cells
kang_c011116,-5.360111,8.146317,CD4 T cells,T cells,2,T cells
kang_c011117,-2.928241,15.40669,NK cells,NK cells,4,NK cells
kang_c011120,-5.114573,8.958844,CD4 T cells,T cells,2,T cells
kang_c011125,3.81631,-1.703429,B cells,B cells,5,B cells
kang_c011132,14.94711,12.70501,CD14+ Monocytes,monocytes,0,monocytes
kang_c011133,-3.033899,14.71718,NK cells,NK cells,4,NK cells
kang_c011134,14.8092,9.089649,FCGR3A+ Monocytes,monocytes,8,monocytes
kang_c011135,14.68765,11.39328,CD14+ Monocytes,monocytes,0,monocytes
kang_c011143,2.729675,-2.438112,B cells,B cells,5,B cells
kang_c011145,-4.115682,6.937343,CD4 T cells,T cells,2,T cells
kang_c011148,14.06803,11.00679,CD14+ Monocytes,monocytes,0,monocytes
kang_c011149,-4.208386,6.422248,CD4 T cells,T cells,2,T cells
kang_c011152,-5.222231,10.44518,CD4 T cells,T cells,3,T cells
kang_c011160,-2.937344,13.03708,CD8 T cells,T cells,4,NK cells
kang_c011164,-5.430256,10.69945,CD4 T cells,T cells,3,T cells
kang_c011166,13.12269,11.33624,CD14+ Monocytes,monocytes,0,monocytes
kang_c011167,13.18096,13.92233,CD14+ Monocytes,monocytes,0,monocytes
kang_c011174,2.414128,7.675752,CD4 T cells,T cells,1,Unknown
kang_c011180,3.215398,-2.272399,NK cells,NK cells,5,B cells
kang_c011191,-3.964348,11.80846,CD4 T cells,T cells,3,T cells
kang_c011192,13.34552,9.819783,FCGR3A+ Monocytes,monocytes,0,monocytes
kang_c011193,-5.841158,9.724456,CD4 T cells,T cells,3,T cells
kang_c011197,-5.410193,7.299858,CD4 T cells,T cells,2,T cells
kang_c011200,-3.561912,7.222607,CD4 T cells,T cells,2,T cells
kang_c011207,-1.57598,12.70744,CD8 T cells,T cells,4,NK cells
kang_c011215,-4.862025,10.17166,CD4 T cells,T cells,3,T cells
kang_c011222,-5.353548,9.770004,CD4 T cells,T cells,3,T cells
kang_c011223,12.52449,10.69994,Dendritic cells,dendritic cells,0,monocytes
kang_c011224,-1.884004,8.37056,CD4 T cells,T cells,1,Unknown
kang_c011226,14.31478,11.37743,CD14+ Monocytes,monocytes,0,monocytes
kang_c011233,-1.1568,13.73953,CD8 T cells,T cells,4,NK cells
kang_c011235,14.29771,10.97993,CD14+ Monocytes,monocytes,0,monocytes
kang_c011236,14.63355,11.52569,CD14+ Monocytes,monocytes,0,monocytes
kang_c011237,-5.595627,7.417447,CD4 T cells,T cells,2,T cells
kang_c011242,12.51731,8.999279,CD14+ Monocytes,monocytes,0,monocytes
kang_c011245,2.405656,-3.054075,B cells,B cells,5,B cells
kang_c011247,-5.147104,11.50033,CD4 T cells,T cells,3,T cells
kang_c011251,-3.166529,14.6293,NK cells,NK cells,4,NK cells
kang_c011254,2.706405,-1.751127,B cells,B cells,5,B cells
kang_c011264,-3.156056,10.9869,CD4 T cells,T cells,3,T cells
kang_c011272,14.50206,9.048422,FCGR3A+ Monocytes,monocytes,8,monocytes
kang_c011281,-2.086741,13.55032,CD8 T cells,T cells,4,NK cells
kang_c011284,15.49952,9.411556,FCGR3A+ Monocytes,monocytes,8,monocytes
kang_c011285,11.95791,12.62378,CD14+ Monocytes,monocytes,0,monocytes
kang_c011295,-2.754123,13.41216,CD8 T cells,T cells,4,NK cells
kang_c011303,-3.830065,11.18109,CD4 T cells,T cells,3,T cells
kang_c011305,-3.874349,11.08782,CD4 T cells,T cells,3,T cells
kang_c011307,-2.240323,14.13968,NK cells,NK cells,4,NK cells
kang_c011308,-3.675545,9.149396,CD4 T cells,T cells,2,T cells
kang_c011310,-3.41115,7.333812,CD4 T cells,T cells,2,T cells
kang_c011315,12.07944,11.66928,CD14+ Monocytes,monocytes,0,monocytes
kang_c011322,-2.324889,14.73499,NK cells,NK cells,4,NK cells
kang_c011323,13.8678,10.83139,CD14+ Monocytes,monocytes,0,monocytes
kang_c011324,2.800389,7.45725,CD4 T cells,T cells,1,Unknown
kang_c011325,-1.408712,12.75579,CD8 T cells,T cells,4,NK cells
kang_c011326,1.743443,-2.676788,B cells,B cells,5,B cells
kang_c011337,12.19733,12.36283,CD14+ Monocytes,monocytes,0,monocytes
kang_c011341,-4.208568,11.22691,CD4 T cells,T cells,3,T cells
kang_c011345,-2.600446,8.398695,CD4 T cells,T cells,2,T cells
kang_c011346,13.63906,10.72147,FCGR3A+ Monocytes,monocytes,0,monocytes
kang_c011349,12.05862,11.95404,CD14+ Monocytes,monocytes,0,monocytes
kang_c011351,-3.774031,10.73101,CD4 T cells,T cells,3,T cells
kang_c011352,-2.551851,6.469218,CD4 T cells,T cells,7,T cells
kang_c011362,-5.095453,9.829274,CD4 T cells,T cells,2,T cells
kang_c011375,13.32356,9.486998,CD14+ Monocytes,monocytes,0,monocytes
kang_c011381,14.54255,12.12765,CD14+ Monocytes,monocytes,0,monocytes
kang_c011389,12.58137,11.10137,CD14+ Monocytes,monocytes,0,monocytes
kang_c011395,-2.747369,12.20335,CD4 T cells,T cells,4,NK cells
kang_c011396,9.838663,10.04814,Dendritic cells,dendritic cells,10,dendritic cells
kang_c011400,15.48461,9.23096,FCGR3A+ Monocytes,monocytes,8,monocytes
kang_c011404,-1.161408,13.87977,CD8 T cells,T cells,4,NK cells
kang_c011413,14.23973,11.14138,CD14+ Monocytes,monocytes,0,monocytes
kang_c011415,14.88011,9.366542,FCGR3A+ Monocytes,monocytes,8,monocytes
kang_c011419,-3.639051,9.228446,CD4 T cells,T cells,2,T cells
kang_c011420,14.81569,9.501855,FCGR3A+ Monocytes,monocytes,8,monocytes
kang_c011421,2.665418,-1.799638,B cells,B cells,5,B cells
kang_c011423,15.81007,9.532927,FCGR3A+ Monocytes,monocytes,8,monocytes
kang_c011426,14.65274,11.15327,CD14+ Monocytes,monocytes,0,monocytes
kang_c011427,-2.066345,12.28339,CD8 T cells,T cells,4,NK cells
kang_c011430,14.94977,9.069733,FCGR3A+ Monocytes,monocytes,8,monocytes
kang_c011437,15.71259,9.493622,FCGR3A+ Monocytes,monocytes,8,monocytes
kang_c011438,15.05211,8.412375,FCGR3A+ Monocytes,monocytes,8,monocytes
kang_c011443,13.25054,12.75478,CD14+ Monocytes,monocytes,0,monocytes
kang_c011445,-4.916193,7.295776,CD4 T cells,T cells,2,T cells
kang_c011453,-4.15264,9.444259,CD4 T cells,T cells,2,T cells
kang_c011458,-2.826466,6.295421,CD4 T cells,T cells,7,T cells
kang_c011460,4.601072,-2.19582,Dendritic cells,dendritic cells,15,Unknown
kang_c011465,3.127428,-2.213027,B cells,B cells,5,B cells
kang_c011466,14.15518,12.76031,CD14+ Monocytes,monocytes,0,monocytes
kang_c011470,12.71106,10.72378,CD14+ Monocytes,monocytes,0,monocytes
kang_c011471,12.26703,11.6981,CD14+ Monocytes,monocytes,0,monocytes
kang_c011476,-2.097796,13.24668,CD8 T cells,T cells,4,NK cells
kang_c011483,-2.291193,13.29725,CD8 T cells,T cells,4,NK cells
kang_c011487,-2.290427,14.7042,NK cells,NK cells,4,NK cells
kang_c011490,12.9561,13.52491,CD14+ Monocytes,monocytes,0,monocytes
kang_c011492,-5.20075,7.376328,CD4 T cells,T cells,2,T cells
kang_c011501,12.43515,11.69317,CD14+ Monocytes,monocytes,0,monocytes
kang_c011502,-5.126762,10.05633,CD4 T cells,T cells,3,T cells
kang_c011510,-4.663576,7.36075,CD4 T cells,T cells,2,T cells
kang_c011516,-4.338356,10.45911,CD4 T cells,T cells,3,T cells
kang_c011523,-3.601685,9.274456,CD4 T cells,T cells,2,T cells
kang_c011525,1.459796,-2.042595,B cells,B cells,5,B cells
kang_c011530,-4.756098,7.451357,CD4 T cells,T cells,2,T cells
kang_c011533,-4.539537,10.96162,CD4 T cells,T cells,3,T cells
kang_c011538,-3.737677,10.61971,CD4 T cells,T cells,2,T cells
kang_c011543,-2.499532,8.294446,CD4 T cells,T cells,1,Unknown
kang_c011545,2.029999,-2.077606,B cells,B cells,5,B cells
kang_c011547,12.89682,10.98729,CD14+ Monocytes,monocytes,0,monocytes
kang_c011550,-4.307851,6.8132,CD4 T cells,T cells,2,T cells
kang_c011552,-3.51003,14.44523,NK cells,NK cells,4,NK cells
kang_c011554,-1.752224,9.152873,CD4 T cells,T cells,1,Unknown
kang_c011558,-4.185697,8.539656,CD4 T cells,T cells,2,T cells
kang_c011559,-2.675105,11.09106,CD4 T cells,T cells,1,Unknown
kang_c011562,-3.536041,8.307633,CD4 T cells,T cells,2,T cells
kang_c011565,-4.829322,11.15324,CD4 T cells,T cells,3,T cells
kang_c011568,-1.951972,10.49834,CD4 T cells,T cells,9,T cells
kang_c011583,-1.695165,8.476818,CD4 T cells,T cells,1,Unknown
kang_c011585,-3.180892,8.362238,CD4 T cells,T cells,2,T cells
kang_c011593,1.74121,7.242907,CD4 T cells,T cells,1,Unknown
kang_c011595,11.66946,11.36259,CD14+ Monocytes,monocytes,0,monocytes
kang_c011597,13.09312,9.35306,CD14+ Monocytes,monocytes,0,monocytes
kang_c011599,12.97902,10.13888,CD14+ Monocytes,monocytes,0,monocytes
kang_c011602,13.18893,12.23939,CD14+ Monocytes,monocytes,0,monocytes
kang_c011603,-2.926076,14.62243,NK cells,NK cells,4,NK cells
kang_c011616,-2.433022,13.5449,CD8 T cells,T cells,4,NK cells
kang_c011619,-3.366171,8.255874,CD4 T cells,T cells,2,T cells
kang_c011621,-4.705207,10.7395,CD4 T cells,T cells,3,T cells
kang_c011644,-4.717252,5.909909,CD4 T cells,T cells,2,T cells
kang_c011645,11.99966,11.64623,CD14+ Monocytes,monocytes,0,monocytes
kang_c011649,-3.650116,15.2366,NK cells,NK cells,4,NK cells
kang_c011657,-2.431555,14.71289,NK cells,NK cells,4,NK cells
kang_c011672,-3.11092,6.59126,CD4 T cells,T cells,2,T cells
kang_c011681,11.92481,11.89699,CD14+ Monocytes,monocytes,0,monocytes
kang_c011686,-1.487679,13.03728,CD8 T cells,T cells,4,NK cells
kang_c011687,1.472921,-0.2405068,B cells,B cells,5,B cells
kang_c011691,-4.914517,10.15065,CD4 T cells,T cells,3,T cells
kang_c011696,2.303941,-0.718614,B cells,B cells,0,monocytes
kang_c011699,-2.577496,14.29866,CD8 T cells,T cells,4,NK cells
kang_c011700,-2.249466,14.36185,NK cells,NK cells,4,NK cells
kang_c011702,14.66509,11.86931,CD14+ Monocytes,monocytes,0,monocytes
kang_c011704,-3.045038,12.60949,CD4 T cells,T cells,4,NK cells
kang_c011706,2.833291,7.287519,CD4 T cells,T cells,1,Unknown
kang_c011716,-5.29617,11.36319,CD4 T cells,T cells,3,T cells
kang_c011717,12.78191,4.987975,CD14+ Monocytes,monocytes,13,monocytes
kang_c011724,2.638829,-1.826252,B cells,B cells,5,B cells
kang_c011725,-3.229721,9.372443,CD4 T cells,T cells,2,T cells
kang_c011726,1.550526,-0.6708528,B cells,B cells,5,B cells
kang_c011730,14.02472,13.33778,CD14+ Monocytes,monocytes,0,monocytes
kang_c011731,-4.443222,7.463388,CD4 T cells,T cells,2,T cells
kang_c011743,12.63787,12.70549,CD14+ Monocytes,monocytes,0,monocytes
kang_c011744,-3.400914,14.16291,NK cells,NK cells,4,NK cells
kang_c011748,-3.217197,8.917617,CD4 T cells,T cells,1,Unknown
kang_c011749,-3.371132,9.766314,CD4 T cells,T cells,2,T cells
kang_c011752,-4.984105,7.02434,CD4 T cells,T cells,2,T cells
kang_c011761,14.20517,12.75702,CD14+ Monocytes,monocytes,0,monocytes
kang_c011765,12.2872,9.802539,CD14+ Monocytes,monocytes,0,monocytes
kang_c011766,2.516741,7.43249,CD4 T cells,T cells,1,Unknown
kang_c011775,-4.753608,8.65694,CD4 T cells,T cells,2,T cells
kang_c011776,-4.895913,9.563556,CD4 T cells,T cells,2,T cells
kang_c011777,-3.91693,8.308722,CD4 T cells,T cells,2,T cells
kang_c011782,-5.065814,7.144991,CD4 T cells,T cells,2,T cells
kang_c011788,-1.827472,14.80048,NK cells,NK cells,4,NK cells
kang_c011789,1.91284,-1.711367,B cells,B cells,5,B cells
kang_c011800,10.33932,10.06489,Dendritic cells,dendritic cells,10,dendritic cells
kang_c011803,10.62231,10.76355,Dendritic cells,dendritic cells,10,dendritic cells
kang_c011805,13.73682,12.33666,CD14+ Monocytes,monocytes,0,monocytes
kang_c011810,13.22138,12.16273,CD14+ Monocytes,monocytes,0,monocytes
kang_c011817,-3.166279,13.74607,CD4 T cells,T cells,4,NK cells
kang_c011821,-2.99287,7.888999,CD4 T cells,T cells,2,T cells
kang_c011828,11.76011,11.28277,CD14+ Monocytes,monocytes,0,monocytes
kang_c011835,13.67627,11.25186,CD14+ Monocytes,monocytes,0,monocytes
kang_c011837,14.31712,10.77608,CD14+ Monocytes,monocytes,0,monocytes
kang_c011839,-0.4579415,13.05506,CD4 T cells,T cells,12,NK cells
kang_c011845,-2.962936,6.401253,CD4 T cells,T cells,2,T cells
kang_c011849,-2.589979,7.566994,CD4 T cells,T cells,7,T cells
kang_c011854,-5.228191,7.15417,CD4 T cells,T cells,2,T cells
kang_c011857,-2.750908,12.93601,CD8 T cells,T cells,4,NK cells
kang_c011860,2.78185,-1.918099,B cells,B cells,5,B cells
kang_c011861,2.598649,-1.507331,B cells,B cells,5,B cells
kang_c011863,14.25588,12.03042,CD14+ Monocytes,monocytes,0,monocytes
kang_c011869,-3.370739,7.360608,CD4 T cells,T cells,2,T cells
kang_c011870,12.45094,12.01942,CD14+ Monocytes,monocytes,0,monocytes
kang_c011879,-4.816644,8.540409,CD4 T cells,T cells,2,T cells
kang_c011880,12.62201,11.42948,CD14+ Monocytes,monocytes,0,monocytes
kang_c011881,-3.120384,9.694953,CD4 T cells,T cells,2,T cells
kang_c011882,-1.680401,14.53938,NK cells,NK cells,4,NK cells
kang_c011887,3.175611,-2.803519,B cells,B cells,5,B cells
kang_c011888,-3.96975,11.11676,CD4 T cells,T cells,3,T cells
kang_c011893,-3.678095,8.949826,CD4 T cells,T cells,2,T cells
kang_c011895,13.62347,11.55584,CD14+ Monocytes,monocytes,0,monocytes
kang_c011897,-3.25655,14.96216,NK cells,NK cells,4,NK cells
kang_c011905,14.5407,11.06856,CD14+ Monocytes,monocytes,0,monocytes
kang_c011908,15.6968,9.35366,FCGR3A+ Monocytes,monocytes,8,monocytes
kang_c011910,12.80981,12.26315,CD14+ Monocytes,monocytes,0,monocytes
kang_c011917,-3.940783,11.8608,CD4 T cells,T cells,3,T cells
kang_c011919,12.5746,9.07367,CD14+ Monocytes,monocytes,0,monocytes
kang_c011931,14.35822,12.88565,CD14+ Monocytes,monocytes,0,monocytes
kang_c011933,2.625853,-2.053921,B cells,B cells,5,B cells
kang_c011936,-4.741673,8.483678,CD4 T cells,T cells,2,T cells
kang_c011937,2.066193,7.029405,CD4 T cells,T cells,1,Unknown
kang_c011938,-2.39882,12.60468,CD8 T cells,T cells,4,NK cells
kang_c011943,-4.564043,9.438287,CD4 T cells,T cells,2,T cells
kang_c011948,13.27032,11.09135,CD14+ Monocytes,monocytes,0,monocytes
kang_c011951,3.02296,-2.739464,B cells,B cells,5,B cells
kang_c011952,12.77096,10.19389,CD14+ Monocytes,monocytes,0,monocytes
kang_c011954,-4.314049,9.519575,CD4 T cells,T cells,2,T cells
kang_c011955,-5.838421,8.421708,CD4 T cells,T cells,2,T cells
kang_c011965,1.449575,-2.29446,B cells,B cells,5,B cells
kang_c011966,-3.692985,10.20614,CD4 T cells,T cells,2,T cells
kang_c011967,-3.759674,11.68882,CD4 T cells,T cells,3,T cells
kang_c011973,15.47124,8.601078,FCGR3A+ Monocytes,monocytes,8,monocytes
kang_c011977,1.47367,-0.1047287,B cells,B cells,5,B cells
kang_c011980,12.73457,11.40277,CD14+ Monocytes,monocytes,0,monocytes
kang_c011981,-2.827243,13.43055,CD8 T cells,T cells,4,NK cells
kang_c011984,-4.909594,8.834002,CD4 T cells,T cells,2,T cells
kang_c012004,13.97956,8.079028,FCGR3A+ Monocytes,monocytes,8,monocytes
kang_c012005,-4.843856,10.26369,CD4 T cells,T cells,3,T cells
kang_c012013,14.46519,11.71946,CD14+ Monocytes,monocytes,0,monocytes
kang_c012018,11.39122,11.29732,CD14+ Monocytes,monocytes,0,monocytes
kang_c012021,-2.57535,11.39347,CD4 T cells,T cells,4,NK cells
kang_c012027,-3.532207,10.18109,CD4 T cells,T cells,3,T cells
kang_c012028,-3.308726,8.22008,CD4 T cells,T cells,2,T cells
kang_c012030,-4.751036,10.40191,CD4 T cells,T cells,3,T cells
kang_c012033,-4.246309,7.306157,CD4 T cells,T cells,2,T cells
kang_c012037,-2.941441,10.07271,CD4 T cells,T cells,2,T cells
kang_c012040,-4.067869,8.357992,CD4 T cells,T cells,2,T cells
kang_c012041,13.37445,13.78012,CD14+ Monocytes,monocytes,0,monocytes
kang_c012044,-1.8335,13.24039,CD8 T cells,T cells,4,NK cells
kang_c012049,-2.708146,13.79793,CD8 T cells,T cells,4,NK cells
kang_c012062,-4.035146,10.39739,CD4 T cells,T cells,3,T cells
kang_c012063,-4.502126,10.3046,CD4 T cells,T cells,3,T cells
kang_c012074,-5.444445,7.542264,CD4 T cells,T cells,2,T cells
kang_c012077,15.62091,9.582341,FCGR3A+ Monocytes,monocytes,8,monocytes
kang_c012080,11.59241,11.11435,CD14+ Monocytes,monocytes,0,monocytes
kang_c012081,-2.45922,10.05757,CD4 T cells,T cells,9,T cells
kang_c012083,-2.651235,13.92524,CD8 T cells,T cells,4,NK cells
kang_c012084,-3.543186,9.411533,CD4 T cells,T cells,2,T cells
kang_c012087,1.878437,-2.860864,B cells,B cells,5,B cells
kang_c012088,-1.673507,14.38844,CD8 T cells,T cells,4,NK cells
kang_c012107,2.270491,-2.568342,B cells,B cells,5,B cells
kang_c012113,-4.326971,10.15119,CD4 T cells,T cells,3,T cells
kang_c012114,-5.671581,7.820127,CD4 T cells,T cells,2,T cells
kang_c012116,13.1392,10.14203,CD14+ Monocytes,monocytes,0,monocytes
kang_c012131,-2.513427,7.97079,CD4 T cells,T cells,1,Unknown
kang_c012135,-4.219992,10.09743,CD4 T cells,T cells,3,T cells
kang_c012136,-3.571353,11.85235,CD4 T cells,T cells,3,T cells
kang_c012141,-2.009946,13.03607,CD8 T cells,T cells,4,NK cells
kang_c012145,-5.160743,7.251342,CD4 T cells,T cells,2,T cells
kang_c012147,14.6256,11.28854,CD14+ Monocytes,monocytes,0,monocytes
kang_c012150,-2.823019,6.751133,CD4 T cells,T cells,2,T cells
kang_c012163,-3.306387,11.6445,CD4 T cells,T cells,3,T cells
kang_c012166,5.175107,-2.559677,Dendritic cells,dendritic cells,15,Unknown
kang_c012168,-3.177658,8.792569,CD4 T cells,T cells,2,T cells
kang_c012170,13.20009,11.62218,CD14+ Monocytes,monocytes,0,monocytes
kang_c012171,-2.376266,11.95104,CD4 T cells,T cells,4,NK cells
kang_c012173,-5.316477,11.25287,CD4 T cells,T cells,3,T cells
kang_c012175,-2.321546,9.361323,CD4 T cells,T cells,9,T cells
kang_c012177,12.70484,10.62725,CD14+ Monocytes,monocytes,0,monocytes
kang_c012178,-2.218983,14.21416,NK cells,NK cells,4,NK cells
kang_c012180,13.56191,11.39389,CD14+ Monocytes,monocytes,0,monocytes
kang_c012192,-2.285867,13.30589,CD4 T cells,T cells,4,NK cells
kang_c012200,-4.184578,9.432604,CD4 T cells,T cells,2,T cells
kang_c012202,-1.818725,15.19097,NK cells,NK cells,4,NK cells
kang_c012204,-5.095897,10.4133,CD4 T cells,T cells,3,T cells
kang_c012212,14.43435,11.37914,CD14+ Monocytes,monocytes,0,monocytes
kang_c012218,-3.6465,6.108965,CD4 T cells,T cells,2,T cells
kang_c012219,13.04684,8.769038,CD14+ Monocytes,monocytes,0,monocytes
kang_c012220,-3.097887,9.850681,CD4 T cells,T cells,2,T cells
kang_c012222,14.08669,11.48074,CD14+ Monocytes,monocytes,0,monocytes
kang_c012223,-2.605187,12.44158,CD8 T cells,T cells,4,NK cells
kang_c012234,-3.780146,8.088541,CD4 T cells,T cells,2,T cells
kang_c012235,-1.838962,14.70802,NK cells,NK cells,4,NK cells
kang_c012238,-3.818171,6.489413,CD4 T cells,T cells,2,T cells
kang_c012242,-2.984075,10.06155,CD4 T cells,T cells,2,T cells
kang_c012248,-3.623611,8.149714,CD4 T cells,T cells,14,platelets
kang_c012250,-4.731238,10.11294,CD4 T cells,T cells,3,T cells
kang_c012251,-3.749766,8.60791,CD4 T cells,T cells,2,T cells
kang_c012253,-5.607757,10.84723,CD4 T cells,T cells,3,T cells
kang_c012254,13.33604,10.99113,CD14+ Monocytes,monocytes,0,monocytes
kang_c012256,-1.33656,13.62773,CD8 T cells,T cells,4,NK cells
kang_c012259,3.307075,-2.024318,B cells,B cells,5,B cells
kang_c012261,-5.024859,7.984037,CD4 T cells,T cells,2,T cells
kang_c012264,13.14424,10.02117,CD14+ Monocytes,monocytes,0,monocytes
kang_c012270,3.137202,-3.248485,B cells,B cells,5,B cells
kang_c012271,14.09992,10.59297,CD14+ Monocytes,monocytes,0,monocytes
kang_c012273,-4.709917,8.303679,CD4 T cells,T cells,2,T cells
kang_c012276,13.27373,10.65871,CD14+ Monocytes,monocytes,0,monocytes
kang_c012278,2.040574,-2.525645,B cells,B cells,5,B cells
kang_c012280,-5.284159,9.244928,CD4 T cells,T cells,2,T cells
kang_c012282,2.305914,-3.198146,B cells,B cells,5,B cells
kang_c012303,-3.369567,9.467751,CD4 T cells,T cells,2,T cells
kang_c012307,-4.473757,8.902287,CD4 T cells,T cells,2,T cells
kang_c012308,13.29558,13.65507,CD14+ Monocytes,monocytes,0,monocytes
kang_c012314,-4.193755,10.0268,CD4 T cells,T cells,3,T cells
kang_c012316,5.639186,-2.742072,Dendritic cells,dendritic cells,15,Unknown
kang_c012317,3.766004,-0.2523532,B cells,B cells,16,B cells
kang_c012321,-1.675786,6.677526,CD4 T cells,T cells,7,T cells
kang_c012323,12.15364,5.688488,CD14+ Monocytes,monocytes,13,monocytes
kang_c012324,10.73197,6.654874,CD14+ Monocytes,monocytes,11,monocytes
kang_c012328,4.637028,0.01541967,B cells,B cells,16,B cells
kang_c012332,12.21613,4.641959,CD14+ Monocytes,monocytes,13,monocytes
kang_c012333,11.80152,5.77611,CD14+ Monocytes,monocytes,13,monocytes
kang_c012341,11.97185,4.482195,CD14+ Monocytes,monocytes,13,monocytes
kang_c012347,13.20759,5.291583,CD14+ Monocytes,monocytes,13,monocytes
kang_c012349,1.843053,8.002372,CD4 T cells,T cells,1,Unknown
kang_c012350,3.67179,0.5243792,B cells,B cells,16,B cells
kang_c012356,-1.040688,16.16917,CD8 T cells,T cells,6,NK cells
kang_c012359,12.68433,5.57978,CD14+ Monocytes,monocytes,13,monocytes
kang_c012361,12.27761,6.109872,CD14+ Monocytes,monocytes,13,monocytes
kang_c012365,-0.05014567,12.88545,CD8 T cells,T cells,12,NK cells
kang_c012368,-2.245074,7.184986,CD4 T cells,T cells,14,platelets
kang_c012369,-0.700329,15.76615,NK cells,NK cells,6,NK cells
kang_c012372,5.063412,0.00984617,B cells,B cells,16,B cells
kang_c012373,4.079294,0.06568193,B cells,B cells,16,B cells
kang_c012375,12.13886,5.000487,CD14+ Monocytes,monocytes,13,monocytes
kang_c012378,-0.4781965,6.502616,CD4 T cells,T cells,7,T cells
kang_c012383,12.15533,6.104632,CD14+ Monocytes,monocytes,13,monocytes
kang_c012387,0.040248,15.33448,NK cells,NK cells,6,NK cells
kang_c012392,-0.5202985,9.776887,CD4 T cells,T cells,9,T cells
kang_c012398,3.673803,-0.2809961,B cells,B cells,16,B cells
kang_c012399,2.537271,-0.08184454,B cells,B cells,5,B cells
kang_c012400,12.44819,5.323408,CD14+ Monocytes,monocytes,13,monocytes
kang_c012401,-0.5313504,14.54785,CD8 T cells,T cells,6,NK cells
kang_c012404,11.32598,4.228185,CD14+ Monocytes,monocytes,13,monocytes
kang_c012405,13.52328,6.748449,CD14+ Monocytes,monocytes,13,monocytes
kang_c012410,12.87597,6.223931,CD14+ Monocytes,monocytes,13,monocytes
kang_c012416,-1.653048,14.1534,NK cells,NK cells,4,NK cells
kang_c012423,5.496899,-2.544946,Dendritic cells,dendritic cells,15,Unknown
kang_c012434,5.076238,0.5722252,B cells,B cells,16,B cells
kang_c012446,-1.738102,10.06486,CD4 T cells,T cells,9,T cells
kang_c012449,-2.042345,9.651717,CD4 T cells,T cells,9,T cells
kang_c012453,14.45296,5.492721,Dendritic cells,dendritic cells,13,monocytes
kang_c012459,4.457075,-0.1916424,B cells,B cells,16,B cells
kang_c012476,-0.410889,15.01124,NK cells,NK cells,6,NK cells
kang_c012478,0.9269526,9.602729,CD4 T cells,T cells,9,T cells
kang_c012484,0.5925733,13.47725,CD8 T cells,T cells,12,NK cells
kang_c012488,-1.048811,6.807785,CD4 T cells,T cells,7,T cells
kang_c012489,0.08422168,12.49699,CD8 T cells,T cells,12,NK cells
kang_c012496,-1.062408,6.219612,CD4 T cells,T cells,7,T cells
kang_c012497,0.04680661,8.399524,CD4 T cells,T cells,7,T cells
kang_c012499,11.7168,6.393311,CD14+ Monocytes,monocytes,11,monocytes
kang_c012501,11.44752,5.0368,CD14+ Monocytes,monocytes,13,monocytes
kang_c012512,0.2705226,9.321609,CD4 T cells,T cells,9,T cells
kang_c012520,10.64337,6.8413,CD14+ Monocytes,monocytes,11,monocytes
kang_c012521,1.117858,8.18475,CD4 T cells,T cells,1,Unknown
kang_c012523,-0.0797911,10.74904,CD4 T cells,T cells,9,T cells
kang_c012526,-1.591822,6.032716,CD4 T cells,T cells,7,T cells
kang_c012527,13.30796,4.682225,CD14+ Monocytes,monocytes,13,monocytes
kang_c012530,12.15853,5.24335,CD14+ Monocytes,monocytes,13,monocytes
kang_c012537,-0.460454,11.35197,CD4 T cells,T cells,12,NK cells
kang_c012538,0.5491736,12.23997,CD8 T cells,T cells,12,NK cells
kang_c012539,-0.357041,9.294222,CD4 T cells,T cells,9,T cells
kang_c012540,-1.807208,6.900747,CD4 T cells,T cells,7,T cells
kang_c012552,-0.4388699,7.051846,CD4 T cells,T cells,7,T cells
kang_c012553,11.85551,7.019818,CD14+ Monocytes,monocytes,13,monocytes
kang_c012561,11.69573,5.562736,CD14+ Monocytes,monocytes,13,monocytes
kang_c012579,11.27486,6.664646,CD14+ Monocytes,monocytes,11,monocytes
kang_c012581,-0.1295656,13.46085,CD8 T cells,T cells,12,NK cells
kang_c012589,11.23746,6.324409,CD14+ Monocytes,monocytes,11,monocytes
kang_c012594,-0.8360342,6.828917,CD4 T cells,T cells,7,T cells
kang_c012599,13.21864,7.031439,CD14+ Monocytes,monocytes,13,monocytes
kang_c012608,0.6858852,7.574968,CD4 T cells,T cells,7,T cells
kang_c012610,-0.8073727,15.43705,NK cells,NK cells,6,NK cells
kang_c012618,-1.803921,10.74339,CD4 T cells,T cells,9,T cells
kang_c012619,11.21841,6.100955,CD14+ Monocytes,monocytes,11,monocytes
kang_c012627,-1.403307,10.0872,CD4 T cells,T cells,9,T cells
kang_c012634,4.127839,-0.2510421,B cells,B cells,16,B cells
kang_c012637,14.29335,5.580918,Dendritic cells,dendritic cells,13,monocytes
kang_c012644,-1.881501,5.930061,CD4 T cells,T cells,7,T cells
kang_c012646,-1.164082,15.88507,NK cells,NK cells,6,NK cells
kang_c012648,14.58456,7.493424,FCGR3A+ Monocytes,monocytes,8,monocytes
kang_c012649,12.98779,5.819367,CD14+ Monocytes,monocytes,13,monocytes
kang_c012653,4.732816,0.07014056,B cells,B cells,16,B cells
kang_c012656,0.2189508,9.978355,CD4 T cells,T cells,9,T cells
kang_c012666,2.052937,7.825635,CD4 T cells,T cells,1,Unknown
kang_c012672,14.85471,6.534832,FCGR3A+ Monocytes,monocytes,8,monocytes
kang_c012674,-1.210072,7.430967,CD4 T cells,T cells,7,T cells
kang_c012682,12.32468,4.414084,CD14+ Monocytes,monocytes,13,monocytes
kang_c012686,14.53896,6.694664,FCGR3A+ Monocytes,monocytes,8,monocytes
kang_c012689,0.2959724,9.58079,CD4 T cells,T cells,9,T cells
kang_c012690,-1.962099,5.96475,CD4 T cells,T cells,7,T cells
kang_c012691,4.4463,-0.5466113,B cells,B cells,16,B cells
kang_c012693,-0.7386022,5.314722,CD4 T cells,T cells,7,T cells
kang_c012697,-1.960011,16.22312,NK cells,NK cells,6,NK cells
kang_c012700,14.91684,6.391848,FCGR3A+ Monocytes,monocytes,8,monocytes
kang_c012710,-1.873459,7.068176,CD4 T cells,T cells,7,T cells
kang_c012719,-1.787997,7.3012,CD4 T cells,T cells,14,platelets
kang_c012727,12.35975,5.473927,CD14+ Monocytes,monocytes,13,monocytes
kang_c012730,11.24166,5.63063,CD14+ Monocytes,monocytes,13,monocytes
kang_c012731,-0.4198448,7.915263,CD4 T cells,T cells,7,T cells
kang_c012740,2.520758,0.5453504,B cells,B cells,5,B cells
kang_c012741,-1.406544,9.253715,CD4 T cells,T cells,9,T cells
kang_c012744,-1.898897,8.864878,B cells,B cells,2,T cells
kang_c012746,-0.2508023,12.37168,CD4 T cells,T cells,12,NK cells
kang_c012748,12.7746,5.174492,CD14+ Monocytes,monocytes,13,monocytes
kang_c012753,12.92969,6.712236,CD14+ Monocytes,monocytes,13,monocytes
kang_c012754,-0.3766743,9.401567,CD4 T cells,T cells,9,T cells
kang_c012757,0.6771534,8.05122,CD4 T cells,T cells,7,T cells
kang_c012759,4.668091,1.228528,B cells,B cells,16,B cells
kang_c012760,-0.5563639,15.1452,NK cells,NK cells,6,NK cells
kang_c012765,11.98859,6.945814,CD14+ Monocytes,monocytes,13,monocytes
kang_c012769,-0.7661058,9.519737,CD4 T cells,T cells,9,T cells
kang_c012779,-0.9699205,16.16911,NK cells,NK cells,6,NK cells
kang_c012784,-0.6814388,9.313686,CD4 T cells,T cells,7,T cells
kang_c012791,12.93227,4.758474,CD14+ Monocytes,monocytes,13,monocytes
kang_c012796,-0.3664868,11.50938,CD4 T cells,T cells,12,NK cells
kang_c012817,0.9005988,7.851246,CD4 T cells,T cells,7,T cells
kang_c012822,-2.676553,11.24813,CD4 T cells,T cells,3,T cells
kang_c012823,14.25257,6.75251,FCGR3A+ Monocytes,monocytes,8,monocytes
kang_c012825,-0.2764831,10.22319,CD4 T cells,T cells,9,T cells
kang_c012830,2.068589,7.869776,CD4 T cells,T cells,1,Unknown
kang_c012834,-1.053129,5.318925,CD4 T cells,T cells,7,T cells
kang_c012839,10.69883,6.781481,CD14+ Monocytes,monocytes,11,monocytes
kang_c012840,-0.04567499,12.88125,CD8 T cells,T cells,12,NK cells
kang_c012842,0.8136461,9.58895,CD4 T cells,T cells,9,T cells
kang_c012846,0.4024563,6.629148,CD4 T cells,T cells,7,T cells
kang_c012849,0.4719724,13.77312,CD8 T cells,T cells,12,NK cells
kang_c012852,0.5417462,8.19728,CD4 T cells,T cells,7,T cells
kang_c012859,0.02660002,6.599439,CD4 T cells,T cells,7,T cells
kang_c012860,-1.79521,9.976247,CD4 T cells,T cells,9,T cells
kang_c012862,2.237135,7.945868,CD4 T cells,T cells,1,Unknown
kang_c012864,11.18111,4.181503,CD14+ Monocytes,monocytes,13,monocytes
kang_c012866,3.858081,-0.1732426,B cells,B cells,16,B cells
kang_c012895,4.591612,0.9783233,B cells,B cells,16,B cells
kang_c012896,12.7266,5.028318,CD14+ Monocytes,monocytes,13,monocytes
kang_c012898,10.35903,6.418756,CD14+ Monocytes,monocytes,11,monocytes
kang_c012900,-0.09926624,8.140767,CD4 T cells,T cells,7,T cells
kang_c012901,0.2311863,12.79997,CD8 T cells,T cells,12,NK cells
kang_c012904,-1.726882,12.53279,CD8 T cells,T cells,4,NK cells
kang_c012905,-0.6659808,6.278915,CD4 T cells,T cells,7,T cells
kang_c012926,10.56642,7.03226,CD14+ Monocytes,monocytes,11,monocytes
kang_c012929,-0.9256971,10.10513,CD4 T cells,T cells,9,T cells
kang_c012933,3.817509,-0.4666751,B cells,B cells,16,B cells
kang_c012937,-0.9589069,9.689049,CD4 T cells,T cells,9,T cells
kang_c012938,-0.9227182,5.632748,CD4 T cells,T cells,7,T cells
kang_c012940,0.07890669,13.66757,CD8 T cells,T cells,12,NK cells
kang_c012942,0.895699,7.807894,CD4 T cells,T cells,1,Unknown
kang_c012944,11.02847,4.53736,CD14+ Monocytes,monocytes,13,monocytes
kang_c012951,4.787754,-0.3215904,B cells,B cells,16,B cells
kang_c012955,15.3105,4.739001,Dendritic cells,dendritic cells,10,dendritic cells
kang_c012964,-0.1784725,7.894138,CD4 T cells,T cells,7,T cells
kang_c012965,4.561217,0.5167136,B cells,B cells,16,B cells
kang_c012969,1.06692,9.288237,CD4 T cells,T cells,1,Unknown
kang_c012975,3.921905,0.3195012,B cells,B cells,16,B cells
kang_c012976,11.92218,6.223384,CD14+ Monocytes,monocytes,13,monocytes
kang_c012977,0.06712734,7.918138,CD4 T cells,T cells,7,T cells
kang_c012979,0.5190987,9.953207,CD4 T cells,T cells,9,T cells
kang_c012982,5.188638,0.4363375,B cells,B cells,16,B cells
kang_c012993,1.086057,9.780198,CD4 T cells,T cells,9,T cells
kang_c012999,-0.8399508,4.970206,CD4 T cells,T cells,7,T cells
kang_c013000,5.648274,-2.660471,Dendritic cells,dendritic cells,15,Unknown
kang_c013001,-1.3225,5.561874,CD4 T cells,T cells,7,T cells
kang_c013004,0.2848623,11.70848,CD8 T cells,T cells,12,NK cells
kang_c013020,1.137639,9.513889,CD4 T cells,T cells,9,T cells
kang_c013022,-2.969907,9.646982,CD4 T cells,T cells,2,T cells
kang_c013023,-1.143073,8.083593,CD4 T cells,T cells,7,T cells
kang_c013025,14.60953,4.924587,Dendritic cells,dendritic cells,10,dendritic cells
kang_c013026,12.03713,5.253618,CD14+ Monocytes,monocytes,13,monocytes
kang_c013033,-0.2547407,8.648798,CD4 T cells,T cells,7,T cells
kang_c013035,-1.674798,15.76092,NK cells,NK cells,6,NK cells
kang_c013041,10.8101,5.173801,CD14+ Monocytes,monocytes,13,monocytes
kang_c013045,-0.1078013,8.54349,CD4 T cells,T cells,7,T cells
kang_c013048,10.40756,5.85652,CD14+ Monocytes,monocytes,11,monocytes
kang_c013055,3.68544,-0.2958083,B cells,B cells,16,B cells
kang_c013057,11.29475,3.9354,CD14+ Monocytes,monocytes,13,monocytes
kang_c013058,0.1527275,13.29522,CD8 T cells,T cells,12,NK cells
kang_c013062,-0.2050855,16.3348,NK cells,NK cells,6,NK cells
kang_c013070,-1.12107,7.973195,CD4 T cells,T cells,7,T cells
kang_c013073,-0.4120631,8.689292,CD4 T cells,T cells,7,T cells
kang_c013074,-0.5532377,12.00093,CD4 T cells,T cells,12,NK cells
kang_c013087,-0.3488351,15.33756,NK cells,NK cells,6,NK cells
kang_c013090,-1.128143,6.061335,CD4 T cells,T cells,7,T cells
kang_c013093,0.09937194,12.24026,CD8 T cells,T cells,12,NK cells
kang_c013098,12.0356,5.450946,CD14+ Monocytes,monocytes,13,monocytes
kang_c013099,-0.4590814,9.513293,CD4 T cells,T cells,9,T cells
kang_c013110,-1.290812,9.639748,CD4 T cells,T cells,9,T cells
kang_c013111,-0.2352745,8.112506,CD4 T cells,T cells,7,T cells
kang_c013125,5.278012,-0.8123869,B cells,B cells,16,B cells
kang_c013129,10.94304,7.104239,CD14+ Monocytes,monocytes,11,monocytes
kang_c013135,0.03703497,9.088579,CD4 T cells,T cells,3,T cells
kang_c013159,5.385943,-2.439658,Dendritic cells,dendritic cells,15,Unknown
kang_c013166,14.38965,7.818221,FCGR3A+ Monocytes,monocytes,8,monocytes
kang_c013169,12.68118,5.63925,CD14+ Monocytes,monocytes,13,monocytes
kang_c013183,2.484513,7.766129,CD4 T cells,T cells,1,Unknown
kang_c013189,2.07347,7.467707,CD4 T cells,T cells,1,Unknown
kang_c013196,0.4838047,12.90682,CD8 T cells,T cells,12,NK cells
kang_c013198,-1.771312,6.594415,CD4 T cells,T cells,7,T cells
kang_c013199,12.38925,4.78868,CD14+ Monocytes,monocytes,13,monocytes
kang_c013200,-0.815909,6.467877,CD4 T cells,T cells,7,T cells
kang_c013204,-0.08827189,8.298499,CD4 T cells,T cells,7,T cells
kang_c013210,8.415586,7.575229,Megakaryocytes,platelets,11,monocytes
kang_c013211,-0.2725675,12.18641,CD8 T cells,T cells,12,NK cells
kang_c013218,-1.987535,6.875847,CD4 T cells,T cells,1,Unknown
kang_c013219,-0.3269408,6.41897,CD4 T cells,T cells,7,T cells
kang_c013224,-2.439471,5.131093,CD4 T cells,T cells,7,T cells
kang_c013227,10.89019,6.532873,CD14+ Monocytes,monocytes,11,monocytes
kang_c013231,13.25968,5.395824,CD14+ Monocytes,monocytes,13,monocytes
kang_c013235,12.30638,5.397629,CD14+ Monocytes,monocytes,13,monocytes
kang_c013242,-1.546633,9.833122,CD4 T cells,T cells,9,T cells
kang_c013250,0.6402841,12.68893,CD8 T cells,T cells,12,NK cells
kang_c013253,-2.028101,10.73034,CD4 T cells,T cells,9,T cells
kang_c013254,-4.073236,9.646468,CD4 T cells,T cells,3,T cells
kang_c013258,0.4386429,6.718259,CD4 T cells,T cells,7,T cells
kang_c013267,14.70533,7.524524,FCGR3A+ Monocytes,monocytes,8,monocytes
kang_c013270,-1.629019,6.178026,CD4 T cells,T cells,7,T cells
kang_c013275,0.7245617,7.019425,CD4 T cells,T cells,7,T cells
kang_c013278,3.621574,0.2525518,B cells,B cells,16,B cells
kang_c013279,0.6096713,8.759136,CD4 T cells,T cells,7,T cells
kang_c013283,10.83162,4.658099,CD14+ Monocytes,monocytes,13,monocytes
kang_c013286,4.605868,0.4668687,B cells,B cells,16,B cells
kang_c013298,15.43882,4.635618,Dendritic cells,dendritic cells,10,dendritic cells
kang_c013299,-0.2497176,10.24302,CD4 T cells,T cells,9,T cells
kang_c013305,-2.204475,6.414797,CD4 T cells,T cells,7,T cells
kang_c013307,-0.55573,11.15189,CD4 T cells,T cells,9,T cells
kang_c013308,11.50249,5.692133,CD14+ Monocytes,monocytes,13,monocytes
kang_c013309,10.601,6.748956,CD14+ Monocytes,monocytes,11,monocytes
kang_c013314,11.32111,5.683298,CD14+ Monocytes,monocytes,13,monocytes
kang_c013316,11.98968,4.467977,CD14+ Monocytes,monocytes,13,monocytes
kang_c013321,-0.1678458,12.38006,CD8 T cells,T cells,12,NK cells
kang_c013325,-2.009505,5.886545,CD4 T cells,T cells,7,T cells
kang_c013329,-2.29445,7.786052,CD4 T cells,T cells,7,T cells
kang_c013331,-0.9157883,6.435372,CD4 T cells,T cells,7,T cells
kang_c013337,-0.03964456,15.5819,NK cells,NK cells,6,NK cells
kang_c013338,11.82949,4.909017,CD14+ Monocytes,monocytes,13,monocytes
kang_c013341,11.90799,6.470846,CD14+ Monocytes,monocytes,13,monocytes
kang_c013352,0.0527334,15.39784,NK cells,NK cells,6,NK cells
kang_c013358,-0.1989728,9.514753,CD4 T cells,T cells,9,T cells
kang_c013359,-1.591654,6.986236,CD4 T cells,T cells,7,T cells
kang_c013360,2.164857,7.606309,CD4 T cells,T cells,1,Unknown
kang_c013365,-2.087165,5.535382,CD4 T cells,T cells,7,T cells
kang_c013368,-1.123662,7.237553,CD4 T cells,T cells,7,T cells
kang_c013369,-1.535752,7.057796,CD4 T cells,T cells,7,T cells
kang_c013370,5.55167,-2.588175,Dendritic cells,dendritic cells,15,Unknown
kang_c013380,-0.1681655,14.68533,CD8 T cells,T cells,6,NK cells
kang_c013388,12.55937,7.828431,CD14+ Monocytes,monocytes,13,monocytes
kang_c013392,-2.298604,5.220104,CD4 T cells,T cells,7,T cells
kang_c013394,0.9559312,12.97884,CD8 T cells,T cells,12,NK cells
kang_c013395,-0.6697989,8.696946,CD4 T cells,T cells,7,T cells
kang_c013398,0.4507394,7.451977,CD4 T cells,T cells,7,T cells
kang_c013399,-0.9563988,10.24456,CD4 T cells,T cells,12,NK cells
kang_c013401,-1.247896,5.192703,CD4 T cells,T cells,7,T cells
kang_c013404,-1.321869,5.606463,CD4 T cells,T cells,7,T cells
kang_c013410,13.30262,5.652838,Dendritic cells,dendritic cells,13,monocytes
kang_c013416,-0.2031343,10.08112,CD4 T cells,T cells,9,T cells
kang_c013423,3.710646,-0.1030173,B cells,B cells,16,B cells
kang_c013428,-0.6741236,6.520104,CD4 T cells,T cells,7,T cells
kang_c013434,11.02764,4.529532,CD14+ Monocytes,monocytes,13,monocytes
kang_c013436,14.04632,7.53361,FCGR3A+ Monocytes,monocytes,8,monocytes
kang_c013437,1.036259,9.622447,CD4 T cells,T cells,9,T cells
kang_c013438,-2.312869,4.819149,CD4 T cells,T cells,7,T cells
kang_c013441,-1.60534,13.8072,CD8 T cells,T cells,4,NK cells
kang_c013444,1.574711,7.945208,CD4 T cells,T cells,1,Unknown
kang_c013448,-0.5928094,8.499982,CD4 T cells,T cells,7,T cells
kang_c013451,-0.3024854,12.62134,CD8 T cells,T cells,12,NK cells
kang_c013465,2.153237,0.4170366,B cells,B cells,5,B cells
kang_c013473,0.5273964,9.268401,CD4 T cells,T cells,9,T cells
kang_c013481,11.68968,4.328954,CD14+ Monocytes,monocytes,13,monocytes
kang_c013485,-1.254851,6.953977,CD4 T cells,T cells,7,T cells
kang_c013495,4.121577,-0.6843883,B cells,B cells,16,B cells
kang_c013497,10.59623,6.287351,CD14+ Monocytes,monocytes,11,monocytes
kang_c013502,1.61472,7.967659,CD4 T cells,T cells,1,Unknown
kang_c013510,-0.9295855,7.375542,CD4 T cells,T cells,7,T cells
kang_c013511,-0.1808209,6.552678,CD4 T cells,T cells,7,T cells
kang_c013515,-0.7364548,10.34559,CD4 T cells,T cells,9,T cells
kang_c013518,0.1327939,7.876535,CD4 T cells,T cells,7,T cells
kang_c013519,-0.2520815,14.76767,NK cells,NK cells,6,NK cells
kang_c013524,11.91157,5.72427,CD14+ Monocytes,monocytes,13,monocytes
kang_c013529,5.213492,-0.7146591,B cells,B cells,16,B cells
kang_c013532,-2.512575,5.289219,CD4 T cells,T cells,7,T cells
kang_c013534,12.84975,7.584779,CD14+ Monocytes,monocytes,13,monocytes
kang_c013535,14.55319,7.515688,FCGR3A+ Monocytes,monocytes,8,monocytes
kang_c013543,-1.4415,4.982859,CD4 T cells,T cells,7,T cells
kang_c013545,4.520423,0.70406,B cells,B cells,16,B cells
kang_c013546,-1.804105,7.038147,CD4 T cells,T cells,7,T cells
kang_c013555,-0.4428375,12.72575,CD8 T cells,T cells,12,NK cells
kang_c013557,-0.6705438,7.437359,CD4 T cells,T cells,7,T cells
kang_c013559,1.115438,8.03774,CD4 T cells,T cells,1,Unknown
kang_c013568,-2.958035,8.424458,CD4 T cells,T cells,2,T cells
kang_c013572,14.63168,6.330867,FCGR3A+ Monocytes,monocytes,8,monocytes
kang_c013574,14.0171,8.035983,FCGR3A+ Monocytes,monocytes,8,monocytes
kang_c013577,10.98842,5.320883,CD14+ Monocytes,monocytes,13,monocytes
kang_c013580,-0.9461661,5.764839,CD4 T cells,T cells,7,T cells
kang_c013582,-0.7743928,12.49129,CD8 T cells,T cells,4,NK cells
kang_c013584,2.92723,-0.3116798,B cells,B cells,5,B cells
kang_c013585,-1.249051,10.33548,CD4 T cells,T cells,9,T cells
kang_c013589,-1.30397,15.73338,NK cells,NK cells,6,NK cells
kang_c013590,-1.117546,8.590837,CD4 T cells,T cells,7,T cells
kang_c013599,12.10412,4.650198,CD14+ Monocytes,monocytes,13,monocytes
kang_c013605,-0.08573971,10.43577,CD4 T cells,T cells,9,T cells
kang_c013611,-0.1251659,14.66784,NK cells,NK cells,6,NK cells
kang_c013618,1.479646,8.221282,CD4 T cells,T cells,1,Unknown
kang_c013621,0.1335928,13.24713,CD8 T cells,T cells,12,NK cells
kang_c013626,-1.829403,11.57646,CD4 T cells,T cells,9,T cells
kang_c013636,-0.744615,15.1885,NK cells,NK cells,6,NK cells
kang_c013643,4.424067,0.3594596,B cells,B cells,16,B cells
kang_c013644,-0.489678,7.189031,CD4 T cells,T cells,7,T cells
kang_c013647,0.5317858,12.51137,CD8 T cells,T cells,12,NK cells
kang_c013649,-0.4689463,6.357343,CD4 T cells,T cells,7,T cells
kang_c013653,0.04080978,8.803718,CD4 T cells,T cells,9,T cells
kang_c013656,10.49077,6.093637,FCGR3A+ Monocytes,monocytes,11,monocytes
kang_c013662,-1.589142,7.032504,CD4 T cells,T cells,7,T cells
kang_c013669,13.35334,7.44302,CD14+ Monocytes,monocytes,13,monocytes
kang_c013672,10.98616,5.219538,CD14+ Monocytes,monocytes,13,monocytes
kang_c013680,13.48666,4.424998,CD14+ Monocytes,monocytes,13,monocytes
kang_c013685,2.23205,7.896047,CD4 T cells,T cells,1,Unknown
kang_c013688,0.7101043,12.85096,CD8 T cells,T cells,12,NK cells
kang_c013690,0.03915148,5.80517,CD4 T cells,T cells,7,T cells
kang_c013693,-0.985194,7.078887,CD4 T cells,T cells,7,T cells
kang_c013700,15.18652,7.249326,FCGR3A+ Monocytes,monocytes,8,monocytes
kang_c013702,-1.702256,5.908067,CD4 T cells,T cells,7,T cells
kang_c013706,10.84509,6.953032,CD14+ Monocytes,monocytes,11,monocytes
kang_c013714,-2.702874,11.27826,CD4 T cells,T cells,3,T cells
kang_c013716,-0.3932421,6.935991,CD4 T cells,T cells,7,T cells
kang_c013719,4.785736,-0.07109056,B cells,B cells,16,B cells
kang_c013723,2.569438,0.1473804,B cells,B cells,5,B cells
kang_c013726,-0.3886891,16.17385,NK cells,NK cells,6,NK cells
kang_c013732,14.23356,7.83541,FCGR3A+ Monocytes,monocytes,8,monocytes
kang_c013737,-0.9571612,14.37777,CD4 T cells,T cells,6,NK cells
kang_c013739,3.42292,0.5036053,B cells,B cells,16,B cells
kang_c013741,-0.1674219,6.798282,CD4 T cells,T cells,7,T cells
kang_c013744,-0.7386835,7.57,CD4 T cells,T cells,7,T cells
kang_c013745,14.75617,5.174593,Dendritic cells,dendritic cells,10,dendritic cells
kang_c013746,0.02522508,6.375996,CD4 T cells,T cells,7,T cells
kang_c013748,-0.3502292,12.68243,CD4 T cells,T cells,12,NK cells
kang_c013749,-1.009439,7.199492,CD4 T cells,T cells,7,T cells
kang_c013764,-4.613308,6.929742,CD4 T cells,T cells,2,T cells
kang_c013771,12.21356,6.864069,CD14+ Monocytes,monocytes,11,monocytes
kang_c013774,0.4287962,12.61882,CD8 T cells,T cells,12,NK cells
kang_c013779,14.58563,6.72358,FCGR3A+ Monocytes,monocytes,8,monocytes
kang_c013780,-1.707049,9.858324,CD4 T cells,T cells,9,T cells
kang_c013781,-1.508309,7.756389,CD4 T cells,T cells,7,T cells
kang_c013791,11.10638,6.601682,CD14+ Monocytes,monocytes,11,monocytes
kang_c013798,0.1853601,8.106337,CD4 T cells,T cells,7,T cells
kang_c013800,1.394081,7.92088,CD4 T cells,T cells,1,Unknown
kang_c013802,-0.284889,14.92448,NK cells,NK cells,6,NK cells
kang_c013809,-0.3282355,5.93015,CD4 T cells,T cells,7,T cells
kang_c013810,13.3793,4.972271,CD14+ Monocytes,monocytes,13,monocytes
kang_c013811,12.81946,6.859049,CD14+ Monocytes,monocytes,13,monocytes
kang_c013820,12.67368,4.154604,CD14+ Monocytes,monocytes,13,monocytes
kang_c013821,1.709171,8.007069,CD4 T cells,T cells,1,Unknown
kang_c013822,0.09168884,9.40661,CD4 T cells,T cells,9,T cells
kang_c013827,-1.626961,9.867105,CD4 T cells,T cells,9,T cells
kang_c013836,-0.2814731,15.97851,NK cells,NK cells,6,NK cells
kang_c013849,4.001747,-0.5151223,B cells,B cells,16,B cells
kang_c013857,10.39346,6.332469,CD14+ Monocytes,monocytes,11,monocytes
kang_c013858,0.01239465,10.91312,CD4 T cells,T cells,9,T cells
kang_c013867,0.7742007,9.490493,CD4 T cells,T cells,9,T cells
kang_c013868,11.38227,6.947081,FCGR3A+ Monocytes,monocytes,11,monocytes
kang_c013873,3.631238,0.3114209,B cells,B cells,16,B cells
kang_c013874,-2.208637,5.182961,CD4 T cells,T cells,7,T cells
kang_c013875,-1.102654,7.544143,CD4 T cells,T cells,7,T cells
kang_c013877,10.95243,4.933218,CD14+ Monocytes,monocytes,13,monocytes
kang_c013878,-1.565107,5.566611,CD4 T cells,T cells,7,T cells
kang_c013882,-1.178732,15.74009,CD8 T cells,T cells,6,NK cells
kang_c013888,4.530809,0.2770056,B cells,B cells,16,B cells
kang_c013890,12.11511,4.073525,CD14+ Monocytes,monocytes,13,monocytes
kang_c013893,-1.654677,7.646651,CD4 T cells,T cells,7,T cells
kang_c013896,-0.9784155,5.996743,CD4 T cells,T cells,7,T cells
kang_c013902,-2.016906,5.081301,CD4 T cells,T cells,7,T cells
kang_c013904,-0.01357748,6.103106,CD4 T cells,T cells,7,T cells
kang_c013911,-1.130427,9.711206,CD4 T cells,T cells,9,T cells
kang_c013921,11.71301,6.524911,CD14+ Monocytes,monocytes,13,monocytes
kang_c013923,-0.5783248,15.28634,NK cells,NK cells,6,NK cells
kang_c013927,-0.02861053,7.920242,CD4 T cells,T cells,7,T cells
kang_c013931,5.213027,-0.0768987,B cells,B cells,16,B cells
kang_c013933,12.65267,6.072018,CD14+ Monocytes,monocytes,13,monocytes
kang_c013935,-0.9539422,9.627424,CD4 T cells,T cells,9,T cells
kang_c013936,-0.7437555,15.63779,NK cells,NK cells,6,NK cells
kang_c013939,3.949184,0.702826,B cells,B cells,16,B cells
kang_c013943,-0.3246105,12.86256,CD4 T cells,T cells,12,NK cells
kang_c013946,13.15723,4.216508,CD14+ Monocytes,monocytes,13,monocytes
kang_c013947,-0.7866364,15.40828,NK cells,NK cells,6,NK cells
kang_c013954,13.68039,4.698582,CD14+ Monocytes,monocytes,13,monocytes
kang_c013959,11.76134,6.904807,CD14+ Monocytes,monocytes,13,monocytes
kang_c013960,-2.501372,4.797153,CD4 T cells,T cells,7,T cells
kang_c013965,-0.2129674,8.984249,CD4 T cells,T cells,9,T cells
kang_c013966,-0.3901994,8.498504,CD4 T cells,T cells,7,T cells
kang_c013967,-1.982105,7.339083,CD4 T cells,T cells,7,T cells
kang_c013971,-0.7789479,8.449895,CD4 T cells,T cells,7,T cells
kang_c013974,2.339696,7.8712,CD4 T cells,T cells,1,Unknown
kang_c013980,-0.7342164,9.775875,CD4 T cells,T cells,9,T cells
kang_c013988,-0.03286094,16.22701,NK cells,NK cells,6,NK cells
kang_c014002,3.228031,-0.6708425,B cells,B cells,16,B cells
kang_c014008,4.150064,-0.01920271,B cells,B cells,16,B cells
kang_c014019,-0.4288203,11.25565,CD4 T cells,T cells,9,T cells
kang_c014038,1.165823,9.043942,CD4 T cells,T cells,9,T cells
kang_c014040,-0.9276922,8.259912,CD4 T cells,T cells,7,T cells
kang_c014041,-1.582194,9.321055,CD4 T cells,T cells,9,T cells
kang_c014047,-1.200809,6.683465,CD4 T cells,T cells,7,T cells
kang_c014049,10.76095,6.114881,CD14+ Monocytes,monocytes,11,monocytes
kang_c014051,5.087783,-0.9465784,B cells,B cells,16,B cells
kang_c014056,4.317693,-0.6069419,B cells,B cells,16,B cells
kang_c014060,4.168819,0.4965586,B cells,B cells,16,B cells
kang_c014065,0.3985808,13.20082,CD8 T cells,T cells,12,NK cells
kang_c014069,-1.510658,4.966247,CD4 T cells,T cells,7,T cells
kang_c014071,10.99127,6.494223,CD14+ Monocytes,monocytes,11,monocytes
kang_c014073,-0.9796705,6.088883,CD4 T cells,T cells,7,T cells
kang_c014080,-0.0560769,10.7998,CD4 T cells,T cells,9,T cells
kang_c014090,0.08179788,13.57644,CD8 T cells,T cells,12,NK cells
kang_c014095,0.4902043,12.55762,CD8 T cells,T cells,12,NK cells
kang_c014102,11.30608,5.52446,CD14+ Monocytes,monocytes,13,monocytes
kang_c014118,-0.456175,12.9264,CD8 T cells,T cells,12,NK cells
kang_c014120,0.3418121,9.693222,CD4 T cells,T cells,9,T cells
kang_c014124,-0.5559898,10.34625,CD4 T cells,T cells,9,T cells
kang_c014131,11.1101,5.392616,CD14+ Monocytes,monocytes,13,monocytes
kang_c014135,4.539517,-0.8985568,B cells,B cells,16,B cells
kang_c014145,0.128461,9.634335,CD4 T cells,T cells,9,T cells
kang_c014151,11.66237,5.044956,CD14+ Monocytes,monocytes,13,monocytes
kang_c014155,-1.544338,7.936488,CD4 T cells,T cells,7,T cells
kang_c014158,-0.7320078,13.73888,CD4 T cells,T cells,6,NK cells
kang_c014168,5.190347,0.0610652,B cells,B cells,16,B cells
kang_c014170,10.92072,6.997971,CD14+ Monocytes,monocytes,11,monocytes
kang_c014174,-1.197889,8.246198,CD4 T cells,T cells,7,T cells
kang_c014181,-1.596149,10.77802,CD4 T cells,T cells,9,T cells
kang_c014187,-0.620387,9.362084,CD4 T cells,T cells,9,T cells
kang_c014191,14.27027,7.595015,FCGR3A+ Monocytes,monocytes,8,monocytes
kang_c014193,0.5607571,13.46291,CD8 T cells,T cells,12,NK cells
kang_c014197,8.28052,7.55414,Megakaryocytes,platelets,11,monocytes
kang_c014201,13.87285,7.702384,FCGR3A+ Monocytes,monocytes,8,monocytes
kang_c014209,-1.16288,16.3514,NK cells,NK cells,6,NK cells
kang_c014211,13.93269,5.878927,Dendritic cells,dendritic cells,13,monocytes
kang_c014213,0.6672699,9.910042,CD4 T cells,T cells,9,T cells
kang_c014220,-0.1306644,6.885177,CD4 T cells,T cells,7,T cells
kang_c014221,4.455569,-0.6994262,B cells,B cells,16,B cells
kang_c014227,-0.119325,8.181744,CD4 T cells,T cells,7,T cells
kang_c014231,-1.578536,14.48375,CD8 T cells,T cells,4,NK cells
kang_c014237,-0.9070755,6.956816,CD4 T cells,T cells,7,T cells
kang_c014245,13.96529,7.552505,FCGR3A+ Monocytes,monocytes,8,monocytes
kang_c014246,-0.589318,7.272944,CD4 T cells,T cells,7,T cells
kang_c014248,3.932026,-0.6037339,B cells,B cells,16,B cells
kang_c014252,11.18879,7.108057,CD14+ Monocytes,monocytes,11,monocytes
kang_c014255,-1.621053,5.367269,CD4 T cells,T cells,7,T cells
kang_c014257,-1.853772,7.850542,CD4 T cells,T cells,7,T cells
kang_c014259,4.767285,-0.3149048,B cells,B cells,16,B cells
kang_c014263,4.331497,-0.701553,B cells,B cells,16,B cells
kang_c014264,-1.721635,6.604856,CD4 T cells,T cells,7,T cells
kang_c014268,5.115995,-0.6806167,B cells,B cells,16,B cells
kang_c014272,12.30439,4.186137,CD14+ Monocytes,monocytes,13,monocytes
kang_c014275,3.969859,-0.7126098,B cells,B cells,16,B cells
kang_c014278,0.2358797,8.642754,CD4 T cells,T cells,7,T cells
kang_c014281,0.1410276,11.39173,CD4 T cells,T cells,9,T cells
kang_c014283,14.50625,6.647923,FCGR3A+ Monocytes,monocytes,8,monocytes
kang_c014306,10.20068,6.178132,CD14+ Monocytes,monocytes,11,monocytes
kang_c014308,0.01508221,5.752212,CD4 T cells,T cells,7,T cells
kang_c014309,0.3819728,7.822742,CD4 T cells,T cells,7,T cells
kang_c014312,1.8364,7.977133,CD4 T cells,T cells,1,Unknown
kang_c014313,-0.5526446,8.867532,CD4 T cells,T cells,7,T cells
kang_c014317,0.5867335,10.10534,CD4 T cells,T cells,9,T cells
kang_c014322,0.1477938,12.56237,CD8 T cells,T cells,12,NK cells
kang_c014328,-0.1740855,7.201553,CD4 T cells,T cells,7,T cells
kang_c014330,12.77005,6.883476,CD14+ Monocytes,monocytes,13,monocytes
kang_c014331,-0.466394,8.444603,CD4 T cells,T cells,7,T cells
kang_c014334,-1.962824,9.334412,CD4 T cells,T cells,1,Unknown
kang_c014340,5.538294,-2.753229,Dendritic cells,dendritic cells,15,Unknown
kang_c014344,-3.477392,12.58422,CD4 T cells,T cells,3,T cells
kang_c014346,-1.050545,8.55516,CD4 T cells,T cells,7,T cells
kang_c014349,-2.534335,5.290133,CD4 T cells,T cells,7,T cells
kang_c014354,-2.398345,8.149686,CD4 T cells,T cells,14,platelets
kang_c014355,12.61884,6.232298,CD14+ Monocytes,monocytes,13,monocytes
kang_c014359,12.04336,4.765308,CD14+ Monocytes,monocytes,13,monocytes
kang_c014363,-1.852636,15.47398,NK cells,NK cells,4,NK cells
kang_c014364,-0.5229453,7.860259,CD4 T cells,T cells,7,T cells
kang_c014367,0.358317,7.26922,CD4 T cells,T cells,7,T cells
kang_c014377,-0.1810978,15.3412,NK cells,NK cells,6,NK cells
kang_c014383,11.67819,4.777692,CD14+ Monocytes,monocytes,13,monocytes
kang_c014390,14.8335,6.53745,FCGR3A+ Monocytes,monocytes,8,monocytes
kang_c014399,14.16957,7.767112,FCGR3A+ Monocytes,monocytes,8,monocytes
kang_c014400,12.70899,6.321887,CD14+ Monocytes,monocytes,13,monocytes
kang_c014401,3.931499,-1.388167,B cells,B cells,5,B cells
kang_c014404,11.06318,4.896682,CD14+ Monocytes,monocytes,13,monocytes
kang_c014417,10.50389,6.448632,CD14+ Monocytes,monocytes,11,monocytes
kang_c014418,4.008586,0.2481918,B cells,B cells,16,B cells
kang_c014423,-0.8383621,10.40865,CD4 T cells,T cells,9,T cells
kang_c014424,-1.738837,16.09282,NK cells,NK cells,6,NK cells
kang_c014431,-0.9415453,11.24347,CD4 T cells,T cells,9,T cells
kang_c014436,4.524883,0.9381202,B cells,B cells,16,B cells
kang_c014443,-0.1335981,15.60926,NK cells,NK cells,6,NK cells
kang_c014445,12.0785,6.748854,Dendritic cells,dendritic cells,11,monocytes
kang_c014447,13.11331,5.799595,CD14+ Monocytes,monocytes,13,monocytes
kang_c014450,2.241001,0.04456125,B cells,B cells,5,B cells
kang_c014452,0.7922305,9.129696,CD4 T cells,T cells,9,T cells
kang_c014453,-1.354428,9.335183,CD4 T cells,T cells,9,T cells
kang_c014461,12.00214,5.246751,CD14+ Monocytes,monocytes,13,monocytes
kang_c014464,0.03284885,15.92816,NK cells,NK cells,6,NK cells
kang_c014468,-0.9740858,10.74983,CD4 T cells,T cells,9,T cells
kang_c014470,3.637764,-0.3922782,B cells,B cells,16,B cells
kang_c014471,12.55548,4.149635,CD14+ Monocytes,monocytes,13,monocytes
kang_c014472,-0.07159365,6.196211,CD4 T cells,T cells,7,T cells
kang_c014484,0.4192001,8.895542,CD4 T cells,T cells,9,T cells
kang_c014485,15.34821,4.703486,Dendritic cells,dendritic cells,10,dendritic cells
kang_c014486,11.7274,3.999497,CD14+ Monocytes,monocytes,13,monocytes
kang_c014493,11.7132,4.527387,CD14+ Monocytes,monocytes,13,monocytes
kang_c014494,-0.6759363,8.487673,CD4 T cells,T cells,7,T cells
kang_c014512,-0.5616941,5.840349,CD4 T cells,T cells,7,T cells
kang_c014520,0.7581974,9.240677,CD4 T cells,T cells,9,T cells
kang_c014526,14.92278,7.839901,FCGR3A+ Monocytes,monocytes,8,monocytes
kang_c014527,-2.304738,5.00731,CD4 T cells,T cells,7,T cells
kang_c014531,-0.2801997,8.596842,CD4 T cells,T cells,7,T cells
kang_c014532,-0.3349741,10.67457,CD4 T cells,T cells,9,T cells
kang_c014538,14.58714,7.651665,FCGR3A+ Monocytes,monocytes,8,monocytes
kang_c014543,-0.07950113,9.658981,CD4 T cells,T cells,9,T cells
kang_c014544,-1.190587,7.786672,CD4 T cells,T cells,7,T cells
kang_c014548,-0.667214,9.742311,CD4 T cells,T cells,9,T cells
kang_c014551,-2.387632,7.268058,CD4 T cells,T cells,14,platelets
kang_c014552,-0.2723719,6.84928,CD4 T cells,T cells,7,T cells
kang_c014558,-2.098384,11.54573,CD4 T cells,T cells,4,NK cells
kang_c014559,4.789664,0.3690224,B cells,B cells,16,B cells
kang_c014563,-1.158547,8.061509,CD4 T cells,T cells,7,T cells
kang_c014566,-2.200741,11.51138,CD4 T cells,T cells,9,T cells
kang_c014571,-1.752075,7.702483,CD4 T cells,T cells,7,T cells
kang_c014575,12.14049,4.828016,CD14+ Monocytes,monocytes,13,monocytes
kang_c014579,0.1250444,7.47837,CD4 T cells,T cells,7,T cells
kang_c014580,-2.401931,12.28708,CD8 T cells,T cells,4,NK cells
kang_c014582,0.5122897,10.24291,CD4 T cells,T cells,9,T cells
kang_c014586,11.35859,5.716185,CD14+ Monocytes,monocytes,11,monocytes
kang_c014599,-0.03003585,7.735965,CD4 T cells,T cells,7,T cells
kang_c014603,-0.04972639,10.52487,CD4 T cells,T cells,9,T cells
kang_c014609,0.5333478,10.33593,CD4 T cells,T cells,9,T cells
kang_c014613,11.90252,6.498796,CD14+ Monocytes,monocytes,11,monocytes
kang_c014614,4.419479,-0.2911567,B cells,B cells,16,B cells
kang_c014619,-0.9998081,8.282652,CD4 T cells,T cells,7,T cells
kang_c014620,-0.05834205,13.62172,CD8 T cells,T cells,12,NK cells
kang_c014622,-2.017287,6.560996,CD4 T cells,T cells,7,T cells
kang_c014624,-1.588033,16.29451,NK cells,NK cells,6,NK cells
kang_c014626,-4.265003,6.520264,CD4 T cells,T cells,2,T cells
kang_c014628,0.1958348,7.459909,CD4 T cells,T cells,7,T cells
kang_c014634,-0.6771712,10.09056,CD4 T cells,T cells,9,T cells
kang_c014637,3.502434,-0.1609145,B cells,B cells,16,B cells
kang_c014645,15.3031,4.75955,Dendritic cells,dendritic cells,10,dendritic cells
kang_c014648,-0.8122066,8.276418,CD4 T cells,T cells,7,T cells
kang_c014649,12.01656,6.263395,CD14+ Monocytes,monocytes,13,monocytes
kang_c014654,11.93841,4.810595,CD14+ Monocytes,monocytes,13,monocytes
kang_c014661,0.5689308,9.467965,CD4 T cells,T cells,9,T cells
kang_c014663,0.5666847,9.925722,CD4 T cells,T cells,9,T cells
kang_c014669,-0.6392329,7.638756,CD4 T cells,T cells,7,T cells
kang_c014673,-0.4981378,9.291623,CD4 T cells,T cells,7,T cells
kang_c014675,13.27242,4.880309,CD14+ Monocytes,monocytes,13,monocytes
kang_c014676,2.970844,0.1392066,B cells,B cells,5,B cells
kang_c014691,14.32269,7.887638,FCGR3A+ Monocytes,monocytes,8,monocytes
kang_c014708,4.31494,-0.5647195,B cells,B cells,16,B cells
kang_c014717,11.72134,6.559335,CD14+ Monocytes,monocytes,11,monocytes
kang_c014721,0.902369,7.095889,CD4 T cells,T cells,7,T cells
kang_c014733,-0.5600984,9.713936,CD4 T cells,T cells,9,T cells
kang_c014742,-1.622517,10.25228,CD4 T cells,T cells,9,T cells
kang_c014744,10.18218,6.656178,CD14+ Monocytes,monocytes,11,monocytes
kang_c014747,3.717049,-0.4504938,B cells,B cells,16,B cells
kang_c014761,14.11359,7.941015,FCGR3A+ Monocytes,monocytes,8,monocytes
kang_c014762,0.052304,9.122155,CD4 T cells,T cells,9,T cells
kang_c014768,14.58484,7.333356,FCGR3A+ Monocytes,monocytes,8,monocytes
kang_c014771,-0.2763519,8.915979,CD4 T cells,T cells,9,T cells
kang_c014778,14.59077,6.429993,FCGR3A+ Monocytes,monocytes,8,monocytes
kang_c014779,3.127829,0.6106716,B cells,B cells,16,B cells
kang_c014782,-0.6792625,15.75384,NK cells,NK cells,6,NK cells
kang_c014786,-1.280529,9.062693,CD4 T cells,T cells,9,T cells
kang_c014790,-2.922077,11.57563,CD4 T cells,T cells,3,T cells
kang_c014794,9.976984,6.737388,CD14+ Monocytes,monocytes,11,monocytes
kang_c014798,3.665386,0.7842988,B cells,B cells,16,B cells
kang_c014801,5.092006,0.6260023,B cells,B cells,16,B cells
kang_c014803,-0.2658414,7.151656,CD4 T cells,T cells,7,T cells
kang_c014820,-0.5135022,7.236941,CD4 T cells,T cells,7,T cells
kang_c014822,14.94996,7.475819,FCGR3A+ Monocytes,monocytes,8,monocytes
kang_c014833,3.902807,-0.6817033,B cells,B cells,16,B cells
kang_c014834,-0.8612252,15.85533,NK cells,NK cells,6,NK cells
kang_c014841,-1.920132,6.80905,CD4 T cells,T cells,7,T cells
kang_c014864,-1.213221,5.521282,CD4 T cells,T cells,7,T cells
kang_c014865,-0.000642773,6.183416,CD4 T cells,T cells,7,T cells
kang_c014868,-4.262852,11.64963,CD4 T cells,T cells,3,T cells
kang_c014876,0.04933416,6.53928,CD4 T cells,T cells,7,T cells
kang_c014877,4.916404,-2.162008,B cells,B cells,15,Unknown
kang_c014878,14.81857,7.64633,FCGR3A+ Monocytes,monocytes,8,monocytes
kang_c014883,0.6644052,7.601935,CD4 T cells,T cells,7,T cells
kang_c014891,-0.218315,8.296107,CD4 T cells,T cells,7,T cells
kang_c014895,-1.053096,5.320897,CD4 T cells,T cells,7,T cells
kang_c014903,4.158516,0.2764933,B cells,B cells,16,B cells
kang_c014904,13.31703,6.544497,CD14+ Monocytes,monocytes,13,monocytes
kang_c014908,-2.850094,8.083217,CD4 T cells,T cells,14,platelets
kang_c014909,-1.218781,15.79335,NK cells,NK cells,6,NK cells
kang_c014913,5.186858,0.1549699,B cells,B cells,16,B cells
kang_c014916,-1.284972,9.729239,CD4 T cells,T cells,9,T cells
kang_c014922,-1.945246,10.46417,CD4 T cells,T cells,9,T cells
kang_c014923,11.97785,4.152423,CD14+ Monocytes,monocytes,13,monocytes
kang_c014926,-1.010809,10.78777,CD4 T cells,T cells,9,T cells
kang_c014928,10.41658,5.754599,CD14+ Monocytes,monocytes,11,monocytes
kang_c014929,-1.248146,9.364228,CD4 T cells,T cells,9,T cells
kang_c014943,-1.148685,10.78553,CD4 T cells,T cells,9,T cells
kang_c014944,-0.6704631,13.1982,CD4 T cells,T cells,1,Unknown
kang_c014946,12.10907,6.872833,CD14+ Monocytes,monocytes,13,monocytes
kang_c014950,13.56799,5.66872,CD14+ Monocytes,monocytes,13,monocytes
kang_c014967,0.4753963,13.37603,CD8 T cells,T cells,12,NK cells
kang_c014971,4.247967,-1.031757,B cells,B cells,16,B cells
kang_c014974,-1.048421,7.120002,CD4 T cells,T cells,7,T cells
kang_c014978,12.00792,5.262207,CD14+ Monocytes,monocytes,13,monocytes
kang_c014989,11.39936,3.922019,CD14+ Monocytes,monocytes,13,monocytes
kang_c014991,-1.856422,6.275945,CD4 T cells,T cells,7,T cells
kang_c014997,-0.6640012,10.75265,CD4 T cells,T cells,9,T cells
kang_c014998,-0.6147594,7.708181,CD4 T cells,T cells,7,T cells
kang_c015010,0.2446164,12.60432,CD8 T cells,T cells,12,NK cells
kang_c015012,-0.5796959,11.53792,CD4 T cells,T cells,12,NK cells
kang_c015023,-1.05919,6.753497,CD4 T cells,T cells,7,T cells
kang_c015026,0.5631226,10.04361,CD4 T cells,T cells,9,T cells
kang_c015031,13.38241,5.798368,CD14+ Monocytes,monocytes,13,monocytes
kang_c015039,-0.02646397,13.32256,CD8 T cells,T cells,12,NK cells
kang_c015042,-0.4923497,9.241603,CD4 T cells,T cells,9,T cells
kang_c015043,14.54165,6.21705,FCGR3A+ Monocytes,monocytes,8,monocytes
kang_c015049,0.3187176,8.769326,CD4 T cells,T cells,7,T cells
kang_c015064,-1.648796,7.745163,CD4 T cells,T cells,7,T cells
kang_c015069,0.2810283,13.51691,CD8 T cells,T cells,12,NK cells
kang_c015073,13.97926,7.97522,FCGR3A+ Monocytes,monocytes,8,monocytes
kang_c015077,-2.044102,12.97056,CD8 T cells,T cells,4,NK cells
kang_c015082,-0.0906424,7.212985,CD4 T cells,T cells,7,T cells
kang_c015083,3.677572,-0.4153827,B cells,B cells,16,B cells
kang_c015092,-2.223844,15.14756,NK cells,NK cells,4,NK cells
kang_c015102,12.47725,6.672704,CD14+ Monocytes,monocytes,13,monocytes
kang_c015104,0.4638503,9.727612,CD4 T cells,T cells,9,T cells
kang_c015106,11.28258,5.207191,CD14+ Monocytes,monocytes,13,monocytes
kang_c015108,2.642136,0.09120715,B cells,B cells,5,B cells
kang_c015110,-0.03513606,16.28754,NK cells,NK cells,6,NK cells
kang_c015114,0.5023018,12.13806,CD8 T cells,T cells,12,NK cells
kang_c015115,-0.8911362,7.901206,CD4 T cells,T cells,7,T cells
kang_c015116,-0.2829007,15.66351,NK cells,NK cells,6,NK cells
kang_c015121,-0.495886,8.71344,CD4 T cells,T cells,7,T cells
kang_c015123,0.1525901,8.824059,CD4 T cells,T cells,9,T cells
kang_c015126,0.5092493,7.058019,CD4 T cells,T cells,7,T cells
kang_c015127,0.5432453,7.401742,CD4 T cells,T cells,7,T cells
kang_c015130,11.05952,6.541242,CD14+ Monocytes,monocytes,11,monocytes
kang_c015144,13.19512,4.061363,CD14+ Monocytes,monocytes,13,monocytes
kang_c015154,4.885427,0.9450904,B cells,B cells,16,B cells
kang_c015158,12.19879,5.222104,CD14+ Monocytes,monocytes,13,monocytes
kang_c015159,2.323892,0.3158793,B cells,B cells,5,B cells
kang_c015163,-1.862471,6.3716,CD4 T cells,T cells,7,T cells
kang_c015167,2.311859,7.526357,CD4 T cells,T cells,1,Unknown
kang_c015168,-0.01669246,10.26305,CD4 T cells,T cells,9,T cells
kang_c015173,4.074373,0.6777993,B cells,B cells,16,B cells
kang_c015174,10.93491,4.89887,CD14+ Monocytes,monocytes,13,monocytes
kang_c015179,12.10062,4.437719,CD14+ Monocytes,monocytes,13,monocytes
kang_c015182,-0.6211866,6.920683,CD4 T cells,T cells,7,T cells
kang_c015183,-0.7799499,12.9125,CD8 T cells,T cells,12,NK cells
kang_c015188,0.3204626,11.81101,CD4 T cells,T cells,12,NK cells
kang_c015193,-1.869083,6.065352,CD4 T cells,T cells,7,T cells
kang_c015195,3.496413,-1.079303,CD4 T cells,T cells,16,B cells
kang_c015196,11.4525,4.236225,CD14+ Monocytes,monocytes,13,monocytes
kang_c015198,4.135965,0.7982517,B cells,B cells,16,B cells
kang_c015202,-1.561658,5.351422,CD4 T cells,T cells,7,T cells
kang_c015204,-0.8769108,11.41267,CD4 T cells,T cells,9,T cells
kang_c015206,-0.2790591,7.233673,CD4 T cells,T cells,7,T cells
kang_c015208,-1.458988,8.49122,CD4 T cells,T cells,7,T cells
kang_c015216,-2.190751,5.493182,CD4 T cells,T cells,7,T cells
kang_c015218,13.07864,6.633952,CD14+ Monocytes,monocytes,13,monocytes
kang_c015220,12.64778,5.122538,CD14+ Monocytes,monocytes,13,monocytes
kang_c015224,10.18869,6.332492,CD14+ Monocytes,monocytes,11,monocytes
kang_c015234,-0.1108285,9.119381,CD4 T cells,T cells,9,T cells
kang_c015244,10.61203,6.132737,CD14+ Monocytes,monocytes,11,monocytes
kang_c015245,11.23134,4.355897,CD14+ Monocytes,monocytes,13,monocytes
kang_c015263,0.6234215,10.33889,CD4 T cells,T cells,9,T cells
kang_c015266,13.78765,4.776135,CD14+ Monocytes,monocytes,13,monocytes
kang_c015268,-1.427589,7.075076,CD4 T cells,T cells,7,T cells
kang_c015269,0.7097976,9.656374,CD4 T cells,T cells,9,T cells
kang_c015270,10.6927,6.401563,CD14+ Monocytes,monocytes,11,monocytes
kang_c015273,14.68658,7.247995,FCGR3A+ Monocytes,monocytes,8,monocytes
kang_c015275,13.78399,5.259399,CD14+ Monocytes,monocytes,13,monocytes
kang_c015276,-0.2858794,8.429154,CD4 T cells,T cells,7,T cells
kang_c015281,-0.9383101,8.890638,CD4 T cells,T cells,7,T cells
kang_c015287,-2.493049,11.43112,CD4 T cells,T cells,3,T cells
kang_c015289,-0.709722,10.92783,CD4 T cells,T cells,9,T cells
kang_c015294,-2.196145,15.57903,NK cells,NK cells,4,NK cells
kang_c015295,2.194235,0.06974167,B cells,B cells,5,B cells
kang_c015299,14.08441,5.815274,Dendritic cells,dendritic cells,13,monocytes
kang_c015304,-1.583373,11.12613,CD4 T cells,T cells,9,T cells
kang_c015306,14.15956,7.533617,FCGR3A+ Monocytes,monocytes,8,monocytes
kang_c015316,0.7123363,8.130233,CD4 T cells,T cells,7,T cells
kang_c015322,14.50271,7.594611,FCGR3A+ Monocytes,monocytes,8,monocytes
kang_c015325,0.01823591,5.970155,CD4 T cells,T cells,7,T cells
kang_c015326,12.53405,5.462934,CD14+ Monocytes,monocytes,13,monocytes
kang_c015328,12.54503,4.230808,CD14+ Monocytes,monocytes,13,monocytes
kang_c015330,10.50697,6.596673,CD14+ Monocytes,monocytes,11,monocytes
kang_c015333,12.28722,4.801741,CD14+ Monocytes,monocytes,13,monocytes
kang_c015335,-1.187529,10.20917,CD4 T cells,T cells,9,T cells
kang_c015336,0.2469015,9.90276,CD4 T cells,T cells,9,T cells
kang_c015339,-0.897132,7.67862,CD4 T cells,T cells,7,T cells
kang_c015344,0.332616,12.89212,CD8 T cells,T cells,12,NK cells
kang_c015346,-1.635133,7.546429,CD4 T cells,T cells,7,T cells
kang_c015347,0.3146853,6.595963,CD4 T cells,T cells,7,T cells
kang_c015349,-1.063747,16.62767,NK cells,NK cells,6,NK cells
kang_c015350,0.09217286,8.110439,CD4 T cells,T cells,7,T cells
kang_c015351,4.576431,1.027414,B cells,B cells,16,B cells
kang_c015359,-1.009428,11.2127,CD4 T cells,T cells,9,T cells
kang_c015369,0.2065454,13.56265,CD8 T cells,T cells,12,NK cells
kang_c015376,8.173532,7.658003,CD4 T cells,T cells,11,monocytes
kang_c015379,-1.017417,6.594529,CD4 T cells,T cells,7,T cells
kang_c015380,4.115042,-0.1436512,B cells,B cells,16,B cells
kang_c015383,-0.2324571,11.02852,CD4 T cells,T cells,9,T cells
kang_c015385,10.90641,4.415603,CD14+ Monocytes,monocytes,13,monocytes
kang_c015386,-0.0573574,8.354814,CD4 T cells,T cells,7,T cells
kang_c015391,-2.198783,5.61251,CD4 T cells,T cells,7,T cells
kang_c015403,12.25533,4.466399,CD14+ Monocytes,monocytes,13,monocytes
kang_c015405,-0.00580962,14.82167,NK cells,NK cells,6,NK cells
kang_c015407,3.63966,0.5842202,B cells,B cells,16,B cells
kang_c015411,12.99338,6.688663,CD14+ Monocytes,monocytes,13,monocytes
kang_c015421,0.7734796,9.687242,CD4 T cells,T cells,9,T cells
kang_c015428,12.01684,3.902998,CD14+ Monocytes,monocytes,13,monocytes
kang_c015430,0.1211587,10.92425,CD4 T cells,T cells,9,T cells
kang_c015432,-0.5128058,12.44065,CD8 T cells,T cells,12,NK cells
kang_c015441,-1.337001,10.72077,CD4 T cells,T cells,9,T cells
kang_c015443,14.59263,7.825421,FCGR3A+ Monocytes,monocytes,8,monocytes
kang_c015444,12.39584,4.448133,CD14+ Monocytes,monocytes,13,monocytes
kang_c015448,5.27986,0.8678969,B cells,B cells,16,B cells
kang_c015450,5.207139,0.2770269,B cells,B cells,16,B cells
kang_c015453,11.30219,4.904382,CD14+ Monocytes,monocytes,13,monocytes
kang_c015454,4.531467,0.4431208,B cells,B cells,16,B cells
kang_c015458,11.28521,6.830691,CD14+ Monocytes,monocytes,11,monocytes
kang_c015461,2.833721,0.5638524,B cells,B cells,5,B cells
kang_c015462,-1.272541,8.128126,CD4 T cells,T cells,1,Unknown
kang_c015467,0.6859403,9.957081,CD4 T cells,T cells,9,T cells
kang_c015474,-0.07954305,15.67117,NK cells,NK cells,6,NK cells
kang_c015475,14.53535,6.862695,FCGR3A+ Monocytes,monocytes,8,monocytes
kang_c015478,4.160177,0.2146461,B cells,B cells,16,B cells
kang_c015487,5.213082,1.034954,B cells,B cells,16,B cells
kang_c015489,4.147784,0.4605361,B cells,B cells,16,B cells
kang_c015495,10.07579,6.189303,CD14+ Monocytes,monocytes,11,monocytes
kang_c015502,-0.9497484,7.313779,CD4 T cells,T cells,7,T cells
kang_c015503,0.5206509,10.44536,CD4 T cells,T cells,9,T cells
kang_c015504,-0.2449043,5.947665,CD4 T cells,T cells,7,T cells
kang_c015505,2.702735,7.274643,CD4 T cells,T cells,1,Unknown
kang_c015507,0.03930272,9.133298,CD4 T cells,T cells,9,T cells
kang_c015509,11.42023,5.084323,CD14+ Monocytes,monocytes,13,monocytes
kang_c015510,-0.1542195,15.15677,NK cells,NK cells,6,NK cells
kang_c015520,-0.07761426,9.206575,CD4 T cells,T cells,9,T cells
kang_c015534,0.431837,8.40057,CD4 T cells,T cells,7,T cells
kang_c015550,-0.946283,15.59349,NK cells,NK cells,6,NK cells
kang_c015554,3.437044,0.1163711,B cells,B cells,16,B cells
kang_c015562,14.58836,7.362514,FCGR3A+ Monocytes,monocytes,8,monocytes
kang_c015568,4.610394,-0.003983492,B cells,B cells,16,B cells
kang_c015571,-0.5523232,6.829361,CD4 T cells,T cells,7,T cells
kang_c015577,-0.6258905,6.916245,CD4 T cells,T cells,7,T cells
kang_c015578,13.57382,6.244192,CD14+ Monocytes,monocytes,13,monocytes
kang_c015580,-0.4522663,12.35116,CD4 T cells,T cells,12,NK cells
kang_c015582,-0.4100735,7.64234,CD4 T cells,T cells,7,T cells
kang_c015586,-0.4854122,14.82421,NK cells,NK cells,6,NK cells
kang_c015587,4.659607,-0.52114,B cells,B cells,16,B cells
kang_c015593,-1.001277,11.17087,CD4 T cells,T cells,9,T cells
kang_c015594,10.46956,5.555657,CD14+ Monocytes,monocytes,11,monocytes
kang_c015601,0.1336639,9.205346,CD4 T cells,T cells,9,T cells
kang_c015604,-0.7226347,5.338926,CD4 T cells,T cells,7,T cells
kang_c015605,-0.4656697,5.223938,CD4 T cells,T cells,7,T cells
kang_c015610,14.45203,6.594575,FCGR3A+ Monocytes,monocytes,8,monocytes
kang_c015611,-0.2570983,13.13438,CD8 T cells,T cells,12,NK cells
kang_c015613,10.84901,7.023552,CD14+ Monocytes,monocytes,11,monocytes
kang_c015619,4.40131,-0.6406583,B cells,B cells,16,B cells
kang_c015622,0.2413547,10.32106,CD4 T cells,T cells,9,T cells
kang_c015624,10.30425,5.652216,CD14+ Monocytes,monocytes,11,monocytes
kang_c015627,-0.04510421,10.63133,CD4 T cells,T cells,9,T cells
kang_c015632,-0.6332767,8.086902,CD4 T cells,T cells,7,T cells
kang_c015640,-1.521399,10.45408,CD4 T cells,T cells,9,T cells
kang_c015650,10.35636,6.283917,CD14+ Monocytes,monocytes,11,monocytes
kang_c015652,-2.073014,16.32606,NK cells,NK cells,6,NK cells
kang_c015662,11.27546,7.381631,CD14+ Monocytes,monocytes,11,monocytes
kang_c015668,3.35048,0.3931011,B cells,B cells,16,B cells
kang_c015669,0.2610142,12.72669,CD8 T cells,T cells,12,NK cells
kang_c015674,-0.6675858,13.41037,CD8 T cells,T cells,12,NK cells
kang_c015677,14.15156,7.480729,FCGR3A+ Monocytes,monocytes,8,monocytes
kang_c015678,-1.2627,15.49652,NK cells,NK cells,6,NK cells
kang_c015680,12.46934,4.027442,CD14+ Monocytes,monocytes,13,monocytes
kang_c015681,0.3598935,7.56641,CD4 T cells,T cells,7,T cells
kang_c015682,-0.5997078,16.26943,NK cells,NK cells,6,NK cells
kang_c015684,12.25987,4.19249,CD14+ Monocytes,monocytes,13,monocytes
kang_c015688,0.163065,6.95991,CD4 T cells,T cells,7,T cells
kang_c015692,12.78922,5.387157,CD14+ Monocytes,monocytes,13,monocytes
kang_c015717,14.9398,4.917567,Dendritic cells,dendritic cells,10,dendritic cells
kang_c015718,0.5002158,9.425236,CD4 T cells,T cells,9,T cells
kang_c015719,0.379506,6.611355,CD4 T cells,T cells,7,T cells
kang_c015727,-0.270854,15.23682,NK cells,NK cells,6,NK cells
kang_c015729,12.74488,4.987593,FCGR3A+ Monocytes,monocytes,13,monocytes
kang_c015736,0.2388998,9.043224,CD4 T cells,T cells,9,T cells
kang_c015746,0.9886216,8.782383,CD4 T cells,T cells,1,Unknown
kang_c015748,2.292013,0.3968734,B cells,B cells,5,B cells
kang_c015751,0.05504114,6.80144,CD4 T cells,T cells,7,T cells
kang_c015756,-0.02646213,7.207213,CD4 T cells,T cells,7,T cells
kang_c015758,12.68084,6.497252,Dendritic cells,dendritic cells,11,monocytes
kang_c015759,4.29282,0.1664139,B cells,B cells,16,B cells
kang_c015764,-1.795781,9.253349,CD4 T cells,T cells,1,Unknown
kang_c015767,-1.157393,15.10783,NK cells,NK cells,6,NK cells
kang_c015770,-5.643733,7.74859,CD4 T cells,T cells,2,T cells
kang_c015773,-2.232367,6.13945,CD4 T cells,T cells,7,T cells
kang_c015776,-3.588518,14.27727,CD8 T cells,T cells,4,NK cells
kang_c015781,14.8529,7.549113,FCGR3A+ Monocytes,monocytes,8,monocytes
kang_c015785,0.1949541,11.62769,CD4 T cells,T cells,9,T cells
kang_c015786,12.75914,6.051922,CD14+ Monocytes,monocytes,13,monocytes
kang_c015791,-1.582699,5.286739,CD4 T cells,T cells,7,T cells
kang_c015794,-0.295695,15.55102,NK cells,NK cells,6,NK cells
kang_c015795,4.324893,-0.780036,B cells,B cells,16,B cells
kang_c015796,10.60358,5.833464,CD14+ Monocytes,monocytes,11,monocytes
kang_c015797,-1.578403,10.31627,CD4 T cells,T cells,9,T cells
kang_c015801,4.353009,-0.7936493,B cells,B cells,16,B cells
kang_c015803,-3.417414,11.27486,CD4 T cells,T cells,3,T cells
kang_c015810,13.32763,5.535503,CD14+ Monocytes,monocytes,13,monocytes
kang_c015812,-0.4591431,6.556328,CD4 T cells,T cells,7,T cells
kang_c015816,11.37407,6.60525,CD14+ Monocytes,monocytes,11,monocytes
kang_c015826,-0.5210763,11.10546,CD4 T cells,T cells,9,T cells
kang_c015832,12.79328,6.36149,CD14+ Monocytes,monocytes,13,monocytes
kang_c015836,-0.195316,8.832923,CD4 T cells,T cells,7,T cells
kang_c015837,11.82939,6.01318,CD14+ Monocytes,monocytes,13,monocytes
kang_c015843,4.250542,-1.294963,B cells,B cells,16,B cells
kang_c015845,-0.006181392,12.64949,CD4 T cells,T cells,12,NK cells
kang_c015848,0.1278462,6.795125,CD4 T cells,T cells,7,T cells
kang_c015853,-0.4101645,15.39277,NK cells,NK cells,6,NK cells
kang_c015859,-2.617151,7.232424,CD4 T cells,T cells,14,platelets
kang_c015864,-0.3884121,6.512502,CD4 T cells,T cells,7,T cells
kang_c015866,0.1366997,10.64627,CD4 T cells,T cells,9,T cells
kang_c015873,-0.0923441,15.46431,NK cells,NK cells,6,NK cells
kang_c015878,-0.8303512,7.703989,CD4 T cells,T cells,1,Unknown
kang_c015879,-1.137,15.09356,NK cells,NK cells,6,NK cells
kang_c015882,11.4703,6.297259,CD14+ Monocytes,monocytes,11,monocytes
kang_c015884,-0.1029633,9.239592,CD4 T cells,T cells,9,T cells
kang_c015891,-0.7446713,8.562862,CD4 T cells,T cells,1,Unknown
kang_c015897,5.073211,-0.07212664,B cells,B cells,16,B cells
kang_c015905,12.60352,4.78091,CD14+ Monocytes,monocytes,13,monocytes
kang_c015913,-0.937245,6.7842,CD4 T cells,T cells,7,T cells
kang_c015918,1.141402,8.289385,CD4 T cells,T cells,1,Unknown
kang_c015923,3.568666,0.4863699,B cells,B cells,16,B cells
kang_c015926,-0.8241249,5.113639,CD4 T cells,T cells,7,T cells
kang_c015927,-0.06211931,15.83632,CD8 T cells,T cells,6,NK cells
kang_c015930,0.175196,12.31919,NK cells,NK cells,12,NK cells
kang_c015931,-1.467623,7.461544,CD4 T cells,T cells,7,T cells
kang_c015936,14.90004,6.703256,FCGR3A+ Monocytes,monocytes,8,monocytes
kang_c015937,-1.469254,10.33253,CD4 T cells,T cells,9,T cells
kang_c015940,0.3396321,10.33401,CD4 T cells,T cells,9,T cells
kang_c015942,12.06678,5.051372,CD14+ Monocytes,monocytes,13,monocytes
kang_c015945,0.2197628,6.513394,CD4 T cells,T cells,7,T cells
kang_c015947,-2.418455,6.724551,CD4 T cells,T cells,1,Unknown
kang_c015958,-1.430645,6.48113,CD4 T cells,T cells,7,T cells
kang_c015959,3.81693,-0.1963359,B cells,B cells,16,B cells
kang_c015977,1.289273,7.9767,CD4 T cells,T cells,1,Unknown
kang_c015980,-0.1265119,15.22028,NK cells,NK cells,6,NK cells
kang_c015984,0.2226706,14.63042,CD8 T cells,T cells,6,NK cells
kang_c015985,14.20294,7.561279,FCGR3A+ Monocytes,monocytes,8,monocytes
kang_c015989,12.87747,5.06361,CD14+ Monocytes,monocytes,13,monocytes
kang_c015991,-0.3070907,16.21214,NK cells,NK cells,6,NK cells
kang_c015995,-0.5973146,10.99536,CD4 T cells,T cells,9,T cells
kang_c016003,10.76635,5.390083,CD14+ Monocytes,monocytes,13,monocytes
kang_c016028,12.54773,6.128831,CD14+ Monocytes,monocytes,13,monocytes
kang_c016033,10.16994,6.0836,CD14+ Monocytes,monocytes,11,monocytes
kang_c016039,13.22446,6.556398,CD14+ Monocytes,monocytes,13,monocytes
kang_c016041,-2.266883,10.57329,CD4 T cells,T cells,9,T cells
kang_c016044,-2.245433,5.5139,CD4 T cells,T cells,7,T cells
kang_c016046,4.35525,-0.1751793,B cells,B cells,16,B cells
kang_c016056,-1.190798,7.081566,CD4 T cells,T cells,7,T cells
kang_c016057,-1.674044,5.782418,CD4 T cells,T cells,7,T cells
kang_c016060,0.04438984,8.243762,CD4 T cells,T cells,7,T cells
kang_c016061,-0.3360556,12.72999,CD8 T cells,T cells,12,NK cells
kang_c016064,4.244758,-0.3533105,B cells,B cells,16,B cells
kang_c016068,11.01816,7.178367,CD14+ Monocytes,monocytes,11,monocytes
kang_c016069,-2.491699,5.937949,CD4 T cells,T cells,7,T cells
kang_c016075,4.873174,-0.8261535,B cells,B cells,16,B cells
kang_c016077,12.80713,4.19358,CD14+ Monocytes,monocytes,13,monocytes
kang_c016081,10.22701,6.519195,CD14+ Monocytes,monocytes,11,monocytes
kang_c016100,-2.092736,5.638319,CD4 T cells,T cells,7,T cells
kang_c016107,4.740689,-0.06529459,B cells,B cells,16,B cells
kang_c016114,-1.63244,5.340926,CD4 T cells,T cells,7,T cells
kang_c016115,4.906639,0.6924235,B cells,B cells,16,B cells
kang_c016122,-0.6744536,15.00756,NK cells,NK cells,6,NK cells
kang_c016125,-0.1078646,7.91524,CD4 T cells,T cells,7,T cells
kang_c016126,-0.8933802,8.433187,CD4 T cells,T cells,7,T cells
kang_c016128,1.433015,8.113419,CD4 T cells,T cells,1,Unknown
kang_c016132,-2.204056,8.05665,CD4 T cells,T cells,1,Unknown
kang_c016133,14.81404,6.462943,FCGR3A+ Monocytes,monocytes,8,monocytes
kang_c016137,-0.6749462,15.27402,NK cells,NK cells,6,NK cells
kang_c016138,-0.165505,10.27555,CD4 T cells,T cells,9,T cells
kang_c016140,4.175053,0.4621925,B cells,B cells,16,B cells
kang_c016147,-0.4550522,7.473654,CD4 T cells,T cells,7,T cells
kang_c016149,14.93134,7.865319,FCGR3A+ Monocytes,monocytes,8,monocytes
kang_c016151,-0.9513137,10.55144,CD4 T cells,T cells,6,NK cells
kang_c016156,1.851818,7.890365,CD4 T cells,T cells,1,Unknown
kang_c016157,2.727136,0.1513419,B cells,B cells,5,B cells
kang_c016167,11.29672,4.679206,CD14+ Monocytes,monocytes,13,monocytes
kang_c016175,-4.365394,6.547019,CD4 T cells,T cells,2,T cells
kang_c016178,4.811497,0.4066526,B cells,B cells,16,B cells
kang_c016181,0.1982934,10.1545,CD4 T cells,T cells,9,T cells
kang_c016183,0.5408408,10.30247,CD4 T cells,T cells,9,T cells
kang_c016185,0.9890167,7.974277,CD4 T cells,T cells,1,Unknown
kang_c016195,0.9690778,8.169157,CD4 T cells,T cells,1,Unknown
kang_c016196,13.97993,6.169554,CD14+ Monocytes,monocytes,8,monocytes
kang_c016199,-0.06483176,13.73162,CD8 T cells,T cells,12,NK cells
kang_c016200,11.48897,5.963706,CD14+ Monocytes,monocytes,13,monocytes
kang_c016202,12.61067,5.243877,CD14+ Monocytes,monocytes,13,monocytes
kang_c016203,0.05533097,8.111958,CD4 T cells,T cells,7,T cells
kang_c016205,0.7323374,8.236255,CD4 T cells,T cells,1,Unknown
kang_c016210,-1.211639,7.148431,CD4 T cells,T cells,7,T cells
kang_c016213,0.4257333,13.54472,CD8 T cells,T cells,12,NK cells
kang_c016215,-2.140496,6.343446,CD4 T cells,T cells,7,T cells
kang_c016225,11.53191,4.0028,CD14+ Monocytes,monocytes,13,monocytes
kang_c016226,11.58326,4.320254,CD14+ Monocytes,monocytes,13,monocytes
kang_c016230,-1.727656,7.291079,CD4 T cells,T cells,7,T cells
kang_c016232,1.01221,8.620293,CD4 T cells,T cells,9,T cells
kang_c016234,0.2390053,7.207186,CD4 T cells,T cells,7,T cells
kang_c016235,-0.5622374,6.092309,CD4 T cells,T cells,7,T cells
kang_c016247,-0.8759055,6.395618,CD4 T cells,T cells,7,T cells
kang_c016248,0.1722127,9.695292,CD4 T cells,T cells,9,T cells
kang_c016251,0.7603316,12.54988,CD4 T cells,T cells,12,NK cells
kang_c016252,-0.1787286,9.499969,CD4 T cells,T cells,3,T cells
kang_c016265,-1.799706,8.016903,CD4 T cells,T cells,1,Unknown
kang_c016271,-1.393143,10.02694,CD4 T cells,T cells,9,T cells
kang_c016279,-0.1159964,7.113253,CD4 T cells,T cells,7,T cells
kang_c016286,0.4119016,13.52949,CD8 T cells,T cells,12,NK cells
kang_c016287,14.39028,7.496404,FCGR3A+ Monocytes,monocytes,8,monocytes
kang_c016291,-1.167036,9.588473,CD4 T cells,T cells,9,T cells
kang_c016298,-0.7186085,12.58796,CD8 T cells,T cells,12,NK cells
kang_c016304,0.006268591,9.36036,CD4 T cells,T cells,9,T cells
kang_c016318,11.4696,6.611675,CD14+ Monocytes,monocytes,11,monocytes
kang_c016319,0.1558322,6.707217,CD4 T cells,T cells,7,T cells
kang_c016333,14.70969,7.286183,FCGR3A+ Monocytes,monocytes,8,monocytes
kang_c016335,-0.3849851,12.56335,CD8 T cells,T cells,12,NK cells
kang_c016336,-0.4826432,15.53365,NK cells,NK cells,6,NK cells
kang_c016337,4.798174,-0.1475703,B cells,B cells,16,B cells
kang_c016340,2.710517,0.2594252,B cells,B cells,5,B cells
kang_c016347,-2.188709,16.26554,NK cells,NK cells,6,NK cells
kang_c016351,0.6918988,10.32293,CD4 T cells,T cells,9,T cells
kang_c016354,-0.7059003,6.309098,CD4 T cells,T cells,7,T cells
kang_c016356,-0.4003689,11.47852,CD4 T cells,T cells,12,NK cells
kang_c016360,-0.8270481,6.522752,CD4 T cells,T cells,7,T cells
kang_c016369,-1.013398,9.561462,CD4 T cells,T cells,9,T cells
kang_c016372,11.86421,5.765908,CD14+ Monocytes,monocytes,13,monocytes
kang_c016376,10.55393,5.179682,CD14+ Monocytes,monocytes,11,monocytes
kang_c016378,5.215873,0.3571754,B cells,B cells,16,B cells
kang_c016380,12.09006,5.421611,CD14+ Monocytes,monocytes,13,monocytes
kang_c016381,-1.220938,9.490627,CD4 T cells,T cells,9,T cells
kang_c016389,4.941299,-0.040652,B cells,B cells,16,B cells
kang_c016391,10.98226,5.383438,CD14+ Monocytes,monocytes,13,monocytes
kang_c016394,-0.2208752,8.533117,CD4 T cells,T cells,7,T cells
kang_c016397,0.3063586,7.7027,CD4 T cells,T cells,7,T cells
kang_c016413,2.186545,0.5539017,B cells,B cells,5,B cells
kang_c016414,-0.08629259,7.511584,CD4 T cells,T cells,7,T cells
kang_c016418,12.35284,5.004586,CD14+ Monocytes,monocytes,13,monocytes
kang_c016424,-1.351782,16.05346,NK cells,NK cells,6,NK cells
kang_c016426,0.04280307,10.5783,CD4 T cells,T cells,9,T cells
kang_c016428,0.3998817,7.639806,CD4 T cells,T cells,7,T cells
kang_c016430,-2.127086,15.95109,NK cells,NK cells,6,NK cells
kang_c016431,13.02612,5.59213,CD14+ Monocytes,monocytes,13,monocytes
kang_c016442,12.32155,5.184384,CD14+ Monocytes,monocytes,13,monocytes
kang_c016443,-0.4904548,11.29131,CD4 T cells,T cells,12,NK cells
kang_c016444,11.05651,6.572349,CD14+ Monocytes,monocytes,11,monocytes
kang_c016450,-1.687559,7.808501,B cells,B cells,16,B cells
kang_c016451,-0.2709184,16.01791,NK cells,NK cells,6,NK cells
kang_c016464,-1.140219,7.808157,CD4 T cells,T cells,7,T cells
kang_c016469,13.08326,4.254583,CD14+ Monocytes,monocytes,13,monocytes
kang_c016473,-1.540542,7.460449,CD4 T cells,T cells,7,T cells
kang_c016475,-2.197551,5.123837,CD4 T cells,T cells,7,T cells
kang_c016476,-0.3713529,8.58143,CD4 T cells,T cells,7,T cells
kang_c016479,0.5461768,9.401846,CD4 T cells,T cells,9,T cells
kang_c016487,3.359114,0.6304795,B cells,B cells,16,B cells
kang_c016488,-0.8315978,16.00264,NK cells,NK cells,6,NK cells
kang_c016489,11.42823,4.392114,CD14+ Monocytes,monocytes,13,monocytes
kang_c016500,0.4121876,7.78546,CD4 T cells,T cells,7,T cells
kang_c016504,-1.049413,10.35196,CD4 T cells,T cells,9,T cells
kang_c016506,-1.562487,15.87014,NK cells,NK cells,6,NK cells
kang_c016507,14.20714,6.357127,CD14+ Monocytes,monocytes,8,monocytes
kang_c016509,-1.894564,8.106895,CD4 T cells,T cells,1,Unknown
kang_c016512,-0.7608837,16.00212,NK cells,NK cells,6,NK cells
kang_c016514,-0.6436756,12.2345,CD8 T cells,T cells,12,NK cells
kang_c016530,12.6147,5.591209,CD14+ Monocytes,monocytes,13,monocytes
kang_c016537,-0.9764578,10.44288,CD4 T cells,T cells,9,T cells
kang_c016545,0.1707717,10.22358,CD4 T cells,T cells,9,T cells
kang_c016546,13.17773,4.883001,CD14+ Monocytes,monocytes,13,monocytes
kang_c016548,14.32861,6.268423,FCGR3A+ Monocytes,monocytes,8,monocytes
kang_c016552,-2.408598,5.075233,CD4 T cells,T cells,7,T cells
kang_c016556,-0.1073731,9.091922,CD4 T cells,T cells,9,T cells
kang_c016561,5.088995,-0.4405057,B cells,B cells,16,B cells
kang_c016563,-1.361126,9.649098,CD4 T cells,T cells,9,T cells
kang_c016565,0.6135675,6.821335,CD4 T cells,T cells,7,T cells
kang_c016567,-0.6747497,6.420069,CD4 T cells,T cells,7,T cells
kang_c016574,-1.194105,6.495086,CD4 T cells,T cells,7,T cells
kang_c016576,13.50516,6.10985,Dendritic cells,dendritic cells,13,monocytes
kang_c016599,11.3427,5.535819,CD14+ Monocytes,monocytes,13,monocytes
kang_c016603,-1.016355,4.927295,CD4 T cells,T cells,7,T cells
kang_c016608,0.09171984,6.657274,CD4 T cells,T cells,7,T cells
kang_c016609,15.35172,4.698778,Dendritic cells,dendritic cells,10,dendritic cells
kang_c016615,0.09856576,6.565408,CD4 T cells,T cells,7,T cells
kang_c016616,-1.497884,9.901253,CD4 T cells,T cells,9,T cells
kang_c016618,0.749287,12.52699,CD8 T cells,T cells,12,NK cells
kang_c016620,-0.9797943,15.21808,NK cells,NK cells,6,NK cells
kang_c016623,-0.8665269,11.08037,CD4 T cells,T cells,9,T cells
kang_c016631,-0.1268995,15.87373,NK cells,NK cells,6,NK cells
kang_c016633,-1.059828,11.51022,CD4 T cells,T cells,9,T cells
kang_c016634,13.80394,4.709732,CD14+ Monocytes,monocytes,13,monocytes
kang_c016635,12.79709,5.931847,CD14+ Monocytes,monocytes,13,monocytes
kang_c016641,-0.2600254,16.2231,NK cells,NK cells,6,NK cells
kang_c016643,14.57028,6.612535,FCGR3A+ Monocytes,monocytes,8,monocytes
kang_c016645,-0.50711,9.77078,CD4 T cells,T cells,9,T cells
kang_c016646,4.322396,0.7788637,B cells,B cells,16,B cells
kang_c016649,-0.5322749,15.35887,NK cells,NK cells,6,NK cells
kang_c016656,-0.3283927,16.19596,NK cells,NK cells,6,NK cells
kang_c016664,-2.52331,8.611094,CD4 T cells,T cells,14,platelets
kang_c016669,10.9357,6.742922,CD14+ Monocytes,monocytes,11,monocytes
kang_c016671,-2.030529,6.837672,CD4 T cells,T cells,7,T cells
kang_c016675,-1.243009,11.59983,CD4 T cells,T cells,12,NK cells
kang_c016678,0.7806084,9.977405,CD4 T cells,T cells,9,T cells
kang_c016679,2.352163,-0.3657113,B cells,B cells,5,B cells
kang_c016680,12.93326,6.767386,CD14+ Monocytes,monocytes,13,monocytes
kang_c016683,-0.5120728,15.78234,NK cells,NK cells,6,NK cells
kang_c016685,0.2360833,9.816953,CD4 T cells,T cells,9,T cells
kang_c016689,-1.134766,11.5066,CD4 T cells,T cells,9,T cells
kang_c016690,0.2381151,7.90347,CD4 T cells,T cells,7,T cells
kang_c016694,4.491475,1.043906,B cells,B cells,16,B cells
kang_c016695,-0.2412102,6.945167,CD4 T cells,T cells,7,T cells
kang_c016696,-1.520202,16.00505,NK cells,NK cells,6,NK cells
kang_c016698,0.004887484,7.9621,CD4 T cells,T cells,7,T cells
kang_c016700,5.21224,-0.6277043,B cells,B cells,16,B cells
kang_c016706,12.41418,4.261062,CD14+ Monocytes,monocytes,13,monocytes
kang_c016710,3.1757,0.4004052,B cells,B cells,16,B cells
kang_c016712,0.5510665,7.670068,CD4 T cells,T cells,7,T cells
kang_c016718,-1.865371,16.33511,NK cells,NK cells,6,NK cells
kang_c016726,-0.8812818,9.341392,CD4 T cells,T cells,9,T cells
kang_c016727,-0.9752218,9.29645,CD4 T cells,T cells,9,T cells
kang_c016728,-0.04477338,9.5139,CD4 T cells,T cells,9,T cells
kang_c016733,-2.195914,6.177212,CD4 T cells,T cells,7,T cells
kang_c016734,-2.530327,16.10303,NK cells,NK cells,6,NK cells
kang_c016743,-2.089009,7.579583,CD4 T cells,T cells,7,T cells
kang_c016744,-0.7265958,13.15832,CD8 T cells,T cells,12,NK cells
kang_c016747,12.99191,7.033298,CD14+ Monocytes,monocytes,13,monocytes
kang_c016749,0.2324916,8.972934,CD4 T cells,T cells,9,T cells
kang_c016750,11.58099,7.173222,FCGR3A+ Monocytes,monocytes,11,monocytes
kang_c016751,-3.890683,6.708547,CD4 T cells,T cells,2,T cells
kang_c016755,0.7416831,8.764346,CD4 T cells,T cells,7,T cells
kang_c016759,2.375528,7.439062,CD4 T cells,T cells,1,Unknown
kang_c016761,0.04652576,12.86597,CD8 T cells,T cells,12,NK cells
kang_c016762,11.31483,4.027476,CD14+ Monocytes,monocytes,13,monocytes
kang_c016764,-1.092987,9.687122,B cells,B cells,9,T cells
kang_c016766,-1.464349,6.688765,CD4 T cells,T cells,7,T cells
kang_c016770,4.204799,0.6224412,B cells,B cells,16,B cells
kang_c016778,0.6775063,7.667734,CD4 T cells,T cells,7,T cells
kang_c016779,-2.305383,5.338311,CD4 T cells,T cells,7,T cells
kang_c016780,-0.7315944,5.089777,CD4 T cells,T cells,7,T cells
kang_c016782,0.07526658,7.748815,CD4 T cells,T cells,7,T cells
kang_c016783,14.0091,7.745671,FCGR3A+ Monocytes,monocytes,8,monocytes
kang_c016788,0.2800604,5.932561,CD4 T cells,T cells,7,T cells
kang_c016791,0.3263512,12.27398,CD4 T cells,T cells,12,NK cells
kang_c016793,14.82851,5.053128,Dendritic cells,dendritic cells,10,dendritic cells
kang_c016796,-0.0846675,7.76,CD4 T cells,T cells,7,T cells
kang_c016799,-1.11485,16.09674,NK cells,NK cells,6,NK cells
kang_c016803,10.78493,5.629267,CD14+ Monocytes,monocytes,11,monocytes
kang_c016806,-2.112833,14.53782,NK cells,NK cells,4,NK cells
kang_c016808,10.645,5.295895,CD14+ Monocytes,monocytes,13,monocytes
kang_c016809,0.5501282,9.164948,CD4 T cells,T cells,9,T cells
kang_c016817,5.599264,-2.685587,Dendritic cells,dendritic cells,15,Unknown
kang_c016835,3.956035,-0.03944255,B cells,B cells,16,B cells
kang_c016836,9.781577,6.552283,CD14+ Monocytes,monocytes,11,monocytes
kang_c016839,-0.8896112,8.238685,CD4 T cells,T cells,7,T cells
kang_c016840,-0.6728309,15.89907,NK cells,NK cells,6,NK cells
kang_c016841,12.63225,5.320639,CD14+ Monocytes,monocytes,13,monocytes
kang_c016850,12.07704,5.500551,CD14+ Monocytes,monocytes,13,monocytes
kang_c016854,12.86526,4.471378,CD14+ Monocytes,monocytes,13,monocytes
kang_c016856,-0.8710216,5.648009,CD4 T cells,T cells,7,T cells
kang_c016861,10.23558,6.564476,CD14+ Monocytes,monocytes,11,monocytes
kang_c016864,11.87019,5.266765,CD14+ Monocytes,monocytes,13,monocytes
kang_c016865,0.1615296,6.584386,CD4 T cells,T cells,7,T cells
kang_c016867,11.44985,6.22227,CD14+ Monocytes,monocytes,11,monocytes
kang_c016868,11.92263,6.212452,CD14+ Monocytes,monocytes,13,monocytes
kang_c016869,9.810439,6.490537,CD14+ Monocytes,monocytes,11,monocytes
kang_c016875,11.95937,5.064302,CD14+ Monocytes,monocytes,13,monocytes
kang_c016876,1.050066,7.280165,CD4 T cells,T cells,7,T cells
kang_c016877,4.166163,-0.1652099,B cells,B cells,16,B cells
kang_c016882,14.30705,7.515882,FCGR3A+ Monocytes,monocytes,8,monocytes
kang_c016885,-0.164394,12.97774,CD8 T cells,T cells,12,NK cells
kang_c016887,0.5474055,6.857872,CD4 T cells,T cells,7,T cells
kang_c016889,12.50407,6.756907,CD14+ Monocytes,monocytes,13,monocytes
kang_c016891,-0.6762128,5.095007,CD4 T cells,T cells,7,T cells
kang_c016893,0.4128179,6.213538,CD4 T cells,T cells,7,T cells
kang_c016907,-1.695771,5.694478,CD4 T cells,T cells,7,T cells
kang_c016912,11.64851,5.12534,CD14+ Monocytes,monocytes,13,monocytes
kang_c016913,10.84567,5.930343,CD14+ Monocytes,monocytes,11,monocytes
kang_c016926,13.19378,5.660647,CD14+ Monocytes,monocytes,13,monocytes
kang_c016942,12.92397,4.923705,CD14+ Monocytes,monocytes,13,monocytes
kang_c016945,-0.06374647,12.56955,CD8 T cells,T cells,12,NK cells
kang_c016947,10.80048,6.842258,CD14+ Monocytes,monocytes,11,monocytes
kang_c016948,0.8602453,12.67227,CD8 T cells,T cells,12,NK cells
kang_c016956,11.29988,4.155917,CD14+ Monocytes,monocytes,13,monocytes
kang_c016957,11.60217,6.623106,CD14+ Monocytes,monocytes,11,monocytes
kang_c016958,13.35118,9.833379,CD14+ Monocytes,monocytes,0,monocytes
kang_c016959,12.96395,6.495848,CD14+ Monocytes,monocytes,13,monocytes
kang_c016961,-1.750365,11.08775,CD4 T cells,T cells,9,T cells
kang_c016985,13.46084,7.570467,FCGR3A+ Monocytes,monocytes,8,monocytes
kang_c016986,-0.5319999,8.220874,CD4 T cells,T cells,1,Unknown
kang_c016989,13.27017,7.040268,CD14+ Monocytes,monocytes,13,monocytes
kang_c017010,4.070763,0.9293039,B cells,B cells,16,B cells
kang_c017012,-1.009214,15.94563,NK cells,NK cells,6,NK cells
kang_c017014,12.11073,4.107957,CD14+ Monocytes,monocytes,13,monocytes
kang_c017022,-2.331785,9.832823,CD4 T cells,T cells,2,T cells
kang_c017024,0.1832964,10.20147,CD4 T cells,T cells,9,T cells
kang_c017035,-0.9928,6.96721,CD4 T cells,T cells,7,T cells
kang_c017036,13.16037,6.532829,CD14+ Monocytes,monocytes,13,monocytes
kang_c017038,-1.42127,6.465827,CD4 T cells,T cells,7,T cells
kang_c017041,-0.914329,15.42152,NK cells,NK cells,6,NK cells
kang_c017047,1.803744,0.0203158,B cells,B cells,5,B cells
kang_c017053,13.27443,4.32024,CD14+ Monocytes,monocytes,13,monocytes
kang_c017055,-0.5171894,8.255364,CD4 T cells,T cells,7,T cells
kang_c017056,-1.352381,6.440661,CD4 T cells,T cells,7,T cells
kang_c017060,14.72616,6.43446,FCGR3A+ Monocytes,monocytes,8,monocytes
kang_c017062,-0.8403149,8.067149,CD4 T cells,T cells,7,T cells
kang_c017067,11.75975,4.284822,CD14+ Monocytes,monocytes,13,monocytes
kang_c017073,-0.6186133,13.05343,CD8 T cells,T cells,12,NK cells
kang_c017074,5.058734,-0.8841699,B cells,B cells,16,B cells
kang_c017077,-1.071666,11.17557,CD4 T cells,T cells,9,T cells
kang_c017080,12.76279,5.760121,CD14+ Monocytes,monocytes,13,monocytes
kang_c017088,10.996,5.614476,CD14+ Monocytes,monocytes,13,monocytes
kang_c017100,12.17636,5.826921,CD14+ Monocytes,monocytes,13,monocytes
kang_c017117,-2.307033,4.941228,CD4 T cells,T cells,7,T cells
kang_c017124,12.58365,5.663566,CD14+ Monocytes,monocytes,13,monocytes
kang_c017125,-0.06419124,11.98088,CD8 T cells,T cells,12,NK cells
kang_c017128,-2.276602,7.802428,CD14+ Monocytes,monocytes,14,platelets
kang_c017129,-1.495731,8.079287,CD4 T cells,T cells,1,Unknown
kang_c017140,11.90105,4.979879,CD14+ Monocytes,monocytes,13,monocytes
kang_c017142,-2.124766,8.995685,CD4 T cells,T cells,1,Unknown
kang_c017153,10.29699,6.333281,CD14+ Monocytes,monocytes,11,monocytes
kang_c017157,-0.5361815,7.087596,CD4 T cells,T cells,7,T cells
kang_c017159,14.37171,7.371704,FCGR3A+ Monocytes,monocytes,8,monocytes
kang_c017160,-2.585231,5.343924,CD4 T cells,T cells,7,T cells
kang_c017169,4.371465,0.1748156,B cells,B cells,16,B cells
kang_c017170,2.19955,7.68769,CD4 T cells,T cells,1,Unknown
kang_c017172,11.08313,7.299568,CD14+ Monocytes,monocytes,11,monocytes
kang_c017173,-1.013373,12.21848,CD8 T cells,T cells,12,NK cells
kang_c017175,2.020583,-0.2694899,B cells,B cells,5,B cells
kang_c017176,12.42768,5.845637,CD14+ Monocytes,monocytes,13,monocytes
kang_c017183,0.1579246,15.84834,NK cells,NK cells,6,NK cells
kang_c017192,10.07555,6.476978,CD14+ Monocytes,monocytes,11,monocytes
kang_c017201,0.0937775,13.85443,CD8 T cells,T cells,12,NK cells
kang_c017204,10.72135,7.130635,CD14+ Monocytes,monocytes,11,monocytes
kang_c017205,3.930509,-0.2860175,B cells,B cells,16,B cells
kang_c017208,14.94787,5.023045,Dendritic cells,dendritic cells,10,dendritic cells
kang_c017209,-0.1204842,14.93914,CD8 T cells,T cells,6,NK cells
kang_c017216,-0.1943034,10.55726,CD4 T cells,T cells,9,T cells
kang_c017221,-0.4861737,11.43374,CD4 T cells,T cells,12,NK cells
kang_c017222,11.95802,6.545381,CD14+ Monocytes,monocytes,13,monocytes
kang_c017224,-0.9668412,7.724824,CD4 T cells,T cells,7,T cells
kang_c017225,-2.094414,14.12746,CD8 T cells,T cells,4,NK cells
kang_c017231,-0.7627594,5.947027,CD4 T cells,T cells,7,T cells
kang_c017232,0.0412722,15.07131,NK cells,NK cells,6,NK cells
kang_c017233,-0.7135641,8.683492,CD4 T cells,T cells,7,T cells
kang_c017245,12.7006,5.519833,CD14+ Monocytes,monocytes,13,monocytes
kang_c017255,0.9430593,8.92179,CD4 T cells,T cells,9,T cells
kang_c017261,14.26884,7.772386,FCGR3A+ Monocytes,monocytes,8,monocytes
kang_c017262,-2.204836,6.11654,CD4 T cells,T cells,7,T cells
kang_c017277,4.630632,0.009510249,B cells,B cells,16,B cells
kang_c017281,12.79038,4.708569,CD14+ Monocytes,monocytes,13,monocytes
kang_c017284,9.568195,6.861058,CD14+ Monocytes,monocytes,11,monocytes
kang_c017293,9.732523,6.341682,CD14+ Monocytes,monocytes,11,monocytes
kang_c017294,4.351751,-1.169976,B cells,B cells,16,B cells
kang_c017296,-1.199635,5.354362,CD4 T cells,T cells,7,T cells
kang_c017297,-0.8282899,10.31864,CD4 T cells,T cells,9,T cells
kang_c017299,1.065938,8.471192,CD4 T cells,T cells,1,Unknown
kang_c017300,1.868727,8.03078,CD4 T cells,T cells,1,Unknown
kang_c017311,14.92823,7.502847,FCGR3A+ Monocytes,monocytes,8,monocytes
kang_c017313,-1.409763,11.6985,CD4 T cells,T cells,12,NK cells
kang_c017315,14.43394,7.549847,FCGR3A+ Monocytes,monocytes,8,monocytes
kang_c017316,5.206338,0.791821,B cells,B cells,16,B cells
kang_c017317,14.46539,5.379811,Dendritic cells,dendritic cells,13,monocytes
kang_c017322,0.1011496,13.21907,CD8 T cells,T cells,12,NK cells
kang_c017325,-0.7762771,6.82273,CD4 T cells,T cells,7,T cells
kang_c017329,4.788532,-0.1865108,B cells,B cells,16,B cells
kang_c017334,-0.2402035,7.894759,CD4 T cells,T cells,7,T cells
kang_c017338,10.52711,6.49146,CD14+ Monocytes,monocytes,11,monocytes
kang_c017339,-2.262422,6.088635,CD4 T cells,T cells,7,T cells
kang_c017346,0.3904867,10.38403,CD4 T cells,T cells,9,T cells
kang_c017349,4.947672,-0.6164031,B cells,B cells,16,B cells
kang_c017350,-2.336301,6.604116,CD4 T cells,T cells,7,T cells
kang_c017351,13.38685,7.21599,CD14+ Monocytes,monocytes,13,monocytes
kang_c017354,-1.465259,5.487931,CD4 T cells,T cells,7,T cells
kang_c017356,0.9615072,7.541251,CD4 T cells,T cells,7,T cells
kang_c017357,-1.386445,10.32679,CD4 T cells,T cells,9,T cells
kang_c017359,-0.9479399,15.50367,NK cells,NK cells,6,NK cells
kang_c017360,-0.6071546,15.13922,NK cells,NK cells,6,NK cells
kang_c017361,12.67785,4.366077,CD14+ Monocytes,monocytes,13,monocytes
kang_c017362,12.56331,4.713505,CD14+ Monocytes,monocytes,13,monocytes
kang_c017363,3.969188,0.772127,B cells,B cells,16,B cells
kang_c017372,14.65713,7.268064,FCGR3A+ Monocytes,monocytes,8,monocytes
kang_c017374,0.02943325,15.99298,NK cells,NK cells,6,NK cells
kang_c017380,-0.1329915,9.17357,CD4 T cells,T cells,9,T cells
kang_c017383,-0.7969059,14.17164,CD8 T cells,T cells,6,NK cells
kang_c017386,-0.1754265,6.904585,CD4 T cells,T cells,7,T cells
kang_c017394,-1.416607,5.078014,CD4 T cells,T cells,7,T cells
kang_c017401,12.86741,5.009347,CD14+ Monocytes,monocytes,13,monocytes
kang_c017406,-0.4658353,16.17475,NK cells,NK cells,6,NK cells
kang_c017410,-1.211182,5.184926,CD4 T cells,T cells,7,T cells
kang_c017414,-0.1313094,14.12394,CD8 T cells,T cells,6,NK cells
kang_c017422,-2.580924,4.973359,CD4 T cells,T cells,7,T cells
kang_c017428,-1.057914,7.327403,CD4 T cells,T cells,7,T cells
kang_c017429,10.46299,6.287246,CD14+ Monocytes,monocytes,11,monocytes
kang_c017435,10.91967,5.53612,CD14+ Monocytes,monocytes,13,monocytes
kang_c017436,0.8566031,12.98422,CD8 T cells,T cells,12,NK cells
kang_c017439,-0.8145392,8.054098,CD4 T cells,T cells,1,Unknown
kang_c017443,-0.6608149,6.735071,CD4 T cells,T cells,7,T cells
kang_c017444,-0.4796769,5.497161,CD4 T cells,T cells,7,T cells
kang_c017446,-1.886458,9.450524,CD4 T cells,T cells,9,T cells
kang_c017453,-0.692986,16.17079,NK cells,NK cells,6,NK cells
kang_c017455,-1.477932,10.11911,CD4 T cells,T cells,9,T cells
kang_c017456,12.78832,3.948643,CD14+ Monocytes,monocytes,13,monocytes
kang_c017461,-0.01876235,13.35075,CD8 T cells,T cells,12,NK cells
kang_c017462,-1.873973,15.69044,NK cells,NK cells,4,NK cells
kang_c017467,11.76977,4.977012,CD14+ Monocytes,monocytes,13,monocytes
kang_c017478,10.13474,6.602112,CD14+ Monocytes,monocytes,11,monocytes
kang_c017479,-0.7915314,7.961702,CD4 T cells,T cells,7,T cells
kang_c017480,0.09626619,5.959735,CD4 T cells,T cells,7,T cells
kang_c017481,11.56011,5.24948,CD14+ Monocytes,monocytes,13,monocytes
kang_c017486,-0.4957087,11.66477,CD4 T cells,T cells,12,NK cells
kang_c017489,-1.230209,7.94082,CD4 T cells,T cells,1,Unknown
kang_c017492,15.18454,4.783546,Dendritic cells,dendritic cells,10,dendritic cells
kang_c017493,0.6608518,7.01584,CD4 T cells,T cells,7,T cells
kang_c017494,10.08767,6.764311,CD14+ Monocytes,monocytes,11,monocytes
kang_c017505,14.40494,6.851799,FCGR3A+ Monocytes,monocytes,8,monocytes
kang_c017506,5.614638,-2.516675,Dendritic cells,dendritic cells,15,Unknown
kang_c017507,11.344,7.358819,FCGR3A+ Monocytes,monocytes,11,monocytes
kang_c017518,-0.6639727,15.72292,NK cells,NK cells,6,NK cells
kang_c017519,-0.9664053,10.64051,CD4 T cells,T cells,9,T cells
kang_c017520,0.508713,8.273806,CD4 T cells,T cells,7,T cells
kang_c017521,12.70835,6.186884,CD14+ Monocytes,monocytes,13,monocytes
kang_c017543,-0.6339595,9.962141,CD4 T cells,T cells,9,T cells
kang_c017547,-0.7492091,7.733811,CD4 T cells,T cells,7,T cells
kang_c017551,-1.445045,10.51501,CD4 T cells,T cells,9,T cells
kang_c017556,3.53467,-0.5600126,B cells,B cells,16,B cells
kang_c017558,-2.353036,6.007413,CD4 T cells,T cells,7,T cells
kang_c017560,-0.9733468,9.559514,CD4 T cells,T cells,9,T cells
kang_c017562,0.1377551,12.27998,CD8 T cells,T cells,12,NK cells
kang_c017569,-2.358838,6.84675,CD4 T cells,T cells,1,Unknown
kang_c017573,14.2044,6.248492,FCGR3A+ Monocytes,monocytes,8,monocytes
kang_c017583,12.87305,5.373664,CD14+ Monocytes,monocytes,13,monocytes
kang_c017585,4.434275,-0.859773,B cells,B cells,16,B cells
kang_c017589,11.89397,6.955863,CD14+ Monocytes,monocytes,11,monocytes
kang_c017590,-1.832526,5.802983,CD4 T cells,T cells,7,T cells
kang_c017596,0.6131715,10.00426,CD4 T cells,T cells,9,T cells
kang_c017598,12.48102,6.038578,CD14+ Monocytes,monocytes,13,monocytes
kang_c017607,0.0625461,6.836359,CD4 T cells,T cells,7,T cells
kang_c017609,-0.0395997,12.48402,CD8 T cells,T cells,12,NK cells
kang_c017610,-2.398504,11.9454,CD4 T cells,T cells,4,NK cells
kang_c017614,-1.315519,11.16007,CD4 T cells,T cells,9,T cells
kang_c017625,-0.9732224,6.133457,CD4 T cells,T cells,7,T cells
kang_c017626,-2.722075,6.368073,CD4 T cells,T cells,7,T cells
kang_c017629,-0.5565917,5.577301,CD4 T cells,T cells,7,T cells
kang_c017630,-0.8305134,5.69031,CD4 T cells,T cells,7,T cells
kang_c017639,2.219177,-0.01932066,B cells,B cells,5,B cells
kang_c017641,-1.798468,5.63282,CD4 T cells,T cells,7,T cells
kang_c017643,0.2435817,10.63807,CD4 T cells,T cells,9,T cells
kang_c017649,-0.6424587,9.081337,CD4 T cells,T cells,9,T cells
kang_c017651,-0.4664095,15.18646,NK cells,NK cells,6,NK cells
kang_c017652,0.3932848,14.01986,CD8 T cells,T cells,12,NK cells
kang_c017656,13.84165,8.172471,FCGR3A+ Monocytes,monocytes,8,monocytes
kang_c017657,10.10661,6.335409,CD14+ Monocytes,monocytes,11,monocytes
kang_c017659,-0.9721165,8.167959,CD4 T cells,T cells,7,T cells
kang_c017667,12.73232,4.28325,CD14+ Monocytes,monocytes,13,monocytes
kang_c017674,3.638098,-0.3353176,B cells,B cells,16,B cells
kang_c017677,13.65306,5.403103,CD14+ Monocytes,monocytes,13,monocytes
kang_c017683,0.4569603,12.57853,CD8 T cells,T cells,12,NK cells
kang_c017691,2.080146,-0.08093715,B cells,B cells,5,B cells
kang_c017692,11.39941,6.185548,CD14+ Monocytes,monocytes,11,monocytes
kang_c017693,12.27271,5.457074,CD14+ Monocytes,monocytes,13,monocytes
kang_c017697,4.756794,-0.6884336,B cells,B cells,16,B cells
kang_c017698,12.07982,5.911092,CD14+ Monocytes,monocytes,13,monocytes
kang_c017699,-1.404537,14.83972,NK cells,NK cells,4,NK cells
kang_c017704,2.898756,-0.02412772,B cells,B cells,5,B cells
kang_c017705,11.13847,7.093203,CD14+ Monocytes,monocytes,11,monocytes
kang_c017712,10.93878,7.296205,CD14+ Monocytes,monocytes,11,monocytes
kang_c017713,11.20636,6.64222,CD14+ Monocytes,monocytes,11,monocytes
kang_c017714,-0.06838719,12.80244,CD8 T cells,T cells,12,NK cells
kang_c017719,-0.9295083,12.70875,CD8 T cells,T cells,4,NK cells
kang_c017723,12.53224,6.538398,CD14+ Monocytes,monocytes,13,monocytes
kang_c017725,1.258683,8.991592,CD4 T cells,T cells,1,Unknown
kang_c017727,-2.092589,8.400129,CD4 T cells,T cells,7,T cells
kang_c017730,-0.1101464,7.495533,CD4 T cells,T cells,7,T cells
kang_c017734,-0.4169773,8.724094,CD4 T cells,T cells,7,T cells
kang_c017735,-1.34761,7.942982,CD4 T cells,T cells,7,T cells
kang_c017736,0.4618691,7.841801,CD4 T cells,T cells,7,T cells
kang_c017738,9.975487,6.527789,CD14+ Monocytes,monocytes,11,monocytes
kang_c017741,0.1894285,12.15477,CD8 T cells,T cells,12,NK cells
kang_c017742,-2.361155,5.857269,CD4 T cells,T cells,7,T cells
kang_c017747,-0.3377104,13.66193,CD8 T cells,T cells,12,NK cells
kang_c017749,13.14662,5.202061,CD14+ Monocytes,monocytes,13,monocytes
kang_c017755,-0.3173437,8.923294,CD4 T cells,T cells,7,T cells
kang_c017757,14.60945,5.37918,Dendritic cells,dendritic cells,13,monocytes
kang_c017762,-1.328576,10.07702,CD4 T cells,T cells,9,T cells
kang_c017764,-0.9408705,9.380491,CD4 T cells,T cells,9,T cells
kang_c017765,-1.747968,5.331698,CD4 T cells,T cells,7,T cells
kang_c017772,13.04628,5.431774,CD14+ Monocytes,monocytes,13,monocytes
kang_c017778,12.9941,6.355071,CD14+ Monocytes,monocytes,13,monocytes
kang_c017782,13.5125,5.811374,CD14+ Monocytes,monocytes,13,monocytes
kang_c017786,-1.45962,8.027374,CD4 T cells,T cells,7,T cells
kang_c017794,-0.1848237,14.40648,NK cells,NK cells,6,NK cells
kang_c017795,-0.4128215,10.24441,CD4 T cells,T cells,9,T cells
kang_c017799,0.5302779,12.30722,CD8 T cells,T cells,12,NK cells
kang_c017808,0.3068261,10.34715,CD4 T cells,T cells,9,T cells
kang_c017812,-2.24072,5.156187,CD4 T cells,T cells,7,T cells
kang_c017820,-0.3070091,9.279677,CD4 T cells,T cells,9,T cells
kang_c017827,0.2322759,12.57553,CD8 T cells,T cells,12,NK cells
kang_c017832,3.593194,-0.2342662,B cells,B cells,16,B cells
kang_c017833,12.22256,6.617647,CD14+ Monocytes,monocytes,13,monocytes
kang_c017837,-1.274526,6.975207,CD4 T cells,T cells,7,T cells
kang_c017838,5.257803,-2.243044,B cells,B cells,15,Unknown
kang_c017840,0.1033718,11.8099,CD4 T cells,T cells,12,NK cells
kang_c017843,4.485143,0.04778561,B cells,B cells,16,B cells
kang_c017851,3.582658,-0.2751464,B cells,B cells,16,B cells
kang_c017854,-0.5810369,6.372547,CD4 T cells,T cells,7,T cells
kang_c017856,-0.4768474,11.16399,CD4 T cells,T cells,9,T cells
kang_c017860,0.2468334,12.57172,CD4 T cells,T cells,12,NK cells
kang_c017862,11.95002,5.490328,CD14+ Monocytes,monocytes,13,monocytes
kang_c017863,5.300852,0.8873261,B cells,B cells,16,B cells
kang_c017868,14.93367,4.988377,Dendritic cells,dendritic cells,10,dendritic cells
kang_c017871,13.04265,4.242636,CD14+ Monocytes,monocytes,13,monocytes
kang_c017876,0.5478119,10.29901,CD4 T cells,T cells,9,T cells
kang_c017877,-0.6599023,15.72992,NK cells,NK cells,6,NK cells
kang_c017883,-0.1169466,15.01701,NK cells,NK cells,6,NK cells
kang_c017889,2.543685,0.05302247,B cells,B cells,5,B cells
kang_c017905,1.340879,8.161841,CD4 T cells,T cells,1,Unknown
kang_c017910,0.1493418,8.118231,CD4 T cells,T cells,7,T cells
kang_c017915,-1.446802,6.669543,CD4 T cells,T cells,1,Unknown
kang_c017917,5.031219,-0.6251034,B cells,B cells,16,B cells
kang_c017919,0.2624769,8.365232,CD4 T cells,T cells,7,T cells
kang_c017922,-0.4392331,5.999959,CD4 T cells,T cells,7,T cells
kang_c017933,10.73076,7.009328,CD14+ Monocytes,monocytes,11,monocytes
kang_c017934,11.72864,5.587781,CD14+ Monocytes,monocytes,13,monocytes
kang_c017948,11.82288,4.553028,CD14+ Monocytes,monocytes,13,monocytes
kang_c017951,-1.658564,7.906958,CD4 T cells,T cells,7,T cells
kang_c017965,11.7012,5.853774,CD14+ Monocytes,monocytes,13,monocytes
kang_c017966,10.01749,6.574491,CD14+ Monocytes,monocytes,11,monocytes
kang_c017971,-1.035381,7.719541,CD4 T cells,T cells,7,T cells
kang_c017976,14.40271,6.178895,FCGR3A+ Monocytes,monocytes,8,monocytes
kang_c017982,-2.012612,5.648833,CD4 T cells,T cells,7,T cells
kang_c018000,12.62589,4.885142,CD14+ Monocytes,monocytes,13,monocytes
kang_c018002,-2.304644,6.649574,CD4 T cells,T cells,7,T cells
kang_c018005,15.03297,4.982393,Dendritic cells,dendritic cells,10,dendritic cells
kang_c018007,-0.05604549,8.506488,CD4 T cells,T cells,7,T cells
kang_c018008,-0.5490355,5.910535,CD4 T cells,T cells,7,T cells
kang_c018027,10.85794,6.098097,CD14+ Monocytes,monocytes,11,monocytes
kang_c018028,4.863375,0.3700572,B cells,B cells,16,B cells
kang_c018029,0.330515,13.92102,CD8 T cells,T cells,12,NK cells
kang_c018032,12.98212,4.611377,CD14+ Monocytes,monocytes,13,monocytes
kang_c018033,-1.18988,6.772676,CD4 T cells,T cells,7,T cells
kang_c018041,14.92579,6.350353,FCGR3A+ Monocytes,monocytes,8,monocytes
kang_c018046,4.064006,0.3863967,B cells,B cells,16,B cells
kang_c018061,11.53397,5.185215,CD14+ Monocytes,monocytes,13,monocytes
kang_c018062,-0.7233764,15.2921,NK cells,NK cells,6,NK cells
kang_c018071,-2.112865,10.75971,CD4 T cells,T cells,9,T cells
kang_c018080,0.06431203,12.02217,CD8 T cells,T cells,12,NK cells
kang_c018082,-0.6072051,16.08392,NK cells,NK cells,6,NK cells
kang_c018088,11.90163,6.790368,CD14+ Monocytes,monocytes,13,monocytes
kang_c018089,4.555609,1.070788,B cells,B cells,16,B cells
kang_c018095,-0.06075235,6.536905,CD4 T cells,T cells,7,T cells
kang_c018096,3.465175,0.7372304,B cells,B cells,16,B cells
kang_c018097,12.46147,4.180125,CD14+ Monocytes,monocytes,13,monocytes
kang_c018101,-2.224685,16.1757,NK cells,NK cells,6,NK cells
kang_c018102,3.706129,0.4973577,B cells,B cells,16,B cells
kang_c018107,-0.4280899,8.736401,CD4 T cells,T cells,7,T cells
kang_c018115,-1.14392,8.132859,CD4 T cells,T cells,1,Unknown
kang_c018120,-0.6153057,7.426386,CD4 T cells,T cells,7,T cells
kang_c018122,-1.404561,5.734496,CD4 T cells,T cells,7,T cells
kang_c018126,-0.2812959,9.01721,CD4 T cells,T cells,7,T cells
kang_c018133,11.76726,5.255566,CD14+ Monocytes,monocytes,13,monocytes
kang_c018136,-0.7736014,12.16169,CD8 T cells,T cells,12,NK cells
kang_c018137,11.18666,7.233894,CD14+ Monocytes,monocytes,11,monocytes
kang_c018141,4.847849,0.1907039,B cells,B cells,16,B cells
kang_c018144,-2.250187,5.798723,CD4 T cells,T cells,7,T cells
kang_c018152,14.75065,7.279368,FCGR3A+ Monocytes,monocytes,8,monocytes
kang_c018153,2.592436,0.1683583,B cells,B cells,5,B cells
kang_c018158,-1.115665,16.19167,NK cells,NK cells,6,NK cells
kang_c018160,-1.708945,6.825877,CD4 T cells,T cells,7,T cells
kang_c018164,-0.6654179,11.48148,CD4 T cells,T cells,9,T cells
kang_c018165,2.553321,7.132764,CD4 T cells,T cells,1,Unknown
kang_c018166,-0.9435749,5.380742,CD4 T cells,T cells,7,T cells
kang_c018170,-0.128249,6.405137,CD4 T cells,T cells,7,T cells
kang_c018171,-0.3893231,9.017949,CD4 T cells,T cells,7,T cells
kang_c018173,0.2261785,12.99443,CD8 T cells,T cells,12,NK cells
kang_c018176,0.46543,10.11502,CD4 T cells,T cells,9,T cells
kang_c018178,-0.1382696,6.28713,CD4 T cells,T cells,7,T cells
kang_c018179,0.6876112,6.667904,CD4 T cells,T cells,7,T cells
kang_c018201,-2.618894,7.830715,CD4 T cells,T cells,14,platelets
kang_c018209,-0.1673233,15.43069,NK cells,NK cells,6,NK cells
kang_c018213,-0.6890558,15.85893,CD8 T cells,T cells,6,NK cells
kang_c018216,-1.654431,9.021103,CD4 T cells,T cells,9,T cells
kang_c018217,-0.7734448,15.3585,NK cells,NK cells,6,NK cells
kang_c018219,13.31741,5.08722,CD14+ Monocytes,monocytes,13,monocytes
kang_c018224,10.08825,5.89939,CD14+ Monocytes,monocytes,11,monocytes
kang_c018231,12.89944,6.434881,CD14+ Monocytes,monocytes,13,monocytes
kang_c018234,-2.140706,16.37829,NK cells,NK cells,6,NK cells
kang_c018238,-1.06724,14.99237,NK cells,NK cells,6,NK cells
kang_c018239,0.6734077,13.33236,CD8 T cells,T cells,12,NK cells
kang_c018240,14.76671,5.093016,Dendritic cells,dendritic cells,10,dendritic cells
kang_c018241,-0.335577,13.56306,CD8 T cells,T cells,12,NK cells
kang_c018243,-0.2475972,15.26422,NK cells,NK cells,6,NK cells
kang_c018252,11.82366,5.543121,CD14+ Monocytes,monocytes,13,monocytes
kang_c018255,13.29065,5.47848,CD14+ Monocytes,monocytes,13,monocytes
kang_c018260,-1.801523,7.138762,CD4 T cells,T cells,7,T cells
kang_c018265,3.229282,0.6204392,B cells,B cells,16,B cells
kang_c018270,0.1916515,13.51665,CD8 T cells,T cells,12,NK cells
kang_c018280,-0.1075651,9.002628,CD4 T cells,T cells,7,T cells
kang_c018286,0.4426351,7.50461,CD4 T cells,T cells,7,T cells
kang_c018297,13.06161,5.010231,CD14+ Monocytes,monocytes,13,monocytes
kang_c018303,0.4891268,6.451896,CD4 T cells,T cells,7,T cells
kang_c018305,-0.1579137,7.871222,CD4 T cells,T cells,7,T cells
kang_c018306,-0.8006392,12.63921,CD8 T cells,T cells,12,NK cells
kang_c018309,11.35436,6.716908,CD14+ Monocytes,monocytes,11,monocytes
kang_c018310,4.727201,0.9904077,B cells,B cells,16,B cells
kang_c018318,-0.1170206,5.974245,CD4 T cells,T cells,7,T cells
kang_c018328,11.06045,6.971347,CD14+ Monocytes,monocytes,11,monocytes
kang_c018330,-1.387388,4.892853,CD4 T cells,T cells,7,T cells
kang_c018331,-0.9131435,7.045501,CD4 T cells,T cells,7,T cells
kang_c018338,14.59876,7.319301,FCGR3A+ Monocytes,monocytes,8,monocytes
kang_c018342,-2.946282,8.487206,CD4 T cells,T cells,14,platelets
kang_c018343,4.661184,-0.007819885,B cells,B cells,16,B cells
kang_c018344,-1.951204,5.956828,CD4 T cells,T cells,7,T cells
kang_c018345,0.5925812,12.47702,CD8 T cells,T cells,12,NK cells
kang_c018350,-0.7615839,15.90495,NK cells,NK cells,6,NK cells
kang_c018351,-0.3737339,8.317155,CD4 T cells,T cells,7,T cells
kang_c018356,2.205113,-1.175374,B cells,B cells,5,B cells
kang_c018371,13.02886,7.481366,CD14+ Monocytes,monocytes,13,monocytes
kang_c018372,-0.5857335,9.324208,CD4 T cells,T cells,9,T cells
kang_c018382,0.2388771,10.83917,CD4 T cells,T cells,9,T cells
kang_c018384,0.4765436,12.41542,CD8 T cells,T cells,12,NK cells
kang_c018389,0.05054821,13.02361,CD8 T cells,T cells,12,NK cells
kang_c018390,-0.06979474,6.003312,CD4 T cells,T cells,7,T cells
kang_c018391,-0.8565016,7.386955,CD4 T cells,T cells,7,T cells
kang_c018392,14.32061,5.514598,Dendritic cells,dendritic cells,13,monocytes
kang_c018395,13.331,5.400802,CD14+ Monocytes,monocytes,13,monocytes
kang_c018397,4.648025,-0.2649448,B cells,B cells,16,B cells
kang_c018399,2.270244,7.905703,CD4 T cells,T cells,1,Unknown
kang_c018403,-1.177595,10.58287,CD4 T cells,T cells,9,T cells
kang_c018406,-0.6445946,7.886296,CD4 T cells,T cells,7,T cells
kang_c018408,-3.994446,8.602846,CD4 T cells,T cells,2,T cells
kang_c018410,0.06233338,14.81301,NK cells,NK cells,6,NK cells
kang_c018425,4.256961,0.9525228,B cells,B cells,16,B cells
kang_c018429,11.11601,4.741732,CD14+ Monocytes,monocytes,13,monocytes
kang_c018442,11.75674,7.65657,CD14+ Monocytes,monocytes,11,monocytes
kang_c018447,-1.193667,8.151484,CD4 T cells,T cells,7,T cells
kang_c018450,-0.1332891,6.670103,CD4 T cells,T cells,7,T cells
kang_c018456,-0.4238271,8.369551,CD4 T cells,T cells,7,T cells
kang_c018461,-0.04369153,9.418247,CD4 T cells,T cells,9,T cells
kang_c018463,-2.377357,6.811984,CD4 T cells,T cells,7,T cells
kang_c018474,14.43189,7.850274,FCGR3A+ Monocytes,monocytes,8,monocytes
kang_c018476,-2.238883,7.822038,CD4 T cells,T cells,2,T cells
kang_c018487,11.34019,5.289733,CD14+ Monocytes,monocytes,13,monocytes
kang_c018491,0.01767604,12.49116,CD8 T cells,T cells,12,NK cells
kang_c018499,4.240021,-0.2616877,B cells,B cells,16,B cells
kang_c018501,-1.269532,5.705196,CD4 T cells,T cells,7,T cells
kang_c018511,11.60542,4.44221,CD14+ Monocytes,monocytes,13,monocytes
kang_c018512,-0.09810524,6.551351,CD4 T cells,T cells,7,T cells
kang_c018515,-2.415386,8.954226,CD4 T cells,T cells,2,T cells
kang_c018516,0.3617972,12.70618,CD8 T cells,T cells,12,NK cells
kang_c018519,14.60526,6.523714,FCGR3A+ Monocytes,monocytes,8,monocytes
kang_c018522,12.47912,5.292439,CD14+ Monocytes,monocytes,13,monocytes
kang_c018523,12.08193,4.33003,CD14+ Monocytes,monocytes,13,monocytes
kang_c018543,0.1957115,12.53696,CD8 T cells,T cells,12,NK cells
kang_c018544,4.566105,-0.6342927,B cells,B cells,16,B cells
kang_c018546,2.117365,0.3795727,B cells,B cells,5,B cells
kang_c018552,-0.9831327,16.31435,NK cells,NK cells,6,NK cells
kang_c018553,11.60584,4.166011,CD14+ Monocytes,monocytes,13,monocytes
kang_c018556,3.456138,-0.3417119,B cells,B cells,16,B cells
kang_c018560,-0.4219542,5.701615,CD4 T cells,T cells,7,T cells
kang_c018567,10.55489,7.064111,CD14+ Monocytes,monocytes,11,monocytes
kang_c018571,4.498614,0.1432988,B cells,B cells,16,B cells
kang_c018574,11.44495,4.982744,CD14+ Monocytes,monocytes,13,monocytes
kang_c018576,-0.4161967,12.45982,CD4 T cells,T cells,12,NK cells
kang_c018584,4.240356,-0.06933428,B cells,B cells,16,B cells
kang_c018587,-0.5552083,6.155428,CD4 T cells,T cells,7,T cells
kang_c018588,-0.9432882,9.847255,CD4 T cells,T cells,9,T cells
kang_c018591,-0.9404121,13.54457,CD8 T cells,T cells,12,NK cells
kang_c018600,-2.457312,10.46361,CD4 T cells,T cells,9,T cells
kang_c018605,-0.1516136,6.670299,CD4 T cells,T cells,7,T cells
kang_c018606,-1.440665,7.569522,CD4 T cells,T cells,7,T cells
kang_c018612,11.43905,6.448602,CD14+ Monocytes,monocytes,11,monocytes
kang_c018615,-0.3687174,15.6302,NK cells,NK cells,6,NK cells
kang_c018616,4.198617,-0.7282838,B cells,B cells,16,B cells
kang_c018627,3.964844,-0.6203969,B cells,B cells,16,B cells
kang_c018629,12.55712,7.323761,CD14+ Monocytes,monocytes,13,monocytes
kang_c018630,-0.04770976,9.567122,CD4 T cells,T cells,9,T cells
kang_c018631,-1.814307,10.56227,CD4 T cells,T cells,9,T cells
kang_c018632,-0.7042571,11.52649,CD4 T cells,T cells,9,T cells
kang_c018636,4.065415,-0.5613037,B cells,B cells,16,B cells
kang_c018637,14.74944,6.384587,FCGR3A+ Monocytes,monocytes,8,monocytes
kang_c018641,-0.4090073,8.732285,CD4 T cells,T cells,9,T cells
kang_c018642,0.2655822,9.801968,CD4 T cells,T cells,9,T cells
kang_c018653,0.451205,7.858401,CD4 T cells,T cells,7,T cells
kang_c018654,12.88816,5.047744,CD14+ Monocytes,monocytes,13,monocytes
kang_c018660,-0.5711964,15.68466,NK cells,NK cells,6,NK cells
kang_c018661,0.003736217,10.42401,CD4 T cells,T cells,9,T cells
kang_c018662,-0.06244258,7.15709,CD4 T cells,T cells,7,T cells
kang_c018671,12.14028,7.267468,FCGR3A+ Monocytes,monocytes,11,monocytes
kang_c018680,-0.6546696,8.345229,CD4 T cells,T cells,7,T cells
kang_c018681,-1.458092,5.950639,CD4 T cells,T cells,7,T cells
kang_c018686,-0.9119434,6.468527,CD4 T cells,T cells,7,T cells
kang_c018689,12.90087,6.037675,CD14+ Monocytes,monocytes,13,monocytes
kang_c018696,0.0377168,6.798958,CD4 T cells,T cells,7,T cells
kang_c018703,14.26161,7.910009,FCGR3A+ Monocytes,monocytes,8,monocytes
kang_c018705,-0.8240529,8.249187,CD4 T cells,T cells,7,T cells
kang_c018718,-0.6324959,11.22523,CD4 T cells,T cells,12,NK cells
kang_c018726,13.04731,6.834528,CD14+ Monocytes,monocytes,13,monocytes
kang_c018731,-0.2488758,13.40322,CD8 T cells,T cells,12,NK cells
kang_c018733,2.966731,0.08311404,B cells,B cells,5,B cells
kang_c018735,11.87412,4.4048,CD14+ Monocytes,monocytes,13,monocytes
kang_c018756,14.18734,5.416045,Dendritic cells,dendritic cells,13,monocytes
kang_c018757,13.05869,4.782362,CD14+ Monocytes,monocytes,13,monocytes
kang_c018765,14.93484,6.969493,FCGR3A+ Monocytes,monocytes,8,monocytes
kang_c018768,-0.5619649,8.096083,CD4 T cells,T cells,7,T cells
kang_c018769,-1.377519,6.962809,CD4 T cells,T cells,7,T cells
kang_c018770,-0.7526333,9.151444,CD4 T cells,T cells,9,T cells
kang_c018771,-1.607281,10.66444,CD4 T cells,T cells,9,T cells
kang_c018772,-0.92028,6.997734,CD4 T cells,T cells,7,T cells
kang_c018773,13.95902,5.958501,Dendritic cells,dendritic cells,13,monocytes
kang_c018774,12.89207,6.232006,CD14+ Monocytes,monocytes,13,monocytes
kang_c018775,-0.2135881,10.7956,CD4 T cells,T cells,9,T cells
kang_c018777,-0.5196639,7.217173,CD4 T cells,T cells,7,T cells
kang_c018780,-1.831128,6.256726,CD4 T cells,T cells,7,T cells
kang_c018782,0.04270446,7.030672,CD4 T cells,T cells,7,T cells
kang_c018784,1.212746,9.197436,CD4 T cells,T cells,1,Unknown
kang_c018785,-1.260444,7.614033,CD4 T cells,T cells,7,T cells
kang_c018791,2.412945,-0.2142354,B cells,B cells,5,B cells
kang_c018792,1.090999,8.338155,CD4 T cells,T cells,1,Unknown
kang_c018801,11.74503,4.875528,CD14+ Monocytes,monocytes,13,monocytes
kang_c018802,3.820544,0.4322059,B cells,B cells,16,B cells
kang_c018803,-1.805154,9.650586,CD4 T cells,T cells,9,T cells
kang_c018806,-1.391294,6.968905,CD4 T cells,T cells,7,T cells
kang_c018815,0.5059703,12.41036,CD4 T cells,T cells,12,NK cells
kang_c018822,0.5415554,6.295306,CD4 T cells,T cells,7,T cells
kang_c018823,12.93695,5.249902,Dendritic cells,dendritic cells,13,monocytes
kang_c018828,14.28679,6.718415,FCGR3A+ Monocytes,monocytes,8,monocytes
kang_c018837,-1.618637,9.728394,CD4 T cells,T cells,9,T cells
kang_c018841,4.453532,-0.1705712,B cells,B cells,16,B cells
kang_c018848,1.627992,8.16243,CD4 T cells,T cells,1,Unknown
kang_c018852,-1.415486,13.02308,CD8 T cells,T cells,4,NK cells
kang_c018855,0.007598797,7.449814,CD4 T cells,T cells,7,T cells
kang_c018873,-0.7291024,15.39631,NK cells,NK cells,6,NK cells
kang_c018875,12.62706,4.401559,CD14+ Monocytes,monocytes,13,monocytes
kang_c018882,0.3650346,10.8748,CD4 T cells,T cells,9,T cells
kang_c018885,5.006871,-0.1968973,B cells,B cells,16,B cells
kang_c018888,2.37847,0.001882462,B cells,B cells,5,B cells
kang_c018896,-2.524133,10.77623,CD4 T cells,T cells,9,T cells
kang_c018911,0.146774,6.716267,CD4 T cells,T cells,7,T cells
kang_c018912,4.559993,0.5912284,B cells,B cells,16,B cells
kang_c018921,-1.16221,15.77276,CD8 T cells,T cells,6,NK cells
kang_c018929,-1.729045,8.155075,CD4 T cells,T cells,7,T cells
kang_c018930,13.13566,5.323515,CD14+ Monocytes,monocytes,13,monocytes
kang_c018936,11.91952,5.778069,CD14+ Monocytes,monocytes,13,monocytes
kang_c018937,-1.450483,7.708622,CD4 T cells,T cells,7,T cells
kang_c018941,-0.9305019,11.87743,CD4 T cells,T cells,12,NK cells
kang_c018942,-0.4683284,5.407838,CD4 T cells,T cells,7,T cells
kang_c018944,13.6518,6.297151,CD14+ Monocytes,monocytes,13,monocytes
kang_c018947,-1.538661,5.326612,CD4 T cells,T cells,7,T cells
kang_c018949,3.336485,0.7173238,B cells,B cells,16,B cells
kang_c018951,10.67209,6.015367,CD14+ Monocytes,monocytes,11,monocytes
kang_c018952,0.03712432,11.55434,CD4 T cells,T cells,9,T cells
kang_c018953,15.03667,7.620458,FCGR3A+ Monocytes,monocytes,8,monocytes
kang_c018967,11.33516,4.275544,CD14+ Monocytes,monocytes,13,monocytes
kang_c018973,10.0292,6.402292,CD14+ Monocytes,monocytes,11,monocytes
kang_c018976,12.09805,5.070553,CD14+ Monocytes,monocytes,13,monocytes
kang_c018979,11.80392,5.733088,CD14+ Monocytes,monocytes,13,monocytes
kang_c018981,12.14203,5.430675,CD14+ Monocytes,monocytes,13,monocytes
kang_c018982,4.26247,0.2663219,B cells,B cells,16,B cells
kang_c018983,11.74361,6.470607,CD14+ Monocytes,monocytes,13,monocytes
kang_c018986,-0.511804,8.583805,CD4 T cells,T cells,7,T cells
kang_c018995,-1.441974,7.296558,CD4 T cells,T cells,7,T cells
kang_c019003,9.388954,7.070045,CD14+ Monocytes,monocytes,11,monocytes
kang_c019008,-2.392806,10.34992,CD4 T cells,T cells,9,T cells
kang_c019011,4.082199,0.713466,B cells,B cells,16,B cells
kang_c019016,10.93861,6.916926,CD14+ Monocytes,monocytes,11,monocytes
kang_c019017,-1.031114,5.779259,CD4 T cells,T cells,7,T cells
kang_c019020,14.4396,6.451165,FCGR3A+ Monocytes,monocytes,8,monocytes
kang_c019022,15.352,4.691379,Dendritic cells,dendritic cells,10,dendritic cells
kang_c019029,-0.5719622,8.854709,CD4 T cells,T cells,9,T cells
kang_c019034,12.96229,6.696987,CD14+ Monocytes,monocytes,13,monocytes
kang_c019040,-1.404359,10.22696,CD4 T cells,T cells,9,T cells
kang_c019046,13.78527,4.615342,CD14+ Monocytes,monocytes,13,monocytes
kang_c019048,-0.6385403,6.041463,CD4 T cells,T cells,7,T cells
kang_c019051,-0.3372856,15.77779,NK cells,NK cells,6,NK cells
kang_c019052,-0.2864166,15.07251,NK cells,NK cells,6,NK cells
kang_c019055,15.00198,7.539775,FCGR3A+ Monocytes,monocytes,8,monocytes
kang_c019057,11.96953,6.056915,CD14+ Monocytes,monocytes,13,monocytes
kang_c019058,-3.447344,9.892347,CD4 T cells,T cells,3,T cells
kang_c019059,12.0977,4.938491,CD14+ Monocytes,monocytes,13,monocytes
kang_c019066,12.548,5.667115,CD14+ Monocytes,monocytes,13,monocytes
kang_c019072,11.98637,4.444276,CD14+ Monocytes,monocytes,13,monocytes
kang_c019074,0.1647655,12.59706,CD8 T cells,T cells,12,NK cells
kang_c019076,5.113185,-0.4671464,B cells,B cells,16,B cells
kang_c019079,11.74406,4.655337,CD14+ Monocytes,monocytes,13,monocytes
kang_c019085,13.74135,7.662202,FCGR3A+ Monocytes,monocytes,8,monocytes
kang_c019087,14.05959,5.358306,Dendritic cells,dendritic cells,13,monocytes
kang_c019089,10.71128,6.944533,CD14+ Monocytes,monocytes,11,monocytes
kang_c019091,0.6162155,7.101262,CD4 T cells,T cells,7,T cells
kang_c019092,-0.591718,7.997077,CD4 T cells,T cells,7,T cells
kang_c019095,4.776873,0.0379077,B cells,B cells,16,B cells
kang_c019096,13.1568,5.800697,CD14+ Monocytes,monocytes,13,monocytes
kang_c019097,-0.9445794,6.853443,CD4 T cells,T cells,7,T cells
kang_c019102,-0.2029561,15.74302,NK cells,NK cells,6,NK cells
kang_c019103,-1.455934,9.471771,CD4 T cells,T cells,9,T cells
kang_c019118,-0.2904665,7.483072,CD4 T cells,T cells,7,T cells
kang_c019120,2.131067,7.997575,CD4 T cells,T cells,1,Unknown
kang_c019128,-0.9652705,7.617577,CD4 T cells,T cells,7,T cells
kang_c019138,4.686574,-1.038046,B cells,B cells,16,B cells
kang_c019139,0.6427968,12.0191,CD4 T cells,T cells,12,NK cells
kang_c019152,0.5299388,12.44545,CD8 T cells,T cells,12,NK cells
kang_c019153,5.232314,0.4327731,B cells,B cells,16,B cells
kang_c019162,0.6341954,12.71976,CD8 T cells,T cells,12,NK cells
kang_c019164,0.3228442,7.745149,CD4 T cells,T cells,7,T cells
kang_c019168,-1.379456,8.764454,CD4 T cells,T cells,7,T cells
kang_c019170,14.82691,7.230287,FCGR3A+ Monocytes,monocytes,8,monocytes
kang_c019174,11.58709,5.916204,CD14+ Monocytes,monocytes,13,monocytes
kang_c019175,0.5071945,11.25503,CD8 T cells,T cells,9,T cells
kang_c019178,14.71932,6.437724,FCGR3A+ Monocytes,monocytes,8,monocytes
kang_c019180,-1.42061,8.272354,CD4 T cells,T cells,7,T cells
kang_c019181,4.448583,-0.1814313,CD8 T cells,T cells,16,B cells
kang_c019183,10.00414,6.395059,CD14+ Monocytes,monocytes,11,monocytes
kang_c019187,4.964161,-0.07011133,B cells,B cells,16,B cells
kang_c019200,14.64738,7.449342,FCGR3A+ Monocytes,monocytes,8,monocytes
kang_c019206,-0.3233491,12.36319,CD4 T cells,T cells,12,NK cells
kang_c019217,-0.3215276,16.02717,NK cells,NK cells,6,NK cells
kang_c019218,1.074923,8.42209,CD4 T cells,T cells,7,T cells
kang_c019223,0.04797817,6.654932,CD4 T cells,T cells,7,T cells
kang_c019224,0.1294024,7.138226,CD4 T cells,T cells,7,T cells
kang_c019227,-1.291765,5.872431,CD4 T cells,T cells,7,T cells
kang_c019229,13.44479,4.557637,FCGR3A+ Monocytes,monocytes,13,monocytes
kang_c019230,-1.965229,6.527489,CD4 T cells,T cells,7,T cells
kang_c019231,11.78232,4.369462,CD14+ Monocytes,monocytes,13,monocytes
kang_c019235,3.510636,-1.348512,B cells,B cells,5,B cells
kang_c019246,2.518631,0.7349926,B cells,B cells,5,B cells
kang_c019255,-0.3960474,8.149363,CD4 T cells,T cells,7,T cells
kang_c019260,-0.9866927,8.882943,CD4 T cells,T cells,7,T cells
kang_c019261,-1.289389,6.880019,CD4 T cells,T cells,7,T cells
kang_c019269,12.02865,6.691762,CD14+ Monocytes,monocytes,13,monocytes
kang_c019273,-0.9132712,9.84004,CD4 T cells,T cells,9,T cells
kang_c019274,-0.007806979,14.80945,NK cells,NK cells,6,NK cells
kang_c019281,-5.084403,10.80535,CD4 T cells,T cells,3,T cells
kang_c019289,10.70937,6.433681,CD14+ Monocytes,monocytes,11,monocytes
kang_c019291,-0.1514538,12.15041,CD8 T cells,T cells,12,NK cells
kang_c019292,10.225,6.857328,CD14+ Monocytes,monocytes,11,monocytes
kang_c019294,5.754655,-2.689475,Dendritic cells,dendritic cells,15,Unknown
kang_c019298,-1.00539,10.69794,CD4 T cells,T cells,9,T cells
kang_c019299,-0.990057,10.60476,CD4 T cells,T cells,9,T cells
kang_c019306,-0.1682313,9.406736,CD4 T cells,T cells,9,T cells
kang_c019307,12.44483,3.958304,CD14+ Monocytes,monocytes,13,monocytes
kang_c019310,-1.00222,11.91971,CD4 T cells,T cells,9,T cells
kang_c019312,10.53525,6.226927,CD14+ Monocytes,monocytes,11,monocytes
kang_c019313,-0.7712069,10.92168,CD4 T cells,T cells,9,T cells
kang_c019317,12.85503,6.016053,CD14+ Monocytes,monocytes,13,monocytes
kang_c019326,4.669361,0.8799363,B cells,B cells,16,B cells
kang_c019327,-1.630584,5.463846,CD4 T cells,T cells,7,T cells
kang_c019332,-1.281826,7.36163,CD4 T cells,T cells,7,T cells
kang_c019340,4.131185,-0.0169629,B cells,B cells,16,B cells
kang_c019341,-1.070268,15.8688,NK cells,NK cells,6,NK cells
kang_c019342,-1.637408,16.18067,NK cells,NK cells,6,NK cells
kang_c019349,-1.020938,5.527416,CD4 T cells,T cells,7,T cells
kang_c019352,-1.057524,11.06021,CD4 T cells,T cells,9,T cells
kang_c019359,13.06083,4.11832,CD14+ Monocytes,monocytes,13,monocytes
kang_c019360,-2.055345,10.35028,CD4 T cells,T cells,9,T cells
kang_c019362,0.9195951,8.095817,CD4 T cells,T cells,7,T cells
kang_c019363,11.60819,5.525315,CD14+ Monocytes,monocytes,13,monocytes
kang_c019375,-0.9871191,9.118925,CD4 T cells,T cells,9,T cells
kang_c019378,-1.007523,11.42259,CD4 T cells,T cells,9,T cells
kang_c019379,-0.8880103,5.554372,CD4 T cells,T cells,7,T cells
kang_c019390,-0.3353431,7.099154,CD4 T cells,T cells,7,T cells
kang_c019392,12.0791,5.040953,CD14+ Monocytes,monocytes,13,monocytes
kang_c019395,-1.425208,6.082863,CD4 T cells,T cells,7,T cells
kang_c019398,-0.1514776,11.73667,CD4 T cells,T cells,12,NK cells
kang_c019403,12.91416,7.150676,FCGR3A+ Monocytes,monocytes,11,monocytes
kang_c019404,4.102407,0.4874402,B cells,B cells,16,B cells
kang_c019414,-0.6489462,8.590067,CD4 T cells,T cells,7,T cells
kang_c019420,-1.007812,7.825088,CD4 T cells,T cells,7,T cells
kang_c019429,12.11676,5.335132,CD14+ Monocytes,monocytes,13,monocytes
kang_c019431,4.24307,-0.957067,B cells,B cells,16,B cells
kang_c019434,13.07867,6.502069,CD14+ Monocytes,monocytes,13,monocytes
kang_c019439,-0.9153461,9.848233,CD4 T cells,T cells,9,T cells
kang_c019440,4.549456,-0.1138193,B cells,B cells,16,B cells
kang_c019448,2.224502,-0.1336432,B cells,B cells,5,B cells
kang_c019451,3.504894,0.3324563,B cells,B cells,16,B cells
kang_c019461,-0.2720391,12.60695,CD4 T cells,T cells,12,NK cells
kang_c019470,-0.7172911,12.66993,CD8 T cells,T cells,4,NK cells
kang_c019472,-1.230646,15.42665,NK cells,NK cells,6,NK cells
kang_c019475,10.28783,6.962259,CD14+ Monocytes,monocytes,11,monocytes
kang_c019478,-0.2436713,12.65661,CD8 T cells,T cells,12,NK cells
kang_c019492,11.69077,4.086901,CD14+ Monocytes,monocytes,13,monocytes
kang_c019494,-1.038465,14.73462,NK cells,NK cells,6,NK cells
kang_c019495,-0.9627876,15.30686,NK cells,NK cells,6,NK cells
kang_c019498,0.2091805,8.781178,CD4 T cells,T cells,9,T cells
kang_c019501,11.53278,4.483078,CD14+ Monocytes,monocytes,13,monocytes
kang_c019502,-0.4115794,10.57009,CD4 T cells,T cells,9,T cells
kang_c019505,-1.247406,5.582445,CD4 T cells,T cells,7,T cells
kang_c019506,12.63783,4.437689,CD14+ Monocytes,monocytes,13,monocytes
kang_c019509,-0.4765757,7.303918,CD4 T cells,T cells,7,T cells
kang_c019513,-1.065904,10.47166,CD4 T cells,T cells,9,T cells
kang_c019517,4.752382,0.4222056,B cells,B cells,16,B cells
kang_c019518,12.28519,5.880909,CD14+ Monocytes,monocytes,13,monocytes
kang_c019520,5.112027,0.2880922,B cells,B cells,16,B cells
kang_c019527,-1.479056,4.919243,CD4 T cells,T cells,7,T cells
kang_c019530,12.5883,5.423526,CD14+ Monocytes,monocytes,13,monocytes
kang_c019540,10.87107,5.583722,CD14+ Monocytes,monocytes,13,monocytes
kang_c019546,10.97772,6.825227,CD14+ Monocytes,monocytes,11,monocytes
kang_c019552,0.6604063,9.806172,CD4 T cells,T cells,9,T cells
kang_c019560,13.98113,5.548085,Dendritic cells,dendritic cells,13,monocytes
kang_c019571,1.12747,9.57782,CD4 T cells,T cells,9,T cells
kang_c019574,-0.3331701,12.78955,CD8 T cells,T cells,12,NK cells
kang_c019578,3.964972,-0.09957408,B cells,B cells,16,B cells
kang_c019582,2.226391,7.999898,CD4 T cells,T cells,1,Unknown
kang_c019584,0.4712415,6.792438,CD4 T cells,T cells,7,T cells
kang_c019594,-0.03842215,13.59772,CD8 T cells,T cells,12,NK cells
kang_c019603,4.425315,-0.05469541,B cells,B cells,16,B cells
kang_c019604,0.3163705,12.37705,CD8 T cells,T cells,12,NK cells
kang_c019606,-0.4207883,8.409132,CD4 T cells,T cells,7,T cells
kang_c019607,-1.109012,11.15522,CD4 T cells,T cells,9,T cells
kang_c019615,-2.150178,16.3085,NK cells,NK cells,6,NK cells
kang_c019626,2.869926,0.3003909,B cells,B cells,16,B cells
kang_c019630,-0.9742658,8.839282,CD4 T cells,T cells,7,T cells
kang_c019632,10.33135,5.80388,CD14+ Monocytes,monocytes,11,monocytes
kang_c019633,-1.18881,11.56434,CD4 T cells,T cells,9,T cells
kang_c019634,-0.947291,15.32926,NK cells,NK cells,6,NK cells
kang_c019640,4.374591,-0.7244647,B cells,B cells,16,B cells
kang_c019641,-1.101821,8.324692,CD4 T cells,T cells,7,T cells
kang_c019646,13.11029,7.317704,CD14+ Monocytes,monocytes,13,monocytes
kang_c019648,11.79097,5.348457,CD14+ Monocytes,monocytes,13,monocytes
kang_c019650,0.03948923,6.992491,CD4 T cells,T cells,7,T cells
kang_c019661,0.1648653,12.82538,CD8 T cells,T cells,12,NK cells
kang_c019664,0.4013112,9.309586,CD4 T cells,T cells,9,T cells
kang_c019676,5.761588,-2.768005,Dendritic cells,dendritic cells,15,Unknown
kang_c019678,10.27382,6.746642,CD14+ Monocytes,monocytes,11,monocytes
kang_c019682,-0.2609904,8.426952,CD4 T cells,T cells,7,T cells
kang_c019687,-1.117535,8.09995,CD4 T cells,T cells,9,T cells
kang_c019688,10.44449,6.014146,CD14+ Monocytes,monocytes,11,monocytes
kang_c019689,13.01677,6.452976,CD14+ Monocytes,monocytes,13,monocytes
kang_c019694,12.21792,5.627032,CD14+ Monocytes,monocytes,13,monocytes
kang_c019698,4.091452,-0.7491044,B cells,B cells,16,B cells
kang_c019699,0.05273904,10.40263,CD4 T cells,T cells,9,T cells
kang_c019701,12.95603,6.886783,CD14+ Monocytes,monocytes,13,monocytes
kang_c019702,-1.347259,6.371083,CD4 T cells,T cells,7,T cells
kang_c019715,-0.6415676,15.10116,NK cells,NK cells,6,NK cells
kang_c019717,-0.7390387,16.16545,NK cells,NK cells,6,NK cells
kang_c019725,-2.271904,5.651819,CD4 T cells,T cells,7,T cells
kang_c019729,-1.173424,15.92817,NK cells,NK cells,6,NK cells
kang_c019730,12.67351,5.336892,CD14+ Monocytes,monocytes,13,monocytes
kang_c019732,14.27885,6.384165,FCGR3A+ Monocytes,monocytes,8,monocytes
kang_c019733,5.861891,-2.711096,Dendritic cells,dendritic cells,15,Unknown
kang_c019734,3.879729,-0.6001704,B cells,B cells,16,B cells
kang_c019735,4.895442,0.07445586,B cells,B cells,16,B cells
kang_c019736,-0.3920028,9.113715,CD4 T cells,T cells,9,T cells
kang_c019741,14.59078,6.468608,FCGR3A+ Monocytes,monocytes,8,monocytes
kang_c019743,-0.763594,6.320477,CD4 T cells,T cells,7,T cells
kang_c019748,0.4918355,10.1099,CD4 T cells,T cells,9,T cells
kang_c019752,10.95381,6.855528,FCGR3A+ Monocytes,monocytes,11,monocytes
kang_c019754,9.875175,6.26363,CD14+ Monocytes,monocytes,11,monocytes
kang_c019756,0.457618,8.476611,CD4 T cells,T cells,7,T cells
kang_c019764,0.5028006,8.625306,CD4 T cells,T cells,7,T cells
kang_c019768,-0.7170507,14.79835,CD8 T cells,T cells,6,NK cells
kang_c019775,-0.1307288,7.423408,CD4 T cells,T cells,7,T cells
kang_c019776,-0.6121294,8.544723,CD4 T cells,T cells,7,T cells
kang_c019778,14.36092,5.406972,Dendritic cells,dendritic cells,10,dendritic cells
kang_c019779,0.4410139,7.088924,CD4 T cells,T cells,7,T cells
kang_c019781,1.45855,8.302747,CD4 T cells,T cells,1,Unknown
kang_c019784,-1.459948,5.4674,CD4 T cells,T cells,7,T cells
kang_c019788,-0.3619271,7.050505,CD4 T cells,T cells,7,T cells
kang_c019790,0.3332434,6.401322,CD4 T cells,T cells,7,T cells
kang_c019795,0.528536,9.452254,CD4 T cells,T cells,9,T cells
kang_c019796,12.66362,4.174486,CD14+ Monocytes,monocytes,13,monocytes
kang_c019797,4.00597,0.8862374,B cells,B cells,16,B cells
kang_c019798,13.59698,5.611991,CD14+ Monocytes,monocytes,13,monocytes
kang_c019800,11.07021,5.22476,CD14+ Monocytes,monocytes,13,monocytes
kang_c019810,14.45757,7.452499,FCGR3A+ Monocytes,monocytes,8,monocytes
kang_c019814,-1.65581,6.941038,CD4 T cells,T cells,7,T cells
kang_c019821,-1.190722,7.431298,CD4 T cells,T cells,7,T cells
kang_c019822,5.585051,-2.532898,Dendritic cells,dendritic cells,15,Unknown
kang_c019844,4.322574,0.7991709,B cells,B cells,16,B cells
kang_c019845,9.854192,6.388736,CD14+ Monocytes,monocytes,11,monocytes
kang_c019849,0.5617594,8.147455,CD4 T cells,T cells,7,T cells
kang_c019853,3.883344,-0.1699461,B cells,B cells,16,B cells
kang_c019857,0.7129247,12.45527,CD8 T cells,T cells,12,NK cells
kang_c019858,13.11987,5.200102,CD14+ Monocytes,monocytes,13,monocytes
kang_c019868,2.857122,0.3938574,B cells,B cells,5,B cells
kang_c019869,-0.979982,9.803257,CD4 T cells,T cells,9,T cells
kang_c019873,0.1730834,6.46601,CD4 T cells,T cells,7,T cells
kang_c019874,0.5033662,7.764017,CD4 T cells,T cells,7,T cells
kang_c019880,-0.2574066,7.503321,CD4 T cells,T cells,7,T cells
kang_c019887,0.8169675,8.658809,CD4 T cells,T cells,1,Unknown
kang_c019891,-1.896548,10.37865,CD4 T cells,T cells,9,T cells
kang_c019897,12.92017,4.606967,CD14+ Monocytes,monocytes,13,monocytes
kang_c019909,15.08342,6.877039,FCGR3A+ Monocytes,monocytes,8,monocytes
kang_c019913,-0.5896725,6.891357,CD4 T cells,T cells,7,T cells
kang_c019914,-0.2524905,14.13239,CD8 T cells,T cells,12,NK cells
kang_c019916,4.114865,-0.996705,B cells,B cells,16,B cells
kang_c019919,5.010807,0.05183656,B cells,B cells,16,B cells
kang_c019921,-0.2408769,13.21142,CD8 T cells,T cells,12,NK cells
kang_c019923,11.88768,6.29691,CD14+ Monocytes,monocytes,13,monocytes
kang_c019926,-0.5748786,8.890553,CD4 T cells,T cells,7,T cells
kang_c019933,-0.5478538,7.649558,CD4 T cells,T cells,7,T cells
kang_c019934,-1.492607,15.60172,NK cells,NK cells,6,NK cells
kang_c019936,-1.344455,5.026998,CD4 T cells,T cells,7,T cells
kang_c019938,-0.6540818,10.84609,CD4 T cells,T cells,9,T cells
kang_c019939,11.82069,6.303937,CD14+ Monocytes,monocytes,13,monocytes
kang_c019942,-1.345361,16.12239,NK cells,NK cells,6,NK cells
kang_c019946,0.5317279,9.408667,CD4 T cells,T cells,9,T cells
kang_c019949,-1.068157,16.1068,NK cells,NK cells,6,NK cells
kang_c019952,0.7449223,12.73514,CD8 T cells,T cells,12,NK cells
kang_c019955,-0.9934664,7.959033,CD4 T cells,T cells,7,T cells
kang_c019956,-1.972028,5.936627,CD4 T cells,T cells,7,T cells
kang_c019962,12.10453,4.037046,CD14+ Monocytes,monocytes,13,monocytes
kang_c019970,0.2950753,12.28668,CD8 T cells,T cells,12,NK cells
kang_c019978,-0.4802821,10.38668,CD4 T cells,T cells,9,T cells
kang_c019979,-0.8297526,9.712839,CD4 T cells,T cells,9,T cells
kang_c019982,5.120422,0.4753759,B cells,B cells,16,B cells
kang_c019985,0.2555137,8.063474,CD4 T cells,T cells,1,Unknown
kang_c019990,-0.858812,6.850632,CD4 T cells,T cells,7,T cells
kang_c019994,-0.1304066,7.811305,CD4 T cells,T cells,7,T cells
kang_c019997,10.31753,6.003055,CD14+ Monocytes,monocytes,11,monocytes
kang_c019998,0.04196434,13.29268,CD8 T cells,T cells,12,NK cells
kang_c020000,3.641065,-0.5253872,B cells,B cells,16,B cells
kang_c020003,-3.455957,6.867218,CD4 T cells,T cells,2,T cells
kang_c020004,0.9817207,7.89933,CD4 T cells,T cells,7,T cells
kang_c020005,-2.040573,6.111567,CD4 T cells,T cells,7,T cells
kang_c020007,-0.3194572,5.8727,CD4 T cells,T cells,7,T cells
kang_c020008,0.1249306,11.91297,CD4 T cells,T cells,12,NK cells
kang_c020022,12.45843,5.575644,CD14+ Monocytes,monocytes,13,monocytes
kang_c020023,0.2658707,8.576162,CD4 T cells,T cells,7,T cells
kang_c020026,-0.6802635,10.28215,CD4 T cells,T cells,9,T cells
kang_c020027,11.3966,5.124079,CD14+ Monocytes,monocytes,13,monocytes
kang_c020030,-3.802454,7.471805,CD4 T cells,T cells,2,T cells
kang_c020032,-0.3002225,11.52815,CD4 T cells,T cells,9,T cells
kang_c020036,4.6624,0.8602979,B cells,B cells,16,B cells
kang_c020037,0.7882239,9.907598,CD4 T cells,T cells,9,T cells
kang_c020040,-2.184335,6.611244,CD4 T cells,T cells,1,Unknown
kang_c020044,13.84564,5.553786,CD14+ Monocytes,monocytes,13,monocytes
kang_c020045,-0.9482798,5.644701,CD4 T cells,T cells,7,T cells
kang_c020052,0.7632606,8.704737,CD4 T cells,T cells,9,T cells
kang_c020055,-1.178687,6.701587,CD4 T cells,T cells,7,T cells
kang_c020061,14.03253,6.198539,Dendritic cells,dendritic cells,13,monocytes
kang_c020063,13.08775,5.676472,CD14+ Monocytes,monocytes,13,monocytes
kang_c020065,-2.112674,10.80838,CD4 T cells,T cells,3,T cells
kang_c020066,-1.374799,16.22023,CD8 T cells,T cells,6,NK cells
kang_c020070,12.87053,6.205924,CD14+ Monocytes,monocytes,13,monocytes
kang_c020084,-1.076306,16.28128,NK cells,NK cells,6,NK cells
kang_c020085,0.6038118,13.24602,NK cells,NK cells,12,NK cells
kang_c020086,11.2654,5.913055,CD14+ Monocytes,monocytes,11,monocytes
kang_c020090,14.33916,7.690821,FCGR3A+ Monocytes,monocytes,8,monocytes
kang_c020092,-0.5962455,15.30558,NK cells,NK cells,6,NK cells
kang_c020096,-1.622856,6.144373,CD4 T cells,T cells,7,T cells
kang_c020097,-0.7690396,10.31735,CD4 T cells,T cells,9,T cells
kang_c020104,0.6388471,7.281496,CD4 T cells,T cells,7,T cells
kang_c020107,-2.405083,7.670372,CD4 T cells,T cells,14,platelets
kang_c020113,-0.00783305,15.77217,NK cells,NK cells,6,NK cells
kang_c020114,14.74267,5.214942,Dendritic cells,dendritic cells,10,dendritic cells
kang_c020119,-0.8302979,6.424444,CD4 T cells,T cells,7,T cells
kang_c020124,-2.024078,5.959383,CD4 T cells,T cells,7,T cells
kang_c020128,10.72254,6.483853,CD14+ Monocytes,monocytes,11,monocytes
kang_c020136,-0.5405411,7.278236,CD4 T cells,T cells,7,T cells
kang_c020137,-1.086522,6.920766,CD4 T cells,T cells,1,Unknown
kang_c020139,0.816589,8.954353,CD4 T cells,T cells,9,T cells
kang_c020143,11.63353,5.51356,CD14+ Monocytes,monocytes,13,monocytes
kang_c020144,-2.131999,16.13935,NK cells,NK cells,6,NK cells
kang_c020146,13.5419,4.439435,CD14+ Monocytes,monocytes,13,monocytes
kang_c020148,13.51696,4.211008,CD14+ Monocytes,monocytes,13,monocytes
kang_c020153,0.9328877,9.217851,CD4 T cells,T cells,9,T cells
kang_c020155,-1.914652,16.38827,NK cells,NK cells,6,NK cells
kang_c020157,4.423832,-0.7357907,B cells,B cells,16,B cells
kang_c020159,0.3046855,11.48607,CD4 T cells,T cells,12,NK cells
kang_c020165,12.68418,4.279234,CD14+ Monocytes,monocytes,13,monocytes
kang_c020166,-0.6090823,15.46302,NK cells,NK cells,6,NK cells
kang_c020171,11.94701,4.638244,CD14+ Monocytes,monocytes,13,monocytes
kang_c020176,0.7565171,7.044027,CD4 T cells,T cells,7,T cells
kang_c020178,-1.594671,5.297347,CD4 T cells,T cells,7,T cells
kang_c020181,4.889689,0.07877868,B cells,B cells,16,B cells
kang_c020189,-0.4442728,11.99123,CD8 T cells,T cells,12,NK cells
kang_c020196,3.875327,0.01983103,B cells,B cells,16,B cells
kang_c020197,5.452262,-0.4568655,B cells,B cells,16,B cells
kang_c020201,13.3754,5.735974,CD14+ Monocytes,monocytes,13,monocytes
kang_c020204,-0.8942068,11.07307,CD4 T cells,T cells,9,T cells
kang_c020206,-3.385769,6.829934,CD4 T cells,T cells,2,T cells
kang_c020207,11.66915,4.148916,CD14+ Monocytes,monocytes,13,monocytes
kang_c020208,-1.074258,15.2448,NK cells,NK cells,6,NK cells
kang_c020210,-2.265897,7.464483,CD4 T cells,T cells,14,platelets
kang_c020220,-2.049818,16.43051,NK cells,NK cells,6,NK cells
kang_c020223,13.69168,7.470155,FCGR3A+ Monocytes,monocytes,8,monocytes
kang_c020225,13.25492,4.534313,CD14+ Monocytes,monocytes,13,monocytes
kang_c020227,0.6448749,10.56575,CD4 T cells,T cells,9,T cells
kang_c020229,-0.08066209,6.726267,CD4 T cells,T cells,7,T cells
kang_c020233,0.4796962,13.01717,CD8 T cells,T cells,12,NK cells
kang_c020237,4.517703,-0.06233303,B cells,B cells,16,B cells
kang_c020241,12.89063,4.033749,CD14+ Monocytes,monocytes,13,monocytes
kang_c020242,-1.27848,5.662034,CD4 T cells,T cells,7,T cells
kang_c020243,5.486769,-2.613952,Dendritic cells,dendritic cells,15,Unknown
kang_c020245,4.597428,0.6913046,B cells,B cells,16,B cells
kang_c020247,-1.760043,7.559131,CD4 T cells,T cells,14,platelets
kang_c020252,5.037948,-0.8632122,B cells,B cells,16,B cells
kang_c020259,12.5878,4.066949,CD14+ Monocytes,monocytes,13,monocytes
kang_c020263,11.66622,5.62077,CD14+ Monocytes,monocytes,13,monocytes
kang_c020273,-1.35204,8.507241,CD4 T cells,T cells,7,T cells
kang_c020278,12.95449,4.903844,CD14+ Monocytes,monocytes,13,monocytes
kang_c020281,-1.20932,11.31551,CD4 T cells,T cells,9,T cells
kang_c020283,4.764526,1.133709,B cells,B cells,16,B cells
kang_c020285,11.75565,4.032558,CD14+ Monocytes,monocytes,13,monocytes
kang_c020293,-2.978482,6.116093,CD4 T cells,T cells,2,T cells
kang_c020297,-0.4701084,15.52973,NK cells,NK cells,6,NK cells
kang_c020305,-0.1757855,9.995062,CD4 T cells,T cells,9,T cells
kang_c020308,13.87204,7.85331,FCGR3A+ Monocytes,monocytes,8,monocytes
kang_c020317,-0.109806,9.128114,CD4 T cells,T cells,9,T cells
kang_c020318,-0.6912617,14.76612,NK cells,NK cells,6,NK cells
kang_c020319,9.827449,6.454659,CD14+ Monocytes,monocytes,11,monocytes
kang_c020320,-0.0483456,10.7491,CD4 T cells,T cells,12,NK cells
kang_c020321,13.91504,7.628119,FCGR3A+ Monocytes,monocytes,8,monocytes
kang_c020323,11.77738,3.971316,CD14+ Monocytes,monocytes,13,monocytes
kang_c020325,13.80049,7.608934,FCGR3A+ Monocytes,monocytes,8,monocytes
kang_c020328,-1.097301,5.264555,CD4 T cells,T cells,7,T cells
kang_c020330,-1.28494,7.229859,CD4 T cells,T cells,7,T cells
kang_c020334,11.41388,4.969187,CD14+ Monocytes,monocytes,13,monocytes
kang_c020335,14.89551,6.663675,FCGR3A+ Monocytes,monocytes,8,monocytes
kang_c020340,-1.180586,15.88243,CD8 T cells,T cells,6,NK cells
kang_c020341,12.74347,5.277986,CD14+ Monocytes,monocytes,13,monocytes
kang_c020343,-2.495927,7.080089,CD4 T cells,T cells,14,platelets
kang_c020344,12.35618,4.077414,CD14+ Monocytes,monocytes,13,monocytes
kang_c020348,4.637033,0.8245915,B cells,B cells,16,B cells
kang_c020352,-1.653226,5.065029,CD4 T cells,T cells,7,T cells
kang_c020354,-1.256563,9.441126,CD4 T cells,T cells,9,T cells
kang_c020359,4.124997,-0.6779299,B cells,B cells,16,B cells
kang_c020363,14.50728,7.60029,FCGR3A+ Monocytes,monocytes,8,monocytes
kang_c020367,4.512457,0.06509091,B cells,B cells,16,B cells
kang_c020369,14.63673,7.329481,FCGR3A+ Monocytes,monocytes,8,monocytes
kang_c020371,11.75144,4.009086,CD14+ Monocytes,monocytes,13,monocytes
kang_c020375,0.6798788,8.417816,CD4 T cells,T cells,1,Unknown
kang_c020383,-0.3367029,7.367016,CD4 T cells,T cells,7,T cells
kang_c020389,-1.738006,15.80422,NK cells,NK cells,6,NK cells
kang_c020391,-1.763991,15.97912,CD8 T cells,T cells,6,NK cells
kang_c020395,4.559664,0.5070575,B cells,B cells,16,B cells
kang_c020398,-0.4231026,15.9958,NK cells,NK cells,6,NK cells
kang_c020421,-0.9377861,6.13655,CD4 T cells,T cells,7,T cells
kang_c020427,-1.257303,9.147781,CD4 T cells,T cells,9,T cells
kang_c020430,0.5598244,11.06635,CD4 T cells,T cells,9,T cells
kang_c020433,-1.342957,10.78581,CD4 T cells,T cells,9,T cells
kang_c020445,0.1079812,6.512672,CD4 T cells,T cells,7,T cells
kang_c020446,-0.7301213,5.92248,CD4 T cells,T cells,7,T cells
kang_c020448,-1.458196,4.90436,CD4 T cells,T cells,7,T cells
kang_c020453,-0.6350675,5.523271,CD4 T cells,T cells,7,T cells
kang_c020457,-0.274523,14.709,NK cells,NK cells,6,NK cells
kang_c020458,14.00929,6.029599,FCGR3A+ Monocytes,monocytes,8,monocytes
kang_c020466,12.04844,5.405804,CD14+ Monocytes,monocytes,13,monocytes
kang_c020469,2.678697,0.3990056,B cells,B cells,5,B cells
kang_c020475,11.54945,5.274627,CD14+ Monocytes,monocytes,13,monocytes
kang_c020478,4.331672,0.9020351,B cells,B cells,16,B cells
kang_c020481,9.223137,7.196301,CD14+ Monocytes,monocytes,11,monocytes
kang_c020482,0.1333238,15.50309,NK cells,NK cells,6,NK cells
kang_c020483,4.861438,-0.219456,B cells,B cells,16,B cells
kang_c020484,0.3600345,7.26967,CD4 T cells,T cells,7,T cells
kang_c020498,-0.9644305,11.35599,CD4 T cells,T cells,9,T cells
kang_c020499,10.48739,6.788942,CD14+ Monocytes,monocytes,11,monocytes
kang_c020502,0.8698287,8.760589,CD4 T cells,T cells,9,T cells
kang_c020503,13.885,5.736731,Dendritic cells,dendritic cells,13,monocytes
kang_c020511,10.64786,5.702461,CD14+ Monocytes,monocytes,11,monocytes
kang_c020524,-0.4390563,9.158742,CD4 T cells,T cells,9,T cells
kang_c020525,0.941235,7.054085,CD4 T cells,T cells,7,T cells
kang_c020528,13.53055,5.043088,CD14+ Monocytes,monocytes,13,monocytes
kang_c020531,-0.9395568,11.40562,CD4 T cells,T cells,9,T cells
kang_c020534,12.21114,4.689551,CD14+ Monocytes,monocytes,13,monocytes
kang_c020538,12.19784,5.996029,CD14+ Monocytes,monocytes,13,monocytes
kang_c020541,0.07241479,9.67369,CD4 T cells,T cells,9,T cells
kang_c020543,-0.5482193,7.069949,CD4 T cells,T cells,7,T cells
kang_c020544,11.31874,5.886586,CD14+ Monocytes,monocytes,13,monocytes
kang_c020547,-1.218324,5.939557,CD4 T cells,T cells,7,T cells
kang_c020558,0.3087666,7.026243,CD4 T cells,T cells,7,T cells
kang_c020563,-1.227155,11.93421,CD4 T cells,T cells,12,NK cells
kang_c020564,4.583393,-0.4070233,B cells,B cells,16,B cells
kang_c020565,-2.493144,10.31242,CD4 T cells,T cells,9,T cells
kang_c020568,-0.5285374,9.395447,CD4 T cells,T cells,9,T cells
kang_c020579,4.651401,1.172542,B cells,B cells,16,B cells
kang_c020583,12.51472,6.246364,CD14+ Monocytes,monocytes,13,monocytes
kang_c020591,-2.915164,8.184399,CD4 T cells,T cells,14,platelets
kang_c020599,5.535394,-2.640151,Dendritic cells,dendritic cells,15,Unknown
kang_c020601,-0.05475789,6.797004,CD4 T cells,T cells,7,T cells
kang_c020602,-1.635095,7.463015,CD4 T cells,T cells,7,T cells
kang_c020603,4.294411,-0.1083562,B cells,B cells,16,B cells
kang_c020604,12.67499,4.550839,CD14+ Monocytes,monocytes,13,monocytes
kang_c020607,14.2075,5.786869,Dendritic cells,dendritic cells,13,monocytes
kang_c020609,5.190018,-0.3290048,B cells,B cells,16,B cells
kang_c020610,0.5901957,12.2429,NK cells,NK cells,12,NK cells
kang_c020611,11.08099,4.633281,CD14+ Monocytes,monocytes,13,monocytes
kang_c020616,5.578615,-2.545722,Dendritic cells,dendritic cells,15,Unknown
kang_c020617,0.3422801,9.973807,CD4 T cells,T cells,9,T cells
kang_c020619,-0.04937888,12.44109,CD8 T cells,T cells,12,NK cells
kang_c020620,5.252886,-0.5525591,B cells,B cells,16,B cells
kang_c020621,-1.197301,11.06397,CD4 T cells,T cells,9,T cells
kang_c020623,-1.007939,10.31135,CD4 T cells,T cells,12,NK cells
kang_c020627,-0.9733405,5.133336,CD4 T cells,T cells,7,T cells
kang_c020634,-0.5726798,5.574872,CD4 T cells,T cells,7,T cells
kang_c020638,10.51381,6.922358,CD14+ Monocytes,monocytes,11,monocytes
kang_c020640,11.3321,4.978776,CD14+ Monocytes,monocytes,13,monocytes
kang_c020646,14.31318,7.844089,FCGR3A+ Monocytes,monocytes,8,monocytes
kang_c020648,-0.1455198,6.442949,CD4 T cells,T cells,7,T cells
kang_c020651,0.1046927,10.91262,CD4 T cells,T cells,9,T cells
kang_c020665,0.004555997,7.835481,CD4 T cells,T cells,7,T cells
kang_c020666,12.32291,5.37466,CD14+ Monocytes,monocytes,13,monocytes
kang_c020675,-2.25896,6.602264,CD4 T cells,T cells,1,Unknown
kang_c020676,11.13976,4.658378,CD14+ Monocytes,monocytes,13,monocytes
kang_c020679,12.69359,5.442713,CD14+ Monocytes,monocytes,13,monocytes
kang_c020690,-2.174942,6.97473,CD4 T cells,T cells,7,T cells
kang_c020695,5.571586,-2.574172,Dendritic cells,dendritic cells,15,Unknown
kang_c020701,-1.624171,10.37989,CD4 T cells,T cells,9,T cells
kang_c020705,12.31693,4.918401,CD14+ Monocytes,monocytes,13,monocytes
kang_c020709,-0.5633998,6.541094,CD4 T cells,T cells,7,T cells
kang_c020717,-0.1968424,9.518301,CD4 T cells,T cells,9,T cells
kang_c020719,-1.415148,10.44287,CD4 T cells,T cells,9,T cells
kang_c020724,8.378971,7.734201,Megakaryocytes,platelets,11,monocytes
kang_c020728,-1.640685,7.005198,CD4 T cells,T cells,7,T cells
kang_c020730,-0.356302,7.570225,CD4 T cells,T cells,7,T cells
kang_c020731,10.64649,6.785363,CD14+ Monocytes,monocytes,11,monocytes
kang_c020733,0.111329,10.1887,CD4 T cells,T cells,9,T cells
kang_c020737,-1.223576,5.516986,CD4 T cells,T cells,7,T cells
kang_c020738,-0.2971844,9.831246,CD4 T cells,T cells,9,T cells
kang_c020744,11.10593,4.39426,CD14+ Monocytes,monocytes,13,monocytes
kang_c020746,0.9350981,7.603491,CD4 T cells,T cells,7,T cells
kang_c020747,-1.392552,15.29998,NK cells,NK cells,6,NK cells
kang_c020748,12.80007,5.718533,CD14+ Monocytes,monocytes,13,monocytes
kang_c020751,3.413657,-0.2848765,B cells,B cells,16,B cells
kang_c020756,-1.961969,4.977844,CD4 T cells,T cells,7,T cells
kang_c020760,2.876256,-0.9246956,B cells,B cells,5,B cells
kang_c020767,0.2112657,8.121567,CD4 T cells,T cells,7,T cells
kang_c020768,-1.607315,10.42872,CD4 T cells,T cells,9,T cells
kang_c020779,0.259934,13.10745,CD8 T cells,T cells,12,NK cells
kang_c020781,-0.3513154,8.730176,CD4 T cells,T cells,7,T cells
kang_c020791,-0.4967441,11.98331,CD4 T cells,T cells,12,NK cells
kang_c020793,12.14285,7.260597,CD14+ Monocytes,monocytes,13,monocytes
kang_c020794,12.71429,5.547237,CD14+ Monocytes,monocytes,13,monocytes
kang_c020798,0.1880145,13.98372,CD8 T cells,T cells,12,NK cells
kang_c020803,12.58245,6.545651,CD14+ Monocytes,monocytes,13,monocytes
kang_c020808,-1.044664,8.635224,CD4 T cells,T cells,7,T cells
kang_c020812,0.4590388,12.49998,CD8 T cells,T cells,12,NK cells
kang_c020819,-1.016577,11.41174,CD4 T cells,T cells,12,NK cells
kang_c020830,0.4635317,13.14501,CD8 T cells,T cells,12,NK cells
kang_c020833,0.2786494,7.092477,CD4 T cells,T cells,7,T cells
kang_c020834,4.179419,-0.07292698,B cells,B cells,16,B cells
kang_c020846,-0.8223153,5.578504,CD4 T cells,T cells,7,T cells
kang_c020862,0.1093988,13.63394,CD8 T cells,T cells,12,NK cells
kang_c020863,15.12165,6.646638,FCGR3A+ Monocytes,monocytes,8,monocytes
kang_c020885,-1.09668,10.22538,CD4 T cells,T cells,9,T cells
kang_c020890,-0.3691608,6.050306,CD4 T cells,T cells,7,T cells
kang_c020891,-0.4436995,6.863111,CD4 T cells,T cells,7,T cells
kang_c020897,-2.115568,7.996651,CD4 T cells,T cells,7,T cells
kang_c020899,11.77687,5.909573,CD14+ Monocytes,monocytes,11,monocytes
kang_c020905,5.333026,-0.641086,B cells,B cells,16,B cells
kang_c020908,13.3403,6.782366,CD14+ Monocytes,monocytes,13,monocytes
kang_c020912,14.91539,7.714667,FCGR3A+ Monocytes,monocytes,8,monocytes
kang_c020913,1.642632,-0.1661486,B cells,B cells,5,B cells
kang_c020923,12.71644,4.890899,CD14+ Monocytes,monocytes,13,monocytes
kang_c020925,-0.2133482,5.954557,CD4 T cells,T cells,7,T cells
kang_c020930,15.25423,4.752564,Dendritic cells,dendritic cells,10,dendritic cells
kang_c020935,2.200932,0.5532186,B cells,B cells,5,B cells
kang_c020936,-1.229417,9.271926,CD4 T cells,T cells,9,T cells
kang_c020937,5.175221,1.062091,B cells,B cells,16,B cells
kang_c020941,-1.357302,6.094143,CD4 T cells,T cells,7,T cells
kang_c020947,4.869665,1.123579,B cells,B cells,16,B cells
kang_c020951,-1.614491,7.118066,CD4 T cells,T cells,7,T cells
kang_c020952,-3.614896,7.11505,CD4 T cells,T cells,2,T cells
kang_c020956,14.73879,7.610682,FCGR3A+ Monocytes,monocytes,8,monocytes
kang_c020958,-1.03649,16.49669,NK cells,NK cells,6,NK cells
kang_c020959,10.48089,6.592991,CD14+ Monocytes,monocytes,11,monocytes
kang_c020960,11.27455,5.407237,CD14+ Monocytes,monocytes,13,monocytes
kang_c020963,0.1218436,11.61728,CD4 T cells,T cells,12,NK cells
kang_c020967,5.583828,-2.65378,Dendritic cells,dendritic cells,15,Unknown
kang_c020969,-0.9292334,8.830196,CD4 T cells,T cells,7,T cells
kang_c020973,0.3536441,9.556558,CD4 T cells,T cells,9,T cells
kang_c020978,-1.973564,6.048851,CD4 T cells,T cells,7,T cells
kang_c020979,0.2129783,8.743155,CD4 T cells,T cells,7,T cells
kang_c020980,0.1457031,10.63732,CD4 T cells,T cells,9,T cells
kang_c020981,0.06805184,9.764537,CD4 T cells,T cells,9,T cells
kang_c020985,-0.7362335,7.509255,CD4 T cells,T cells,7,T cells
kang_c020986,0.1238822,12.27866,CD4 T cells,T cells,12,NK cells
kang_c020987,0.3067288,9.058441,CD4 T cells,T cells,9,T cells
kang_c020988,0.1239709,15.41665,NK cells,NK cells,6,NK cells
kang_c020989,-0.8578885,8.751688,CD4 T cells,T cells,7,T cells
kang_c020992,11.5682,3.98751,CD14+ Monocytes,monocytes,13,monocytes
kang_c020995,12.74924,4.689076,CD14+ Monocytes,monocytes,13,monocytes
kang_c021002,13.366,4.941101,CD14+ Monocytes,monocytes,13,monocytes
kang_c021010,-1.809143,6.179372,CD4 T cells,T cells,7,T cells
kang_c021017,14.43518,7.92155,FCGR3A+ Monocytes,monocytes,8,monocytes
kang_c021026,4.373552,0.6406868,B cells,B cells,16,B cells
kang_c021029,13.01078,4.673946,CD14+ Monocytes,monocytes,13,monocytes
kang_c021030,-2.011391,9.493613,CD4 T cells,T cells,9,T cells
kang_c021040,12.47275,5.97565,CD14+ Monocytes,monocytes,13,monocytes
kang_c021049,-1.167696,7.223785,CD4 T cells,T cells,7,T cells
kang_c021053,-1.056818,9.57583,CD4 T cells,T cells,9,T cells
kang_c021054,12.28024,4.228366,CD14+ Monocytes,monocytes,13,monocytes
kang_c021061,2.56587,-0.2189439,CD4 T cells,T cells,5,B cells
kang_c021066,-1.429696,10.35097,CD4 T cells,T cells,9,T cells
kang_c021068,-0.7614577,14.93698,NK cells,NK cells,6,NK cells
kang_c021069,-1.758909,7.976365,CD4 T cells,T cells,7,T cells
kang_c021071,-0.3369544,5.95072,CD4 T cells,T cells,7,T cells
kang_c021072,4.644765,-0.9431179,B cells,B cells,16,B cells
kang_c021073,-0.1533148,7.677489,CD4 T cells,T cells,7,T cells
kang_c021078,13.3247,7.489362,CD14+ Monocytes,monocytes,13,monocytes
kang_c021080,-1.155815,6.515403,CD4 T cells,T cells,7,T cells
kang_c021081,-0.06661702,12.80839,CD8 T cells,T cells,12,NK cells
kang_c021082,13.1433,5.826098,CD14+ Monocytes,monocytes,13,monocytes
kang_c021103,0.3647341,6.599485,CD4 T cells,T cells,7,T cells
kang_c021104,-0.8081911,15.19032,NK cells,NK cells,6,NK cells
kang_c021113,13.0511,4.897632,CD14+ Monocytes,monocytes,13,monocytes
kang_c021121,-1.812422,7.95072,CD4 T cells,T cells,7,T cells
kang_c021122,-0.5305832,15.39437,NK cells,NK cells,6,NK cells
kang_c021124,0.8846783,8.01543,CD4 T cells,T cells,1,Unknown
kang_c021126,-0.4701672,8.888021,CD4 T cells,T cells,9,T cells
kang_c021127,-1.790499,5.926629,CD4 T cells,T cells,7,T cells
kang_c021144,4.01799,0.5621008,B cells,B cells,16,B cells
kang_c021149,10.77609,5.059632,CD14+ Monocytes,monocytes,13,monocytes
kang_c021156,12.89914,5.4291,CD14+ Monocytes,monocytes,13,monocytes
kang_c021161,0.9289002,8.248354,CD4 T cells,T cells,7,T cells
kang_c021164,-1.744834,6.886895,CD4 T cells,T cells,7,T cells
kang_c021168,4.424819,0.1668924,B cells,B cells,16,B cells
kang_c021173,12.38666,4.587545,CD14+ Monocytes,monocytes,13,monocytes
kang_c021176,11.95648,4.343635,CD14+ Monocytes,monocytes,13,monocytes
kang_c021177,5.601946,-2.796376,Dendritic cells,dendritic cells,15,Unknown
kang_c021181,13.51513,4.48139,CD14+ Monocytes,monocytes,13,monocytes
kang_c021182,0.2476688,12.577,CD8 T cells,T cells,12,NK cells
kang_c021183,-2.277906,10.80625,CD4 T cells,T cells,4,NK cells
kang_c021188,-0.7575877,16.18319,NK cells,NK cells,6,NK cells
kang_c021194,-0.7359547,5.820064,CD4 T cells,T cells,7,T cells
kang_c021198,-0.5530531,12.43513,CD8 T cells,T cells,12,NK cells
kang_c021209,5.52625,-0.5910708,B cells,B cells,16,B cells
kang_c021211,4.612474,-0.4812385,B cells,B cells,16,B cells
kang_c021226,-1.93115,10.12416,CD4 T cells,T cells,9,T cells
kang_c021229,12.46606,4.536879,CD14+ Monocytes,monocytes,13,monocytes
kang_c021230,-0.6379336,16.10739,NK cells,NK cells,6,NK cells
kang_c021231,-0.1511209,11.67085,CD4 T cells,T cells,12,NK cells
kang_c021232,-0.1472345,7.097307,CD4 T cells,T cells,7,T cells
kang_c021233,2.722067,-0.4789383,B cells,B cells,5,B cells
kang_c021234,-0.5127556,13.19074,CD8 T cells,T cells,12,NK cells
kang_c021236,-0.1894595,16.26165,NK cells,NK cells,6,NK cells
kang_c021237,-0.2121049,9.75065,CD4 T cells,T cells,9,T cells
kang_c021238,12.80244,6.736157,CD14+ Monocytes,monocytes,13,monocytes
kang_c021243,-0.3239755,12.04609,CD4 T cells,T cells,12,NK cells
kang_c021249,0.3464129,12.88422,CD8 T cells,T cells,12,NK cells
kang_c021250,-0.1800709,5.695255,CD4 T cells,T cells,7,T cells
kang_c021256,13.3462,6.053552,CD14+ Monocytes,monocytes,13,monocytes
kang_c021257,1.722871,7.962353,CD4 T cells,T cells,1,Unknown
kang_c021259,0.2673689,10.01958,CD4 T cells,T cells,9,T cells
kang_c021262,-0.7973789,6.034814,CD4 T cells,T cells,7,T cells
kang_c021263,1.804589,0.3714121,B cells,B cells,5,B cells
kang_c021281,0.1168107,10.3782,CD4 T cells,T cells,9,T cells
kang_c021286,-0.840308,12.41011,CD8 T cells,T cells,12,NK cells
kang_c021287,-0.2112768,7.951221,CD4 T cells,T cells,7,T cells
kang_c021288,-1.220964,10.25425,CD4 T cells,T cells,9,T cells
kang_c021290,-0.3729037,8.740216,CD4 T cells,T cells,7,T cells
kang_c021297,4.73274,0.2690817,B cells,B cells,16,B cells
kang_c021298,-4.350121,7.238973,CD4 T cells,T cells,2,T cells
kang_c021299,12.20951,4.291171,CD14+ Monocytes,monocytes,13,monocytes
kang_c021301,11.08421,6.429812,CD14+ Monocytes,monocytes,11,monocytes
kang_c021307,14.23598,5.626866,Dendritic cells,dendritic cells,13,monocytes
kang_c021308,13.01618,3.988462,CD14+ Monocytes,monocytes,13,monocytes
kang_c021314,-0.2692668,13.7961,CD8 T cells,T cells,12,NK cells
kang_c021317,-1.389116,10.07295,CD4 T cells,T cells,9,T cells
kang_c021324,4.474343,0.06919733,B cells,B cells,16,B cells
kang_c021330,11.17773,4.751148,CD14+ Monocytes,monocytes,13,monocytes
kang_c021337,12.20587,6.24987,CD14+ Monocytes,monocytes,13,monocytes
kang_c021342,-0.9823087,8.046087,CD4 T cells,T cells,7,T cells
kang_c021343,-1.822285,6.539009,CD4 T cells,T cells,7,T cells
kang_c021344,-0.2871585,16.14091,NK cells,NK cells,6,NK cells
kang_c021353,4.29581,0.1066789,B cells,B cells,16,B cells
kang_c021362,11.48495,5.398202,CD14+ Monocytes,monocytes,13,monocytes
kang_c021371,-0.412937,5.468238,CD4 T cells,T cells,7,T cells
kang_c021372,-1.14432,16.49463,NK cells,NK cells,6,NK cells
kang_c021376,5.201066,0.7706264,B cells,B cells,16,B cells
kang_c021380,15.13669,4.85162,Dendritic cells,dendritic cells,10,dendritic cells
kang_c021382,-1.363752,9.805167,CD4 T cells,T cells,9,T cells
kang_c021386,-0.2770633,16.10965,NK cells,NK cells,6,NK cells
kang_c021391,-0.4882763,15.51951,NK cells,NK cells,6,NK cells
kang_c021394,-0.0745526,13.4021,CD8 T cells,T cells,12,NK cells
kang_c021402,-0.1601488,15.32889,CD8 T cells,T cells,6,NK cells
kang_c021407,4.341283,-0.675833,B cells,B cells,16,B cells
kang_c021409,-1.274322,11.09849,CD4 T cells,T cells,9,T cells
kang_c021419,-2.924978,8.849515,CD4 T cells,T cells,2,T cells
kang_c021420,12.8762,6.730995,CD14+ Monocytes,monocytes,13,monocytes
kang_c021423,-0.2037509,12.10738,CD4 T cells,T cells,12,NK cells
kang_c021428,1.482356,8.044581,CD4 T cells,T cells,1,Unknown
kang_c021430,14.49316,8.237373,FCGR3A+ Monocytes,monocytes,8,monocytes
kang_c021432,13.76714,5.857877,Dendritic cells,dendritic cells,13,monocytes
kang_c021437,11.89009,7.084155,CD14+ Monocytes,monocytes,13,monocytes
kang_c021439,-2.171891,5.244365,CD4 T cells,T cells,7,T cells
kang_c021444,10.75743,6.737659,CD14+ Monocytes,monocytes,11,monocytes
kang_c021452,-0.04214836,7.183561,CD4 T cells,T cells,7,T cells
kang_c021454,-0.6113704,9.250256,CD4 T cells,T cells,7,T cells
kang_c021458,12.69367,4.630187,CD14+ Monocytes,monocytes,13,monocytes
kang_c021461,-1.103281,10.08043,CD4 T cells,T cells,9,T cells
kang_c021462,-0.2460218,12.19419,CD8 T cells,T cells,12,NK cells
kang_c021474,-1.4827,10.16119,CD4 T cells,T cells,9,T cells
kang_c021477,11.89215,4.879897,CD14+ Monocytes,monocytes,13,monocytes
kang_c021479,-0.532539,15.02772,NK cells,NK cells,6,NK cells
kang_c021481,-0.9099002,9.638072,CD4 T cells,T cells,9,T cells
kang_c021483,12.35346,6.220809,FCGR3A+ Monocytes,monocytes,13,monocytes
kang_c021484,12.16451,4.629141,CD14+ Monocytes,monocytes,13,monocytes
kang_c021491,-1.109231,5.128894,CD4 T cells,T cells,7,T cells
kang_c021501,4.223171,-0.9150146,B cells,B cells,16,B cells
kang_c021509,0.05320912,10.22549,CD4 T cells,T cells,9,T cells
kang_c021510,0.00767234,11.90322,CD4 T cells,T cells,12,NK cells
kang_c021512,12.25295,5.082552,CD14+ Monocytes,monocytes,13,monocytes
kang_c021515,0.2238748,9.351147,CD4 T cells,T cells,9,T cells
kang_c021530,-0.1919536,8.108308,CD4 T cells,T cells,7,T cells
kang_c021531,-1.105018,9.933554,CD4 T cells,T cells,9,T cells
kang_c021533,-0.1962383,15.62922,NK cells,NK cells,6,NK cells
kang_c021537,-2.708139,5.723519,CD4 T cells,T cells,7,T cells
kang_c021542,-0.9326459,6.647405,CD4 T cells,T cells,7,T cells
kang_c021544,-1.365885,9.820625,CD4 T cells,T cells,9,T cells
kang_c021549,12.80214,6.994291,CD14+ Monocytes,monocytes,13,monocytes
kang_c021552,11.44908,5.045159,CD14+ Monocytes,monocytes,13,monocytes
kang_c021553,-0.7560169,14.31402,CD4 T cells,T cells,6,NK cells
kang_c021556,-0.2855746,12.68487,CD8 T cells,T cells,12,NK cells
kang_c021559,-2.059392,9.475491,CD4 T cells,T cells,1,Unknown
kang_c021564,-0.3000645,10.55819,CD4 T cells,T cells,9,T cells
kang_c021565,-0.1784952,12.61986,CD8 T cells,T cells,12,NK cells
kang_c021573,-0.4726775,5.801023,CD4 T cells,T cells,7,T cells
kang_c021578,3.818682,0.4306199,B cells,B cells,16,B cells
kang_c021579,-2.646529,5.434809,CD4 T cells,T cells,7,T cells
kang_c021580,4.902009,-0.08678085,B cells,B cells,16,B cells
kang_c021582,0.5994391,13.53452,CD8 T cells,T cells,12,NK cells
kang_c021584,13.27469,4.204878,CD14+ Monocytes,monocytes,13,monocytes
kang_c021585,0.6414005,9.025855,CD4 T cells,T cells,9,T cells
kang_c021589,5.176432,-0.7805146,B cells,B cells,16,B cells
kang_c021594,-1.411555,6.460414,CD4 T cells,T cells,7,T cells
kang_c021600,1.205094,9.00686,CD4 T cells,T cells,9,T cells
kang_c021610,5.098839,-0.36303,B cells,B cells,16,B cells
kang_c021611,0.6504052,12.9834,CD8 T cells,T cells,12,NK cells
kang_c021624,-3.084889,12.0332,CD4 T cells,T cells,3,T cells
kang_c021629,0.7054214,8.218537,CD4 T cells,T cells,1,Unknown
kang_c021635,12.21194,5.861718,CD14+ Monocytes,monocytes,13,monocytes
kang_c021644,-1.463749,5.173621,CD4 T cells,T cells,7,T cells
kang_c021647,-1.376967,9.825765,CD4 T cells,T cells,9,T cells
kang_c021653,-0.7544509,10.48655,CD4 T cells,T cells,9,T cells
kang_c021657,13.10437,4.249805,CD14+ Monocytes,monocytes,13,monocytes
kang_c021659,-0.01063146,11.11633,CD4 T cells,T cells,9,T cells
kang_c021662,13.59156,6.311199,Dendritic cells,dendritic cells,13,monocytes
kang_c021668,12.72151,6.888912,CD14+ Monocytes,monocytes,13,monocytes
kang_c021670,-0.9628936,9.834293,CD4 T cells,T cells,9,T cells
kang_c021671,-2.839311,12.99621,CD4 T cells,T cells,4,NK cells
kang_c021672,-1.19848,8.286733,CD4 T cells,T cells,7,T cells
kang_c021679,-0.4331385,16.04486,NK cells,NK cells,6,NK cells
kang_c021682,-0.5306148,7.000176,CD4 T cells,T cells,7,T cells
kang_c021684,-0.6362268,14.47458,CD8 T cells,T cells,6,NK cells
kang_c021691,12.90755,5.619334,CD14+ Monocytes,monocytes,13,monocytes
kang_c021696,-1.043899,11.05858,B cells,B cells,9,T cells
kang_c021704,12.29415,5.020607,CD14+ Monocytes,monocytes,13,monocytes
kang_c021707,-0.02683509,9.929649,CD4 T cells,T cells,9,T cells
kang_c021710,9.888236,6.325604,CD14+ Monocytes,monocytes,11,monocytes
kang_c021713,11.11339,6.938601,CD14+ Monocytes,monocytes,11,monocytes
kang_c021721,11.12495,5.273795,CD14+ Monocytes,monocytes,13,monocytes
kang_c021732,-2.953249,8.781892,CD4 T cells,T cells,2,T cells
kang_c021734,-0.3587828,9.954002,CD4 T cells,T cells,9,T cells
kang_c021738,-0.624181,13.72012,CD4 T cells,T cells,6,NK cells
kang_c021755,-0.3322056,5.886483,CD4 T cells,T cells,7,T cells
kang_c021756,-2.112249,5.489513,CD4 T cells,T cells,7,T cells
kang_c021758,13.47819,5.597294,FCGR3A+ Monocytes,monocytes,8,monocytes
kang_c021763,3.798391,-0.7296825,B cells,B cells,16,B cells
kang_c021764,11.9683,4.653373,CD14+ Monocytes,monocytes,13,monocytes
kang_c021765,0.305177,11.27889,CD8 T cells,T cells,9,T cells
kang_c021770,2.800027,-1.520493,B cells,B cells,5,B cells
kang_c021772,-1.195102,7.047116,CD4 T cells,T cells,7,T cells
kang_c021777,-1.825377,16.17726,NK cells,NK cells,6,NK cells
kang_c021778,-2.403499,6.397412,CD4 T cells,T cells,7,T cells
kang_c021784,-0.08795338,8.442325,CD4 T cells,T cells,7,T cells
kang_c021785,-2.175431,9.658521,CD4 T cells,T cells,9,T cells
kang_c021789,-2.929827,15.46845,NK cells,NK cells,4,NK cells
kang_c021797,0.3899095,13.83437,CD8 T cells,T cells,12,NK cells
kang_c021798,0.5762337,12.1597,CD4 T cells,T cells,12,NK cells
kang_c021800,10.90193,5.35376,CD14+ Monocytes,monocytes,13,monocytes
kang_c021805,4.346228,0.7913325,B cells,B cells,16,B cells
kang_c021809,4.80433,-0.7152045,B cells,B cells,16,B cells
kang_c021815,-2.608906,7.280561,CD4 T cells,T cells,2,T cells
kang_c021817,-0.7647974,11.28512,CD4 T cells,T cells,9,T cells
kang_c021818,0.7689801,9.463545,CD4 T cells,T cells,9,T cells
kang_c021823,14.7394,7.893022,FCGR3A+ Monocytes,monocytes,8,monocytes
kang_c021839,-0.4455138,6.784069,CD4 T cells,T cells,7,T cells
kang_c021840,-1.86413,5.382077,CD4 T cells,T cells,7,T cells
kang_c021850,-0.333893,8.320294,CD4 T cells,T cells,7,T cells
kang_c021851,0.4676817,9.312593,CD4 T cells,T cells,9,T cells
kang_c021852,0.1326443,9.42296,CD4 T cells,T cells,9,T cells
kang_c021854,-1.106185,7.262424,CD4 T cells,T cells,7,T cells
kang_c021856,2.452901,7.090229,CD4 T cells,T cells,1,Unknown
kang_c021858,13.26814,4.431483,CD14+ Monocytes,monocytes,13,monocytes
kang_c021865,-1.119925,10.1298,CD4 T cells,T cells,9,T cells
kang_c021867,10.43336,6.342589,CD14+ Monocytes,monocytes,11,monocytes
kang_c021873,-2.879054,9.833226,CD4 T cells,T cells,9,T cells
kang_c021876,3.405982,0.3076206,B cells,B cells,16,B cells
kang_c021878,-0.6934519,6.192912,CD4 T cells,T cells,7,T cells
kang_c021879,12.27285,4.12325,CD14+ Monocytes,monocytes,13,monocytes
kang_c021881,-1.306158,10.45239,CD4 T cells,T cells,9,T cells
kang_c021885,-0.6738092,15.99766,NK cells,NK cells,6,NK cells
kang_c021892,9.90461,6.425091,CD14+ Monocytes,monocytes,11,monocytes
kang_c021893,11.08439,6.433164,CD14+ Monocytes,monocytes,11,monocytes
kang_c021901,-0.04696191,6.640751,CD4 T cells,T cells,7,T cells
kang_c021909,-1.234438,7.366902,CD4 T cells,T cells,7,T cells
kang_c021915,-0.7851026,10.18673,CD4 T cells,T cells,9,T cells
kang_c021916,0.4771228,8.057426,CD4 T cells,T cells,1,Unknown
kang_c021924,-2.085253,6.890729,CD4 T cells,T cells,7,T cells
kang_c021925,11.84932,5.119637,CD14+ Monocytes,monocytes,13,monocytes
kang_c021930,0.5753056,9.68967,CD4 T cells,T cells,9,T cells
kang_c021940,11.1003,5.734609,CD14+ Monocytes,monocytes,11,monocytes
kang_c021954,0.0527194,13.33686,CD8 T cells,T cells,12,NK cells
kang_c021956,0.4068674,10.03708,CD4 T cells,T cells,9,T cells
kang_c021957,-2.385855,16.17081,NK cells,NK cells,6,NK cells
kang_c021960,14.2653,7.094698,FCGR3A+ Monocytes,monocytes,8,monocytes
kang_c021978,-1.190374,9.992319,CD4 T cells,T cells,9,T cells
kang_c021997,11.44409,4.848512,CD14+ Monocytes,monocytes,13,monocytes
kang_c021998,12.58455,4.470706,CD14+ Monocytes,monocytes,13,monocytes
kang_c022007,2.966596,-0.1366815,B cells,B cells,5,B cells
kang_c022014,-1.923512,16.40281,NK cells,NK cells,6,NK cells
kang_c022016,-0.4686658,6.58267,CD4 T cells,T cells,7,T cells
kang_c022022,-0.3954251,5.792328,CD4 T cells,T cells,7,T cells
kang_c022024,-1.459662,15.10977,NK cells,NK cells,4,NK cells
kang_c022033,-0.7357945,9.573716,CD4 T cells,T cells,9,T cells
kang_c022043,13.30307,7.031841,FCGR3A+ Monocytes,monocytes,13,monocytes
kang_c022044,-0.6455942,15.84903,NK cells,NK cells,6,NK cells
kang_c022045,0.1688019,13.4065,CD8 T cells,T cells,12,NK cells
kang_c022047,2.282169,7.439626,CD4 T cells,T cells,1,Unknown
kang_c022050,12.57449,5.941282,CD14+ Monocytes,monocytes,13,monocytes
kang_c022054,14.41817,7.951875,FCGR3A+ Monocytes,monocytes,8,monocytes
kang_c022056,0.03275922,12.73095,CD8 T cells,T cells,12,NK cells
kang_c022057,2.289517,7.220562,CD4 T cells,T cells,1,Unknown
kang_c022060,0.814162,6.961361,CD4 T cells,T cells,7,T cells
kang_c022063,4.577743,0.546528,B cells,B cells,16,B cells
kang_c022065,0.6135612,10.08374,CD4 T cells,T cells,9,T cells
kang_c022066,0.4475112,9.78385,CD4 T cells,T cells,9,T cells
kang_c022070,14.87222,6.436409,FCGR3A+ Monocytes,monocytes,8,monocytes
kang_c022072,-1.882539,16.34458,NK cells,NK cells,6,NK cells
kang_c022073,10.48934,7.125642,CD14+ Monocytes,monocytes,11,monocytes
kang_c022075,10.78632,6.187167,CD14+ Monocytes,monocytes,11,monocytes
kang_c022076,11.64813,5.503597,CD14+ Monocytes,monocytes,13,monocytes
kang_c022077,9.95853,6.01021,CD14+ Monocytes,monocytes,11,monocytes
kang_c022080,0.1499254,12.83754,CD8 T cells,T cells,12,NK cells
kang_c022086,12.80208,4.2159,CD14+ Monocytes,monocytes,13,monocytes
kang_c022088,12.27246,6.091557,CD14+ Monocytes,monocytes,13,monocytes
kang_c022092,-1.708826,7.730277,CD4 T cells,T cells,7,T cells
kang_c022100,12.05415,6.45589,CD14+ Monocytes,monocytes,13,monocytes
kang_c022104,14.11806,5.513793,Dendritic cells,dendritic cells,13,monocytes
kang_c022110,2.628843,0.1643634,B cells,B cells,5,B cells
kang_c022118,11.44021,5.084502,CD14+ Monocytes,monocytes,13,monocytes
kang_c022124,-2.30324,5.796557,CD4 T cells,T cells,7,T cells
kang_c022126,-1.13854,15.47888,CD8 T cells,T cells,6,NK cells
kang_c022127,-1.536085,10.67786,CD4 T cells,T cells,9,T cells
kang_c022140,-0.3306392,8.376338,CD4 T cells,T cells,7,T cells
kang_c022142,0.2187293,6.382194,CD4 T cells,T cells,7,T cells
kang_c022143,13.42576,4.519397,CD14+ Monocytes,monocytes,13,monocytes
kang_c022145,-1.126348,8.491881,CD4 T cells,T cells,7,T cells
kang_c022147,0.4949006,8.42536,CD4 T cells,T cells,7,T cells
kang_c022150,0.6479913,13.23394,CD8 T cells,T cells,12,NK cells
kang_c022155,3.687265,0.1504072,B cells,B cells,16,B cells
kang_c022166,-2.012044,5.853758,CD4 T cells,T cells,7,T cells
kang_c022169,-0.2293277,6.44782,CD4 T cells,T cells,7,T cells
kang_c022183,0.1116521,13.55733,CD8 T cells,T cells,12,NK cells
kang_c022186,-0.5312324,15.53951,NK cells,NK cells,6,NK cells
kang_c022188,13.48765,6.622728,FCGR3A+ Monocytes,monocytes,13,monocytes
kang_c022189,15.4643,4.611077,Dendritic cells,dendritic cells,10,dendritic cells
kang_c022191,-0.7423555,6.617528,CD4 T cells,T cells,7,T cells
kang_c022192,12.84711,4.156146,CD14+ Monocytes,monocytes,13,monocytes
kang_c022193,11.44166,4.051325,CD14+ Monocytes,monocytes,13,monocytes
kang_c022221,1.0711,9.705433,CD4 T cells,T cells,9,T cells
kang_c022228,-0.149676,6.193915,CD4 T cells,T cells,7,T cells
kang_c022236,0.01140935,16.19144,NK cells,NK cells,6,NK cells
kang_c022239,13.71543,6.244965,CD14+ Monocytes,monocytes,13,monocytes
kang_c022243,13.32743,4.096011,CD14+ Monocytes,monocytes,13,monocytes
kang_c022244,1.049582,7.535679,CD4 T cells,T cells,7,T cells
kang_c022247,11.12794,6.651979,CD14+ Monocytes,monocytes,11,monocytes
kang_c022251,13.71814,6.099048,CD14+ Monocytes,monocytes,13,monocytes
kang_c022253,3.938159,-0.5654907,B cells,B cells,16,B cells
kang_c022257,-0.4985336,13.18878,CD8 T cells,T cells,12,NK cells
kang_c022260,12.00466,4.017488,CD14+ Monocytes,monocytes,13,monocytes
kang_c022263,-1.884825,10.44005,CD4 T cells,T cells,9,T cells
kang_c022268,1.808562,8.115966,CD4 T cells,T cells,1,Unknown
kang_c022270,-0.8184277,15.88633,NK cells,NK cells,6,NK cells
kang_c022271,-0.7096426,6.970964,CD4 T cells,T cells,7,T cells
kang_c022277,-0.7958269,6.779346,CD4 T cells,T cells,7,T cells
kang_c022280,5.872641,-2.787095,Dendritic cells,dendritic cells,15,Unknown
kang_c022284,13.20959,6.409387,CD14+ Monocytes,monocytes,13,monocytes
kang_c022285,0.514578,6.834389,CD4 T cells,T cells,7,T cells
kang_c022288,-5.267107,10.78868,CD4 T cells,T cells,3,T cells
kang_c022290,-1.415129,9.570283,CD4 T cells,T cells,9,T cells
kang_c022296,-0.7896473,7.600743,CD4 T cells,T cells,7,T cells
kang_c022304,11.94294,4.113372,CD14+ Monocytes,monocytes,13,monocytes
kang_c022305,4.181952,0.7562075,B cells,B cells,16,B cells
kang_c022306,0.488241,7.576267,CD4 T cells,T cells,7,T cells
kang_c022309,-0.4720577,5.656481,CD4 T cells,T cells,7,T cells
kang_c022312,0.08403285,12.85737,CD8 T cells,T cells,12,NK cells
kang_c022314,-0.2602871,7.59161,CD4 T cells,T cells,7,T cells
kang_c022315,11.32076,5.032741,CD14+ Monocytes,monocytes,13,monocytes
kang_c022319,11.44495,6.889931,CD14+ Monocytes,monocytes,11,monocytes
kang_c022325,0.4521852,8.132584,CD4 T cells,T cells,7,T cells
kang_c022326,-0.895779,10.90148,CD4 T cells,T cells,9,T cells
kang_c022328,10.2863,6.521739,CD14+ Monocytes,monocytes,11,monocytes
kang_c022333,10.39724,6.392882,CD14+ Monocytes,monocytes,11,monocytes
kang_c022334,10.86707,5.348735,CD14+ Monocytes,monocytes,13,monocytes
kang_c022344,-1.956154,16.25138,NK cells,NK cells,6,NK cells
kang_c022349,-1.297556,15.85753,NK cells,NK cells,6,NK cells
kang_c022353,11.21607,4.467288,CD14+ Monocytes,monocytes,13,monocytes
kang_c022356,-2.709543,5.396103,CD4 T cells,T cells,7,T cells
kang_c022359,12.53388,4.593635,CD14+ Monocytes,monocytes,13,monocytes
kang_c022360,-2.758131,9.660066,CD4 T cells,T cells,3,T cells
kang_c022363,0.2475836,10.37062,CD4 T cells,T cells,9,T cells
kang_c022369,-2.733429,5.47537,CD4 T cells,T cells,7,T cells
kang_c022375,0.0665967,8.373301,CD4 T cells,T cells,7,T cells
kang_c022381,-1.090956,13.64074,CD8 T cells,T cells,4,NK cells
kang_c022382,14.09899,5.712111,Dendritic cells,dendritic cells,13,monocytes
kang_c022391,-1.055106,6.920607,CD4 T cells,T cells,7,T cells
kang_c022397,-1.381758,7.157348,CD4 T cells,T cells,1,Unknown
kang_c022399,-1.843032,15.04586,NK cells,NK cells,4,NK cells
kang_c022401,0.018534,11.93699,CD4 T cells,T cells,12,NK cells
kang_c022413,0.5999292,9.889322,CD4 T cells,T cells,9,T cells
kang_c022414,10.2183,6.839901,CD14+ Monocytes,monocytes,11,monocytes
kang_c022415,13.79072,4.683315,FCGR3A+ Monocytes,monocytes,10,dendritic cells
kang_c022416,-1.383908,5.134638,CD4 T cells,T cells,7,T cells
kang_c022419,0.3975349,10.10613,CD4 T cells,T cells,9,T cells
kang_c022420,12.35418,6.028999,CD14+ Monocytes,monocytes,13,monocytes
kang_c022425,12.37281,5.543461,CD14+ Monocytes,monocytes,13,monocytes
kang_c022426,4.187091,0.7711306,B cells,B cells,16,B cells
kang_c022427,-0.1654544,5.513012,CD4 T cells,T cells,7,T cells
kang_c022432,-0.6964064,5.433262,CD4 T cells,T cells,7,T cells
kang_c022435,14.15933,7.9311,FCGR3A+ Monocytes,monocytes,8,monocytes
kang_c022442,3.691464,0.4443403,B cells,B cells,16,B cells
kang_c022443,15.15392,4.93101,Dendritic cells,dendritic cells,10,dendritic cells
kang_c022444,1.297538,8.691192,CD4 T cells,T cells,9,T cells
kang_c022445,13.43127,5.533713,CD14+ Monocytes,monocytes,13,monocytes
kang_c022446,-1.062898,8.357224,CD4 T cells,T cells,1,Unknown
kang_c022449,11.16218,4.16221,CD14+ Monocytes,monocytes,13,monocytes
kang_c022453,11.42911,5.367211,CD14+ Monocytes,monocytes,13,monocytes
kang_c022456,4.424423,-0.3297961,B cells,B cells,16,B cells
kang_c022461,14.49837,7.82564,FCGR3A+ Monocytes,monocytes,8,monocytes
kang_c022462,3.586571,0.5888838,B cells,B cells,16,B cells
kang_c022464,-1.86725,7.506714,CD4 T cells,T cells,7,T cells
kang_c022466,-0.650181,15.04283,NK cells,NK cells,6,NK cells
kang_c022472,13.34134,6.142629,CD14+ Monocytes,monocytes,13,monocytes
kang_c022480,-0.6510215,12.24082,CD8 T cells,T cells,12,NK cells
kang_c022483,-0.9421792,7.56995,CD4 T cells,T cells,7,T cells
kang_c022485,0.6968972,13.00025,NK cells,NK cells,12,NK cells
kang_c022487,-0.06816241,9.033173,CD4 T cells,T cells,9,T cells
kang_c022490,-0.9742904,7.404485,CD4 T cells,T cells,7,T cells
kang_c022492,-0.01219548,10.01234,CD4 T cells,T cells,9,T cells
kang_c022494,-0.5240017,8.62997,CD4 T cells,T cells,7,T cells
kang_c022495,2.858696,0.1608925,B cells,B cells,5,B cells
kang_c022500,12.81446,4.233161,CD14+ Monocytes,monocytes,13,monocytes
kang_c022502,11.79891,4.176813,CD14+ Monocytes,monocytes,13,monocytes
kang_c022505,-2.915466,10.46088,CD4 T cells,T cells,3,T cells
kang_c022509,-2.475095,10.57366,CD4 T cells,T cells,9,T cells
kang_c022510,-0.3016655,12.6877,CD8 T cells,T cells,12,NK cells
kang_c022518,10.31272,6.283093,CD14+ Monocytes,monocytes,11,monocytes
kang_c022520,-3.249501,7.220198,CD4 T cells,T cells,2,T cells
kang_c022521,-1.547551,5.26587,CD4 T cells,T cells,7,T cells
kang_c022524,-0.7686992,6.448665,CD4 T cells,T cells,7,T cells
kang_c022525,11.20471,6.081919,CD14+ Monocytes,monocytes,13,monocytes
kang_c022526,-2.700085,13.51552,CD4 T cells,T cells,4,NK cells
kang_c022532,0.5673859,12.31285,CD8 T cells,T cells,12,NK cells
kang_c022542,-1.764918,6.15273,CD4 T cells,T cells,7,T cells
kang_c022544,-1.296178,5.633244,CD4 T cells,T cells,7,T cells
kang_c022545,-1.125827,6.035559,CD4 T cells,T cells,7,T cells
kang_c022564,-0.2738868,7.489441,CD4 T cells,T cells,7,T cells
kang_c022566,13.63801,5.012415,CD14+ Monocytes,monocytes,13,monocytes
kang_c022567,-0.1194329,8.001619,CD4 T cells,T cells,7,T cells
kang_c022582,-0.04323521,11.49244,CD4 T cells,T cells,12,NK cells
kang_c022590,13.24936,5.23482,CD14+ Monocytes,monocytes,13,monocytes
kang_c022592,0.301579,14.1987,CD8 T cells,T cells,12,NK cells
kang_c022596,-0.9416208,6.436358,CD4 T cells,T cells,7,T cells
kang_c022597,-1.89564,10.53518,CD4 T cells,T cells,9,T cells
kang_c022601,12.39902,4.515284,CD14+ Monocytes,monocytes,13,monocytes
kang_c022604,14.777,7.485601,FCGR3A+ Monocytes,monocytes,8,monocytes
kang_c022610,-0.4927026,13.20844,CD8 T cells,T cells,12,NK cells
kang_c022614,-2.053203,16.33166,NK cells,NK cells,6,NK cells
kang_c022615,-2.103088,10.2794,CD4 T cells,T cells,1,Unknown
kang_c022618,-2.332673,7.61444,CD4 T cells,T cells,7,T cells
kang_c022623,-0.5377846,11.17142,CD4 T cells,T cells,9,T cells
kang_c022625,0.7276404,8.036776,CD4 T cells,T cells,7,T cells
kang_c022626,-0.2481483,10.47477,CD4 T cells,T cells,9,T cells
kang_c022632,-0.1176739,10.79132,CD4 T cells,T cells,9,T cells
kang_c022635,14.13839,8.00912,FCGR3A+ Monocytes,monocytes,8,monocytes
kang_c022640,0.04942251,6.696513,CD4 T cells,T cells,7,T cells
kang_c022646,14.55197,5.372975,Dendritic cells,dendritic cells,13,monocytes
kang_c022647,0.2829595,10.1125,CD4 T cells,T cells,9,T cells
kang_c022655,4.850574,-0.4968885,B cells,B cells,16,B cells
kang_c022660,12.12662,4.278293,CD14+ Monocytes,monocytes,13,monocytes
kang_c022661,0.339311,10.04071,CD4 T cells,T cells,9,T cells
kang_c022664,-1.276931,5.592521,CD4 T cells,T cells,7,T cells
kang_c022666,-0.3767543,6.966502,CD4 T cells,T cells,7,T cells
kang_c022667,-1.55221,5.818875,CD4 T cells,T cells,7,T cells
kang_c022668,13.07928,6.567063,CD14+ Monocytes,monocytes,13,monocytes
kang_c022672,-2.228522,5.639406,CD4 T cells,T cells,7,T cells
kang_c022673,-1.223964,10.45038,CD4 T cells,T cells,9,T cells
kang_c022677,-1.043114,7.328156,CD4 T cells,T cells,7,T cells
kang_c022682,-0.0803242,13.09726,CD8 T cells,T cells,12,NK cells
kang_c022684,11.54257,6.503663,CD14+ Monocytes,monocytes,13,monocytes
kang_c022686,-1.798524,10.14776,CD4 T cells,T cells,9,T cells
kang_c022688,5.102585,1.144096,B cells,B cells,16,B cells
kang_c022689,0.1904842,14.63222,NK cells,NK cells,6,NK cells
kang_c022691,13.05093,4.973954,CD14+ Monocytes,monocytes,13,monocytes
kang_c022702,4.921428,0.4647285,B cells,B cells,16,B cells
kang_c022704,3.831477,-0.2949656,B cells,B cells,16,B cells
kang_c022707,-1.64659,16.07436,NK cells,NK cells,6,NK cells
kang_c022708,-1.371202,16.1217,NK cells,NK cells,6,NK cells
kang_c022730,10.76363,5.860319,CD14+ Monocytes,monocytes,11,monocytes
kang_c022732,4.30444,1.170223,B cells,B cells,16,B cells
kang_c022736,13.27853,5.923106,CD14+ Monocytes,monocytes,13,monocytes
kang_c022742,4.825078,0.6090648,B cells,B cells,16,B cells
kang_c022744,12.49032,5.74351,CD14+ Monocytes,monocytes,13,monocytes
kang_c022750,-0.1550972,7.63567,CD4 T cells,T cells,7,T cells
kang_c022756,0.8800838,7.829695,CD4 T cells,T cells,7,T cells
kang_c022757,9.07033,7.23989,CD14+ Monocytes,monocytes,11,monocytes
kang_c022761,-0.7606096,10.51589,CD4 T cells,T cells,9,T cells
kang_c022766,0.5674366,8.278445,CD4 T cells,T cells,7,T cells
kang_c022767,-0.4693375,10.10132,CD4 T cells,T cells,9,T cells
kang_c022770,-0.2941438,11.86284,CD4 T cells,T cells,12,NK cells
kang_c022800,3.40525,0.5012285,B cells,B cells,16,B cells
kang_c022803,-0.8546181,6.217762,CD4 T cells,T cells,7,T cells
kang_c022808,3.339758,0.390215,B cells,B cells,16,B cells
kang_c022815,10.88655,4.59266,CD14+ Monocytes,monocytes,13,monocytes
kang_c022818,-0.2704327,6.349197,CD4 T cells,T cells,7,T cells
kang_c022823,-1.159477,9.28028,CD4 T cells,T cells,9,T cells
kang_c022824,11.57085,5.38426,CD14+ Monocytes,monocytes,13,monocytes
kang_c022834,-1.279431,7.553908,CD4 T cells,T cells,7,T cells
kang_c022836,-1.80465,4.771498,CD4 T cells,T cells,7,T cells
kang_c022837,-1.972779,5.25864,CD4 T cells,T cells,7,T cells
kang_c022839,10.42325,6.974622,CD14+ Monocytes,monocytes,11,monocytes
kang_c022841,0.3422962,6.50956,CD4 T cells,T cells,7,T cells
kang_c022844,-1.194733,10.0475,CD4 T cells,T cells,9,T cells
kang_c022845,10.77876,6.694516,CD14+ Monocytes,monocytes,11,monocytes
kang_c022854,-1.604428,10.53301,CD4 T cells,T cells,9,T cells
kang_c022855,-1.485681,9.997847,CD4 T cells,T cells,9,T cells
kang_c022858,0.7500545,10.06408,CD4 T cells,T cells,9,T cells
kang_c022861,-0.470103,8.409123,CD4 T cells,T cells,7,T cells
kang_c022863,11.5868,4.897689,CD14+ Monocytes,monocytes,13,monocytes
kang_c022868,-0.7471792,14.27551,NK cells,NK cells,6,NK cells
kang_c022871,-0.231765,6.159128,CD4 T cells,T cells,7,T cells
kang_c022872,5.09721,0.1339303,B cells,B cells,16,B cells
kang_c022880,4.958021,0.2076213,B cells,B cells,16,B cells
kang_c022881,-1.757832,8.343209,CD4 T cells,T cells,7,T cells
kang_c022882,12.93755,5.30996,CD14+ Monocytes,monocytes,13,monocytes
kang_c022884,-2.855801,7.969378,CD4 T cells,T cells,14,platelets
kang_c022894,2.984382,0.01763294,B cells,B cells,16,B cells
kang_c022902,4.2854,-0.495517,B cells,B cells,16,B cells
kang_c022903,-0.241762,11.23103,CD4 T cells,T cells,12,NK cells
kang_c022911,10.22252,5.502485,CD14+ Monocytes,monocytes,11,monocytes
kang_c022915,-2.153107,7.506311,CD4 T cells,T cells,14,platelets
kang_c022918,-2.067671,5.56877,CD4 T cells,T cells,7,T cells
kang_c022929,4.728391,-0.2892962,B cells,B cells,16,B cells
kang_c022930,5.086936,-0.2807807,B cells,B cells,16,B cells
kang_c022941,13.2269,7.001781,CD14+ Monocytes,monocytes,13,monocytes
kang_c022949,-0.6450337,5.321896,CD4 T cells,T cells,7,T cells
kang_c022952,0.192108,7.342596,CD4 T cells,T cells,7,T cells
kang_c022955,-1.075932,11.11387,CD4 T cells,T cells,9,T cells
kang_c022957,11.9595,6.063645,CD14+ Monocytes,monocytes,13,monocytes
kang_c022963,13.36419,7.472579,FCGR3A+ Monocytes,monocytes,13,monocytes
kang_c022968,-1.371046,7.812456,CD4 T cells,T cells,7,T cells
kang_c022973,0.1658368,15.58481,NK cells,NK cells,6,NK cells
kang_c022975,13.8615,6.574034,CD14+ Monocytes,monocytes,13,monocytes
kang_c022978,12.84805,6.051549,CD14+ Monocytes,monocytes,13,monocytes
kang_c022983,-0.6745152,10.38008,CD4 T cells,T cells,9,T cells
kang_c022994,-0.06899492,6.316692,CD4 T cells,T cells,7,T cells
kang_c022995,0.06122905,13.224,CD8 T cells,T cells,12,NK cells
kang_c022997,12.91925,6.011983,CD14+ Monocytes,monocytes,13,monocytes
kang_c022999,-1.799011,5.753942,CD4 T cells,T cells,7,T cells
kang_c023000,-0.008785008,5.965547,CD4 T cells,T cells,7,T cells
kang_c023001,4.074965,0.6896821,B cells,B cells,16,B cells
kang_c023014,-0.5379598,7.344673,CD4 T cells,T cells,7,T cells
kang_c023015,13.10775,5.417447,CD14+ Monocytes,monocytes,13,monocytes
kang_c023020,-2.427726,4.915764,CD4 T cells,T cells,7,T cells
kang_c023027,11.17837,5.48262,CD14+ Monocytes,monocytes,13,monocytes
kang_c023034,-0.2326526,15.65596,NK cells,NK cells,6,NK cells
kang_c023035,12.90442,6.366868,CD14+ Monocytes,monocytes,13,monocytes
kang_c023036,14.56424,6.623672,FCGR3A+ Monocytes,monocytes,8,monocytes
kang_c023042,14.01386,8.04656,FCGR3A+ Monocytes,monocytes,8,monocytes
kang_c023043,-0.1098617,10.4288,CD4 T cells,T cells,9,T cells
kang_c023044,12.46922,4.270421,CD14+ Monocytes,monocytes,13,monocytes
kang_c023048,5.083128,0.9024451,B cells,B cells,16,B cells
kang_c023052,-1.090775,6.402835,CD4 T cells,T cells,7,T cells
kang_c023055,-2.780942,7.317571,CD4 T cells,T cells,14,platelets
kang_c023063,-0.3531052,6.667451,CD4 T cells,T cells,7,T cells
kang_c023065,-1.828413,6.930707,CD4 T cells,T cells,7,T cells
kang_c023067,4.870386,0.5918292,B cells,B cells,16,B cells
kang_c023068,-0.8751999,12.37425,CD8 T cells,T cells,12,NK cells
kang_c023073,9.431118,7.011337,CD14+ Monocytes,monocytes,11,monocytes
kang_c023074,11.63901,4.465928,CD14+ Monocytes,monocytes,13,monocytes
kang_c023079,-2.494897,7.947827,CD4 T cells,T cells,1,Unknown
kang_c023082,-0.1452583,7.525496,CD4 T cells,T cells,7,T cells
kang_c023083,-1.852249,9.648282,CD4 T cells,T cells,9,T cells
kang_c023091,0.3098837,9.314134,CD4 T cells,T cells,9,T cells
kang_c023097,-2.967203,10.43554,CD4 T cells,T cells,3,T cells
kang_c023099,13.26335,5.680582,CD14+ Monocytes,monocytes,13,monocytes
kang_c023104,5.056292,-0.1665786,B cells,B cells,16,B cells
kang_c023107,11.43022,4.276331,CD14+ Monocytes,monocytes,13,monocytes
kang_c023108,-0.14888,6.065063,CD4 T cells,T cells,7,T cells
kang_c023113,-0.4620881,15.82223,NK cells,NK cells,6,NK cells
kang_c023115,0.8316947,13.05073,CD8 T cells,T cells,12,NK cells
kang_c023116,10.27689,5.768172,CD14+ Monocytes,monocytes,11,monocytes
kang_c023117,0.1259808,9.786657,CD4 T cells,T cells,9,T cells
kang_c023122,-1.501503,7.013059,CD4 T cells,T cells,7,T cells
kang_c023124,14.44727,5.979159,FCGR3A+ Monocytes,monocytes,8,monocytes
kang_c023127,-1.81462,9.950074,CD4 T cells,T cells,9,T cells
kang_c023132,-0.2648158,13.48802,CD8 T cells,T cells,12,NK cells
kang_c023133,12.78404,5.838418,CD14+ Monocytes,monocytes,13,monocytes
kang_c023138,1.160113,9.482608,CD4 T cells,T cells,9,T cells
kang_c023147,13.4322,4.065924,CD14+ Monocytes,monocytes,13,monocytes
kang_c023148,12.52541,4.840668,CD14+ Monocytes,monocytes,13,monocytes
kang_c023149,13.60903,7.196334,FCGR3A+ Monocytes,monocytes,8,monocytes
kang_c023154,0.006914426,13.3591,CD8 T cells,T cells,12,NK cells
kang_c023159,-1.902156,9.757298,CD4 T cells,T cells,9,T cells
kang_c023164,2.654697,0.2247055,B cells,B cells,5,B cells
kang_c023169,10.05577,5.728867,CD14+ Monocytes,monocytes,11,monocytes
kang_c023172,-0.05455438,11.82526,CD4 T cells,T cells,12,NK cells
kang_c023179,0.8241898,13.20817,CD8 T cells,T cells,12,NK cells
kang_c023186,3.724624,0.8334528,B cells,B cells,16,B cells
kang_c023195,0.08438722,13.92248,CD8 T cells,T cells,12,NK cells
kang_c023200,-0.5818932,8.166117,CD4 T cells,T cells,7,T cells
kang_c023202,-1.402739,6.319623,CD4 T cells,T cells,7,T cells
kang_c023203,15.05462,4.923704,Dendritic cells,dendritic cells,10,dendritic cells
kang_c023218,-3.863002,10.42546,CD4 T cells,T cells,3,T cells
kang_c023223,-0.1935597,8.20699,CD4 T cells,T cells,7,T cells
kang_c023228,0.6379442,13.19572,CD8 T cells,T cells,12,NK cells
kang_c023229,-1.179756,6.182511,CD4 T cells,T cells,7,T cells
kang_c023231,-0.070368,7.321142,CD4 T cells,T cells,7,T cells
kang_c023245,12.30944,5.24681,CD14+ Monocytes,monocytes,13,monocytes
kang_c023247,-0.5242745,7.962196,CD4 T cells,T cells,7,T cells
kang_c023248,12.98812,6.656348,CD14+ Monocytes,monocytes,13,monocytes
kang_c023249,-0.09778959,12.82075,CD8 T cells,T cells,12,NK cells
kang_c023252,-0.3109263,14.7089,CD8 T cells,T cells,6,NK cells
kang_c023253,10.19814,6.768639,CD14+ Monocytes,monocytes,11,monocytes
kang_c023258,-0.9973956,10.24801,CD4 T cells,T cells,9,T cells
kang_c023264,-0.9510902,6.120362,CD4 T cells,T cells,7,T cells
kang_c023267,-2.356031,6.418963,CD4 T cells,T cells,1,Unknown
kang_c023269,4.001333,0.4282757,B cells,B cells,16,B cells
kang_c023272,11.06533,4.598891,CD14+ Monocytes,monocytes,13,monocytes
kang_c023273,5.742643,-2.794926,Dendritic cells,dendritic cells,15,Unknown
kang_c023274,12.48812,4.713128,CD14+ Monocytes,monocytes,13,monocytes
kang_c023280,0.3371691,8.034703,CD4 T cells,T cells,7,T cells
kang_c023291,10.19282,5.561231,CD14+ Monocytes,monocytes,11,monocytes
kang_c023294,0.3826477,8.693229,CD4 T cells,T cells,9,T cells
kang_c023298,-0.3881755,7.832134,CD4 T cells,T cells,7,T cells
kang_c023299,-0.646345,11.72085,CD4 T cells,T cells,12,NK cells
kang_c023300,-0.3815571,5.718174,CD4 T cells,T cells,7,T cells
kang_c023301,3.070051,0.1697774,B cells,B cells,5,B cells
kang_c023304,13.71887,6.953587,FCGR3A+ Monocytes,monocytes,8,monocytes
kang_c023305,-0.6469303,12.55058,CD8 T cells,T cells,12,NK cells
kang_c023311,0.3402134,12.61715,CD8 T cells,T cells,12,NK cells
kang_c023312,-1.499045,8.816898,CD4 T cells,T cells,7,T cells
kang_c023314,15.06925,7.41695,FCGR3A+ Monocytes,monocytes,8,monocytes
kang_c023320,0.5576236,8.773052,CD4 T cells,T cells,9,T cells
kang_c023329,-2.026261,5.280048,CD4 T cells,T cells,7,T cells
kang_c023332,-1.047824,10.4327,CD4 T cells,T cells,9,T cells
kang_c023338,5.039635,-0.761898,B cells,B cells,16,B cells
kang_c023339,10.96673,5.25162,CD14+ Monocytes,monocytes,13,monocytes
kang_c023342,10.51946,5.172889,CD14+ Monocytes,monocytes,11,monocytes
kang_c023349,-0.4106416,13.46214,CD8 T cells,T cells,12,NK cells
kang_c023351,0.1299872,14.58986,NK cells,NK cells,6,NK cells
kang_c023363,3.452878,-0.3454258,B cells,B cells,16,B cells
kang_c023364,-2.520309,7.575336,CD4 T cells,T cells,14,platelets
kang_c023367,0.5355014,13.21548,CD8 T cells,T cells,12,NK cells
kang_c023376,-0.4982653,5.378029,CD4 T cells,T cells,7,T cells
kang_c023386,-0.1996599,8.295782,CD4 T cells,T cells,7,T cells
kang_c023387,-0.8962222,9.813684,CD4 T cells,T cells,9,T cells
kang_c023391,-0.05424949,11.02382,CD4 T cells,T cells,9,T cells
kang_c023395,12.06591,4.595217,CD14+ Monocytes,monocytes,13,monocytes
kang_c023402,-0.09619867,9.337113,CD4 T cells,T cells,9,T cells
kang_c023409,12.28019,6.363378,CD14+ Monocytes,monocytes,13,monocytes
kang_c023420,12.30431,4.654093,CD14+ Monocytes,monocytes,13,monocytes
kang_c023429,2.335698,7.682775,CD4 T cells,T cells,1,Unknown
kang_c023430,1.230134,7.780528,CD4 T cells,T cells,1,Unknown
kang_c023434,12.88226,5.037036,CD14+ Monocytes,monocytes,13,monocytes
kang_c023439,2.916493,0.549586,B cells,B cells,16,B cells
kang_c023447,10.38558,6.527523,CD14+ Monocytes,monocytes,11,monocytes
kang_c023448,14.71274,6.476522,FCGR3A+ Monocytes,monocytes,8,monocytes
kang_c023454,11.04715,7.293929,CD14+ Monocytes,monocytes,11,monocytes
kang_c023457,0.9874707,9.841615,CD4 T cells,T cells,9,T cells
kang_c023468,-0.3263452,14.04297,CD8 T cells,T cells,12,NK cells
kang_c023469,11.33575,7.222379,CD14+ Monocytes,monocytes,11,monocytes
kang_c023470,0.3481239,12.33582,NK cells,NK cells,12,NK cells
kang_c023473,13.06116,5.063756,CD14+ Monocytes,monocytes,13,monocytes
kang_c023477,11.97057,7.172303,CD14+ Monocytes,monocytes,13,monocytes
kang_c023481,-1.783328,5.097705,CD4 T cells,T cells,7,T cells
kang_c023488,-0.223182,14.92757,NK cells,NK cells,6,NK cells
kang_c023490,-1.82428,9.190579,CD4 T cells,T cells,9,T cells
kang_c023491,-1.071916,9.835938,CD4 T cells,T cells,9,T cells
kang_c023495,3.825686,0.2270243,B cells,B cells,16,B cells
kang_c023504,4.180192,0.378573,B cells,B cells,16,B cells
kang_c023505,-0.9685892,5.299286,CD4 T cells,T cells,7,T cells
kang_c023509,-1.058029,8.033463,CD4 T cells,T cells,7,T cells
kang_c023512,-3.501574,10.52732,CD4 T cells,T cells,3,T cells
kang_c023517,-0.5465462,5.857553,CD4 T cells,T cells,7,T cells
kang_c023530,11.66406,5.870283,CD14+ Monocytes,monocytes,13,monocytes
kang_c023532,4.524852,0.4232675,B cells,B cells,16,B cells
kang_c023536,-1.252239,10.77718,CD4 T cells,T cells,9,T cells
kang_c023538,-1.209471,16.25244,NK cells,NK cells,6,NK cells
kang_c023540,-0.1745471,13.62548,CD8 T cells,T cells,12,NK cells
kang_c023542,5.038143,0.2079219,B cells,B cells,16,B cells
kang_c023544,-0.1482235,13.01909,CD8 T cells,T cells,12,NK cells
kang_c023551,14.66619,8.271343,FCGR3A+ Monocytes,monocytes,8,monocytes
kang_c023557,-0.6269792,6.76739,CD4 T cells,T cells,7,T cells
kang_c023561,11.51019,5.300649,CD14+ Monocytes,monocytes,13,monocytes
kang_c023563,1.283557,8.341036,CD4 T cells,T cells,1,Unknown
kang_c023565,0.3878382,9.636042,CD4 T cells,T cells,9,T cells
kang_c023570,8.231726,7.780786,CD4 T cells,T cells,11,monocytes
kang_c023572,12.5517,7.696883,CD14+ Monocytes,monocytes,13,monocytes
kang_c023573,13.02241,5.448282,CD14+ Monocytes,monocytes,13,monocytes
kang_c023575,4.786129,-0.5284213,B cells,B cells,16,B cells
kang_c023578,5.228078,0.5672914,B cells,B cells,16,B cells
kang_c023579,-1.545974,7.177315,CD4 T cells,T cells,7,T cells
kang_c023584,-0.01030841,8.310352,CD4 T cells,T cells,7,T cells
kang_c023585,0.01761689,10.41525,CD4 T cells,T cells,9,T cells
kang_c023594,12.31659,6.5483,CD14+ Monocytes,monocytes,13,monocytes
kang_c023600,-0.3313628,7.462514,CD4 T cells,T cells,7,T cells
kang_c023620,0.7776123,8.837268,CD4 T cells,T cells,9,T cells
kang_c023624,4.430632,1.090754,B cells,B cells,16,B cells
kang_c023629,13.95315,6.877934,FCGR3A+ Monocytes,monocytes,13,monocytes
kang_c023636,2.238616,7.681933,CD4 T cells,T cells,1,Unknown
kang_c023639,0.05901386,7.602252,CD4 T cells,T cells,7,T cells
kang_c023651,-0.7565168,11.33454,CD4 T cells,T cells,9,T cells
kang_c023665,0.0007186754,15.70417,NK cells,NK cells,6,NK cells
kang_c023671,-1.338808,9.736297,CD4 T cells,T cells,9,T cells
kang_c023672,-0.1788332,13.26174,CD8 T cells,T cells,12,NK cells
kang_c023675,11.56839,7.179232,CD14+ Monocytes,monocytes,11,monocytes
kang_c023679,-0.8912203,4.942637,CD4 T cells,T cells,7,T cells
kang_c023680,-0.728552,7.260375,CD4 T cells,T cells,7,T cells
kang_c023685,-0.0160931,14.49122,CD8 T cells,T cells,6,NK cells
kang_c023688,13.83571,7.158074,FCGR3A+ Monocytes,monocytes,8,monocytes
kang_c023690,-0.03640949,10.62891,CD4 T cells,T cells,9,T cells
kang_c023694,-1.113107,9.310426,CD4 T cells,T cells,9,T cells
kang_c023695,5.089409,-0.4586829,B cells,B cells,16,B cells
kang_c023696,-0.5990517,11.77882,CD4 T cells,T cells,12,NK cells
kang_c023697,0.4739742,9.040025,CD4 T cells,T cells,9,T cells
kang_c023702,4.421735,-1.024479,B cells,B cells,16,B cells
kang_c023710,4.128082,-1.12091,B cells,B cells,16,B cells
kang_c023711,11.06397,6.859113,CD14+ Monocytes,monocytes,11,monocytes
kang_c023721,-0.6783075,16.24747,NK cells,NK cells,6,NK cells
kang_c023722,0.3781354,7.779544,CD4 T cells,T cells,7,T cells
kang_c023724,-1.789012,9.688511,CD4 T cells,T cells,9,T cells
kang_c023728,3.824957,0.7202429,B cells,B cells,16,B cells
kang_c023730,-1.622491,6.043299,CD4 T cells,T cells,7,T cells
kang_c023732,-0.3914762,5.240241,CD4 T cells,T cells,7,T cells
kang_c023735,-0.7374042,15.62966,NK cells,NK cells,6,NK cells
kang_c023740,-0.395706,8.054794,CD4 T cells,T cells,7,T cells
kang_c023741,9.985317,6.146188,CD14+ Monocytes,monocytes,11,monocytes
kang_c023743,12.2138,3.784643,CD14+ Monocytes,monocytes,13,monocytes
kang_c023744,4.408744,0.9357489,B cells,B cells,16,B cells
kang_c023745,11.29663,6.494078,CD14+ Monocytes,monocytes,11,monocytes
kang_c023746,-1.015077,9.900542,CD4 T cells,T cells,9,T cells
kang_c023751,10.25982,6.452726,CD14+ Monocytes,monocytes,11,monocytes
kang_c023757,-0.3575738,8.211069,CD4 T cells,T cells,7,T cells
kang_c023764,-0.1681816,9.204682,CD4 T cells,T cells,9,T cells
kang_c023767,-0.8879043,5.708578,CD4 T cells,T cells,7,T cells
kang_c023768,10.13305,6.609119,CD14+ Monocytes,monocytes,11,monocytes
kang_c023770,0.6584895,9.209434,CD4 T cells,T cells,9,T cells
kang_c023772,0.01737007,15.24444,NK cells,NK cells,6,NK cells
kang_c023780,10.26955,6.853994,CD14+ Monocytes,monocytes,11,monocytes
kang_c023782,0.2232683,13.12458,CD8 T cells,T cells,12,NK cells
kang_c023788,0.1706942,6.197487,CD4 T cells,T cells,7,T cells
kang_c023792,-1.44661,5.956395,CD4 T cells,T cells,7,T cells
kang_c023793,11.6837,5.152962,CD14+ Monocytes,monocytes,13,monocytes
kang_c023794,-0.9603702,8.154016,CD4 T cells,T cells,7,T cells
kang_c023796,12.22945,5.142747,CD14+ Monocytes,monocytes,13,monocytes
kang_c023797,4.72365,-0.3485211,B cells,B cells,16,B cells
kang_c023798,-0.9977365,11.52686,CD4 T cells,T cells,9,T cells
kang_c023807,3.888131,0.5951499,B cells,B cells,16,B cells
kang_c023809,0.07210728,6.801365,CD4 T cells,T cells,7,T cells
kang_c023810,-0.6507211,6.062929,CD4 T cells,T cells,7,T cells
kang_c023811,0.1544718,10.45155,CD4 T cells,T cells,9,T cells
kang_c023812,-0.5594503,11.80028,CD4 T cells,T cells,12,NK cells
kang_c023815,-0.6186846,12.30051,CD8 T cells,T cells,12,NK cells
kang_c023827,4.110991,1.048975,B cells,B cells,16,B cells
kang_c023829,13.7861,5.005685,CD14+ Monocytes,monocytes,13,monocytes
kang_c023830,11.55192,4.566006,CD14+ Monocytes,monocytes,13,monocytes
kang_c023831,0.2882683,7.527079,CD4 T cells,T cells,7,T cells
kang_c023832,-0.3051862,12.6723,CD8 T cells,T cells,12,NK cells
kang_c023835,-0.3795539,12.04974,CD4 T cells,T cells,12,NK cells
kang_c023837,11.6624,6.457278,CD14+ Monocytes,monocytes,11,monocytes
kang_c023840,0.6581645,7.179157,CD4 T cells,T cells,7,T cells
kang_c023842,12.51179,4.398759,CD14+ Monocytes,monocytes,13,monocytes
kang_c023849,0.07945878,7.088025,CD4 T cells,T cells,7,T cells
kang_c023852,10.96729,6.928956,CD14+ Monocytes,monocytes,11,monocytes
kang_c023853,12.42085,5.660331,CD14+ Monocytes,monocytes,13,monocytes
kang_c023860,13.2631,4.317924,CD14+ Monocytes,monocytes,13,monocytes
kang_c023863,5.204163,-0.3632902,B cells,B cells,16,B cells
kang_c023866,0.4151818,9.749002,CD4 T cells,T cells,9,T cells
kang_c023868,-2.982964,13.54407,CD8 T cells,T cells,4,NK cells
kang_c023869,5.384988,-0.5988499,B cells,B cells,16,B cells
kang_c023874,4.450306,0.9569286,B cells,B cells,16,B cells
kang_c023875,13.53964,6.824522,FCGR3A+ Monocytes,monocytes,8,monocytes
kang_c023878,4.61046,-0.2163882,B cells,B cells,16,B cells
kang_c023879,11.04574,4.4018,CD14+ Monocytes,monocytes,13,monocytes
kang_c023881,-0.6153055,8.465953,CD4 T cells,T cells,1,Unknown
kang_c023882,0.2507991,11.38622,CD4 T cells,T cells,12,NK cells
kang_c023884,-2.399291,5.133669,CD4 T cells,T cells,7,T cells
kang_c023889,-1.741141,16.18987,NK cells,NK cells,6,NK cells
kang_c023892,-1.181805,6.907173,CD4 T cells,T cells,7,T cells
kang_c023893,13.80304,5.866024,CD14+ Monocytes,monocytes,13,monocytes
kang_c023895,8.386435,7.696398,Megakaryocytes,platelets,11,monocytes
kang_c023898,-0.7825863,7.69545,CD4 T cells,T cells,7,T cells
kang_c023900,-1.69445,5.932336,CD4 T cells,T cells,7,T cells
kang_c023901,11.44955,5.695856,CD14+ Monocytes,monocytes,13,monocytes
kang_c023906,0.4983383,9.388039,CD4 T cells,T cells,9,T cells
kang_c023908,14.29975,7.937532,FCGR3A+ Monocytes,monocytes,8,monocytes
kang_c023909,1.472854,8.049419,CD4 T cells,T cells,1,Unknown
kang_c023916,13.32798,6.276409,CD14+ Monocytes,monocytes,13,monocytes
kang_c023917,-0.2308735,15.58581,NK cells,NK cells,6,NK cells
kang_c023921,0.4926377,8.572455,CD4 T cells,T cells,7,T cells
kang_c023925,11.88031,3.920022,CD14+ Monocytes,monocytes,13,monocytes
kang_c023935,1.286121,9.236062,CD4 T cells,T cells,9,T cells
kang_c023939,4.244012,0.6959537,B cells,B cells,16,B cells
kang_c023942,-0.7529651,5.441738,CD4 T cells,T cells,7,T cells
kang_c023950,12.49241,3.954788,CD14+ Monocytes,monocytes,13,monocytes
kang_c023954,12.57588,3.924261,CD14+ Monocytes,monocytes,13,monocytes
kang_c023956,4.202971,-0.90691,B cells,B cells,16,B cells
kang_c023957,14.67726,7.75222,FCGR3A+ Monocytes,monocytes,8,monocytes
kang_c023958,12.59147,4.490151,CD14+ Monocytes,monocytes,13,monocytes
kang_c023961,5.303871,0.8991393,B cells,B cells,16,B cells
kang_c023968,-1.104871,16.33034,NK cells,NK cells,6,NK cells
kang_c023979,0.3529188,12.15679,CD8 T cells,T cells,12,NK cells
kang_c023985,-0.6324949,10.41889,CD4 T cells,T cells,9,T cells
kang_c023990,3.683136,0.08417553,B cells,B cells,16,B cells
kang_c023994,-1.402956,10.47736,CD4 T cells,T cells,9,T cells
kang_c023998,0.2105583,9.192611,CD4 T cells,T cells,9,T cells
kang_c024000,14.30317,5.702742,Dendritic cells,dendritic cells,13,monocytes
kang_c024005,13.67341,4.462198,CD14+ Monocytes,monocytes,13,monocytes
kang_c024027,8.059644,7.462099,B cells,B cells,11,monocytes
kang_c024029,0.4878531,8.303342,CD4 T cells,T cells,7,T cells
kang_c024032,-0.1927789,6.735495,CD4 T cells,T cells,7,T cells
kang_c024034,12.73981,4.045955,CD14+ Monocytes,monocytes,13,monocytes
kang_c024037,12.94074,5.685435,CD14+ Monocytes,monocytes,13,monocytes
kang_c024040,14.88532,7.528195,FCGR3A+ Monocytes,monocytes,8,monocytes
kang_c024042,11.12623,3.967063,CD14+ Monocytes,monocytes,13,monocytes
kang_c024044,-1.407126,5.249815,CD4 T cells,T cells,7,T cells
kang_c024047,-0.6071936,6.474039,CD4 T cells,T cells,7,T cells
kang_c024057,12.59581,4.919556,CD14+ Monocytes,monocytes,13,monocytes
kang_c024060,3.628944,0.02818481,B cells,B cells,16,B cells
kang_c024062,-0.7417965,9.239695,CD4 T cells,T cells,9,T cells
kang_c024066,10.98167,7.336146,CD14+ Monocytes,monocytes,11,monocytes
kang_c024067,0.284433,13.17765,CD8 T cells,T cells,12,NK cells
kang_c024085,15.02855,4.822606,Dendritic cells,dendritic cells,10,dendritic cells
kang_c024092,-2.065058,6.044361,CD4 T cells,T cells,7,T cells
kang_c024099,-0.5882641,6.906088,CD4 T cells,T cells,7,T cells
kang_c024102,0.3523613,8.879883,CD4 T cells,T cells,7,T cells
kang_c024108,12.45945,3.871666,CD14+ Monocytes,monocytes,13,monocytes
kang_c024115,-1.739525,5.426735,CD4 T cells,T cells,7,T cells
kang_c024124,-0.1031861,9.609915,CD4 T cells,T cells,9,T cells
kang_c024127,0.2491058,6.77916,CD4 T cells,T cells,7,T cells
kang_c024130,4.63493,-0.394851,B cells,B cells,16,B cells
kang_c024131,-0.6925654,10.34708,CD4 T cells,T cells,7,T cells
kang_c024133,1.829163,7.87958,CD4 T cells,T cells,1,Unknown
kang_c024136,-0.2221843,10.45366,CD4 T cells,T cells,9,T cells
kang_c024138,-0.6728651,15.90518,NK cells,NK cells,6,NK cells
kang_c024148,12.68036,4.050261,CD14+ Monocytes,monocytes,13,monocytes
kang_c024151,2.711638,0.09083961,CD4 T cells,T cells,5,B cells
kang_c024156,-1.295474,7.184859,CD4 T cells,T cells,7,T cells
kang_c024158,12.54967,5.90023,CD14+ Monocytes,monocytes,13,monocytes
kang_c024163,-1.810946,6.177481,CD4 T cells,T cells,7,T cells
kang_c024164,11.06516,4.878278,CD14+ Monocytes,monocytes,13,monocytes
kang_c024167,3.924129,-0.1616806,B cells,B cells,16,B cells
kang_c024168,4.629292,-0.1391181,B cells,B cells,16,B cells
kang_c024170,0.6818768,7.988023,CD4 T cells,T cells,7,T cells
kang_c024181,-1.442539,7.92282,CD4 T cells,T cells,7,T cells
kang_c024197,4.907369,0.9147927,B cells,B cells,16,B cells
kang_c024198,-1.758513,5.387018,CD4 T cells,T cells,7,T cells
kang_c024201,-0.6781196,16.09311,NK cells,NK cells,6,NK cells
kang_c024219,-2.2572,6.299334,CD4 T cells,T cells,7,T cells
kang_c024222,-3.911809,7.217226,CD4 T cells,T cells,2,T cells
kang_c024223,-1.248364,6.559326,CD4 T cells,T cells,7,T cells
kang_c024226,10.8391,5.857224,CD14+ Monocytes,monocytes,11,monocytes
kang_c024230,3.668907,0.4637657,B cells,B cells,16,B cells
kang_c024245,11.16517,4.774852,CD14+ Monocytes,monocytes,13,monocytes
kang_c024255,4.2173,-0.1041698,B cells,B cells,16,B cells
kang_c024257,0.4874015,11.81593,CD4 T cells,T cells,12,NK cells
kang_c024258,-1.104896,6.749141,CD4 T cells,T cells,7,T cells
kang_c024259,-0.4851921,8.698443,CD4 T cells,T cells,7,T cells
kang_c024260,-2.021171,6.20661,CD4 T cells,T cells,7,T cells
kang_c024265,-1.403854,6.368319,CD4 T cells,T cells,7,T cells
kang_c024269,0.6330119,8.381161,CD4 T cells,T cells,7,T cells
kang_c024277,12.05448,5.094468,CD14+ Monocytes,monocytes,13,monocytes
kang_c024282,-0.735743,13.02328,CD8 T cells,T cells,12,NK cells
kang_c024283,4.011924,0.7448283,B cells,B cells,16,B cells
kang_c024290,14.81788,7.582846,FCGR3A+ Monocytes,monocytes,8,monocytes
kang_c024294,-0.2629579,13.67188,CD8 T cells,T cells,12,NK cells
kang_c024296,-0.210108,6.690949,CD4 T cells,T cells,7,T cells
kang_c024301,0.7780636,7.096948,CD4 T cells,T cells,7,T cells
kang_c024303,-0.8657262,7.427556,CD4 T cells,T cells,7,T cells
kang_c024310,11.77327,5.87593,CD14+ Monocytes,monocytes,13,monocytes
kang_c024313,-2.550422,7.907707,CD4 T cells,T cells,2,T cells
kang_c024318,0.6754462,8.071007,CD4 T cells,T cells,7,T cells
kang_c024321,-1.079739,9.605173,CD4 T cells,T cells,9,T cells
kang_c024323,-0.1017517,5.667264,CD4 T cells,T cells,7,T cells
kang_c024327,-1.844286,16.21039,NK cells,NK cells,6,NK cells
kang_c024330,11.09576,4.081817,CD14+ Monocytes,monocytes,13,monocytes
kang_c024339,10.01111,6.687655,CD14+ Monocytes,monocytes,11,monocytes
kang_c024344,-1.216401,8.373748,CD4 T cells,T cells,7,T cells
kang_c024347,-1.242569,8.145332,CD4 T cells,T cells,7,T cells
kang_c024348,14.65957,7.08169,FCGR3A+ Monocytes,monocytes,8,monocytes
kang_c024349,0.9240107,9.638639,CD4 T cells,T cells,9,T cells
kang_c024350,-1.653533,6.15765,CD4 T cells,T cells,7,T cells
kang_c024360,12.30661,6.067058,CD14+ Monocytes,monocytes,13,monocytes
kang_c024367,0.1682875,11.41868,CD4 T cells,T cells,9,T cells
kang_c024371,11.35653,5.286008,CD14+ Monocytes,monocytes,13,monocytes
kang_c024376,-0.122489,16.35544,NK cells,NK cells,6,NK cells
kang_c024381,11.56217,5.302032,CD14+ Monocytes,monocytes,13,monocytes
kang_c024383,-0.01492356,8.659362,CD4 T cells,T cells,7,T cells
kang_c024388,5.584409,-2.578018,Dendritic cells,dendritic cells,15,Unknown
kang_c024399,12.73215,6.688118,CD14+ Monocytes,monocytes,13,monocytes
kang_c024404,11.25012,4.424045,CD14+ Monocytes,monocytes,13,monocytes
kang_c024405,10.69427,5.498834,CD14+ Monocytes,monocytes,13,monocytes
kang_c024407,-1.591097,8.25974,CD4 T cells,T cells,1,Unknown
kang_c024409,-4.630382,10.36966,CD4 T cells,T cells,3,T cells
kang_c024418,2.238023,0.2280667,B cells,B cells,5,B cells
kang_c024419,-1.177533,15.1426,NK cells,NK cells,6,NK cells
kang_c024424,10.85357,5.196482,CD14+ Monocytes,monocytes,13,monocytes
kang_c024427,-0.06838396,9.269381,CD4 T cells,T cells,9,T cells
kang_c024435,12.70629,5.898998,CD14+ Monocytes,monocytes,13,monocytes
kang_c024436,5.114323,0.08998279,B cells,B cells,16,B cells
kang_c024446,-0.912,7.137938,CD4 T cells,T cells,7,T cells
kang_c024450,1.981708,0.1143303,B cells,B cells,5,B cells
kang_c024458,13.32746,7.091366,CD14+ Monocytes,monocytes,13,monocytes
kang_c024465,-0.2589606,7.708292,CD4 T cells,T cells,7,T cells
kang_c024466,3.986753,0.2122455,B cells,B cells,16,B cells
kang_c024471,-0.8694848,9.63586,CD4 T cells,T cells,9,T cells
kang_c024479,-1.263876,9.320172,CD4 T cells,T cells,9,T cells
kang_c024481,-2.014115,6.838982,CD4 T cells,T cells,16,B cells
kang_c024483,0.1813339,6.649117,CD4 T cells,T cells,7,T cells
kang_c024489,0.2620545,9.091054,CD4 T cells,T cells,9,T cells
kang_c024490,-1.945117,14.52064,NK cells,NK cells,4,NK cells
kang_c024493,-1.180717,4.848351,CD4 T cells,T cells,7,T cells
kang_c024524,11.385,7.37647,CD14+ Monocytes,monocytes,11,monocytes
kang_c024525,4.80565,-0.2532743,B cells,B cells,16,B cells
kang_c024529,12.91454,4.155268,CD14+ Monocytes,monocytes,13,monocytes
kang_c024536,0.2964212,7.635141,CD4 T cells,T cells,7,T cells
kang_c024538,12.74044,6.797193,CD14+ Monocytes,monocytes,13,monocytes
kang_c024539,-1.289627,5.901316,CD4 T cells,T cells,7,T cells
kang_c024540,0.09924832,7.959797,CD4 T cells,T cells,7,T cells
kang_c024541,-0.1720588,6.039413,CD4 T cells,T cells,7,T cells
kang_c024544,12.66386,6.797827,CD14+ Monocytes,monocytes,13,monocytes
kang_c024545,-1.362601,10.72405,CD4 T cells,T cells,9,T cells
kang_c024553,11.72244,4.560483,CD14+ Monocytes,monocytes,13,monocytes
kang_c024554,13.61632,6.871096,CD14+ Monocytes,monocytes,8,monocytes
kang_c024555,-0.8502057,15.22891,NK cells,NK cells,6,NK cells
kang_c024563,10.16237,5.949413,CD14+ Monocytes,monocytes,11,monocytes
kang_c024564,-0.08905107,15.96354,NK cells,NK cells,6,NK cells
kang_c024568,-0.5169611,7.933011,CD4 T cells,T cells,7,T cells
kang_c024573,-0.7395399,7.580171,CD4 T cells,T cells,7,T cells
kang_c024578,14.51996,7.792533,FCGR3A+ Monocytes,monocytes,8,monocytes
kang_c024582,-0.2332151,15.90343,NK cells,NK cells,6,NK cells
kang_c024583,-1.998613,5.997743,CD4 T cells,T cells,7,T cells
kang_c024590,13.49234,4.561058,CD14+ Monocytes,monocytes,13,monocytes
kang_c024591,-0.644357,10.82642,CD4 T cells,T cells,9,T cells
kang_c024609,4.846165,-0.8642375,B cells,B cells,16,B cells
kang_c024610,3.70397,0.1889338,B cells,B cells,16,B cells
kang_c024612,14.45265,7.623223,FCGR3A+ Monocytes,monocytes,8,monocytes
kang_c024614,1.583053,8.029322,CD4 T cells,T cells,1,Unknown
kang_c024617,-0.6119235,11.60129,CD4 T cells,T cells,12,NK cells
kang_c024618,-1.443078,15.59896,NK cells,NK cells,6,NK cells
kang_c024623,-0.3204299,8.028835,CD4 T cells,T cells,7,T cells
kang_c024624,-0.6604692,6.792778,CD4 T cells,T cells,7,T cells
kang_c024631,13.07409,4.499087,CD14+ Monocytes,monocytes,13,monocytes
kang_c024632,-1.48495,9.414198,CD4 T cells,T cells,9,T cells
kang_c024635,-0.5741952,6.186998,CD4 T cells,T cells,7,T cells
kang_c024637,15.1085,7.628006,FCGR3A+ Monocytes,monocytes,8,monocytes
kang_c024640,0.5989089,9.306374,CD4 T cells,T cells,9,T cells
kang_c024642,2.102051,8.048438,CD4 T cells,T cells,1,Unknown
kang_c024643,14.72994,7.815909,FCGR3A+ Monocytes,monocytes,8,monocytes
kang_c024645,-0.3740253,7.661712,CD4 T cells,T cells,7,T cells
kang_c024646,-3.737007,11.07625,CD4 T cells,T cells,3,T cells
kang_c024648,0.279053,9.614217,CD4 T cells,T cells,9,T cells
kang_c024649,-0.2922588,9.384234,CD4 T cells,T cells,9,T cells
kang_c024650,-0.4152175,6.655125,CD4 T cells,T cells,7,T cells
kang_c024657,12.01641,5.520337,CD14+ Monocytes,monocytes,13,monocytes
kang_c024666,-2.338398,8.333324,CD4 T cells,T cells,1,Unknown
