cell_id,umap_1,umap_2,reference_fine,reference_broad,cluster,proposal
haber_c000000,-4.402623,5.598464,Enterocyte.Progenitor,Progenitor,0,Enterocyte
haber_c000003,0.5473632,-2.308084,Stem,Stem,2,Stem
haber_c000004,-3.001065,3.514482,Enterocyte.Progenitor,Progenitor,1,Unknown
haber_c000006,-0.7051481,-1.656533,Stem,Stem,3,Progenitor
haber_c000007,1.33361,2.096693,TA.Early,Progenitor,4,Progenitor
haber_c000008,3.125144,0.6703446,Stem,Stem,6,Unknown
haber_c000009,-0.5769031,-2.236938,Stem,Stem,2,Stem
haber_c000013,12.24902,4.320521,Tuft,Tuft,8,Tuft
haber_c000017,-5.254797,6.221284,Enterocyte,Enterocyte,0,Enterocyte
haber_c000018,-0.09708474,3.271213,TA,Progenitor,1,Unknown
haber_c000020,0.2418291,-0.03764539,TA,Progenitor,3,Progenitor
haber_c000021,-1.342178,2.684443,TA,Progenitor,1,Unknown
haber_c000022,1.67085,-1.147278,Stem,Stem,3,Progenitor
haber_c000023,1.741752,-3.394522,Stem,Stem,2,Stem
haber_c000025,-4.515948,7.457743,Enterocyte,Enterocyte,0,Enterocyte
haber_c000028,-5.270591,7.972406,Enterocyte,Enterocyte,0,Enterocyte
haber_c000029,0.5452676,-2.882671,Stem,Stem,2,Stem
haber_c000030,1.930359,0.5355927,TA.Early,Progenitor,6,Unknown
haber_c000031,0.7633317,-1.4778,TA,Progenitor,3,Progenitor
haber_c000035,1.879374,0.606675,TA.Early,Progenitor,6,Unknown
haber_c000036,-0.6092836,0.5999982,TA,Progenitor,3,Progenitor
haber_c000037,-0.8510176,-0.140406,TA,Progenitor,3,Progenitor
haber_c000040,3.392388,0.1847961,TA.Early,Progenitor,6,Unknown
haber_c000041,1.576989,1.151591,TA.Early,Progenitor,4,Progenitor
haber_c000042,-0.02046074,-2.465082,Stem,Stem,2,Stem
haber_c000045,-0.4840721,4.27977,Enterocyte.Progenitor,Progenitor,4,Progenitor
haber_c000046,2.142662,-0.4259918,TA.Early,Progenitor,6,Unknown
haber_c000048,-5.403484,5.901087,Enterocyte,Enterocyte,0,Enterocyte
haber_c000049,-2.393773,6.657243,Enterocyte,Enterocyte,10,Enterocyte
haber_c000052,-0.2821233,-2.462294,Stem,Stem,2,Stem
haber_c000055,8.572577,6.618256,Endocrine,Endocrine,11,Endocrine
haber_c000056,0.2130713,-3.293957,Stem,Stem,2,Stem
haber_c000057,-4.502233,5.128246,Enterocyte.Progenitor,Progenitor,0,Enterocyte
haber_c000059,2.879643,1.30135,TA.Early,Progenitor,3,Progenitor
haber_c000062,-2.672905,4.534756,Enterocyte.Progenitor,Progenitor,1,Unknown
haber_c000063,-0.6472847,3.998989,Enterocyte.Progenitor,Progenitor,1,Unknown
haber_c000066,-0.4748959,-2.678927,Stem,Stem,2,Stem
haber_c000068,9.369971,1.094097,Goblet,Goblet,12,Goblet
haber_c000069,0.975342,-3.35727,Stem,Stem,2,Stem
haber_c000071,3.013792,1.23279,TA.Early,Progenitor,6,Unknown
haber_c000072,0.2878968,-1.9577,Stem,Stem,3,Progenitor
haber_c000074,2.423539,1.575996,TA.Early,Progenitor,6,Unknown
haber_c000076,1.676951,-3.900679,Stem,Stem,2,Stem
haber_c000077,-1.596826,2.911743,Enterocyte.Progenitor,Progenitor,1,Unknown
haber_c000079,-0.5827185,0.466551,TA,Progenitor,3,Progenitor
haber_c000084,1.904057,-2.42696,Stem,Stem,2,Stem
haber_c000089,0.2785509,-2.544243,Stem,Stem,2,Stem
haber_c000090,-3.002258,5.289442,Enterocyte.Progenitor,Progenitor,1,Unknown
haber_c000091,-0.8528896,4.949301,Enterocyte.Progenitor,Progenitor,10,Enterocyte
haber_c000092,0.1686191,4.529058,Enterocyte.Progenitor,Progenitor,4,Progenitor
haber_c000093,0.4067897,1.83505,TA.Early,Progenitor,4,Progenitor
haber_c000094,-0.6306196,-0.3672042,TA,Progenitor,3,Progenitor
haber_c000099,-0.02216366,4.057631,Enterocyte.Progenitor,Progenitor,4,Progenitor
haber_c000100,-0.3350701,-2.824346,Stem,Stem,2,Stem
haber_c000103,1.782049,0.7107098,TA.Early,Progenitor,6,Unknown
haber_c000106,-0.2966385,-1.956228,Stem,Stem,3,Progenitor
haber_c000107,1.704963,-4.059474,Stem,Stem,2,Stem
haber_c000108,0.4688322,-1.616547,Endocrine,Endocrine,3,Progenitor
haber_c000109,8.689156,6.672884,Endocrine,Endocrine,11,Endocrine
haber_c000110,2.391454,-3.614426,Stem,Stem,2,Stem
haber_c000111,-3.124037,5.0204,Enterocyte.Progenitor,Progenitor,1,Unknown
haber_c000112,10.29253,3.606497,Tuft,Tuft,8,Tuft
haber_c000114,0.2909845,-0.3942825,Enterocyte.Progenitor,Progenitor,3,Progenitor
haber_c000115,2.000669,0.7705026,TA.Early,Progenitor,6,Unknown
haber_c000117,-3.17468,7.517011,Enterocyte,Enterocyte,10,Enterocyte
haber_c000118,1.021939,-3.177466,Stem,Stem,2,Stem
haber_c000122,-4.985848,7.202892,Enterocyte,Enterocyte,0,Enterocyte
haber_c000124,0.9382358,-2.88286,Stem,Stem,2,Stem
haber_c000125,-0.8849006,2.898989,Enterocyte.Progenitor,Progenitor,1,Unknown
haber_c000127,-4.3196,4.119012,Enterocyte.Progenitor,Progenitor,1,Unknown
haber_c000128,8.704398,6.285066,Endocrine,Endocrine,11,Endocrine
haber_c000129,1.52319,3.586554,TA.Early,Progenitor,4,Progenitor
haber_c000131,-1.11139,4.773909,Enterocyte.Progenitor,Progenitor,1,Unknown
haber_c000133,0.1544003,-3.497256,Stem,Stem,2,Stem
haber_c000134,9.337909,0.9030344,Goblet,Goblet,12,Goblet
haber_c000135,3.886759,0.2258286,TA.Early,Progenitor,6,Unknown
haber_c000138,8.803869,7.565682,Endocrine,Endocrine,11,Endocrine
haber_c000140,-4.325336,5.036476,Enterocyte.Progenitor,Progenitor,0,Enterocyte
haber_c000141,0.8095291,2.165179,TA.Early,Progenitor,4,Progenitor
haber_c000145,-1.75476,3.35378,Enterocyte.Progenitor,Progenitor,1,Unknown
haber_c000146,8.058136,7.019777,Endocrine,Endocrine,11,Endocrine
haber_c000147,0.5104975,-2.853019,Stem,Stem,2,Stem
haber_c000148,-1.164281,-0.9726879,Stem,Stem,3,Progenitor
haber_c000149,-0.2279655,-3.193321,Stem,Stem,2,Stem
haber_c000152,-0.03512771,-1.13844,Stem,Stem,3,Progenitor
haber_c000156,0.6381979,1.777874,TA.Early,Progenitor,4,Progenitor
haber_c000157,-0.9447249,3.386951,TA,Progenitor,1,Unknown
haber_c000158,2.297519,-0.7943211,TA.Early,Progenitor,2,Stem
haber_c000160,-0.4455062,0.7638644,TA,Progenitor,3,Progenitor
haber_c000161,3.203727,0.7214381,TA.Early,Progenitor,6,Unknown
haber_c000162,1.392121,1.554348,TA.Early,Progenitor,4,Progenitor
haber_c000164,1.717281,1.644377,TA.Early,Progenitor,6,Unknown
haber_c000166,1.846901,-2.050978,TA,Progenitor,2,Stem
haber_c000168,1.175791,-0.7094967,TA,Progenitor,3,Progenitor
haber_c000169,-1.759555,3.090292,Enterocyte.Progenitor,Progenitor,1,Unknown
haber_c000170,2.193696,-3.84493,Stem,Stem,2,Stem
haber_c000171,-3.925768,3.880734,Enterocyte.Progenitor,Progenitor,1,Unknown
haber_c000172,-0.5863719,2.341187,TA,Progenitor,1,Unknown
haber_c000173,0.9012397,-0.09382739,TA,Progenitor,3,Progenitor
haber_c000176,0.4122587,2.839198,TA,Progenitor,4,Progenitor
haber_c000178,1.660285,-3.323111,Stem,Stem,2,Stem
haber_c000181,-0.6141178,-1.046464,Stem,Stem,3,Progenitor
haber_c000186,0.6988891,-1.091139,TA.Early,Progenitor,3,Progenitor
haber_c000188,1.98085,-2.642311,Stem,Stem,2,Stem
haber_c000189,2.255635,-2.233617,Stem,Stem,2,Stem
haber_c000191,-0.2035552,3.746453,Enterocyte.Progenitor,Progenitor,4,Progenitor
haber_c000193,0.8476711,0.9827076,TA.Early,Progenitor,4,Progenitor
haber_c000194,0.9956538,0.7486825,TA.Early,Progenitor,4,Progenitor
haber_c000198,1.782638,-0.7946926,TA.Early,Progenitor,3,Progenitor
haber_c000199,2.255932,-2.226395,Stem,Stem,2,Stem
haber_c000200,2.67991,1.082381,TA.Early,Progenitor,6,Unknown
haber_c000201,-5.199679,5.903471,Enterocyte.Progenitor,Progenitor,0,Enterocyte
haber_c000202,1.383591,-2.222905,Stem,Stem,2,Stem
haber_c000203,1.485182,3.512609,TA.Early,Progenitor,4,Progenitor
haber_c000204,1.280634,-2.50608,Stem,Stem,2,Stem
haber_c000205,-1.892194,2.922247,Enterocyte.Progenitor,Progenitor,1,Unknown
haber_c000207,0.547716,3.584507,TA.Early,Progenitor,4,Progenitor
haber_c000208,-0.1313283,-3.25717,Stem,Stem,2,Stem
haber_c000210,1.185205,-1.168493,TA.Early,Progenitor,3,Progenitor
haber_c000213,1.252287,-2.992469,Stem,Stem,2,Stem
haber_c000214,1.414597,-3.401284,Stem,Stem,2,Stem
haber_c000217,3.044656,0.2574398,TA.Early,Progenitor,6,Unknown
haber_c000220,1.739589,1.111869,TA.Early,Progenitor,6,Unknown
haber_c000221,2.667629,-2.070528,Stem,Stem,2,Stem
haber_c000222,1.652068,-3.200125,Stem,Stem,2,Stem
haber_c000224,1.601707,1.077971,TA,Progenitor,4,Progenitor
haber_c000225,-2.362367,3.705844,Enterocyte.Progenitor,Progenitor,1,Unknown
haber_c000227,1.000849,2.237601,TA.Early,Progenitor,4,Progenitor
haber_c000229,1.155099,-2.223938,Stem,Stem,2,Stem
haber_c000232,0.3110845,0.3541937,TA,Progenitor,3,Progenitor
haber_c000234,-5.526958,6.919558,Enterocyte,Enterocyte,0,Enterocyte
haber_c000235,-1.065794,0.5866778,TA,Progenitor,3,Progenitor
haber_c000236,-0.7899036,-1.544415,Stem,Stem,2,Stem
haber_c000237,4.063765,-0.1645509,TA.Early,Progenitor,6,Unknown
haber_c000239,0.200491,0.9671327,TA,Progenitor,3,Progenitor
haber_c000241,-0.653667,-3.183158,Stem,Stem,2,Stem
haber_c000242,-0.4556409,-0.3585583,TA,Progenitor,3,Progenitor
haber_c000246,1.923485,-1.00667,Stem,Stem,3,Progenitor
haber_c000247,0.4022385,-0.4740686,TA,Progenitor,3,Progenitor
haber_c000248,1.982354,-1.205905,TA,Progenitor,2,Stem
haber_c000249,0.9679377,3.151666,TA.Early,Progenitor,4,Progenitor
haber_c000250,2.739127,0.3099424,TA.Early,Progenitor,6,Unknown
haber_c000251,8.718472,4.162009,Endocrine,Endocrine,11,Endocrine
haber_c000252,-2.144234,5.403852,Enterocyte.Progenitor,Progenitor,1,Unknown
haber_c000254,1.06751,-0.3702281,TA.Early,Progenitor,3,Progenitor
haber_c000255,1.278398,-3.552989,Stem,Stem,2,Stem
haber_c000258,-2.15832,4.953083,Enterocyte.Progenitor,Progenitor,1,Unknown
haber_c000260,-2.719043,4.251404,Enterocyte.Progenitor,Progenitor,1,Unknown
haber_c000262,-0.3893751,-3.212953,Stem,Stem,2,Stem
haber_c000263,-2.652057,3.213831,Enterocyte.Progenitor,Progenitor,1,Unknown
haber_c000264,-0.3458569,-1.99299,Stem,Stem,2,Stem
haber_c000265,-3.306811,4.10219,Enterocyte.Progenitor,Progenitor,1,Unknown
haber_c000267,1.551667,2.65535,TA.Early,Progenitor,4,Progenitor
haber_c000268,-1.816524,2.564397,Enterocyte.Progenitor,Progenitor,1,Unknown
haber_c000270,1.708245,0.7728727,TA.Early,Progenitor,6,Unknown
haber_c000271,-2.349082,7.215882,Enterocyte,Enterocyte,10,Enterocyte
haber_c000272,10.85467,3.828877,Tuft,Tuft,8,Tuft
haber_c000273,1.199114,1.600208,TA.Early,Progenitor,4,Progenitor
haber_c000275,1.216693,1.927132,TA.Early,Progenitor,4,Progenitor
haber_c000276,-1.799291,3.278015,Enterocyte.Progenitor,Progenitor,1,Unknown
haber_c000277,-0.143171,-0.7355531,Enterocyte.Progenitor,Progenitor,3,Progenitor
haber_c000278,-2.479166,3.506294,Enterocyte.Progenitor,Progenitor,1,Unknown
haber_c000281,2.914163,-2.841653,Stem,Stem,12,Goblet
haber_c000285,10.71938,0.3963113,Goblet,Goblet,12,Goblet
haber_c000286,-0.4740838,3.132991,TA,Progenitor,1,Unknown
haber_c000289,1.524294,2.314068,TA.Early,Progenitor,4,Progenitor
haber_c000290,1.457744,2.21087,TA.Early,Progenitor,4,Progenitor
haber_c000291,1.410572,-3.774175,Stem,Stem,2,Stem
haber_c000295,0.4253026,3.281326,TA.Early,Progenitor,4,Progenitor
haber_c000296,0.7496079,-3.098445,Stem,Stem,2,Stem
haber_c000298,-0.6594186,-1.696056,Stem,Stem,2,Stem
haber_c000299,1.173507,0.9442553,TA,Progenitor,3,Progenitor
haber_c000305,-1.163864,3.291049,Enterocyte.Progenitor,Progenitor,1,Unknown
haber_c000307,-5.30304,6.463194,Enterocyte.Progenitor,Progenitor,0,Enterocyte
haber_c000309,-0.6973373,0.3406737,Enterocyte.Progenitor,Progenitor,3,Progenitor
haber_c000312,1.324943,-2.790935,Stem,Stem,2,Stem
haber_c000313,1.455838,-3.259394,Stem,Stem,2,Stem
haber_c000314,-5.513901,6.658,Enterocyte,Enterocyte,0,Enterocyte
haber_c000315,8.840169,1.7075,Goblet,Goblet,12,Goblet
haber_c000318,-0.01344887,1.761086,TA.Early,Progenitor,4,Progenitor
haber_c000319,-2.021815,6.999695,Enterocyte,Enterocyte,10,Enterocyte
haber_c000321,1.597967,-3.981816,Stem,Stem,2,Stem
haber_c000322,1.636666,-0.2919156,TA,Progenitor,1,Unknown
haber_c000324,0.2469157,1.615717,TA.Early,Progenitor,4,Progenitor
haber_c000325,2.351061,-2.177993,Stem,Stem,2,Stem
haber_c000326,10.8708,0.6023114,Goblet,Goblet,12,Goblet
haber_c000327,2.851983,0.7343708,TA.Early,Progenitor,6,Unknown
haber_c000328,1.318868,3.406156,TA.Early,Progenitor,4,Progenitor
haber_c000330,0.08659115,-3.237108,Stem,Stem,2,Stem
haber_c000332,2.342819,-0.4290044,TA.Early,Progenitor,6,Unknown
haber_c000333,-4.134865,3.723071,Enterocyte.Progenitor,Progenitor,1,Unknown
haber_c000335,1.345595,-0.4944984,TA,Progenitor,2,Stem
haber_c000336,2.987125,1.115132,TA.Early,Progenitor,7,Progenitor
haber_c000339,-3.361965,3.110291,Enterocyte.Progenitor,Progenitor,1,Unknown
haber_c000341,2.366012,-2.360024,Stem,Stem,2,Stem
haber_c000342,0.9234045,2.528115,TA.Early,Progenitor,4,Progenitor
haber_c000345,-0.4658747,-2.603348,Stem,Stem,2,Stem
haber_c000346,-0.2927688,-1.717416,TA,Progenitor,2,Stem
haber_c000347,-1.373572,2.510622,Enterocyte.Progenitor,Progenitor,1,Unknown
haber_c000349,8.058559,6.814461,Endocrine,Endocrine,11,Endocrine
haber_c000350,1.175545,-1.595217,TA,Progenitor,2,Stem
haber_c000352,-0.9045926,2.455197,Enterocyte.Progenitor,Progenitor,4,Progenitor
haber_c000353,-0.6739998,0.5793636,TA,Progenitor,3,Progenitor
haber_c000357,1.404071,2.717521,TA.Early,Progenitor,4,Progenitor
haber_c000360,0.03975139,-2.696445,Stem,Stem,2,Stem
haber_c000361,9.238847,5.541914,Endocrine,Endocrine,11,Endocrine
haber_c000362,0.0685924,-0.3940234,TA,Progenitor,3,Progenitor
haber_c000364,-0.110872,-1.599396,TA,Progenitor,2,Stem
haber_c000365,1.339158,-2.678001,TA,Progenitor,2,Stem
haber_c000370,0.1229345,6.4448e-05,TA,Progenitor,3,Progenitor
haber_c000371,1.855895,-1.511184,Stem,Stem,5,Stem
haber_c000372,10.65228,0.7895799,Goblet,Goblet,12,Goblet
haber_c000374,1.913368,-3.141314,Stem,Stem,2,Stem
haber_c000375,9.656641,0.7591906,Goblet,Goblet,12,Goblet
haber_c000376,0.713401,-2.609166,Stem,Stem,2,Stem
haber_c000377,0.8615206,0.8147126,TA.Early,Progenitor,3,Progenitor
haber_c000378,1.555213,-3.172668,Stem,Stem,2,Stem
haber_c000379,1.193061,-3.423723,Stem,Stem,2,Stem
haber_c000381,-3.181246,5.14432,Enterocyte.Progenitor,Progenitor,1,Unknown
haber_c000382,-2.497667,3.006078,Enterocyte.Progenitor,Progenitor,1,Unknown
haber_c000383,-0.206868,0.9266638,TA.Early,Progenitor,3,Progenitor
haber_c000386,2.092826,-3.721315,Endocrine,Endocrine,2,Stem
haber_c000391,-0.0619769,0.4691006,TA,Progenitor,3,Progenitor
haber_c000394,2.036989,-1.368931,Endocrine,Endocrine,3,Progenitor
haber_c000395,7.235439,-1.089945,Stem,Stem,12,Goblet
haber_c000396,-3.098951,4.429797,Enterocyte.Progenitor,Progenitor,1,Unknown
haber_c000398,-0.8282041,-1.917935,Stem,Stem,3,Progenitor
haber_c000400,1.282621,-1.280325,TA,Progenitor,3,Progenitor
haber_c000402,9.661034,0.5696223,Goblet,Goblet,12,Goblet
haber_c000406,0.8745309,2.884394,TA.Early,Progenitor,4,Progenitor
haber_c000407,0.3354277,0.3186947,Enterocyte.Progenitor,Progenitor,3,Progenitor
haber_c000408,-4.792736,5.964389,Enterocyte.Progenitor,Progenitor,0,Enterocyte
haber_c000410,1.879751,1.58461,TA.Early,Progenitor,3,Progenitor
haber_c000411,-3.794002,8.548541,Enterocyte,Enterocyte,13,Enterocyte
haber_c000412,-2.047043,7.212724,Enterocyte,Enterocyte,10,Enterocyte
haber_c000415,-5.341111,7.831588,Enterocyte,Enterocyte,0,Enterocyte
haber_c000416,2.622048,0.5552716,TA.Early,Progenitor,6,Unknown
haber_c000417,1.721457,0.8291919,TA.Early,Progenitor,4,Progenitor
haber_c000419,-2.315736,3.079504,Enterocyte.Progenitor,Progenitor,1,Unknown
haber_c000422,3.483474,0.9610073,TA.Early,Progenitor,6,Unknown
haber_c000423,-0.2701358,2.128688,TA.Early,Progenitor,4,Progenitor
haber_c000424,8.903928,7.249104,Endocrine,Endocrine,11,Endocrine
haber_c000425,1.560153,-3.938167,Stem,Stem,2,Stem
haber_c000426,2.20689,-0.8192827,TA.Early,Progenitor,6,Unknown
haber_c000427,1.170434,-0.7157043,TA,Progenitor,3,Progenitor
haber_c000428,1.773212,-2.804945,Stem,Stem,2,Stem
haber_c000429,1.719731,0.1406872,TA.Early,Progenitor,3,Progenitor
haber_c000430,0.262363,2.74856,TA.Early,Progenitor,4,Progenitor
haber_c000431,11.0608,3.53495,Tuft,Tuft,8,Tuft
haber_c000432,0.6989769,-3.451636,Stem,Stem,2,Stem
haber_c000434,1.704069,-1.679484,Stem,Stem,2,Stem
haber_c000435,2.615695,0.8558345,TA.Early,Progenitor,6,Unknown
haber_c000438,-1.51664,4.096538,Enterocyte.Progenitor,Progenitor,1,Unknown
haber_c000439,-2.411375,4.056293,Enterocyte.Progenitor,Progenitor,1,Unknown
haber_c000440,1.740573,0.8238382,TA.Early,Progenitor,4,Progenitor
haber_c000443,0.8757527,-3.213413,Stem,Stem,2,Stem
haber_c000447,-0.4167001,-1.691437,Stem,Stem,2,Stem
haber_c000448,2.642094,0.3435876,TA.Early,Progenitor,6,Unknown
haber_c000449,2.229115,0.8447465,TA.Early,Progenitor,6,Unknown
haber_c000450,9.105104,1.206477,Goblet,Goblet,12,Goblet
haber_c000451,3.148054,0.447116,TA.Early,Progenitor,6,Unknown
haber_c000453,1.73952,-2.862754,Stem,Stem,2,Stem
haber_c000454,11.55399,3.999606,Tuft,Tuft,8,Tuft
haber_c000455,2.064928,0.7964706,TA.Early,Progenitor,6,Unknown
haber_c000458,-1.133063,3.024366,Enterocyte.Progenitor,Progenitor,3,Progenitor
haber_c000459,1.452986,-3.725981,Stem,Stem,2,Stem
haber_c000465,-4.546101,5.089218,Enterocyte.Progenitor,Progenitor,0,Enterocyte
haber_c000468,1.683749,0.6971162,TA.Early,Progenitor,6,Unknown
haber_c000471,0.2871004,-0.6724266,TA,Progenitor,3,Progenitor
haber_c000472,1.711006,2.649386,TA.Early,Progenitor,4,Progenitor
haber_c000473,-3.001663,3.463913,Enterocyte.Progenitor,Progenitor,1,Unknown
haber_c000476,0.03954716,-1.310526,TA,Progenitor,2,Stem
haber_c000478,8.654263,1.451043,Goblet,Goblet,12,Goblet
haber_c000480,9.004584,1.364517,Goblet,Goblet,12,Goblet
haber_c000482,-5.569988,6.395621,Enterocyte,Enterocyte,0,Enterocyte
haber_c000483,-1.595496,4.252644,Enterocyte.Progenitor,Progenitor,1,Unknown
haber_c000484,-0.04643204,0.09804795,TA,Progenitor,3,Progenitor
haber_c000487,-0.6810027,-2.239019,Stem,Stem,2,Stem
haber_c000489,2.508471,0.112399,TA.Early,Progenitor,6,Unknown
haber_c000490,-1.282152,-1.745513,Stem,Stem,3,Progenitor
haber_c000491,2.476074,0.8425031,TA.Early,Progenitor,6,Unknown
haber_c000493,9.411228,1.380805,Goblet,Goblet,12,Goblet
haber_c000494,-0.03936979,-0.3089959,Stem,Stem,4,Progenitor
haber_c000495,1.302052,-3.548159,Stem,Stem,2,Stem
haber_c000496,1.265017,-3.929776,Endocrine,Endocrine,2,Stem
haber_c000497,8.8117,4.447699,Endocrine,Endocrine,11,Endocrine
haber_c000498,-1.786104,5.467372,Enterocyte.Progenitor,Progenitor,1,Unknown
haber_c000499,1.764017,-2.509089,Stem,Stem,2,Stem
haber_c000504,-0.5831896,-2.807498,Stem,Stem,2,Stem
haber_c000505,8.510787,6.439362,Endocrine,Endocrine,11,Endocrine
haber_c000507,1.09902,-2.931775,Stem,Stem,2,Stem
haber_c000508,1.213684,0.01159248,TA.Early,Progenitor,2,Stem
haber_c000509,2.469006,-1.743593,Stem,Stem,2,Stem
haber_c000512,0.5652089,-1.715577,Stem,Stem,3,Progenitor
haber_c000514,-0.7288181,-1.926191,Stem,Stem,3,Progenitor
haber_c000515,-0.1717118,-2.435573,TA,Progenitor,2,Stem
haber_c000516,0.04520527,3.001575,TA.Early,Progenitor,4,Progenitor
haber_c000517,1.248019,-3.725688,Stem,Stem,2,Stem
haber_c000518,0.8356597,-0.1820957,TA.Early,Progenitor,3,Progenitor
haber_c000519,7.944309,6.804908,Endocrine,Endocrine,11,Endocrine
haber_c000520,-0.322338,-2.265214,TA,Progenitor,2,Stem
haber_c000522,9.218844,-0.2411533,Goblet,Goblet,12,Goblet
haber_c000525,2.029481,-1.809799,TA,Progenitor,2,Stem
haber_c000526,1.659958,0.9710121,TA.Early,Progenitor,3,Progenitor
haber_c000529,1.626655,-3.66016,Stem,Stem,2,Stem
haber_c000532,0.9310971,-2.916878,TA,Progenitor,2,Stem
haber_c000533,0.5173458,0.9758344,TA,Progenitor,4,Progenitor
haber_c000534,1.535599,1.346914,TA.Early,Progenitor,4,Progenitor
haber_c000535,0.9371325,2.970899,TA.Early,Progenitor,4,Progenitor
haber_c000536,3.835732,0.6751989,TA.Early,Progenitor,6,Unknown
haber_c000537,3.728683,-0.04286253,TA.Early,Progenitor,6,Unknown
haber_c000538,9.883455,5.912518,Endocrine,Endocrine,11,Endocrine
haber_c000539,0.8359449,-2.154183,TA,Progenitor,3,Progenitor
haber_c000540,8.859602,5.887888,Endocrine,Endocrine,11,Endocrine
haber_c000543,1.028847,1.230779,TA.Early,Progenitor,4,Progenitor
haber_c000545,1.296151,1.894215,TA,Progenitor,4,Progenitor
haber_c000546,-0.5536599,0.0415491,TA.Early,Progenitor,3,Progenitor
haber_c000547,0.86769,1.39089,TA,Progenitor,4,Progenitor
haber_c000549,-5.481313,7.002219,Enterocyte,Enterocyte,0,Enterocyte
haber_c000550,-0.3243936,-0.02872365,Enterocyte.Progenitor,Progenitor,3,Progenitor
haber_c000551,2.002104,-2.637996,TA,Progenitor,2,Stem
haber_c000552,1.997888,-1.820579,TA,Progenitor,2,Stem
haber_c000553,1.402288,-1.20798,Endocrine,Endocrine,3,Progenitor
haber_c000556,-0.8242385,-1.836846,Stem,Stem,2,Stem
haber_c000557,-3.518383,3.39234,Enterocyte.Progenitor,Progenitor,1,Unknown
haber_c000558,1.972888,0.4518535,TA.Early,Progenitor,6,Unknown
haber_c000560,0.3185347,-1.331978,Stem,Stem,3,Progenitor
haber_c000561,2.160949,-3.029762,Stem,Stem,2,Stem
haber_c000563,1.330404,-1.679321,Stem,Stem,2,Stem
haber_c000564,0.4481597,1.288009,TA.Early,Progenitor,4,Progenitor
haber_c000565,9.052068,1.105256,Goblet,Goblet,12,Goblet
haber_c000566,-2.265361,6.589602,Enterocyte,Enterocyte,10,Enterocyte
haber_c000567,7.530603,-1.230482,Stem,Stem,12,Goblet
haber_c000568,10.35118,3.901387,Tuft,Tuft,8,Tuft
haber_c000570,1.972545,0.6282858,TA.Early,Progenitor,6,Unknown
haber_c000572,-2.005172,3.812424,Enterocyte.Progenitor,Progenitor,1,Unknown
haber_c000573,-1.52729,4.31487,Enterocyte.Progenitor,Progenitor,1,Unknown
haber_c000574,1.674121,-1.429092,TA,Progenitor,2,Stem
haber_c000575,-3.238565,7.512428,Enterocyte,Enterocyte,10,Enterocyte
haber_c000577,-0.4398233,3.808342,Enterocyte.Progenitor,Progenitor,1,Unknown
haber_c000579,-2.030048,6.569432,Enterocyte,Enterocyte,10,Enterocyte
haber_c000581,0.7616399,-1.506459,Stem,Stem,3,Progenitor
haber_c000582,3.481654,0.5483498,TA.Early,Progenitor,6,Unknown
haber_c000583,3.473031,0.3095496,TA.Early,Progenitor,6,Unknown
haber_c000584,-1.872284,4.335515,Enterocyte.Progenitor,Progenitor,1,Unknown
haber_c000585,0.3272921,1.411497,TA.Early,Progenitor,4,Progenitor
haber_c000588,-0.4756365,-2.271247,Stem,Stem,2,Stem
haber_c000589,8.558402,2.103777,Goblet,Goblet,12,Goblet
haber_c000590,-0.1224944,-2.297199,Stem,Stem,2,Stem
haber_c000591,-0.2194222,-1.934016,TA,Progenitor,2,Stem
haber_c000592,-0.04941433,2.223981,TA.Early,Progenitor,4,Progenitor
haber_c000595,0.5752698,-0.7244186,TA,Progenitor,3,Progenitor
haber_c000596,8.803664,7.533957,Endocrine,Endocrine,11,Endocrine
haber_c000598,2.355345,-1.56197,Stem,Stem,2,Stem
haber_c000600,8.467492,6.571524,Endocrine,Endocrine,11,Endocrine
haber_c000601,0.9538355,-3.632056,Stem,Stem,2,Stem
haber_c000604,-1.750265,7.433566,Enterocyte,Enterocyte,10,Enterocyte
haber_c000606,-2.363162,3.336766,Enterocyte.Progenitor,Progenitor,1,Unknown
haber_c000607,0.8660538,1.768037,TA.Early,Progenitor,4,Progenitor
haber_c000609,-1.219584,0.4848786,TA,Progenitor,3,Progenitor
haber_c000611,-5.693936,6.721556,Enterocyte,Enterocyte,0,Enterocyte
haber_c000612,0.2887251,3.024058,TA,Progenitor,4,Progenitor
haber_c000614,-0.2938219,-1.904444,Stem,Stem,2,Stem
haber_c000615,1.521403,1.359555,TA.Early,Progenitor,4,Progenitor
haber_c000618,1.443001,-2.440119,Stem,Stem,2,Stem
haber_c000619,-5.202688,6.392616,Enterocyte,Enterocyte,0,Enterocyte
haber_c000621,-2.179919,6.647655,Enterocyte,Enterocyte,10,Enterocyte
haber_c000623,0.9907631,-3.205966,Stem,Stem,2,Stem
haber_c000626,-4.650311,8.362892,Enterocyte,Enterocyte,0,Enterocyte
haber_c000627,1.337952,-3.909433,Stem,Stem,2,Stem
haber_c000628,-4.125381,3.983582,Enterocyte.Progenitor,Progenitor,1,Unknown
haber_c000629,0.6881309,-2.919567,Stem,Stem,2,Stem
haber_c000630,1.901229,2.214747,TA,Progenitor,4,Progenitor
haber_c000631,-0.1999877,-3.231844,Stem,Stem,2,Stem
haber_c000633,0.9370185,-0.3854495,TA,Progenitor,3,Progenitor
haber_c000634,1.522276,-1.128056,TA,Progenitor,2,Stem
haber_c000636,-1.345132,3.629144,Enterocyte.Progenitor,Progenitor,1,Unknown
haber_c000637,0.8621687,0.3350158,TA,Progenitor,3,Progenitor
haber_c000641,-0.3648444,0.684954,TA,Progenitor,3,Progenitor
haber_c000642,10.6365,3.747475,Tuft,Tuft,8,Tuft
haber_c000643,-0.03365846,-1.122442,Stem,Stem,3,Progenitor
haber_c000645,1.039789,-1.955065,TA,Progenitor,3,Progenitor
haber_c000646,0.4929248,3.040781,TA.Early,Progenitor,4,Progenitor
haber_c000647,-1.456693,1.482612,Enterocyte.Progenitor,Progenitor,3,Progenitor
haber_c000648,-1.614943,5.054439,Enterocyte.Progenitor,Progenitor,1,Unknown
haber_c000650,8.927911,0.6928535,Goblet,Goblet,12,Goblet
haber_c000651,-5.515892,6.669867,Enterocyte,Enterocyte,0,Enterocyte
haber_c000657,1.736949,-1.721629,TA.Early,Progenitor,2,Stem
haber_c000659,0.6883073,-1.324866,Stem,Stem,3,Progenitor
haber_c000660,-0.5214683,-1.595411,Stem,Stem,2,Stem
haber_c000661,-1.155277,3.397145,Enterocyte.Progenitor,Progenitor,1,Unknown
haber_c000662,0.7781016,2.412608,TA.Early,Progenitor,4,Progenitor
haber_c000663,1.384771,1.918924,TA,Progenitor,4,Progenitor
haber_c000664,9.413184,1.147247,Goblet,Goblet,12,Goblet
haber_c000666,1.089452,-3.310982,Stem,Stem,2,Stem
haber_c000668,1.309128,1.273052,TA.Early,Progenitor,4,Progenitor
haber_c000669,-0.08006953,-2.977412,Stem,Stem,2,Stem
haber_c000671,-0.8397057,-3.028829,Stem,Stem,2,Stem
haber_c000672,-4.57473,4.606051,Enterocyte.Progenitor,Progenitor,0,Enterocyte
haber_c000673,1.041099,-0.7380941,TA,Progenitor,3,Progenitor
haber_c000675,0.4833348,0.9332914,TA.Early,Progenitor,4,Progenitor
haber_c000676,2.580114,0.6262107,TA.Early,Progenitor,6,Unknown
haber_c000678,-1.479703,0.9429991,TA,Progenitor,3,Progenitor
haber_c000679,0.6165619,-2.69324,Stem,Stem,2,Stem
haber_c000680,-0.07298813,-3.442353,Stem,Stem,2,Stem
haber_c000681,1.023952,-3.399051,Stem,Stem,2,Stem
haber_c000685,1.067764,-2.646752,Stem,Stem,2,Stem
haber_c000687,-5.500159,7.003695,Enterocyte,Enterocyte,0,Enterocyte
haber_c000688,0.9390988,2.599282,TA.Early,Progenitor,4,Progenitor
haber_c000689,9.159754,1.176365,Goblet,Goblet,12,Goblet
haber_c000690,-2.772019,4.725696,Enterocyte.Progenitor,Progenitor,1,Unknown
haber_c000691,-5.47849,7.28272,Enterocyte,Enterocyte,0,Enterocyte
haber_c000694,-5.426955,6.236444,Enterocyte,Enterocyte,0,Enterocyte
haber_c000696,-4.853568,6.323309,Enterocyte,Enterocyte,0,Enterocyte
haber_c000698,1.284289,-0.6296182,TA,Progenitor,3,Progenitor
haber_c000700,-5.259986,5.900655,Enterocyte,Enterocyte,0,Enterocyte
haber_c000701,1.543628,2.462386,TA.Early,Progenitor,4,Progenitor
haber_c000705,1.588335,-2.254235,Stem,Stem,2,Stem
haber_c000706,2.18929,1.448897,TA.Early,Progenitor,6,Unknown
haber_c000708,0.643796,-2.48648,Stem,Stem,2,Stem
haber_c000709,-0.7437747,1.253039,Enterocyte.Progenitor,Progenitor,3,Progenitor
haber_c000711,0.4668259,0.4348688,Enterocyte.Progenitor,Progenitor,1,Unknown
haber_c000712,-4.253419,3.917557,Enterocyte.Progenitor,Progenitor,1,Unknown
haber_c000715,11.46918,4.022891,Tuft,Tuft,8,Tuft
haber_c000716,-1.383641,5.152779,Enterocyte,Enterocyte,10,Enterocyte
haber_c000718,-4.946997,5.324054,Enterocyte.Progenitor,Progenitor,0,Enterocyte
haber_c000719,-0.01389502,0.932179,TA.Early,Progenitor,3,Progenitor
haber_c000721,2.625776,-0.9430626,TA.Early,Progenitor,6,Unknown
haber_c000722,-4.817687,5.620314,Enterocyte.Progenitor,Progenitor,0,Enterocyte
haber_c000723,1.382236,2.085757,TA.Early,Progenitor,4,Progenitor
haber_c000724,-1.404946,4.709033,Enterocyte.Progenitor,Progenitor,1,Unknown
haber_c000725,0.9808455,-3.415515,Stem,Stem,2,Stem
haber_c000726,1.232762,-3.03952,Stem,Stem,2,Stem
haber_c000728,1.146919,-0.6553106,TA,Progenitor,3,Progenitor
haber_c000729,-1.143398,2.064545,TA,Progenitor,1,Unknown
haber_c000732,-5.058609,6.804999,Enterocyte,Enterocyte,0,Enterocyte
haber_c000733,-0.6108406,-2.863404,Stem,Stem,2,Stem
haber_c000734,5.18136,-1.813502,Stem,Stem,7,Progenitor
haber_c000736,-1.279565,5.194322,Enterocyte.Progenitor,Progenitor,1,Unknown
haber_c000737,-0.539798,-1.506298,Stem,Stem,2,Stem
haber_c000738,-5.222471,6.532675,Enterocyte,Enterocyte,0,Enterocyte
haber_c000741,0.01917823,-2.712721,TA,Progenitor,2,Stem
haber_c000742,0.02507901,-1.648384,TA,Progenitor,2,Stem
haber_c000745,2.009974,-0.2021884,TA.Early,Progenitor,6,Unknown
haber_c000750,-0.08239839,-3.37297,Stem,Stem,2,Stem
haber_c000754,10.19396,3.432942,Tuft,Tuft,8,Tuft
haber_c000755,-1.089264,1.96377,TA,Progenitor,1,Unknown
haber_c000757,1.59056,1.930455,TA.Early,Progenitor,4,Progenitor
haber_c000759,11.26385,-1.418075,Goblet,Goblet,12,Goblet
haber_c000761,0.118055,2.047547,TA,Progenitor,4,Progenitor
haber_c000762,-1.665414,3.074992,Enterocyte.Progenitor,Progenitor,1,Unknown
haber_c000763,1.713473,1.18093,TA.Early,Progenitor,4,Progenitor
haber_c000765,1.03009,-3.464033,Stem,Stem,2,Stem
haber_c000766,-2.697774,7.085071,Enterocyte,Enterocyte,10,Enterocyte
haber_c000767,-2.750259,6.639914,Enterocyte,Enterocyte,10,Enterocyte
haber_c000768,-3.906178,3.601474,Enterocyte.Progenitor,Progenitor,1,Unknown
haber_c000769,-1.524635,4.119751,Enterocyte.Progenitor,Progenitor,1,Unknown
haber_c000770,-5.316316,7.149371,Enterocyte,Enterocyte,0,Enterocyte
haber_c000774,0.04515215,-1.121185,TA,Progenitor,3,Progenitor
haber_c000775,-2.253034,3.713013,Enterocyte.Progenitor,Progenitor,1,Unknown
haber_c000776,-3.16843,3.639791,Enterocyte.Progenitor,Progenitor,1,Unknown
haber_c000778,1.649028,-4.000749,Endocrine,Endocrine,2,Stem
haber_c000781,0.7281529,2.628277,TA.Early,Progenitor,4,Progenitor
haber_c000782,1.600989,0.09601391,TA.Early,Progenitor,3,Progenitor
haber_c000783,1.550547,-2.612645,Stem,Stem,2,Stem
haber_c000784,2.116498,-3.18576,Stem,Stem,2,Stem
haber_c000786,3.524123,0.2614902,TA.Early,Progenitor,6,Unknown
haber_c000787,1.890669,-3.040095,Stem,Stem,2,Stem
haber_c000788,2.120738,0.9736373,TA.Early,Progenitor,6,Unknown
haber_c000791,-0.3442345,2.907168,Enterocyte.Progenitor,Progenitor,1,Unknown
haber_c000792,0.6309773,1.756601,TA.Early,Progenitor,4,Progenitor
haber_c000793,0.7993003,-2.078017,Tuft,Tuft,2,Stem
haber_c000794,-1.307955,4.44482,Enterocyte.Progenitor,Progenitor,1,Unknown
haber_c000795,1.329685,-3.516391,Stem,Stem,2,Stem
haber_c000798,2.845482,0.4101406,TA.Early,Progenitor,6,Unknown
haber_c000799,-2.999695,6.855764,Enterocyte,Enterocyte,10,Enterocyte
haber_c000801,9.683303,1.15834,Goblet,Goblet,12,Goblet
haber_c000804,1.496654,-3.668739,Stem,Stem,2,Stem
haber_c000805,9.166639,1.396262,Goblet,Goblet,12,Goblet
haber_c000806,1.694612,1.229436,TA.Early,Progenitor,6,Unknown
haber_c000807,0.1122052,-0.9393597,Stem,Stem,3,Progenitor
haber_c000810,0.5915802,-3.096519,Stem,Stem,2,Stem
haber_c000812,-0.5721123,-2.951026,Stem,Stem,2,Stem
haber_c000815,0.8712246,-2.395828,Stem,Stem,2,Stem
haber_c000816,0.4991051,-2.234767,Stem,Stem,2,Stem
haber_c000817,1.873352,-0.5060713,TA.Early,Progenitor,1,Unknown
haber_c000818,8.919853,4.777119,Endocrine,Endocrine,11,Endocrine
haber_c000822,1.932594,-0.1730818,TA.Early,Progenitor,6,Unknown
haber_c000824,1.901804,-3.603566,Stem,Stem,2,Stem
haber_c000825,0.09663885,-1.694608,TA.Early,Progenitor,2,Stem
haber_c000826,1.275835,0.5937196,TA,Progenitor,3,Progenitor
haber_c000827,-0.4095987,-2.084561,Stem,Stem,3,Progenitor
haber_c000829,9.23887,7.585226,Endocrine,Endocrine,11,Endocrine
haber_c000830,1.610955,-0.530022,TA.Early,Progenitor,3,Progenitor
haber_c000831,10.11,0.8432359,Goblet,Goblet,12,Goblet
haber_c000832,-0.9945171,4.118431,Enterocyte.Progenitor,Progenitor,1,Unknown
haber_c000834,-0.1838263,-2.257058,Stem,Stem,2,Stem
haber_c000835,1.842196,-2.727696,Stem,Stem,2,Stem
haber_c000836,1.563874,3.110438,TA.Early,Progenitor,4,Progenitor
haber_c000837,-3.974044,3.695726,Enterocyte.Progenitor,Progenitor,1,Unknown
haber_c000838,1.133646,-0.9739835,TA,Progenitor,3,Progenitor
haber_c000839,-0.1856641,-3.214817,Stem,Stem,2,Stem
haber_c000841,0.658697,-0.03350846,TA,Progenitor,3,Progenitor
haber_c000842,-1.70626,6.075191,Enterocyte,Enterocyte,10,Enterocyte
haber_c000843,2.739972,1.892566,TA.Early,Progenitor,3,Progenitor
haber_c000846,3.656695,1.264441,TA.Early,Progenitor,7,Progenitor
haber_c000847,-3.161043,7.470453,Enterocyte,Enterocyte,10,Enterocyte
haber_c000849,-3.064221,5.844645,Enterocyte.Progenitor,Progenitor,10,Enterocyte
haber_c000851,-2.457688,5.149119,Enterocyte.Progenitor,Progenitor,1,Unknown
haber_c000852,0.06985934,-2.731768,Stem,Stem,2,Stem
haber_c000853,-0.790332,4.199716,Enterocyte.Progenitor,Progenitor,1,Unknown
haber_c000854,-3.646015,7.663199,Enterocyte,Enterocyte,10,Enterocyte
haber_c000856,1.566933,-2.737324,Stem,Stem,2,Stem
haber_c000857,-3.758289,6.609594,Enterocyte,Enterocyte,10,Enterocyte
haber_c000858,2.747721,1.134963,TA.Early,Progenitor,3,Progenitor
haber_c000860,0.8730274,-2.39074,Stem,Stem,2,Stem
haber_c000861,0.436011,-2.848741,Stem,Stem,2,Stem
haber_c000866,-0.2730207,-2.259198,Stem,Stem,2,Stem
haber_c000868,3.997359,0.7599742,Stem,Stem,6,Unknown
haber_c000869,9.047666,8.122746,Endocrine,Endocrine,11,Endocrine
haber_c000870,-0.1744355,-0.7625749,Stem,Stem,3,Progenitor
haber_c000872,-4.297155,5.70743,Enterocyte.Progenitor,Progenitor,0,Enterocyte
haber_c000874,-2.807973,5.686562,Enterocyte,Enterocyte,1,Unknown
haber_c000875,0.8546156,-3.015298,Stem,Stem,2,Stem
haber_c000878,9.061823,0.6183828,Goblet,Goblet,12,Goblet
haber_c000880,-3.570661,9.844268,Enterocyte,Enterocyte,13,Enterocyte
haber_c000882,-0.2323871,-2.78453,Stem,Stem,2,Stem
haber_c000883,8.494295,-0.4996496,Goblet,Goblet,12,Goblet
haber_c000884,0.251304,-3.045972,TA,Progenitor,2,Stem
haber_c000885,-1.821298,7.504492,Enterocyte,Enterocyte,10,Enterocyte
haber_c000886,3.78345,1.064091,TA.Early,Progenitor,6,Unknown
haber_c000888,3.915211,0.5139533,TA.Early,Progenitor,6,Unknown
haber_c000889,0.8485721,-3.36469,Stem,Stem,2,Stem
haber_c000890,0.1651848,-2.533477,Stem,Stem,2,Stem
haber_c000891,11.2463,-1.164828,Goblet,Goblet,12,Goblet
haber_c000895,10.79547,3.537757,Tuft,Tuft,8,Tuft
haber_c000896,-2.585074,5.926865,Enterocyte,Enterocyte,1,Unknown
haber_c000897,-3.491113,7.548304,Enterocyte,Enterocyte,10,Enterocyte
haber_c000898,-0.2293525,-3.463013,Stem,Stem,2,Stem
haber_c000899,8.037549,0.4421064,Goblet,Goblet,12,Goblet
haber_c000900,3.320307,1.887085,TA.Early,Progenitor,7,Progenitor
haber_c000901,9.930972,-1.28895,Goblet,Goblet,12,Goblet
haber_c000903,4.27787,0.708801,TA.Early,Progenitor,6,Unknown
haber_c000906,2.397884,2.401723,TA,Progenitor,7,Progenitor
haber_c000908,-3.199637,7.274539,Enterocyte,Enterocyte,10,Enterocyte
haber_c000909,10.57773,6.88337,Endocrine,Endocrine,11,Endocrine
haber_c000910,11.49989,-1.346001,Goblet,Goblet,12,Goblet
haber_c000911,3.769727,1.030371,TA.Early,Progenitor,6,Unknown
haber_c000912,1.614105,-3.818444,Stem,Stem,2,Stem
haber_c000913,3.779164,1.45757,TA.Early,Progenitor,7,Progenitor
haber_c000915,-3.415345,7.620618,Enterocyte,Enterocyte,10,Enterocyte
haber_c000916,3.956359,0.3839217,TA.Early,Progenitor,6,Unknown
haber_c000918,-3.425931,7.495878,Enterocyte,Enterocyte,10,Enterocyte
haber_c000919,-4.113939,6.891395,Enterocyte,Enterocyte,10,Enterocyte
haber_c000921,9.495693,-0.4616286,Goblet,Goblet,12,Goblet
haber_c000922,0.4677712,-0.2754151,TA.Early,Progenitor,3,Progenitor
haber_c000927,-3.52504,7.453518,Enterocyte,Enterocyte,10,Enterocyte
haber_c000930,-1.793955,7.970163,Enterocyte,Enterocyte,10,Enterocyte
haber_c000931,-2.352878,4.623812,Enterocyte.Progenitor,Progenitor,1,Unknown
haber_c000933,10.58077,-0.8917507,Goblet,Goblet,12,Goblet
haber_c000939,-2.67764,5.266522,Enterocyte,Enterocyte,1,Unknown
haber_c000940,0.2111825,-2.267727,Stem,Stem,2,Stem
haber_c000941,0.4791727,-2.580964,Stem,Stem,2,Stem
haber_c000943,1.336012,-3.837889,Stem,Stem,2,Stem
haber_c000944,-0.1813974,0.1965108,TA,Progenitor,3,Progenitor
haber_c000945,3.124894,1.886783,TA.Early,Progenitor,7,Progenitor
haber_c000947,-4.287803,6.834073,Enterocyte,Enterocyte,10,Enterocyte
haber_c000948,-4.434634,4.814596,Enterocyte.Progenitor,Progenitor,0,Enterocyte
haber_c000950,-4.112154,6.940234,Enterocyte,Enterocyte,10,Enterocyte
haber_c000951,-2.26254,4.570999,Enterocyte.Progenitor,Progenitor,1,Unknown
haber_c000952,2.918176,1.861664,TA.Early,Progenitor,7,Progenitor
haber_c000953,3.303148,1.717712,TA.Early,Progenitor,7,Progenitor
haber_c000954,1.538079,-3.2073,Stem,Stem,2,Stem
haber_c000959,-1.761853,7.109941,Enterocyte,Enterocyte,10,Enterocyte
haber_c000961,3.024373,1.184957,Stem,Stem,6,Unknown
haber_c000962,3.44669,1.881854,TA.Early,Progenitor,7,Progenitor
haber_c000963,-2.461168,6.433281,Enterocyte,Enterocyte,10,Enterocyte
haber_c000964,0.9114756,-3.615413,Stem,Stem,2,Stem
haber_c000965,4.212939,0.3334401,TA.Early,Progenitor,6,Unknown
haber_c000966,9.987501,3.837212,Tuft,Tuft,8,Tuft
haber_c000967,11.43244,-1.3127,Goblet,Goblet,12,Goblet
haber_c000968,0.5914996,-3.60757,Stem,Stem,2,Stem
haber_c000969,0.3240024,-2.35739,Stem,Stem,3,Progenitor
haber_c000970,1.301031,-0.7642524,Stem,Stem,3,Progenitor
haber_c000971,3.545998,0.8803362,TA.Early,Progenitor,6,Unknown
haber_c000972,8.722845,7.327232,Endocrine,Endocrine,11,Endocrine
haber_c000974,-1.780324,7.146164,Enterocyte,Enterocyte,10,Enterocyte
haber_c000975,-4.693025,5.579456,Enterocyte.Progenitor,Progenitor,0,Enterocyte
haber_c000976,-2.205052,4.79183,Enterocyte.Progenitor,Progenitor,1,Unknown
haber_c000977,-4.268875,7.812326,Enterocyte,Enterocyte,10,Enterocyte
haber_c000978,-3.77286,7.373501,Enterocyte,Enterocyte,10,Enterocyte
haber_c000981,-4.097547,7.636177,Enterocyte,Enterocyte,10,Enterocyte
haber_c000984,-2.844258,7.635066,Enterocyte,Enterocyte,10,Enterocyte
haber_c000985,1.076518,-2.578749,Stem,Stem,2,Stem
haber_c000986,-2.164484,4.849567,Enterocyte.Progenitor,Progenitor,1,Unknown
haber_c000987,1.036395,-3.601215,TA,Progenitor,2,Stem
haber_c000988,8.1884,1.060343,Goblet,Goblet,12,Goblet
haber_c000989,0.480967,-3.39091,Stem,Stem,2,Stem
haber_c000990,2.417354,1.861538,TA.Early,Progenitor,4,Progenitor
haber_c000995,1.255638,-2.637183,Stem,Stem,2,Stem
haber_c000996,4.233493,0.3149195,TA.Early,Progenitor,6,Unknown
haber_c000997,9.43477,-0.6840226,Goblet,Goblet,12,Goblet
haber_c000998,3.968756,1.278981,TA.Early,Progenitor,7,Progenitor
haber_c000999,3.820613,-0.3690963,TA.Early,Progenitor,6,Unknown
haber_c001000,8.358234,0.1583734,Goblet,Goblet,12,Goblet
haber_c001005,10.53443,-1.247555,Goblet,Goblet,12,Goblet
haber_c001006,-2.331373,4.801314,Enterocyte.Progenitor,Progenitor,1,Unknown
haber_c001007,3.2541,1.14608,TA.Early,Progenitor,6,Unknown
haber_c001012,-4.849808,5.887135,Enterocyte.Progenitor,Progenitor,0,Enterocyte
haber_c001013,-4.207425,7.625348,Enterocyte,Enterocyte,10,Enterocyte
haber_c001015,-2.291637,5.683498,Enterocyte,Enterocyte,1,Unknown
haber_c001017,1.314362,-3.789253,Stem,Stem,2,Stem
haber_c001018,-0.2138204,-1.756508,Stem,Stem,2,Stem
haber_c001019,3.558128,0.9958342,TA.Early,Progenitor,6,Unknown
haber_c001023,3.607449,0.6736355,TA.Early,Progenitor,5,Stem
haber_c001026,0.08754757,-3.157687,Stem,Stem,2,Stem
haber_c001027,3.630891,1.46612,TA.Early,Progenitor,7,Progenitor
haber_c001028,7.757928,-1.477419,Stem,Stem,12,Goblet
haber_c001029,-5.335403,7.356531,Enterocyte,Enterocyte,0,Enterocyte
haber_c001030,9.548526,5.693515,Endocrine,Endocrine,11,Endocrine
haber_c001033,-4.668208,7.590633,Enterocyte,Enterocyte,0,Enterocyte
haber_c001034,-2.759363,7.515509,Enterocyte,Enterocyte,10,Enterocyte
haber_c001036,-0.08144996,-2.405818,Stem,Stem,2,Stem
haber_c001037,2.783836,1.355529,TA.Early,Progenitor,3,Progenitor
haber_c001039,3.013851,1.343037,TA.Early,Progenitor,7,Progenitor
haber_c001041,-0.7044683,-0.478841,Stem,Stem,3,Progenitor
haber_c001042,0.8658333,1.93543,TA.Early,Progenitor,4,Progenitor
haber_c001043,-0.2992306,-0.7026242,TA,Progenitor,3,Progenitor
haber_c001044,-0.5409875,-1.474096,Stem,Stem,3,Progenitor
haber_c001045,1.326707,-0.8214912,TA,Progenitor,3,Progenitor
haber_c001047,1.568166,-3.167081,Stem,Stem,2,Stem
haber_c001051,-1.944867,5.353776,Enterocyte.Progenitor,Progenitor,1,Unknown
haber_c001052,-1.323562,0.5071696,TA,Progenitor,3,Progenitor
haber_c001053,0.4131196,1.051913,TA.Early,Progenitor,4,Progenitor
haber_c001054,-3.857105,6.999537,Enterocyte,Enterocyte,10,Enterocyte
haber_c001056,9.526751,0.8767226,Goblet,Goblet,12,Goblet
haber_c001058,2.297623,-2.383455,Stem,Stem,2,Stem
haber_c001059,10.87373,0.5020629,Goblet,Goblet,12,Goblet
haber_c001061,9.409781,1.54937,Goblet,Goblet,12,Goblet
haber_c001062,8.487655,6.315696,Endocrine,Endocrine,11,Endocrine
haber_c001063,-1.132068,3.680109,Enterocyte.Progenitor,Progenitor,1,Unknown
haber_c001067,-0.4063636,-3.227073,Stem,Stem,2,Stem
haber_c001069,2.105532,-0.3430013,TA,Progenitor,6,Unknown
haber_c001070,-1.340478,-1.048383,TA.Early,Progenitor,3,Progenitor
haber_c001071,-1.730911,6.179923,Enterocyte,Enterocyte,10,Enterocyte
haber_c001072,1.953776,-3.198685,Stem,Stem,2,Stem
haber_c001074,10.21373,6.097233,Endocrine,Endocrine,11,Endocrine
haber_c001075,-2.945219,6.773108,Enterocyte,Enterocyte,10,Enterocyte
haber_c001076,0.1927732,-0.3970586,Stem,Stem,3,Progenitor
haber_c001078,1.830719,1.423808,TA.Early,Progenitor,6,Unknown
haber_c001079,2.853427,0.03814427,TA.Early,Progenitor,6,Unknown
haber_c001081,-1.82541,5.351765,Enterocyte.Progenitor,Progenitor,1,Unknown
haber_c001082,0.9598681,1.466605,TA.Early,Progenitor,4,Progenitor
haber_c001083,1.827,-0.3665268,Stem,Stem,3,Progenitor
haber_c001086,-0.1358341,-0.07647336,TA,Progenitor,3,Progenitor
haber_c001087,3.378012,0.5883212,TA.Early,Progenitor,6,Unknown
haber_c001089,2.083273,1.991585,TA.Early,Progenitor,4,Progenitor
haber_c001094,1.23239,1.653457,TA.Early,Progenitor,4,Progenitor
haber_c001095,0.944413,-1.345441,Stem,Stem,3,Progenitor
haber_c001098,2.549198,1.831926,TA.Early,Progenitor,6,Unknown
haber_c001099,8.872834,0.8639536,Goblet,Goblet,12,Goblet
haber_c001100,8.945051,7.129172,Endocrine,Endocrine,11,Endocrine
haber_c001102,0.6019517,2.774141,TA.Early,Progenitor,4,Progenitor
haber_c001103,-1.514744,3.678847,Enterocyte.Progenitor,Progenitor,1,Unknown
haber_c001104,1.751377,-2.777074,Stem,Stem,2,Stem
haber_c001106,-0.4281659,-0.7839754,TA,Progenitor,3,Progenitor
haber_c001108,1.130204,3.068192,TA.Early,Progenitor,4,Progenitor
haber_c001112,-1.127769,-1.550389,Stem,Stem,3,Progenitor
haber_c001113,10.47552,0.2282137,Goblet,Goblet,12,Goblet
haber_c001115,-1.579907,5.739808,Enterocyte.Progenitor,Progenitor,1,Unknown
haber_c001117,-2.871293,2.681046,Enterocyte.Progenitor,Progenitor,1,Unknown
haber_c001120,0.4304002,-0.6913092,TA,Progenitor,3,Progenitor
haber_c001123,-1.204227,2.58629,TA,Progenitor,1,Unknown
haber_c001125,-0.2847445,-2.832941,Stem,Stem,2,Stem
haber_c001129,10.7022,0.8009607,Goblet,Goblet,12,Goblet
haber_c001131,8.788394,3.574405,Goblet,Goblet,11,Endocrine
haber_c001134,0.2608643,1.234707,TA.Early,Progenitor,3,Progenitor
haber_c001135,9.171569,8.288719,Endocrine,Endocrine,11,Endocrine
haber_c001136,1.424424,-1.098838,TA.Early,Progenitor,3,Progenitor
haber_c001137,-0.9584119,0.7760702,Enterocyte.Progenitor,Progenitor,3,Progenitor
haber_c001139,9.474671,1.405133,Goblet,Goblet,12,Goblet
haber_c001140,0.2894028,1.435567,TA,Progenitor,4,Progenitor
haber_c001142,1.647281,-3.204379,Stem,Stem,2,Stem
haber_c001143,1.767798,-0.4660697,TA.Early,Progenitor,3,Progenitor
haber_c001144,0.5825284,-3.065012,Stem,Stem,2,Stem
haber_c001145,0.6841762,1.237972,TA.Early,Progenitor,4,Progenitor
haber_c001149,0.02575625,-3.320544,Stem,Stem,2,Stem
haber_c001150,10.05484,3.607591,Tuft,Tuft,8,Tuft
haber_c001151,10.96825,3.323976,Tuft,Tuft,8,Tuft
haber_c001152,1.733864,1.28734,TA.Early,Progenitor,3,Progenitor
haber_c001153,0.9772332,2.666187,TA.Early,Progenitor,4,Progenitor
haber_c001154,-1.017874,0.007801254,TA.Early,Progenitor,3,Progenitor
haber_c001160,-1.231643,4.616697,Enterocyte.Progenitor,Progenitor,1,Unknown
haber_c001161,10.99477,3.905979,Tuft,Tuft,8,Tuft
haber_c001162,-1.051676,3.170839,Enterocyte.Progenitor,Progenitor,1,Unknown
haber_c001165,-3.384683,7.533107,Enterocyte,Enterocyte,10,Enterocyte
haber_c001166,-0.6854032,1.482799,TA,Progenitor,4,Progenitor
haber_c001167,0.9953297,3.313692,TA.Early,Progenitor,4,Progenitor
haber_c001168,1.051967,2.108719,TA.Early,Progenitor,4,Progenitor
haber_c001169,10.90979,0.8494874,Goblet,Goblet,12,Goblet
haber_c001170,3.55928,3.825383,TA,Progenitor,9,Progenitor
haber_c001171,2.304138,1.08624,TA.Early,Progenitor,6,Unknown
haber_c001172,-0.1653821,-1.005618,Stem,Stem,3,Progenitor
haber_c001173,7.439034,-0.9000395,Stem,Stem,12,Goblet
haber_c001174,-0.5493918,0.4245847,TA,Progenitor,3,Progenitor
haber_c001175,-1.717406,7.241918,Enterocyte,Enterocyte,10,Enterocyte
haber_c001177,-0.1119421,-0.6120526,TA,Progenitor,3,Progenitor
haber_c001178,-1.085894,-1.903944,Stem,Stem,3,Progenitor
haber_c001179,2.117035,-3.232284,Stem,Stem,2,Stem
haber_c001180,10.70751,0.6491973,Goblet,Goblet,12,Goblet
haber_c001181,-3.087223,4.142274,Enterocyte.Progenitor,Progenitor,1,Unknown
haber_c001183,3.961911,3.215929,TA.Early,Progenitor,9,Progenitor
haber_c001185,-1.28177,4.046124,Enterocyte.Progenitor,Progenitor,1,Unknown
haber_c001188,0.8709127,-1.247607,Stem,Stem,3,Progenitor
haber_c001189,-1.710514,3.831974,Enterocyte.Progenitor,Progenitor,1,Unknown
haber_c001191,-1.396703,1.634505,Enterocyte.Progenitor,Progenitor,3,Progenitor
haber_c001192,-0.6450932,-3.158825,Stem,Stem,2,Stem
haber_c001193,1.111406,-0.5068996,Stem,Stem,3,Progenitor
haber_c001198,0.641951,0.8089028,TA.Early,Progenitor,4,Progenitor
haber_c001199,0.5658892,-3.022271,Stem,Stem,2,Stem
haber_c001200,1.880501,0.5482689,TA.Early,Progenitor,6,Unknown
haber_c001201,7.677905,-1.341522,Stem,Stem,12,Goblet
haber_c001203,1.274241,-0.9787245,Stem,Stem,3,Progenitor
haber_c001206,-1.405034,4.155556,Enterocyte.Progenitor,Progenitor,1,Unknown
haber_c001207,9.19714,0.1270974,Goblet,Goblet,12,Goblet
haber_c001209,0.4190972,-1.295538,Stem,Stem,3,Progenitor
haber_c001210,9.930606,1.129017,Goblet,Goblet,12,Goblet
haber_c001211,-0.5358554,4.087496,Enterocyte.Progenitor,Progenitor,4,Progenitor
haber_c001212,-3.041482,7.468739,Enterocyte,Enterocyte,10,Enterocyte
haber_c001215,-1.962667,5.133646,Enterocyte.Progenitor,Progenitor,1,Unknown
haber_c001216,0.2928101,0.816742,TA,Progenitor,3,Progenitor
haber_c001217,-0.5224752,1.24642,TA,Progenitor,3,Progenitor
haber_c001220,1.748273,-3.496686,Stem,Stem,2,Stem
haber_c001222,-1.011734,0.3776115,TA,Progenitor,3,Progenitor
haber_c001223,2.959728,-0.8412187,TA.Early,Progenitor,6,Unknown
haber_c001224,2.281096,-2.475107,Stem,Stem,2,Stem
haber_c001226,-1.217816,-1.959356,Stem,Stem,3,Progenitor
haber_c001227,-3.198379,6.029374,Enterocyte,Enterocyte,10,Enterocyte
haber_c001228,0.7994388,2.075248,TA.Early,Progenitor,4,Progenitor
haber_c001229,-1.821482,5.888157,Enterocyte.Progenitor,Progenitor,10,Enterocyte
haber_c001230,3.173557,0.1390132,TA.Early,Progenitor,6,Unknown
haber_c001231,1.493033,1.106376,TA.Early,Progenitor,6,Unknown
haber_c001232,0.4740946,-1.540832,Stem,Stem,3,Progenitor
haber_c001233,9.472183,1.401976,Goblet,Goblet,12,Goblet
haber_c001234,9.088071,1.096472,Goblet,Goblet,12,Goblet
haber_c001235,0.1780017,4.02611,Enterocyte.Progenitor,Progenitor,4,Progenitor
haber_c001237,1.076981,0.1862945,TA.Early,Progenitor,3,Progenitor
haber_c001239,0.6287547,1.657656,TA.Early,Progenitor,4,Progenitor
haber_c001240,-0.2052308,0.8737804,TA,Progenitor,3,Progenitor
haber_c001242,1.127769,1.778538,TA.Early,Progenitor,4,Progenitor
haber_c001243,0.7290081,0.165173,TA,Progenitor,3,Progenitor
haber_c001244,1.087262,-0.8271379,TA,Progenitor,2,Stem
haber_c001245,-1.883712,6.803484,Enterocyte,Enterocyte,10,Enterocyte
haber_c001246,1.096439,-1.873812,TA,Progenitor,2,Stem
haber_c001247,1.719461,2.447345,TA.Early,Progenitor,4,Progenitor
haber_c001248,0.2143162,-1.052814,Stem,Stem,3,Progenitor
haber_c001252,10.7219,0.5192283,Goblet,Goblet,12,Goblet
haber_c001253,0.3677706,-1.935412,TA,Progenitor,2,Stem
haber_c001254,-2.54064,6.363906,Enterocyte,Enterocyte,10,Enterocyte
haber_c001256,1.216748,-3.365214,Stem,Stem,2,Stem
haber_c001257,-0.8845355,2.202802,TA,Progenitor,1,Unknown
haber_c001258,1.60042,-1.183885,TA,Progenitor,2,Stem
haber_c001259,-0.04620605,-0.5942469,Stem,Stem,3,Progenitor
haber_c001260,0.4294976,0.4992301,Enterocyte.Progenitor,Progenitor,3,Progenitor
haber_c001263,1.522326,0.5336005,TA.Early,Progenitor,6,Unknown
haber_c001265,10.98002,0.6402239,Goblet,Goblet,12,Goblet
haber_c001270,0.6737795,0.6363018,TA.Early,Progenitor,6,Unknown
haber_c001271,8.973549,7.844243,Endocrine,Endocrine,11,Endocrine
haber_c001272,-3.508654,3.652832,Enterocyte.Progenitor,Progenitor,1,Unknown
haber_c001273,-1.802523,6.800014,Enterocyte,Enterocyte,10,Enterocyte
haber_c001274,1.664476,2.81233,TA.Early,Progenitor,4,Progenitor
haber_c001275,0.106043,1.02056,TA.Early,Progenitor,3,Progenitor
haber_c001277,2.553891,1.083391,TA.Early,Progenitor,6,Unknown
haber_c001281,-1.275664,1.109168,TA,Progenitor,3,Progenitor
haber_c001284,-1.621068,4.236763,Enterocyte.Progenitor,Progenitor,1,Unknown
haber_c001285,-2.730806,6.313107,Enterocyte,Enterocyte,10,Enterocyte
haber_c001287,-0.8795338,0.2570597,TA,Progenitor,3,Progenitor
haber_c001288,-2.490765,3.47262,Enterocyte.Progenitor,Progenitor,1,Unknown
haber_c001289,9.503511,1.510893,Goblet,Goblet,12,Goblet
haber_c001290,2.089655,-3.428146,Stem,Stem,2,Stem
haber_c001292,1.33264,0.6997632,TA.Early,Progenitor,4,Progenitor
haber_c001293,1.778061,0.670802,TA.Early,Progenitor,6,Unknown
haber_c001294,-0.7299028,0.1645001,TA.Early,Progenitor,3,Progenitor
haber_c001296,8.363321,6.901547,Endocrine,Endocrine,11,Endocrine
haber_c001297,9.347292,-0.5597287,Goblet,Goblet,12,Goblet
haber_c001300,1.524839,0.9270456,TA.Early,Progenitor,6,Unknown
haber_c001301,-1.176417,1.333015,TA,Progenitor,3,Progenitor
haber_c001302,-4.858534,6.733889,Enterocyte,Enterocyte,0,Enterocyte
haber_c001303,9.553149,5.687755,Endocrine,Endocrine,11,Endocrine
haber_c001304,-0.8804688,-2.404096,Stem,Stem,2,Stem
haber_c001305,1.095897,1.149395,TA.Early,Progenitor,4,Progenitor
haber_c001306,0.3401291,1.134485,TA.Early,Progenitor,3,Progenitor
haber_c001307,2.045718,0.3238324,TA.Early,Progenitor,6,Unknown
haber_c001308,1.293921,-2.175925,Stem,Stem,2,Stem
haber_c001309,-0.9271906,-2.264022,Stem,Stem,3,Progenitor
haber_c001310,0.9765881,1.439646,TA.Early,Progenitor,4,Progenitor
haber_c001311,0.6694659,-1.676428,TA,Progenitor,2,Stem
haber_c001312,-2.747614,3.582603,Enterocyte.Progenitor,Progenitor,1,Unknown
haber_c001313,11.7724,3.209242,Tuft,Tuft,8,Tuft
haber_c001316,0.8766657,-3.383032,Stem,Stem,2,Stem
haber_c001317,-2.828578,3.256124,Enterocyte.Progenitor,Progenitor,1,Unknown
haber_c001319,1.219305,2.167507,TA.Early,Progenitor,4,Progenitor
haber_c001321,0.5608152,1.609172,TA.Early,Progenitor,4,Progenitor
haber_c001322,2.087814,1.130731,TA.Early,Progenitor,6,Unknown
haber_c001324,1.924883,-2.822888,Stem,Stem,2,Stem
haber_c001325,0.8823224,1.644031,TA.Early,Progenitor,4,Progenitor
haber_c001330,-1.096692,-1.287232,Stem,Stem,3,Progenitor
haber_c001331,-0.7647027,-2.889942,Stem,Stem,2,Stem
haber_c001332,1.444739,-3.639473,Stem,Stem,2,Stem
haber_c001334,3.336069,0.008608028,TA.Early,Progenitor,6,Unknown
haber_c001336,-3.026053,6.660119,Enterocyte,Enterocyte,10,Enterocyte
haber_c001340,-3.009636,7.109359,Enterocyte,Enterocyte,10,Enterocyte
haber_c001342,10.82157,3.819861,Tuft,Tuft,8,Tuft
haber_c001343,2.618982,0.5216515,TA.Early,Progenitor,6,Unknown
haber_c001345,-5.293326,6.803911,Enterocyte,Enterocyte,0,Enterocyte
haber_c001346,1.744938,-1.356735,Stem,Stem,2,Stem
haber_c001348,-0.1244159,3.027243,TA.Early,Progenitor,4,Progenitor
haber_c001349,-2.018589,6.560495,Enterocyte,Enterocyte,10,Enterocyte
haber_c001350,1.191299,2.490802,TA.Early,Progenitor,4,Progenitor
haber_c001351,1.087802,0.1946151,TA.Early,Progenitor,3,Progenitor
haber_c001352,2.08797,2.453352,TA.Early,Progenitor,4,Progenitor
haber_c001353,-1.476457,4.390262,Enterocyte.Progenitor,Progenitor,1,Unknown
haber_c001355,-3.509295,7.946222,Enterocyte,Enterocyte,10,Enterocyte
haber_c001356,1.79064,0.9108625,TA.Early,Progenitor,6,Unknown
haber_c001357,2.814753,1.12288,TA.Early,Progenitor,6,Unknown
haber_c001358,-0.8617489,3.537105,Enterocyte.Progenitor,Progenitor,1,Unknown
haber_c001360,-3.276282,6.984585,Enterocyte,Enterocyte,10,Enterocyte
haber_c001362,0.1413526,0.7584257,TA.Early,Progenitor,3,Progenitor
haber_c001363,-0.8715199,-0.1647729,TA,Progenitor,3,Progenitor
haber_c001364,-1.040845,-0.3162311,Stem,Stem,3,Progenitor
haber_c001365,-0.1729116,2.069826,TA,Progenitor,4,Progenitor
haber_c001366,-0.1604767,-2.919193,Stem,Stem,2,Stem
haber_c001369,10.13266,6.090916,Endocrine,Endocrine,11,Endocrine
haber_c001370,11.38226,3.73214,Tuft,Tuft,8,Tuft
haber_c001371,-2.596492,3.354692,Enterocyte.Progenitor,Progenitor,1,Unknown
haber_c001374,-0.569263,-1.112112,TA,Progenitor,3,Progenitor
haber_c001376,0.2569654,0.1209275,TA.Early,Progenitor,3,Progenitor
haber_c001377,-1.219932,0.4573024,TA,Progenitor,3,Progenitor
haber_c001379,11.22572,3.311141,Tuft,Tuft,8,Tuft
haber_c001381,-0.8181916,1.917475,Enterocyte.Progenitor,Progenitor,4,Progenitor
haber_c001382,1.857864,-3.783514,Stem,Stem,2,Stem
haber_c001383,-2.550044,6.904632,Enterocyte,Enterocyte,10,Enterocyte
haber_c001386,-0.8050631,-1.597918,Stem,Stem,2,Stem
haber_c001388,11.67182,3.552973,Tuft,Tuft,8,Tuft
haber_c001389,1.399357,1.09919,TA.Early,Progenitor,6,Unknown
haber_c001391,-1.434507,4.082103,Enterocyte.Progenitor,Progenitor,1,Unknown
haber_c001395,7.847547,1.170192,Goblet,Goblet,12,Goblet
haber_c001396,0.1889925,1.658554,TA.Early,Progenitor,4,Progenitor
haber_c001397,-0.6838919,-1.439596,Stem,Stem,3,Progenitor
haber_c001398,-0.06912962,4.046625,Enterocyte.Progenitor,Progenitor,4,Progenitor
haber_c001399,0.2724696,2.905234,Enterocyte.Progenitor,Progenitor,4,Progenitor
haber_c001402,2.859737,0.468439,TA.Early,Progenitor,6,Unknown
haber_c001403,-0.6042498,-2.523438,Stem,Stem,2,Stem
haber_c001406,1.31899,3.235537,TA.Early,Progenitor,4,Progenitor
haber_c001407,0.859715,-2.8129,Stem,Stem,2,Stem
haber_c001409,1.424785,2.081749,TA.Early,Progenitor,4,Progenitor
haber_c001410,1.944233,-1.135382,TA.Early,Progenitor,3,Progenitor
haber_c001413,10.97737,0.553772,Goblet,Goblet,12,Goblet
haber_c001417,-3.022812,3.795345,Enterocyte.Progenitor,Progenitor,1,Unknown
haber_c001419,1.327164,-0.9559351,TA,Progenitor,2,Stem
haber_c001422,-0.5149714,-1.900718,Stem,Stem,2,Stem
haber_c001425,0.8261501,0.4765018,TA.Early,Progenitor,4,Progenitor
haber_c001426,0.1783692,1.051463,TA.Early,Progenitor,4,Progenitor
haber_c001427,2.835115,0.3133754,TA.Early,Progenitor,6,Unknown
haber_c001428,9.310377,1.361671,Goblet,Goblet,12,Goblet
haber_c001430,-4.102656,5.328809,Enterocyte.Progenitor,Progenitor,0,Enterocyte
haber_c001431,9.121837,1.361213,Goblet,Goblet,12,Goblet
haber_c001432,1.308687,-3.911985,Stem,Stem,2,Stem
haber_c001435,1.305599,0.6061463,TA.Early,Progenitor,3,Progenitor
haber_c001437,2.344083,-0.4138402,TA.Early,Progenitor,6,Unknown
haber_c001438,2.438798,1.087116,TA.Early,Progenitor,6,Unknown
haber_c001439,3.130675,-1.073813,Stem,Stem,6,Unknown
haber_c001440,-0.109078,-3.243191,Stem,Stem,2,Stem
haber_c001442,1.784964,-0.3921656,Stem,Stem,2,Stem
haber_c001443,0.6406846,2.008597,TA.Early,Progenitor,4,Progenitor
haber_c001446,-0.922795,0.242652,TA,Progenitor,3,Progenitor
haber_c001447,0.7683263,-3.369495,Stem,Stem,2,Stem
haber_c001448,8.11366,2.295986,Endocrine,Endocrine,12,Goblet
haber_c001449,-0.5067831,0.9067526,TA,Progenitor,3,Progenitor
haber_c001451,0.9041502,-0.549485,TA.Early,Progenitor,3,Progenitor
haber_c001452,1.054259,0.04538326,TA.Early,Progenitor,6,Unknown
haber_c001460,2.384712,2.879216,TA.Early,Progenitor,9,Progenitor
haber_c001461,2.227707,3.250302,TA.Early,Progenitor,7,Progenitor
haber_c001463,1.20882,-3.211977,Stem,Stem,2,Stem
haber_c001464,-0.7640744,1.324613,TA,Progenitor,4,Progenitor
haber_c001465,0.8553426,-2.658841,Stem,Stem,2,Stem
haber_c001466,0.5166679,2.065073,TA.Early,Progenitor,4,Progenitor
haber_c001468,-0.1187574,3.594474,Enterocyte.Progenitor,Progenitor,4,Progenitor
haber_c001470,-1.42753,4.740626,Enterocyte.Progenitor,Progenitor,1,Unknown
haber_c001471,-2.846931,7.109993,Enterocyte,Enterocyte,10,Enterocyte
haber_c001473,3.611828,0.3400355,TA.Early,Progenitor,6,Unknown
haber_c001476,0.3185813,-0.1682504,TA,Progenitor,3,Progenitor
haber_c001478,-0.3305202,-1.745476,Stem,Stem,3,Progenitor
haber_c001479,-1.240204,0.5709986,TA,Progenitor,3,Progenitor
haber_c001480,-2.920434,2.883821,Enterocyte.Progenitor,Progenitor,1,Unknown
haber_c001484,11.4906,-1.248475,Goblet,Goblet,12,Goblet
haber_c001485,0.4166135,2.84139,TA.Early,Progenitor,4,Progenitor
haber_c001486,0.5662946,0.4059458,TA.Early,Progenitor,3,Progenitor
haber_c001487,10.17191,0.4700006,Goblet,Goblet,12,Goblet
haber_c001489,-1.296897,-0.4552121,TA,Progenitor,3,Progenitor
haber_c001491,0.6196961,-3.423464,Stem,Stem,2,Stem
haber_c001496,-1.064403,-0.6589306,TA,Progenitor,3,Progenitor
haber_c001497,0.6624632,1.753258,TA.Early,Progenitor,4,Progenitor
haber_c001499,0.6345545,1.857946,TA.Early,Progenitor,4,Progenitor
haber_c001506,0.1418839,-1.2992,Stem,Stem,3,Progenitor
haber_c001507,-2.962922,8.289937,Enterocyte,Enterocyte,13,Enterocyte
haber_c001508,-2.602653,6.766562,Enterocyte,Enterocyte,10,Enterocyte
haber_c001509,2.092524,1.499711,TA.Early,Progenitor,4,Progenitor
haber_c001510,-0.581443,0.3988281,TA,Progenitor,3,Progenitor
haber_c001511,1.040226,-3.050415,Stem,Stem,2,Stem
haber_c001512,2.485625,0.03139313,TA.Early,Progenitor,6,Unknown
haber_c001513,10.29054,0.6945533,Goblet,Goblet,12,Goblet
haber_c001514,-1.486404,4.409853,Enterocyte.Progenitor,Progenitor,1,Unknown
haber_c001515,1.118274,3.212356,TA.Early,Progenitor,4,Progenitor
haber_c001516,-0.117586,0.05388556,TA.Early,Progenitor,3,Progenitor
haber_c001518,8.95012,1.305472,Goblet,Goblet,12,Goblet
haber_c001520,0.6413651,2.768093,TA.Early,Progenitor,4,Progenitor
haber_c001522,11.28228,3.246127,Tuft,Tuft,8,Tuft
haber_c001523,1.459771,0.9632832,TA.Early,Progenitor,3,Progenitor
haber_c001524,8.698626,1.25619,Goblet,Goblet,12,Goblet
haber_c001525,9.829004,0.1943483,Goblet,Goblet,12,Goblet
haber_c001526,0.1341075,0.6988145,TA,Progenitor,4,Progenitor
haber_c001527,-1.16537,2.954057,Enterocyte.Progenitor,Progenitor,1,Unknown
haber_c001528,8.083316,6.887165,Endocrine,Endocrine,11,Endocrine
haber_c001530,10.6292,0.4094707,Goblet,Goblet,12,Goblet
haber_c001531,0.269777,-0.1112514,TA.Early,Progenitor,3,Progenitor
haber_c001533,-0.7799912,0.5864247,TA,Progenitor,3,Progenitor
haber_c001534,-0.492376,2.167086,Enterocyte.Progenitor,Progenitor,4,Progenitor
haber_c001535,-1.120551,4.386026,Enterocyte.Progenitor,Progenitor,1,Unknown
haber_c001541,-0.5159063,0.683207,Enterocyte.Progenitor,Progenitor,3,Progenitor
haber_c001543,-0.9390366,-2.51965,Stem,Stem,2,Stem
haber_c001544,-3.123056,3.149662,Enterocyte.Progenitor,Progenitor,1,Unknown
haber_c001545,2.974907,0.4067774,TA.Early,Progenitor,6,Unknown
haber_c001546,-1.399027,4.709383,Enterocyte.Progenitor,Progenitor,1,Unknown
haber_c001548,0.9663203,0.510818,TA,Progenitor,3,Progenitor
haber_c001549,-1.356988,4.619159,Enterocyte.Progenitor,Progenitor,1,Unknown
haber_c001552,-2.997782,3.677704,Enterocyte.Progenitor,Progenitor,1,Unknown
haber_c001553,-4.439884,4.690722,Enterocyte.Progenitor,Progenitor,0,Enterocyte
haber_c001554,2.334261,1.186487,TA.Early,Progenitor,6,Unknown
haber_c001555,1.761923,-3.573522,Stem,Stem,2,Stem
haber_c001556,0.2763602,-2.858037,Stem,Stem,2,Stem
haber_c001557,-0.6962104,3.235323,Enterocyte.Progenitor,Progenitor,1,Unknown
haber_c001559,-1.24511,-0.4802385,Stem,Stem,3,Progenitor
haber_c001560,-0.567391,2.257511,Enterocyte.Progenitor,Progenitor,4,Progenitor
haber_c001561,1.272024,-2.584544,Stem,Stem,2,Stem
haber_c001566,8.980349,-0.1306003,Goblet,Goblet,12,Goblet
haber_c001567,-3.299241,6.176078,Enterocyte,Enterocyte,10,Enterocyte
haber_c001568,1.661613,-1.884737,Stem,Stem,2,Stem
haber_c001569,0.3611194,1.569962,TA.Early,Progenitor,4,Progenitor
haber_c001570,-1.911707,2.961407,Enterocyte.Progenitor,Progenitor,1,Unknown
haber_c001571,-1.978318,5.417189,Enterocyte.Progenitor,Progenitor,1,Unknown
haber_c001572,10.88367,0.6958924,Goblet,Goblet,12,Goblet
haber_c001574,-1.296294,-0.9129045,Stem,Stem,3,Progenitor
haber_c001575,-0.5087451,1.250268,TA,Progenitor,3,Progenitor
haber_c001577,-1.355376,3.696157,Enterocyte.Progenitor,Progenitor,1,Unknown
haber_c001580,-0.5682037,-0.06733347,TA.Early,Progenitor,3,Progenitor
haber_c001581,2.10092,-2.331517,Stem,Stem,2,Stem
haber_c001588,-0.0771933,-0.1439892,TA.Early,Progenitor,3,Progenitor
haber_c001589,-0.05823658,0.7572622,TA.Early,Progenitor,4,Progenitor
haber_c001593,-0.9329855,-1.831194,Stem,Stem,3,Progenitor
haber_c001596,-0.8648063,2.32787,TA,Progenitor,1,Unknown
haber_c001598,1.367164,-3.36299,Stem,Stem,2,Stem
haber_c001601,-4.274355,7.349842,Enterocyte,Enterocyte,10,Enterocyte
haber_c001602,1.915531,0.661885,TA.Early,Progenitor,6,Unknown
haber_c001603,-5.319797,5.572402,Enterocyte.Progenitor,Progenitor,0,Enterocyte
haber_c001604,10.94401,0.7190837,Goblet,Goblet,12,Goblet
haber_c001605,10.43232,0.9080535,Goblet,Goblet,12,Goblet
haber_c001606,-1.359851,6.00014,Enterocyte,Enterocyte,10,Enterocyte
haber_c001607,-1.493156,5.78214,Enterocyte,Enterocyte,10,Enterocyte
haber_c001609,0.2673687,-0.2571999,TA,Progenitor,3,Progenitor
haber_c001611,2.072365,1.13223,TA.Early,Progenitor,6,Unknown
haber_c001616,-3.897005,7.049716,Enterocyte,Enterocyte,10,Enterocyte
haber_c001617,1.837105,0.865256,TA.Early,Progenitor,3,Progenitor
haber_c001619,-1.108369,1.760307,Enterocyte.Progenitor,Progenitor,3,Progenitor
haber_c001621,-0.1925011,0.02467853,TA,Progenitor,3,Progenitor
haber_c001622,-0.1614683,2.276062,TA.Early,Progenitor,4,Progenitor
haber_c001623,-1.17573,-0.8480361,TA,Progenitor,3,Progenitor
haber_c001625,0.6184453,1.332068,TA.Early,Progenitor,4,Progenitor
haber_c001627,-0.211472,-0.2077403,TA,Progenitor,3,Progenitor
haber_c001628,3.216567,0.1635682,Stem,Stem,6,Unknown
haber_c001629,-1.834026,5.283576,Enterocyte.Progenitor,Progenitor,1,Unknown
haber_c001632,9.851597,0.4247496,Goblet,Goblet,12,Goblet
haber_c001634,0.03784616,-1.747289,Stem,Stem,3,Progenitor
haber_c001635,-1.863566,2.747782,Enterocyte.Progenitor,Progenitor,1,Unknown
haber_c001636,-0.5519736,3.754435,Enterocyte.Progenitor,Progenitor,4,Progenitor
haber_c001637,-0.9597837,0.08984359,TA.Early,Progenitor,3,Progenitor
haber_c001638,-1.9705,4.967047,Enterocyte.Progenitor,Progenitor,1,Unknown
haber_c001639,-0.7704908,0.1506029,TA,Progenitor,3,Progenitor
haber_c001640,0.286054,-1.10343,TA,Progenitor,3,Progenitor
haber_c001641,-0.179215,-0.9673425,Stem,Stem,3,Progenitor
haber_c001642,-0.09120489,-2.50761,Stem,Stem,2,Stem
haber_c001645,2.206242,1.175966,TA.Early,Progenitor,6,Unknown
haber_c001650,-2.681734,6.558624,Enterocyte,Enterocyte,10,Enterocyte
haber_c001651,-0.9753931,4.747324,Enterocyte.Progenitor,Progenitor,1,Unknown
haber_c001652,9.644425,0.4783487,Goblet,Goblet,12,Goblet
haber_c001653,2.393802,2.874149,TA,Progenitor,4,Progenitor
haber_c001655,-1.444903,-0.2523176,Stem,Stem,3,Progenitor
haber_c001656,1.042118,0.8152503,TA.Early,Progenitor,6,Unknown
haber_c001657,-0.6779678,0.8266444,TA,Progenitor,3,Progenitor
haber_c001659,-4.324851,6.064182,Enterocyte.Progenitor,Progenitor,0,Enterocyte
haber_c001660,1.147017,-1.773592,Stem,Stem,2,Stem
haber_c001661,1.681026,-2.894994,Stem,Stem,2,Stem
haber_c001662,-3.171468,3.212829,Enterocyte.Progenitor,Progenitor,1,Unknown
haber_c001665,-3.822573,3.418265,Enterocyte.Progenitor,Progenitor,1,Unknown
haber_c001667,10.21527,0.7716379,Goblet,Goblet,12,Goblet
haber_c001669,2.866067,0.9429463,TA.Early,Progenitor,6,Unknown
haber_c001670,-4.447052,4.139368,Enterocyte.Progenitor,Progenitor,1,Unknown
haber_c001671,1.221977,-0.4823995,TA.Early,Progenitor,3,Progenitor
haber_c001673,0.4732634,3.312993,TA.Early,Progenitor,4,Progenitor
haber_c001674,-1.184446,3.032702,Enterocyte.Progenitor,Progenitor,1,Unknown
haber_c001675,-1.153402,4.427585,Enterocyte.Progenitor,Progenitor,1,Unknown
haber_c001677,2.98055,0.5109257,TA.Early,Progenitor,6,Unknown
haber_c001678,9.209878,1.158831,Goblet,Goblet,12,Goblet
haber_c001679,0.3644422,-1.288872,TA,Progenitor,3,Progenitor
haber_c001680,0.6868316,3.036613,TA.Early,Progenitor,4,Progenitor
haber_c001682,0.02506661,-0.1501002,TA.Early,Progenitor,3,Progenitor
haber_c001683,2.13834,0.1367422,TA.Early,Progenitor,6,Unknown
haber_c001684,0.8347856,1.866028,TA.Early,Progenitor,4,Progenitor
haber_c001685,9.932632,5.955929,Endocrine,Endocrine,11,Endocrine
haber_c001686,11.77361,3.799921,Tuft,Tuft,8,Tuft
haber_c001687,-0.7164121,0.7434676,TA,Progenitor,3,Progenitor
haber_c001688,0.4724927,-0.01022633,TA.Early,Progenitor,3,Progenitor
haber_c001690,2.31664,0.5231262,TA.Early,Progenitor,6,Unknown
haber_c001691,-1.276765,-0.1586004,TA,Progenitor,3,Progenitor
haber_c001692,0.8602174,1.76474,TA.Early,Progenitor,4,Progenitor
haber_c001697,10.55477,3.584115,Tuft,Tuft,8,Tuft
haber_c001698,8.701488,1.227104,Goblet,Goblet,12,Goblet
haber_c001699,-1.783355,4.649692,Enterocyte.Progenitor,Progenitor,1,Unknown
haber_c001700,8.843711,7.297637,Endocrine,Endocrine,11,Endocrine
haber_c001701,1.836081,2.578672,Enterocyte.Progenitor,Progenitor,4,Progenitor
haber_c001702,2.826595,0.8265481,TA.Early,Progenitor,6,Unknown
haber_c001703,-3.437634,6.54973,Enterocyte,Enterocyte,10,Enterocyte
haber_c001704,0.6124945,1.763726,TA.Early,Progenitor,4,Progenitor
haber_c001705,-1.991824,2.831238,Enterocyte.Progenitor,Progenitor,1,Unknown
haber_c001707,2.076058,0.5804228,TA.Early,Progenitor,6,Unknown
haber_c001708,-1.255621,-1.568436,Stem,Stem,3,Progenitor
haber_c001709,0.5525753,-2.436327,Stem,Stem,2,Stem
haber_c001711,-4.664094,6.959329,Enterocyte,Enterocyte,0,Enterocyte
haber_c001712,10.51323,0.9330631,Goblet,Goblet,12,Goblet
haber_c001714,-0.2569244,-2.200311,Stem,Stem,3,Progenitor
haber_c001715,-1.331888,6.185582,Enterocyte,Enterocyte,10,Enterocyte
haber_c001716,10.90182,0.2020301,Goblet,Goblet,12,Goblet
haber_c001717,-2.999786,5.913573,Enterocyte,Enterocyte,10,Enterocyte
haber_c001719,-5.181339,6.392591,Enterocyte,Enterocyte,0,Enterocyte
haber_c001721,1.333034,-3.657626,Stem,Stem,2,Stem
haber_c001724,-0.1656049,4.056906,Enterocyte.Progenitor,Progenitor,1,Unknown
haber_c001725,10.51207,-0.5647344,Goblet,Goblet,12,Goblet
haber_c001726,1.829013,0.8890766,TA.Early,Progenitor,3,Progenitor
haber_c001727,8.977916,1.056489,Goblet,Goblet,12,Goblet
haber_c001728,1.579753,0.2406654,TA.Early,Progenitor,6,Unknown
haber_c001729,-0.7049144,2.88982,Enterocyte.Progenitor,Progenitor,1,Unknown
haber_c001730,-3.54172,7.154833,Enterocyte,Enterocyte,10,Enterocyte
haber_c001733,0.5230681,-2.967841,Stem,Stem,2,Stem
haber_c001735,1.439311,0.3744741,TA.Early,Progenitor,6,Unknown
haber_c001736,1.425782,0.5908835,Endocrine,Endocrine,4,Progenitor
haber_c001737,-1.449506,-1.116228,Stem,Stem,3,Progenitor
haber_c001738,-2.110289,5.525268,Enterocyte.Progenitor,Progenitor,1,Unknown
haber_c001739,-0.1952293,0.3668223,TA,Progenitor,4,Progenitor
haber_c001740,-1.061571,1.037229,TA,Progenitor,3,Progenitor
haber_c001742,2.257154,1.630968,TA,Progenitor,3,Progenitor
haber_c001743,10.91686,3.676478,Tuft,Tuft,8,Tuft
haber_c001744,10.59422,3.405794,Tuft,Tuft,8,Tuft
haber_c001745,-0.7132174,2.644572,Enterocyte.Progenitor,Progenitor,4,Progenitor
haber_c001749,11.86698,3.954376,Tuft,Tuft,8,Tuft
haber_c001750,1.005859,3.436243,TA.Early,Progenitor,4,Progenitor
haber_c001751,-1.15479,4.299532,Enterocyte.Progenitor,Progenitor,1,Unknown
haber_c001753,-1.18321,0.4394739,TA,Progenitor,3,Progenitor
haber_c001755,1.5812,2.565937,TA.Early,Progenitor,4,Progenitor
haber_c001757,-1.807235,5.115542,Enterocyte.Progenitor,Progenitor,1,Unknown
haber_c001758,-2.142705,5.089739,Enterocyte.Progenitor,Progenitor,1,Unknown
haber_c001759,-0.1068525,-0.243254,TA,Progenitor,3,Progenitor
haber_c001761,9.71244,1.102697,Goblet,Goblet,12,Goblet
haber_c001762,0.6135234,0.3316615,TA.Early,Progenitor,3,Progenitor
haber_c001763,0.7331386,1.182869,TA.Early,Progenitor,4,Progenitor
haber_c001766,1.781777,0.3246548,TA.Early,Progenitor,6,Unknown
haber_c001768,8.908752,5.116508,Endocrine,Endocrine,11,Endocrine
haber_c001770,0.2911918,4.433098,Enterocyte.Progenitor,Progenitor,4,Progenitor
haber_c001771,-1.928372,5.155077,Enterocyte.Progenitor,Progenitor,1,Unknown
haber_c001775,0.1117471,1.943979,TA.Early,Progenitor,4,Progenitor
haber_c001777,1.251048,-0.6957654,Stem,Stem,2,Stem
haber_c001779,-5.415317,7.220071,Enterocyte,Enterocyte,0,Enterocyte
haber_c001780,2.223694,1.705552,TA.Early,Progenitor,4,Progenitor
haber_c001781,8.239267,0.8671795,Goblet,Goblet,12,Goblet
haber_c001782,2.076375,0.6302404,TA.Early,Progenitor,6,Unknown
haber_c001783,-0.04593949,0.6222094,TA,Progenitor,4,Progenitor
haber_c001784,9.656591,1.156685,Goblet,Goblet,12,Goblet
haber_c001785,-0.5124499,-2.496885,Stem,Stem,2,Stem
haber_c001786,0.01301888,-0.7349138,TA,Progenitor,3,Progenitor
haber_c001787,0.4221153,3.898824,Enterocyte.Progenitor,Progenitor,4,Progenitor
haber_c001788,2.359823,1.195556,TA.Early,Progenitor,6,Unknown
haber_c001789,10.79989,0.8815086,Goblet,Goblet,12,Goblet
haber_c001792,-1.255839,-1.447001,Stem,Stem,3,Progenitor
haber_c001793,2.089911,1.572489,TA.Early,Progenitor,4,Progenitor
haber_c001797,1.275922,-1.255457,TA.Early,Progenitor,3,Progenitor
haber_c001799,-4.501787,5.438921,Enterocyte.Progenitor,Progenitor,0,Enterocyte
haber_c001803,9.087792,1.105471,Goblet,Goblet,12,Goblet
haber_c001804,0.7760678,2.257802,TA.Early,Progenitor,4,Progenitor
haber_c001805,1.840296,-1.781688,TA,Progenitor,2,Stem
haber_c001809,3.248518,0.5284474,TA.Early,Progenitor,6,Unknown
haber_c001810,-0.5185121,4.334319,Enterocyte.Progenitor,Progenitor,4,Progenitor
haber_c001811,1.947654,-1.629609,TA,Progenitor,2,Stem
haber_c001812,-1.643006,5.920209,Enterocyte.Progenitor,Progenitor,10,Enterocyte
haber_c001813,1.551377,0.7724887,TA.Early,Progenitor,3,Progenitor
haber_c001814,-0.7448306,-1.959199,Stem,Stem,2,Stem
haber_c001815,1.167598,2.627779,TA.Early,Progenitor,4,Progenitor
haber_c001816,1.187059,-2.676516,Stem,Stem,2,Stem
haber_c001817,10.58962,0.6349283,Goblet,Goblet,12,Goblet
haber_c001818,2.147311,1.328615,TA,Progenitor,6,Unknown
haber_c001820,-1.384211,0.7505654,TA,Progenitor,3,Progenitor
haber_c001821,2.499455,-2.673677,Tuft,Tuft,2,Stem
haber_c001822,-0.9047396,-2.343458,Stem,Stem,2,Stem
haber_c001825,-1.231728,4.370013,Enterocyte.Progenitor,Progenitor,1,Unknown
haber_c001826,0.4756879,-3.409502,Stem,Stem,2,Stem
haber_c001829,-2.842012,7.974138,Enterocyte,Enterocyte,10,Enterocyte
haber_c001830,-0.6456584,-2.525675,Stem,Stem,2,Stem
haber_c001831,-1.276927,7.585255,Enterocyte,Enterocyte,13,Enterocyte
haber_c001832,3.59694,-0.3637289,Endocrine,Endocrine,7,Progenitor
haber_c001836,9.364247,1.273531,Goblet,Goblet,12,Goblet
haber_c001837,-3.453866,8.432397,Enterocyte,Enterocyte,0,Enterocyte
haber_c001840,1.845729,0.9572023,TA.Early,Progenitor,4,Progenitor
haber_c001841,-0.9630197,4.480754,Enterocyte.Progenitor,Progenitor,1,Unknown
haber_c001842,-2.124585,9.030143,Enterocyte,Enterocyte,13,Enterocyte
haber_c001844,0.5204605,0.1548822,TA.Early,Progenitor,3,Progenitor
haber_c001846,0.2710811,0.5121157,TA.Early,Progenitor,3,Progenitor
haber_c001849,-1.496197,4.269071,Enterocyte.Progenitor,Progenitor,1,Unknown
haber_c001851,-0.08415575,-0.6166652,Stem,Stem,3,Progenitor
haber_c001852,0.6890932,3.199865,TA.Early,Progenitor,4,Progenitor
haber_c001855,1.407073,-0.4508044,TA.Early,Progenitor,2,Stem
haber_c001861,-1.342162,2.968402,Enterocyte.Progenitor,Progenitor,1,Unknown
haber_c001862,0.3145346,-3.335122,Stem,Stem,2,Stem
haber_c001863,10.40998,1.088017,Goblet,Goblet,12,Goblet
haber_c001864,-0.3063217,-1.302409,TA,Progenitor,2,Stem
haber_c001865,-1.63264,7.225561,Enterocyte,Enterocyte,10,Enterocyte
haber_c001866,-2.617921,6.534657,Enterocyte,Enterocyte,10,Enterocyte
haber_c001867,10.77742,4.289816,Tuft,Tuft,8,Tuft
haber_c001868,-2.515385,6.987164,Enterocyte,Enterocyte,10,Enterocyte
haber_c001869,0.7878529,1.53967,TA.Early,Progenitor,4,Progenitor
haber_c001870,-0.3275359,4.327398,Enterocyte.Progenitor,Progenitor,1,Unknown
haber_c001871,8.785796,1.597622,Goblet,Goblet,12,Goblet
haber_c001872,2.918151,1.173681,TA.Early,Progenitor,6,Unknown
haber_c001873,8.937842,4.217112,Endocrine,Endocrine,11,Endocrine
haber_c001879,3.221673,0.1119353,TA.Early,Progenitor,6,Unknown
haber_c001882,1.181931,-1.855646,Stem,Stem,2,Stem
haber_c001883,0.0571755,2.384111,TA.Early,Progenitor,4,Progenitor
haber_c001884,1.101114,2.935041,TA.Early,Progenitor,4,Progenitor
haber_c001885,0.882813,-0.4307851,TA.Early,Progenitor,3,Progenitor
haber_c001886,-1.008833,-0.4554465,TA,Progenitor,3,Progenitor
haber_c001887,9.321569,0.3381705,Goblet,Goblet,12,Goblet
haber_c001889,1.433,-2.508214,Stem,Stem,2,Stem
haber_c001890,-0.6012467,-1.898807,Stem,Stem,2,Stem
haber_c001893,0.2945183,-1.310301,Stem,Stem,3,Progenitor
haber_c001895,0.7404583,3.240701,Enterocyte.Progenitor,Progenitor,4,Progenitor
haber_c001897,1.991281,0.7031195,TA.Early,Progenitor,3,Progenitor
haber_c001899,-0.4878372,2.989364,Enterocyte.Progenitor,Progenitor,1,Unknown
haber_c001900,12.20968,4.292025,Tuft,Tuft,8,Tuft
haber_c001902,-0.2352743,-0.2525224,TA.Early,Progenitor,3,Progenitor
haber_c001903,2.374351,-2.5524,Stem,Stem,2,Stem
haber_c001904,10.43488,3.427577,Tuft,Tuft,8,Tuft
haber_c001908,-0.4456017,1.535373,TA,Progenitor,4,Progenitor
haber_c001909,-0.1814473,0.7309988,TA,Progenitor,3,Progenitor
haber_c001910,-1.175062,1.955695,Enterocyte.Progenitor,Progenitor,3,Progenitor
haber_c001913,-0.4261349,-2.167157,Stem,Stem,2,Stem
haber_c001914,-0.9607478,-0.641951,Stem,Stem,3,Progenitor
haber_c001915,-0.3337384,4.160496,Enterocyte.Progenitor,Progenitor,1,Unknown
haber_c001917,0.6456946,1.419869,TA.Early,Progenitor,4,Progenitor
haber_c001920,0.5692354,3.109695,TA.Early,Progenitor,4,Progenitor
haber_c001921,0.8047124,-1.793609,Stem,Stem,2,Stem
haber_c001922,0.5803733,2.38231,TA.Early,Progenitor,4,Progenitor
haber_c001923,1.031084,3.135007,TA.Early,Progenitor,4,Progenitor
haber_c001924,-2.564163,6.476545,Enterocyte,Enterocyte,10,Enterocyte
haber_c001925,-0.9407812,0.2628478,TA,Progenitor,3,Progenitor
haber_c001929,0.1539894,0.3038033,TA.Early,Progenitor,3,Progenitor
haber_c001931,1.74449,-1.344661,Stem,Stem,6,Unknown
haber_c001932,-0.4738385,0.03508142,TA.Early,Progenitor,3,Progenitor
haber_c001935,0.164312,2.918745,TA.Early,Progenitor,4,Progenitor
haber_c001937,0.2328811,1.351808,TA.Early,Progenitor,4,Progenitor
haber_c001939,0.3097011,-1.577684,Stem,Stem,2,Stem
haber_c001941,0.7457836,1.39129,TA.Early,Progenitor,4,Progenitor
haber_c001945,3.20509,1.09928,TA.Early,Progenitor,6,Unknown
haber_c001946,-2.913793,6.662781,Enterocyte,Enterocyte,10,Enterocyte
haber_c001948,0.2508104,2.715729,Enterocyte.Progenitor,Progenitor,4,Progenitor
haber_c001953,10.66487,6.356902,Endocrine,Endocrine,11,Endocrine
haber_c001954,-0.9085719,-0.6583824,Stem,Stem,3,Progenitor
haber_c001955,-3.013241,6.674209,Enterocyte,Enterocyte,10,Enterocyte
haber_c001956,10.38248,0.942478,Goblet,Goblet,12,Goblet
haber_c001957,1.311154,0.7761897,TA.Early,Progenitor,6,Unknown
haber_c001958,0.2433223,1.313019,TA.Early,Progenitor,4,Progenitor
haber_c001959,8.563199,1.913778,Endocrine,Endocrine,12,Goblet
haber_c001963,1.509114,-0.08457289,TA.Early,Progenitor,2,Stem
haber_c001966,0.5808325,-0.3463968,Stem,Stem,3,Progenitor
haber_c001967,-0.3398777,2.463066,TA.Early,Progenitor,4,Progenitor
haber_c001968,-0.4038582,-2.196803,Stem,Stem,3,Progenitor
haber_c001970,1.220671,-3.889504,Stem,Stem,2,Stem
haber_c001972,-1.172129,-1.109043,Stem,Stem,3,Progenitor
haber_c001973,9.849187,0.7363709,Goblet,Goblet,12,Goblet
haber_c001975,-1.744484,6.274739,Enterocyte,Enterocyte,10,Enterocyte
haber_c001976,1.183633,2.227416,TA.Early,Progenitor,4,Progenitor
haber_c001977,2.269211,2.10259,TA.Early,Progenitor,4,Progenitor
haber_c001980,-2.227612,3.940314,Enterocyte.Progenitor,Progenitor,1,Unknown
haber_c001981,1.520013,0.9644044,TA,Progenitor,3,Progenitor
haber_c001982,1.576625,1.680702,TA.Early,Progenitor,6,Unknown
haber_c001985,-0.1481282,2.700823,TA.Early,Progenitor,4,Progenitor
haber_c001986,0.2183644,4.372007,Enterocyte.Progenitor,Progenitor,4,Progenitor
haber_c001987,-0.02561807,-1.690851,Stem,Stem,3,Progenitor
haber_c001988,9.181203,1.456545,Goblet,Goblet,12,Goblet
haber_c001989,0.239438,1.057007,TA.Early,Progenitor,4,Progenitor
haber_c001992,-2.157423,2.947545,Enterocyte.Progenitor,Progenitor,1,Unknown
haber_c001995,-1.270452,-0.2940654,TA,Progenitor,3,Progenitor
haber_c001996,-2.308851,7.94957,Enterocyte,Enterocyte,0,Enterocyte
haber_c001997,-2.980981,3.482644,Enterocyte.Progenitor,Progenitor,1,Unknown
haber_c001999,-1.17803,0.5598111,TA,Progenitor,3,Progenitor
haber_c002000,7.907781,6.994174,Endocrine,Endocrine,11,Endocrine
haber_c002001,2.109453,-0.4843634,TA.Early,Progenitor,3,Progenitor
haber_c002002,1.632571,1.39072,TA.Early,Progenitor,4,Progenitor
haber_c002003,1.339095,-1.718247,Stem,Stem,2,Stem
haber_c002005,12.06172,3.169859,Tuft,Tuft,8,Tuft
haber_c002006,1.338561,-0.1166077,TA.Early,Progenitor,6,Unknown
haber_c002008,0.6949685,3.371823,TA.Early,Progenitor,4,Progenitor
haber_c002012,1.193694,-1.633955,Stem,Stem,2,Stem
haber_c002013,-0.2819715,-0.09703423,TA.Early,Progenitor,3,Progenitor
haber_c002014,0.03839802,-1.305079,Stem,Stem,3,Progenitor
haber_c002015,10.52458,0.8132985,Goblet,Goblet,12,Goblet
haber_c002016,1.017245,1.899997,TA.Early,Progenitor,4,Progenitor
haber_c002017,1.375141,2.438698,TA.Early,Progenitor,4,Progenitor
haber_c002019,-0.04710995,-0.1449386,TA,Progenitor,3,Progenitor
haber_c002020,1.219401,2.780852,TA.Early,Progenitor,4,Progenitor
haber_c002021,1.022343,-2.116302,Stem,Stem,2,Stem
haber_c002022,1.412268,1.315651,TA.Early,Progenitor,4,Progenitor
haber_c002023,2.059841,2.52013,TA.Early,Progenitor,4,Progenitor
haber_c002024,-0.4223092,1.778067,TA.Early,Progenitor,4,Progenitor
haber_c002025,0.9080945,1.328526,TA.Early,Progenitor,4,Progenitor
haber_c002026,8.980163,7.147517,Endocrine,Endocrine,11,Endocrine
haber_c002028,-0.1410889,-0.4851045,TA,Progenitor,3,Progenitor
haber_c002032,0.201783,1.84641,TA,Progenitor,4,Progenitor
haber_c002036,1.876034,-3.117666,Stem,Stem,2,Stem
haber_c002037,0.4864853,0.1118749,TA.Early,Progenitor,3,Progenitor
haber_c002038,0.1998845,1.113749,TA,Progenitor,3,Progenitor
haber_c002039,-2.824411,4.194969,Enterocyte.Progenitor,Progenitor,1,Unknown
haber_c002041,8.501438,6.309818,Endocrine,Endocrine,11,Endocrine
haber_c002044,0.6781912,1.423023,TA.Early,Progenitor,4,Progenitor
haber_c002049,9.38052,1.375442,Goblet,Goblet,12,Goblet
haber_c002052,1.092376,1.828459,TA.Early,Progenitor,4,Progenitor
haber_c002053,-1.591712,4.553787,Enterocyte.Progenitor,Progenitor,1,Unknown
haber_c002054,-0.7774693,2.540297,Enterocyte.Progenitor,Progenitor,1,Unknown
haber_c002055,0.468563,-3.316707,Stem,Stem,2,Stem
haber_c002059,-3.076844,7.45825,Enterocyte,Enterocyte,10,Enterocyte
haber_c002061,1.023627,1.314299,TA.Early,Progenitor,4,Progenitor
haber_c002062,0.8675979,-2.02601,Stem,Stem,2,Stem
haber_c002064,-1.801703,6.279414,Enterocyte,Enterocyte,10,Enterocyte
haber_c002065,0.05827054,1.401535,TA.Early,Progenitor,3,Progenitor
haber_c002066,-0.2891929,3.899096,Enterocyte.Progenitor,Progenitor,4,Progenitor
haber_c002067,1.529853,0.2419183,Stem,Stem,6,Unknown
haber_c002068,-0.7205411,-2.297869,Stem,Stem,3,Progenitor
haber_c002073,-1.722734,3.665074,Enterocyte.Progenitor,Progenitor,1,Unknown
haber_c002074,-1.755662,5.957853,Enterocyte,Enterocyte,10,Enterocyte
haber_c002075,-0.1862273,0.5610839,TA,Progenitor,3,Progenitor
haber_c002079,2.763429,-2.558532,Stem,Stem,2,Stem
haber_c002080,0.9516016,0.6325272,TA.Early,Progenitor,4,Progenitor
haber_c002082,0.10366,-2.559978,Stem,Stem,2,Stem
haber_c002083,-0.7562307,-3.133139,Stem,Stem,2,Stem
haber_c002084,0.1476768,1.001124,TA.Early,Progenitor,3,Progenitor
haber_c002086,-2.647424,7.118594,Enterocyte,Enterocyte,10,Enterocyte
haber_c002089,1.612594,-1.213456,Stem,Stem,14,Progenitor
haber_c002090,9.128526,1.588516,Goblet,Goblet,12,Goblet
haber_c002091,-0.8327525,2.786135,Enterocyte.Progenitor,Progenitor,1,Unknown
haber_c002093,1.802546,2.5317,TA.Early,Progenitor,4,Progenitor
haber_c002094,-1.949126,2.598211,Enterocyte.Progenitor,Progenitor,1,Unknown
haber_c002096,-1.229401,4.37013,Enterocyte.Progenitor,Progenitor,1,Unknown
haber_c002099,-0.1553875,1.055981,TA,Progenitor,3,Progenitor
haber_c002100,0.3580917,0.8682309,TA.Early,Progenitor,3,Progenitor
haber_c002103,-1.277763,-0.02903413,Stem,Stem,3,Progenitor
haber_c002104,-3.652993,7.467072,Enterocyte,Enterocyte,10,Enterocyte
haber_c002105,-0.4719288,-1.333012,Stem,Stem,3,Progenitor
haber_c002106,-0.5118527,-0.1487473,TA,Progenitor,3,Progenitor
haber_c002107,1.195136,-2.279593,Stem,Stem,2,Stem
haber_c002108,0.8726621,-0.4940135,Stem,Stem,3,Progenitor
haber_c002109,-3.611862,6.753137,Enterocyte,Enterocyte,10,Enterocyte
haber_c002110,1.795248,-1.885338,TA,Progenitor,2,Stem
haber_c002111,9.79656,1.178475,Goblet,Goblet,12,Goblet
haber_c002112,1.698318,0.4320095,TA.Early,Progenitor,6,Unknown
haber_c002113,-2.234265,5.308644,Enterocyte.Progenitor,Progenitor,1,Unknown
haber_c002114,0.8613034,0.4925893,TA.Early,Progenitor,4,Progenitor
haber_c002117,-1.237647,-1.837216,Stem,Stem,3,Progenitor
haber_c002118,0.7854837,1.713418,TA.Early,Progenitor,3,Progenitor
haber_c002119,0.71076,-0.6109877,TA,Progenitor,3,Progenitor
haber_c002120,9.358521,0.1778977,Goblet,Goblet,12,Goblet
haber_c002121,-0.5420002,4.326376,Enterocyte.Progenitor,Progenitor,4,Progenitor
haber_c002123,7.981095,1.233785,Goblet,Goblet,12,Goblet
haber_c002126,9.458169,1.481727,Goblet,Goblet,12,Goblet
haber_c002127,-1.252855,6.25456,Enterocyte,Enterocyte,10,Enterocyte
haber_c002128,-0.7518716,1.496602,TA,Progenitor,4,Progenitor
haber_c002129,2.026331,-1.945572,TA,Progenitor,2,Stem
haber_c002130,0.743021,2.776361,TA.Early,Progenitor,4,Progenitor
haber_c002131,0.1295011,-1.396122,Stem,Stem,2,Stem
haber_c002132,9.680615,1.145913,Goblet,Goblet,12,Goblet
haber_c002133,1.342931,-0.2066358,TA,Progenitor,3,Progenitor
haber_c002134,-0.7740796,4.507326,Enterocyte.Progenitor,Progenitor,1,Unknown
haber_c002135,8.535002,1.635128,Stem,Stem,12,Goblet
haber_c002136,-1.118655,1.574082,Enterocyte.Progenitor,Progenitor,3,Progenitor
haber_c002137,12.52776,4.257654,Tuft,Tuft,8,Tuft
haber_c002139,-1.382382,0.9665968,TA,Progenitor,3,Progenitor
haber_c002141,0.6140743,-0.8384637,Stem,Stem,3,Progenitor
haber_c002143,0.3039085,1.626295,TA.Early,Progenitor,4,Progenitor
haber_c002147,0.2887528,-3.077404,Stem,Stem,2,Stem
haber_c002149,-1.384661,1.548523,Enterocyte.Progenitor,Progenitor,3,Progenitor
haber_c002150,1.965575,1.13791,TA.Early,Progenitor,3,Progenitor
haber_c002152,0.6837062,2.299551,TA.Early,Progenitor,4,Progenitor
haber_c002153,8.865761,1.227857,Goblet,Goblet,12,Goblet
haber_c002154,0.8169685,0.2938941,TA,Progenitor,3,Progenitor
haber_c002155,2.010019,0.1678705,TA.Early,Progenitor,6,Unknown
haber_c002156,0.4753819,2.222138,TA.Early,Progenitor,4,Progenitor
haber_c002157,-2.750985,8.213798,Enterocyte,Enterocyte,10,Enterocyte
haber_c002160,-2.117001,6.637866,Enterocyte,Enterocyte,10,Enterocyte
haber_c002163,0.2383665,0.2508954,TA.Early,Progenitor,3,Progenitor
haber_c002165,1.923231,1.023262,TA.Early,Progenitor,6,Unknown
haber_c002167,11.27862,4.273922,Tuft,Tuft,8,Tuft
haber_c002168,-2.894904,7.205259,Enterocyte,Enterocyte,10,Enterocyte
haber_c002170,-0.1254746,-3.34257,Stem,Stem,2,Stem
haber_c002171,-2.117383,5.723751,Enterocyte,Enterocyte,1,Unknown
haber_c002172,0.5540356,0.8361702,TA.Early,Progenitor,3,Progenitor
haber_c002174,1.959142,-3.142928,Stem,Stem,2,Stem
haber_c002175,1.512386,1.539283,TA.Early,Progenitor,6,Unknown
haber_c002178,-0.2019909,-2.821243,Stem,Stem,2,Stem
haber_c002179,0.149778,2.087383,TA.Early,Progenitor,4,Progenitor
haber_c002180,0.7237596,-3.013255,Stem,Stem,2,Stem
haber_c002181,0.4310378,0.9943951,TA.Early,Progenitor,3,Progenitor
haber_c002182,-3.71733,7.403627,Enterocyte,Enterocyte,10,Enterocyte
haber_c002183,-1.250143,2.667361,TA.Early,Progenitor,4,Progenitor
haber_c002184,1.967895,0.1227878,TA.Early,Progenitor,6,Unknown
haber_c002186,8.879733,-0.6211152,Goblet,Goblet,12,Goblet
haber_c002187,0.8292574,1.030056,TA.Early,Progenitor,4,Progenitor
haber_c002188,0.8272511,-1.777853,Stem,Stem,2,Stem
haber_c002191,-0.2692823,4.461151,Enterocyte.Progenitor,Progenitor,1,Unknown
haber_c002192,9.549926,1.294939,Goblet,Goblet,12,Goblet
haber_c002193,0.6675128,-0.208515,TA.Early,Progenitor,3,Progenitor
haber_c002196,-2.55461,5.607283,Enterocyte,Enterocyte,1,Unknown
haber_c002197,1.044451,2.725403,TA.Early,Progenitor,4,Progenitor
haber_c002198,8.413833,6.531532,Endocrine,Endocrine,11,Endocrine
haber_c002199,-1.532673,4.533186,Enterocyte.Progenitor,Progenitor,1,Unknown
haber_c002200,0.01722709,0.7910722,TA.Early,Progenitor,4,Progenitor
haber_c002201,-1.395436,0.6919659,TA,Progenitor,3,Progenitor
haber_c002202,2.170639,0.541198,TA.Early,Progenitor,6,Unknown
haber_c002207,0.9399784,-0.4274194,TA,Progenitor,3,Progenitor
haber_c002208,11.53571,-1.451157,Goblet,Goblet,12,Goblet
haber_c002209,0.9202958,2.780126,TA.Early,Progenitor,4,Progenitor
haber_c002211,-0.6421449,4.773047,Enterocyte.Progenitor,Progenitor,1,Unknown
haber_c002212,-3.377448,3.988678,Enterocyte.Progenitor,Progenitor,1,Unknown
haber_c002213,-1.135481,0.8309435,TA,Progenitor,3,Progenitor
haber_c002214,1.692392,0.4604753,TA.Early,Progenitor,6,Unknown
haber_c002217,0.2968061,-1.06603,TA,Progenitor,3,Progenitor
haber_c002218,7.481188,-0.8493952,Stem,Stem,12,Goblet
haber_c002222,0.8156017,0.7499744,TA.Early,Progenitor,3,Progenitor
haber_c002223,-0.9803963,4.635069,Enterocyte.Progenitor,Progenitor,1,Unknown
haber_c002224,8.947423,1.70229,Goblet,Goblet,12,Goblet
haber_c002225,-2.475295,6.162212,Enterocyte,Enterocyte,10,Enterocyte
haber_c002226,-0.5640869,0.2476435,TA,Progenitor,3,Progenitor
haber_c002227,11.18187,3.969885,Tuft,Tuft,8,Tuft
haber_c002228,-0.348995,-3.140244,Stem,Stem,2,Stem
haber_c002230,1.991238,1.003565,TA.Early,Progenitor,6,Unknown
haber_c002231,3.018645,0.1711952,TA.Early,Progenitor,6,Unknown
haber_c002232,0.9045622,1.639302,TA,Progenitor,4,Progenitor
haber_c002234,-1.7062,5.598746,Enterocyte.Progenitor,Progenitor,1,Unknown
haber_c002235,0.788922,5.615933,Enterocyte.Progenitor,Progenitor,15,Unknown
haber_c002240,0.6557676,1.141344,TA.Early,Progenitor,4,Progenitor
haber_c002242,0.828389,2.605611,TA.Early,Progenitor,4,Progenitor
haber_c002244,1.48683,-2.042518,Tuft,Tuft,2,Stem
haber_c002246,-1.975321,5.302754,Enterocyte.Progenitor,Progenitor,1,Unknown
haber_c002248,1.690958,-3.423853,Stem,Stem,2,Stem
haber_c002250,0.3801543,0.7253911,TA.Early,Progenitor,3,Progenitor
haber_c002251,0.217945,0.6968778,TA.Early,Progenitor,4,Progenitor
haber_c002252,8.538987,-1.206829,Goblet,Goblet,12,Goblet
haber_c002253,1.093129,2.346964,TA.Early,Progenitor,4,Progenitor
haber_c002254,0.7134173,-2.559742,Stem,Stem,2,Stem
haber_c002255,-0.0847471,4.215067,Enterocyte.Progenitor,Progenitor,1,Unknown
haber_c002256,1.186037,-3.820013,Stem,Stem,2,Stem
haber_c002257,-0.496857,-1.433635,Stem,Stem,2,Stem
haber_c002258,0.1922153,1.764975,TA.Early,Progenitor,4,Progenitor
haber_c002259,-2.005382,5.786605,Enterocyte,Enterocyte,10,Enterocyte
haber_c002262,0.3622236,1.33212,TA,Progenitor,3,Progenitor
haber_c002265,-0.9779785,-1.789821,Stem,Stem,2,Stem
haber_c002266,-2.480208,3.640928,Enterocyte.Progenitor,Progenitor,1,Unknown
haber_c002269,1.416489,-3.78956,Stem,Stem,2,Stem
haber_c002272,11.82821,3.258375,Tuft,Tuft,8,Tuft
haber_c002273,-0.01923595,-1.121294,TA,Progenitor,3,Progenitor
haber_c002274,-0.8331468,-2.141912,Stem,Stem,2,Stem
haber_c002276,-1.260068,4.914516,Enterocyte.Progenitor,Progenitor,1,Unknown
haber_c002278,-5.236908,7.885376,Enterocyte,Enterocyte,0,Enterocyte
haber_c002280,-3.373616,6.924824,Enterocyte,Enterocyte,10,Enterocyte
haber_c002281,-0.4949468,0.5579431,TA,Progenitor,3,Progenitor
haber_c002282,0.2122824,-3.562264,Stem,Stem,2,Stem
haber_c002283,-2.423278,5.376553,Enterocyte.Progenitor,Progenitor,1,Unknown
haber_c002284,1.018801,2.526751,TA.Early,Progenitor,4,Progenitor
haber_c002287,3.099657,0.5898309,TA.Early,Progenitor,6,Unknown
haber_c002288,0.4685869,1.197688,TA.Early,Progenitor,4,Progenitor
haber_c002290,0.2600479,2.985852,Enterocyte.Progenitor,Progenitor,4,Progenitor
haber_c002291,0.7460288,0.3966184,TA.Early,Progenitor,3,Progenitor
haber_c002292,-0.04673855,0.01948672,TA.Early,Progenitor,3,Progenitor
haber_c002294,-0.5487607,2.733306,TA.Early,Progenitor,4,Progenitor
haber_c002296,1.412448,2.654939,TA.Early,Progenitor,4,Progenitor
haber_c002298,-5.274871,6.531404,Enterocyte,Enterocyte,0,Enterocyte
haber_c002299,-1.432992,1.43303,Enterocyte.Progenitor,Progenitor,3,Progenitor
haber_c002300,0.8561795,3.545275,TA.Early,Progenitor,4,Progenitor
haber_c002302,-1.0754,-1.915312,Stem,Stem,3,Progenitor
haber_c002305,-5.300349,6.766568,Enterocyte,Enterocyte,0,Enterocyte
haber_c002307,0.04536646,2.619507,TA.Early,Progenitor,4,Progenitor
haber_c002309,-3.093925,6.997411,Enterocyte,Enterocyte,10,Enterocyte
haber_c002310,-4.887191,4.876181,Enterocyte.Progenitor,Progenitor,0,Enterocyte
haber_c002313,3.336509,0.2859769,TA.Early,Progenitor,6,Unknown
haber_c002314,1.923693,3.07248,TA.Early,Progenitor,4,Progenitor
haber_c002316,0.9695708,-3.280211,Stem,Stem,2,Stem
haber_c002317,-0.5130953,-2.204136,Stem,Stem,2,Stem
haber_c002318,0.8526878,-0.9697535,TA,Progenitor,3,Progenitor
haber_c002320,2.018235,0.698127,TA.Early,Progenitor,6,Unknown
haber_c002321,-3.074503,7.266819,Enterocyte,Enterocyte,10,Enterocyte
haber_c002322,-2.238572,6.599346,Enterocyte,Enterocyte,10,Enterocyte
haber_c002323,-5.109309,5.209923,Enterocyte.Progenitor,Progenitor,0,Enterocyte
haber_c002326,-0.5701765,2.824575,Enterocyte.Progenitor,Progenitor,1,Unknown
haber_c002327,-1.226416,5.021399,Enterocyte.Progenitor,Progenitor,1,Unknown
haber_c002328,-0.913,2.886411,Enterocyte.Progenitor,Progenitor,4,Progenitor
haber_c002329,-3.17179,7.476195,Enterocyte,Enterocyte,10,Enterocyte
haber_c002334,-0.9946128,0.1216366,TA,Progenitor,3,Progenitor
haber_c002335,-2.481661,6.311645,Enterocyte,Enterocyte,10,Enterocyte
haber_c002337,-1.435706,3.310203,Enterocyte.Progenitor,Progenitor,1,Unknown
haber_c002338,-1.240172,0.4998448,TA,Progenitor,3,Progenitor
haber_c002345,-5.327057,6.530304,Enterocyte,Enterocyte,0,Enterocyte
haber_c002349,-2.619014,6.646741,Enterocyte,Enterocyte,10,Enterocyte
haber_c002350,0.6299998,-0.4037907,TA,Progenitor,3,Progenitor
haber_c002352,0.08679365,-3.447051,Stem,Stem,2,Stem
haber_c002353,-2.852833,7.451117,Enterocyte,Enterocyte,10,Enterocyte
haber_c002357,1.903131,-3.992444,Stem,Stem,2,Stem
haber_c002360,-1.707909,6.312855,Enterocyte,Enterocyte,10,Enterocyte
haber_c002361,-0.5181087,0.2108403,TA,Progenitor,3,Progenitor
haber_c002362,-3.17635,8.428907,Enterocyte,Enterocyte,0,Enterocyte
haber_c002363,1.08245,0.4452268,Stem,Stem,4,Progenitor
haber_c002364,0.1781659,-2.771855,Stem,Stem,2,Stem
haber_c002365,-4.425267,4.86468,Enterocyte.Progenitor,Progenitor,0,Enterocyte
haber_c002366,-0.5172481,-0.4311016,TA,Progenitor,3,Progenitor
haber_c002368,-1.536156,0.4823834,TA,Progenitor,3,Progenitor
haber_c002369,-2.90959,6.452347,Enterocyte,Enterocyte,10,Enterocyte
haber_c002371,-0.6592781,3.646239,Enterocyte.Progenitor,Progenitor,1,Unknown
haber_c002375,-3.263399,7.083611,Enterocyte,Enterocyte,10,Enterocyte
haber_c002377,0.6144471,-3.57138,Stem,Stem,2,Stem
haber_c002378,2.166769,2.387553,TA.Early,Progenitor,4,Progenitor
haber_c002379,0.8066531,1.074973,TA.Early,Progenitor,3,Progenitor
haber_c002380,-1.821012,7.192726,Enterocyte,Enterocyte,10,Enterocyte
haber_c002382,-0.4537187,-0.227306,TA,Progenitor,3,Progenitor
haber_c002384,-2.166298,7.09574,Enterocyte,Enterocyte,10,Enterocyte
haber_c002385,-2.429463,2.945779,Enterocyte.Progenitor,Progenitor,1,Unknown
haber_c002386,-0.8705003,-2.802633,Stem,Stem,2,Stem
haber_c002387,0.7571328,-3.097116,Stem,Stem,2,Stem
haber_c002388,-1.566104,6.085436,Enterocyte,Enterocyte,10,Enterocyte
haber_c002390,-0.4855528,-2.769537,Stem,Stem,2,Stem
haber_c002392,-4.396217,4.66365,Enterocyte.Progenitor,Progenitor,0,Enterocyte
haber_c002393,-2.549961,6.751595,Enterocyte,Enterocyte,10,Enterocyte
haber_c002394,-1.121719,0.4450237,TA,Progenitor,3,Progenitor
haber_c002396,10.71243,0.5792115,Goblet,Goblet,12,Goblet
haber_c002398,0.01500924,4.352834,Enterocyte.Progenitor,Progenitor,4,Progenitor
haber_c002399,-0.2497628,-2.326376,Stem,Stem,2,Stem
haber_c002400,-3.458251,6.264628,Enterocyte,Enterocyte,10,Enterocyte
haber_c002401,1.545397,2.060899,TA.Early,Progenitor,4,Progenitor
haber_c002404,-0.02911785,0.512005,TA,Progenitor,3,Progenitor
haber_c002406,3.131138,0.2396015,TA.Early,Progenitor,6,Unknown
haber_c002407,2.090815,-0.06629328,TA.Early,Progenitor,6,Unknown
haber_c002408,-0.2309052,-2.22322,Stem,Stem,2,Stem
haber_c002410,-5.513287,6.388264,Enterocyte,Enterocyte,0,Enterocyte
haber_c002411,-1.661536,4.946848,Enterocyte.Progenitor,Progenitor,1,Unknown
haber_c002412,0.7754791,3.677215,Enterocyte.Progenitor,Progenitor,4,Progenitor
haber_c002413,1.846772,0.5546357,TA.Early,Progenitor,6,Unknown
haber_c002414,-2.569748,7.579181,Enterocyte,Enterocyte,10,Enterocyte
haber_c002415,0.3441888,3.918367,Enterocyte.Progenitor,Progenitor,4,Progenitor
haber_c002416,-5.165189,6.786855,Enterocyte,Enterocyte,0,Enterocyte
haber_c002418,-0.3529828,-0.1894215,TA,Progenitor,3,Progenitor
haber_c002419,-0.2186251,-2.521406,Stem,Stem,2,Stem
haber_c002420,-1.919239,7.159423,Enterocyte,Enterocyte,10,Enterocyte
haber_c002423,-3.007531,6.995968,Enterocyte,Enterocyte,10,Enterocyte
haber_c002425,-3.795829,5.819336,Enterocyte,Enterocyte,10,Enterocyte
haber_c002427,8.741726,6.051956,Endocrine,Endocrine,11,Endocrine
haber_c002429,-1.067597,4.300783,Enterocyte.Progenitor,Progenitor,1,Unknown
haber_c002430,-2.539892,2.435478,Enterocyte.Progenitor,Progenitor,1,Unknown
haber_c002431,-2.750848,6.729953,Enterocyte,Enterocyte,10,Enterocyte
haber_c002433,9.980287,6.05195,Endocrine,Endocrine,11,Endocrine
haber_c002435,-0.8000966,1.648627,TA,Progenitor,3,Progenitor
haber_c002436,-4.911878,7.321361,Enterocyte,Enterocyte,0,Enterocyte
haber_c002437,0.2560678,1.560942,TA,Progenitor,4,Progenitor
haber_c002438,-3.813438,3.703119,Enterocyte.Progenitor,Progenitor,1,Unknown
haber_c002439,-2.749501,6.438923,Enterocyte,Enterocyte,10,Enterocyte
haber_c002440,-1.362688,0.9047955,TA,Progenitor,3,Progenitor
haber_c002441,-1.608693,4.427933,Enterocyte.Progenitor,Progenitor,1,Unknown
haber_c002442,1.296081,2.436479,TA.Early,Progenitor,4,Progenitor
haber_c002443,-5.120941,8.020769,Enterocyte,Enterocyte,0,Enterocyte
haber_c002446,3.141526,0.759414,TA.Early,Progenitor,7,Progenitor
haber_c002447,-1.340583,2.799613,Enterocyte.Progenitor,Progenitor,1,Unknown
haber_c002448,-0.1066809,-1.019454,Stem,Stem,3,Progenitor
haber_c002450,1.367848,2.597781,TA.Early,Progenitor,4,Progenitor
haber_c002452,-2.931197,6.100771,Enterocyte,Enterocyte,10,Enterocyte
haber_c002453,0.2433225,0.673165,TA.Early,Progenitor,3,Progenitor
haber_c002456,1.203393,0.5060379,TA.Early,Progenitor,6,Unknown
haber_c002457,-4.169402,4.078165,Enterocyte.Progenitor,Progenitor,1,Unknown
haber_c002458,-0.729567,3.383089,Enterocyte.Progenitor,Progenitor,1,Unknown
haber_c002459,1.316044,2.291234,TA.Early,Progenitor,4,Progenitor
haber_c002461,-3.734624,7.06319,Enterocyte,Enterocyte,10,Enterocyte
haber_c002464,0.2514784,-1.999856,TA,Progenitor,2,Stem
haber_c002466,-5.076437,8.096492,Enterocyte,Enterocyte,0,Enterocyte
haber_c002468,-3.999773,3.614165,Enterocyte.Progenitor,Progenitor,1,Unknown
haber_c002469,8.644717,0.9785611,Goblet,Goblet,12,Goblet
haber_c002470,-3.452226,7.230242,Enterocyte,Enterocyte,10,Enterocyte
haber_c002471,0.8483242,0.9355965,TA.Early,Progenitor,3,Progenitor
haber_c002473,-4.473871,8.129127,Enterocyte,Enterocyte,0,Enterocyte
haber_c002474,0.7299258,2.93913,TA.Early,Progenitor,4,Progenitor
haber_c002475,-2.23198,6.840612,Enterocyte,Enterocyte,10,Enterocyte
haber_c002476,1.629433,2.827507,TA.Early,Progenitor,4,Progenitor
haber_c002477,1.620834,-0.1645301,TA.Early,Progenitor,6,Unknown
haber_c002478,-1.004941,4.90518,Enterocyte.Progenitor,Progenitor,1,Unknown
haber_c002479,-1.385808,0.7106266,TA,Progenitor,3,Progenitor
haber_c002480,-3.372908,6.055198,Enterocyte,Enterocyte,10,Enterocyte
haber_c002482,1.786733,1.423818,TA.Early,Progenitor,4,Progenitor
haber_c002487,-3.363263,5.410294,Enterocyte.Progenitor,Progenitor,1,Unknown
haber_c002489,1.814324,1.145159,TA.Early,Progenitor,6,Unknown
haber_c002490,-2.480734,6.900346,Enterocyte,Enterocyte,10,Enterocyte
haber_c002492,-1.84962,3.460521,Enterocyte.Progenitor,Progenitor,1,Unknown
haber_c002494,-0.5450307,0.2693303,TA,Progenitor,3,Progenitor
haber_c002495,-2.145572,6.768151,Enterocyte,Enterocyte,10,Enterocyte
haber_c002496,-0.1445339,3.574569,Enterocyte.Progenitor,Progenitor,4,Progenitor
haber_c002497,0.5274852,0.598497,TA.Early,Progenitor,3,Progenitor
haber_c002499,-1.141144,0.5002344,TA,Progenitor,3,Progenitor
haber_c002500,1.670352,-0.1128711,TA.Early,Progenitor,3,Progenitor
haber_c002501,3.692001,1.448487,TA.Early,Progenitor,7,Progenitor
haber_c002505,1.320205,2.005526,TA.Early,Progenitor,4,Progenitor
haber_c002506,-4.858155,6.496007,Enterocyte,Enterocyte,0,Enterocyte
haber_c002508,-0.05025381,-0.3639553,TA,Progenitor,3,Progenitor
haber_c002509,-2.922026,7.239479,Enterocyte,Enterocyte,10,Enterocyte
haber_c002511,-4.138622,6.377505,Enterocyte,Enterocyte,10,Enterocyte
haber_c002512,0.06223107,0.4471844,Enterocyte.Progenitor,Progenitor,3,Progenitor
haber_c002514,-0.006024898,1.315715,TA.Early,Progenitor,4,Progenitor
haber_c002516,0.640709,-3.628736,Stem,Stem,2,Stem
haber_c002517,-3.318925,7.435753,Enterocyte,Enterocyte,10,Enterocyte
haber_c002520,0.9467975,2.623361,TA.Early,Progenitor,4,Progenitor
haber_c002521,-2.327684,6.280233,Enterocyte,Enterocyte,10,Enterocyte
haber_c002522,-1.470452,7.499815,Enterocyte,Enterocyte,10,Enterocyte
haber_c002523,11.31076,4.475699,Tuft,Tuft,8,Tuft
haber_c002524,2.562432,-0.5172324,TA.Early,Progenitor,6,Unknown
haber_c002527,-5.457754,6.601305,Enterocyte,Enterocyte,0,Enterocyte
haber_c002531,0.4420102,-0.1860008,TA,Progenitor,3,Progenitor
haber_c002533,-0.5001922,-1.036551,TA,Progenitor,3,Progenitor
haber_c002537,-1.075968,-1.80442,Stem,Stem,3,Progenitor
haber_c002538,-2.313298,6.826788,Enterocyte,Enterocyte,10,Enterocyte
haber_c002539,1.304527,0.9014676,TA.Early,Progenitor,6,Unknown
haber_c002540,0.1479457,-2.198879,Stem,Stem,3,Progenitor
haber_c002541,10.97332,0.6231711,Goblet,Goblet,12,Goblet
haber_c002542,1.911155,-3.956209,Stem,Stem,2,Stem
haber_c002545,-0.1090813,-0.9379437,TA,Progenitor,3,Progenitor
haber_c002547,-1.160467,2.689188,Enterocyte.Progenitor,Progenitor,1,Unknown
haber_c002550,1.892369,3.137579,TA.Early,Progenitor,4,Progenitor
haber_c002551,0.2270045,-1.086431,TA,Progenitor,3,Progenitor
haber_c002553,-0.2654717,-0.6991757,TA,Progenitor,3,Progenitor
haber_c002554,-3.10454,6.330946,Enterocyte,Enterocyte,10,Enterocyte
haber_c002555,-1.876138,5.236071,Enterocyte.Progenitor,Progenitor,1,Unknown
haber_c002557,-0.6446419,-0.9777204,Stem,Stem,3,Progenitor
haber_c002558,-1.334967,-1.550424,Stem,Stem,3,Progenitor
haber_c002559,1.482677,1.275117,TA.Early,Progenitor,6,Unknown
haber_c002560,-2.989932,7.491247,Enterocyte,Enterocyte,10,Enterocyte
haber_c002561,10.67664,6.388819,Endocrine,Endocrine,11,Endocrine
haber_c002564,2.644483,-3.367783,Stem,Stem,12,Goblet
haber_c002565,0.6721592,1.784531,TA.Early,Progenitor,4,Progenitor
haber_c002566,0.2773703,-3.292073,Stem,Stem,2,Stem
haber_c002567,-0.5265622,3.457147,Enterocyte.Progenitor,Progenitor,1,Unknown
haber_c002568,-3.347596,7.274147,Enterocyte,Enterocyte,10,Enterocyte
haber_c002569,-1.867815,4.670086,Enterocyte.Progenitor,Progenitor,1,Unknown
haber_c002570,-2.37858,7.131658,Enterocyte,Enterocyte,10,Enterocyte
haber_c002571,1.041593,3.464587,TA.Early,Progenitor,4,Progenitor
haber_c002573,-3.969877,4.316751,Enterocyte.Progenitor,Progenitor,1,Unknown
haber_c002574,0.4753038,-1.504965,Stem,Stem,3,Progenitor
haber_c002575,1.201651,1.03901,TA.Early,Progenitor,4,Progenitor
haber_c002576,-2.835561,6.924169,Enterocyte,Enterocyte,10,Enterocyte
haber_c002577,-2.916632,6.289663,Enterocyte,Enterocyte,10,Enterocyte
haber_c002578,-1.878303,7.371298,Enterocyte,Enterocyte,10,Enterocyte
haber_c002579,-0.4307261,3.726606,TA,Progenitor,1,Unknown
haber_c002580,0.2813137,0.5184035,TA.Early,Progenitor,3,Progenitor
haber_c002581,-3.662374,3.131702,Enterocyte.Progenitor,Progenitor,1,Unknown
haber_c002582,0.7025413,-0.5771118,TA.Early,Progenitor,3,Progenitor
haber_c002583,-4.481952,5.000563,Enterocyte.Progenitor,Progenitor,0,Enterocyte
haber_c002584,0.02025983,-1.586024,Stem,Stem,3,Progenitor
haber_c002585,0.168163,0.7866845,Enterocyte.Progenitor,Progenitor,3,Progenitor
haber_c002586,-1.545932,5.747012,Enterocyte,Enterocyte,10,Enterocyte
haber_c002587,9.277664,1.085207,Goblet,Goblet,12,Goblet
haber_c002588,0.7938954,-3.800021,Stem,Stem,2,Stem
haber_c002591,-1.392771,-1.069174,Stem,Stem,3,Progenitor
haber_c002592,0.9743254,-3.49149,Stem,Stem,2,Stem
haber_c002593,1.798777,1.566623,TA.Early,Progenitor,3,Progenitor
haber_c002594,-0.4588741,1.606216,Enterocyte.Progenitor,Progenitor,4,Progenitor
haber_c002595,-4.676029,6.453264,Enterocyte,Enterocyte,0,Enterocyte
haber_c002596,-1.470273,3.930963,Enterocyte.Progenitor,Progenitor,1,Unknown
haber_c002598,0.3929847,-0.9155523,TA,Progenitor,3,Progenitor
haber_c002599,-0.9538133,-2.842837,Stem,Stem,2,Stem
haber_c002600,0.5450879,-1.783093,Stem,Stem,3,Progenitor
haber_c002601,0.1863129,3.314879,TA.Early,Progenitor,4,Progenitor
haber_c002602,4.47033,-0.4540751,Stem,Stem,7,Progenitor
haber_c002604,0.7311521,3.687899,TA.Early,Progenitor,4,Progenitor
haber_c002605,1.606369,0.9359884,TA.Early,Progenitor,6,Unknown
haber_c002606,1.393403,-2.211254,Stem,Stem,2,Stem
haber_c002609,2.4475,0.664642,TA.Early,Progenitor,6,Unknown
haber_c002611,0.5394915,-1.809478,Stem,Stem,3,Progenitor
haber_c002612,0.4975776,0.9200707,TA.Early,Progenitor,4,Progenitor
haber_c002614,-4.099203,3.77084,Enterocyte.Progenitor,Progenitor,1,Unknown
haber_c002615,-1.103088,-1.762884,Stem,Stem,3,Progenitor
haber_c002617,-1.119723,0.8897396,Enterocyte.Progenitor,Progenitor,3,Progenitor
haber_c002618,0.9655535,-0.02588999,Stem,Stem,3,Progenitor
haber_c002619,-3.513908,3.169495,Enterocyte.Progenitor,Progenitor,1,Unknown
haber_c002620,0.6606275,2.520413,TA,Progenitor,4,Progenitor
haber_c002621,-0.9273459,0.5054861,TA,Progenitor,3,Progenitor
haber_c002623,1.291827,2.532752,TA.Early,Progenitor,4,Progenitor
haber_c002624,-2.835421,7.122785,Enterocyte,Enterocyte,10,Enterocyte
haber_c002625,-0.1850952,1.754871,TA.Early,Progenitor,4,Progenitor
haber_c002626,-1.741147,7.385679,Enterocyte,Enterocyte,10,Enterocyte
haber_c002627,10.64719,6.363166,Endocrine,Endocrine,11,Endocrine
haber_c002628,-2.88045,4.933862,Enterocyte.Progenitor,Progenitor,1,Unknown
haber_c002629,-5.094115,7.234965,Enterocyte,Enterocyte,0,Enterocyte
haber_c002631,0.06780659,4.475912,Enterocyte.Progenitor,Progenitor,4,Progenitor
haber_c002632,-3.188449,3.140008,Enterocyte.Progenitor,Progenitor,1,Unknown
haber_c002634,2.251783,0.2713063,TA.Early,Progenitor,6,Unknown
haber_c002636,-0.9295579,3.098273,Enterocyte.Progenitor,Progenitor,4,Progenitor
haber_c002637,-0.2509629,4.190343,Enterocyte.Progenitor,Progenitor,10,Enterocyte
haber_c002638,-0.2314368,-1.846776,TA,Progenitor,2,Stem
haber_c002639,-0.7009644,0.3023803,TA,Progenitor,3,Progenitor
haber_c002640,0.1087321,-0.7595999,TA,Progenitor,3,Progenitor
haber_c002642,8.940191,7.190619,Endocrine,Endocrine,11,Endocrine
haber_c002643,-5.123034,5.650752,Enterocyte.Progenitor,Progenitor,0,Enterocyte
haber_c002644,-2.33797,4.085618,Enterocyte.Progenitor,Progenitor,1,Unknown
haber_c002646,-0.01585653,-0.8572693,TA,Progenitor,3,Progenitor
haber_c002648,-4.945595,6.913932,Enterocyte,Enterocyte,0,Enterocyte
haber_c002649,-0.2864177,-3.011811,Stem,Stem,2,Stem
haber_c002650,0.92539,1.792247,TA.Early,Progenitor,4,Progenitor
haber_c002652,-4.691018,8.255138,Enterocyte,Enterocyte,0,Enterocyte
haber_c002653,1.660646,-3.912948,Stem,Stem,2,Stem
haber_c002654,-0.7770055,-1.371802,Stem,Stem,2,Stem
haber_c002655,-2.572227,5.448809,Enterocyte.Progenitor,Progenitor,1,Unknown
haber_c002656,-0.5759916,1.250961,TA,Progenitor,4,Progenitor
haber_c002657,-0.8647798,-0.7403668,TA,Progenitor,3,Progenitor
haber_c002658,-5.458661,6.340934,Enterocyte,Enterocyte,0,Enterocyte
haber_c002659,9.770037,6.20776,Endocrine,Endocrine,11,Endocrine
haber_c002660,-1.254455,3.682924,Enterocyte.Progenitor,Progenitor,1,Unknown
haber_c002662,-2.878195,6.769189,Enterocyte,Enterocyte,10,Enterocyte
haber_c002663,-0.08255328,-1.92608,Stem,Stem,2,Stem
haber_c002665,0.9551324,2.691637,TA.Early,Progenitor,4,Progenitor
haber_c002666,-2.896827,6.864635,Enterocyte,Enterocyte,10,Enterocyte
haber_c002667,-5.322185,5.618056,Enterocyte.Progenitor,Progenitor,0,Enterocyte
haber_c002668,-2.662029,6.46288,Enterocyte,Enterocyte,10,Enterocyte
haber_c002670,-0.4266405,10.01702,Enterocyte,Enterocyte,13,Enterocyte
haber_c002674,0.3812596,1.104632,TA.Early,Progenitor,3,Progenitor
haber_c002677,9.533401,1.372051,Goblet,Goblet,12,Goblet
haber_c002678,-0.4542025,-1.033237,Stem,Stem,3,Progenitor
haber_c002681,-0.1796545,0.05137954,TA,Progenitor,3,Progenitor
haber_c002684,0.9828225,0.9743865,TA.Early,Progenitor,6,Unknown
haber_c002685,10.74951,6.325374,Endocrine,Endocrine,11,Endocrine
haber_c002687,-1.713721,3.695777,Enterocyte.Progenitor,Progenitor,1,Unknown
haber_c002688,-0.7038373,-2.920077,Stem,Stem,2,Stem
haber_c002689,-1.853932,7.353657,Enterocyte,Enterocyte,10,Enterocyte
haber_c002690,0.7582455,3.730849,TA.Early,Progenitor,4,Progenitor
haber_c002692,0.7648662,-1.168635,Stem,Stem,3,Progenitor
haber_c002694,-0.7409168,0.6995946,TA.Early,Progenitor,3,Progenitor
haber_c002695,-0.7327189,-2.414274,Stem,Stem,2,Stem
haber_c002698,9.970563,-0.9683418,Goblet,Goblet,12,Goblet
haber_c002701,-1.915545,7.771965,Enterocyte,Enterocyte,10,Enterocyte
haber_c002702,-1.270852,4.909801,Enterocyte.Progenitor,Progenitor,1,Unknown
haber_c002705,-2.826142,6.295274,Enterocyte,Enterocyte,10,Enterocyte
haber_c002706,-0.06163776,0.4585368,TA,Progenitor,4,Progenitor
haber_c002709,0.4391561,2.918077,TA.Early,Progenitor,4,Progenitor
haber_c002710,0.6573039,-3.41422,Stem,Stem,2,Stem
haber_c002712,-2.164595,5.667253,Enterocyte.Progenitor,Progenitor,1,Unknown
haber_c002718,-1.354796,-0.7138473,TA,Progenitor,3,Progenitor
haber_c002719,-4.996465,7.277489,Enterocyte,Enterocyte,0,Enterocyte
haber_c002720,0.4297512,-3.351919,Stem,Stem,2,Stem
haber_c002721,-0.9883589,0.8751593,TA.Early,Progenitor,3,Progenitor
haber_c002722,1.355679,1.830608,TA.Early,Progenitor,4,Progenitor
haber_c002723,-2.833287,6.470043,Enterocyte,Enterocyte,10,Enterocyte
haber_c002725,1.343819,2.557815,Enterocyte.Progenitor,Progenitor,4,Progenitor
haber_c002726,-0.7169062,-0.792216,Stem,Stem,3,Progenitor
haber_c002727,0.9931198,3.047745,TA.Early,Progenitor,4,Progenitor
haber_c002728,1.408828,3.503871,TA.Early,Progenitor,4,Progenitor
haber_c002729,-2.380692,5.133348,Enterocyte.Progenitor,Progenitor,1,Unknown
haber_c002730,0.2330458,-0.2298705,TA,Progenitor,3,Progenitor
haber_c002731,0.2138905,0.8761442,TA.Early,Progenitor,4,Progenitor
haber_c002734,-5.01847,8.140937,Enterocyte,Enterocyte,0,Enterocyte
haber_c002735,-5.422642,6.062384,Enterocyte.Progenitor,Progenitor,0,Enterocyte
haber_c002736,10.80752,0.5240949,Goblet,Goblet,12,Goblet
haber_c002738,-3.55745,7.316508,Enterocyte,Enterocyte,10,Enterocyte
haber_c002741,-1.552537,3.250047,Enterocyte.Progenitor,Progenitor,1,Unknown
haber_c002743,-0.5450809,5.053089,Enterocyte.Progenitor,Progenitor,10,Enterocyte
haber_c002744,-0.8856353,-0.3118748,TA,Progenitor,3,Progenitor
haber_c002748,-1.088744,2.773406,TA,Progenitor,1,Unknown
haber_c002750,0.04815626,-3.17014,Stem,Stem,2,Stem
haber_c002751,-0.8853311,-3.022692,Stem,Stem,2,Stem
haber_c002752,0.2618263,-0.4979856,TA.Early,Progenitor,3,Progenitor
haber_c002753,-1.275078,9.483899,Enterocyte,Enterocyte,13,Enterocyte
haber_c002754,1.320586,0.08169793,Stem,Stem,6,Unknown
haber_c002755,-2.775779,7.424122,Enterocyte,Enterocyte,10,Enterocyte
haber_c002756,-0.6624227,-1.435994,Stem,Stem,3,Progenitor
haber_c002757,-3.419465,3.680254,Enterocyte.Progenitor,Progenitor,1,Unknown
haber_c002758,-5.590594,6.275586,Enterocyte,Enterocyte,0,Enterocyte
haber_c002759,10.63011,0.8619326,Goblet,Goblet,12,Goblet
haber_c002760,9.447983,1.476932,Goblet,Goblet,12,Goblet
haber_c002762,-1.193759,4.094858,Enterocyte.Progenitor,Progenitor,1,Unknown
haber_c002764,-0.4553851,-0.4856449,TA,Progenitor,3,Progenitor
haber_c002765,1.277729,1.742915,TA.Early,Progenitor,6,Unknown
haber_c002766,8.928759,0.7192072,Goblet,Goblet,12,Goblet
haber_c002767,-4.855669,5.145205,Enterocyte.Progenitor,Progenitor,0,Enterocyte
haber_c002768,-0.5958731,-3.031606,Stem,Stem,2,Stem
haber_c002769,8.693429,5.541203,Endocrine,Endocrine,11,Endocrine
haber_c002771,-2.887938,6.035556,Enterocyte,Enterocyte,10,Enterocyte
haber_c002772,-0.6867022,-0.2762033,TA,Progenitor,3,Progenitor
haber_c002773,2.652974,-1.002313,TA.Early,Progenitor,6,Unknown
haber_c002774,-1.258813,-0.7792265,TA,Progenitor,3,Progenitor
haber_c002777,1.929148,0.136796,TA.Early,Progenitor,6,Unknown
haber_c002780,0.4459864,-0.6027321,TA,Progenitor,3,Progenitor
haber_c002781,11.44637,-1.17415,Goblet,Goblet,12,Goblet
haber_c002783,-0.5528682,-0.6761097,TA,Progenitor,3,Progenitor
haber_c002784,-5.110445,6.824605,Enterocyte,Enterocyte,0,Enterocyte
haber_c002786,1.336178,-3.021025,Stem,Stem,2,Stem
haber_c002788,-0.6250733,1.276534,TA,Progenitor,4,Progenitor
haber_c002792,1.718162,1.495306,TA.Early,Progenitor,3,Progenitor
haber_c002796,-4.698462,5.87198,Enterocyte.Progenitor,Progenitor,0,Enterocyte
haber_c002797,-0.9525499,-2.869822,Stem,Stem,2,Stem
haber_c002798,0.9422602,-1.838368,Stem,Stem,2,Stem
haber_c002799,0.652468,-2.795421,TA,Progenitor,2,Stem
haber_c002800,-3.325937,7.172435,Enterocyte,Enterocyte,10,Enterocyte
haber_c002802,9.537069,1.382836,Goblet,Goblet,12,Goblet
haber_c002803,-0.3386223,-2.195636,Stem,Stem,3,Progenitor
haber_c002804,1.105802,-2.099557,Stem,Stem,2,Stem
haber_c002805,-2.884143,6.213191,Enterocyte,Enterocyte,10,Enterocyte
haber_c002806,-2.757627,4.163234,Enterocyte.Progenitor,Progenitor,1,Unknown
haber_c002808,0.4880848,-2.884443,Stem,Stem,2,Stem
haber_c002810,-2.557834,2.528817,Enterocyte.Progenitor,Progenitor,1,Unknown
haber_c002811,-2.87323,6.36144,Enterocyte,Enterocyte,10,Enterocyte
haber_c002813,1.454204,3.443608,TA.Early,Progenitor,4,Progenitor
haber_c002814,-1.191258,1.378134,Enterocyte.Progenitor,Progenitor,3,Progenitor
haber_c002815,-1.598984,6.315112,Enterocyte,Enterocyte,10,Enterocyte
haber_c002816,0.7442164,2.245562,TA.Early,Progenitor,4,Progenitor
haber_c002817,1.089482,-0.3314406,TA.Early,Progenitor,3,Progenitor
haber_c002820,0.03855582,2.976712,TA.Early,Progenitor,4,Progenitor
haber_c002821,-3.926434,8.143792,Enterocyte,Enterocyte,0,Enterocyte
haber_c002823,-1.979393,3.822013,Enterocyte.Progenitor,Progenitor,1,Unknown
haber_c002824,2.54479,0.9879324,TA.Early,Progenitor,6,Unknown
haber_c002825,-1.384116,3.960848,Enterocyte.Progenitor,Progenitor,1,Unknown
haber_c002827,-2.830089,8.424359,Enterocyte,Enterocyte,13,Enterocyte
haber_c002828,-2.833766,5.941879,Enterocyte,Enterocyte,10,Enterocyte
haber_c002830,-0.5743626,-1.937712,Stem,Stem,3,Progenitor
haber_c002831,-2.890747,2.616105,Enterocyte.Progenitor,Progenitor,1,Unknown
haber_c002832,2.590904,1.413297,TA.Early,Progenitor,7,Progenitor
haber_c002834,-0.1652435,-0.8721471,TA,Progenitor,3,Progenitor
haber_c002836,1.9155,2.306321,TA.Early,Progenitor,4,Progenitor
haber_c002838,0.9005024,2.914145,TA.Early,Progenitor,4,Progenitor
haber_c002839,1.234378,2.760985,TA.Early,Progenitor,4,Progenitor
haber_c002841,-0.3883449,-2.946166,Stem,Stem,2,Stem
haber_c002842,-0.7584844,0.2090047,TA,Progenitor,3,Progenitor
haber_c002843,-1.621961,6.112843,Enterocyte,Enterocyte,10,Enterocyte
haber_c002844,8.69041,1.669854,Endocrine,Endocrine,12,Goblet
haber_c002845,-0.0485034,-3.2368,Stem,Stem,2,Stem
haber_c002846,-0.7540367,-1.022422,Stem,Stem,3,Progenitor
haber_c002847,-2.699083,7.230913,Enterocyte,Enterocyte,10,Enterocyte
haber_c002848,-0.06548969,-0.1644557,Stem,Stem,3,Progenitor
haber_c002850,1.194884,1.083319,TA.Early,Progenitor,6,Unknown
haber_c002851,12.11229,3.15688,Tuft,Tuft,8,Tuft
haber_c002853,-2.650958,7.036967,Enterocyte,Enterocyte,10,Enterocyte
haber_c002855,-1.459682,6.772153,Enterocyte,Enterocyte,10,Enterocyte
haber_c002857,-3.389565,2.996428,Enterocyte.Progenitor,Progenitor,1,Unknown
haber_c002858,1.382877,2.86531,TA.Early,Progenitor,4,Progenitor
haber_c002861,9.920948,0.7961127,Goblet,Goblet,12,Goblet
haber_c002862,-4.862804,4.750559,Enterocyte.Progenitor,Progenitor,0,Enterocyte
haber_c002867,-1.888344,6.699354,Enterocyte,Enterocyte,10,Enterocyte
haber_c002869,9.594472,1.305489,Goblet,Goblet,12,Goblet
haber_c002870,-2.573303,3.261286,Enterocyte.Progenitor,Progenitor,1,Unknown
haber_c002871,0.7841501,3.356083,TA.Early,Progenitor,4,Progenitor
haber_c002872,-0.7267954,-0.6361063,Stem,Stem,3,Progenitor
haber_c002873,-1.980476,4.862179,Enterocyte.Progenitor,Progenitor,1,Unknown
haber_c002874,10.91714,0.5414363,Goblet,Goblet,12,Goblet
haber_c002875,-1.166803,5.026092,Enterocyte.Progenitor,Progenitor,10,Enterocyte
haber_c002876,-0.8315424,-2.56892,Stem,Stem,2,Stem
haber_c002878,0.3793392,0.1451048,TA.Early,Progenitor,3,Progenitor
haber_c002879,8.159469,1.256653,Goblet,Goblet,12,Goblet
haber_c002881,1.381941,0.7815548,TA.Early,Progenitor,6,Unknown
haber_c002883,9.800285,5.846066,Endocrine,Endocrine,11,Endocrine
haber_c002885,1.121162,3.581511,TA.Early,Progenitor,4,Progenitor
haber_c002888,-1.642397,4.471558,Enterocyte.Progenitor,Progenitor,1,Unknown
haber_c002889,2.444327,2.890131,TA.Early,Progenitor,7,Progenitor
haber_c002891,-2.012734,3.122424,Enterocyte.Progenitor,Progenitor,1,Unknown
haber_c002892,-0.1394341,1.090608,TA.Early,Progenitor,4,Progenitor
haber_c002893,0.5628653,0.8463483,TA.Early,Progenitor,3,Progenitor
haber_c002894,0.383553,0.352204,Stem,Stem,4,Progenitor
haber_c002895,-3.461527,7.159844,Enterocyte,Enterocyte,10,Enterocyte
haber_c002897,-0.6232088,-0.4271851,TA,Progenitor,3,Progenitor
haber_c002899,-5.229445,7.000172,Enterocyte,Enterocyte,0,Enterocyte
haber_c002900,-3.255468,3.868715,Enterocyte.Progenitor,Progenitor,1,Unknown
haber_c002901,-3.87184,3.738401,Enterocyte.Progenitor,Progenitor,1,Unknown
haber_c002905,1.25401,2.699876,TA.Early,Progenitor,4,Progenitor
haber_c002906,0.7762923,0.09304942,Stem,Stem,3,Progenitor
haber_c002907,-2.767373,6.836746,Enterocyte,Enterocyte,10,Enterocyte
haber_c002908,0.2117237,1.981768,TA.Early,Progenitor,4,Progenitor
haber_c002909,1.036229,0.446844,TA.Early,Progenitor,6,Unknown
haber_c002911,-3.275303,6.704953,Enterocyte,Enterocyte,10,Enterocyte
haber_c002912,-5.195837,7.095848,Enterocyte,Enterocyte,0,Enterocyte
haber_c002916,-0.490992,0.4713422,TA,Progenitor,3,Progenitor
haber_c002919,-1.99892,6.978578,Enterocyte,Enterocyte,10,Enterocyte
haber_c002922,1.503897,-1.611552,Stem,Stem,2,Stem
haber_c002925,0.8779073,1.463561,TA.Early,Progenitor,4,Progenitor
haber_c002926,-2.038963,4.24932,Enterocyte.Progenitor,Progenitor,1,Unknown
haber_c002929,-3.010885,6.870039,Enterocyte,Enterocyte,10,Enterocyte
haber_c002930,-3.549552,6.318326,Enterocyte,Enterocyte,10,Enterocyte
haber_c002931,1.791315,-2.245197,Stem,Stem,2,Stem
haber_c002932,-2.283628,3.877365,Enterocyte.Progenitor,Progenitor,1,Unknown
haber_c002933,-1.274027,6.109117,Enterocyte,Enterocyte,10,Enterocyte
haber_c002934,-0.08827899,4.993211,Enterocyte.Progenitor,Progenitor,10,Enterocyte
haber_c002935,1.842908,1.510359,TA.Early,Progenitor,4,Progenitor
haber_c002937,-5.034031,6.935175,Enterocyte,Enterocyte,0,Enterocyte
haber_c002938,-5.55672,6.501166,Enterocyte,Enterocyte,0,Enterocyte
haber_c002939,2.253884,1.291307,TA.Early,Progenitor,3,Progenitor
haber_c002942,-1.487052,1.190638,Enterocyte.Progenitor,Progenitor,3,Progenitor
haber_c002944,-0.8308083,0.6880418,Enterocyte.Progenitor,Progenitor,3,Progenitor
haber_c002945,1.664,1.003967,TA.Early,Progenitor,6,Unknown
haber_c002947,-1.81387,3.802543,Enterocyte.Progenitor,Progenitor,1,Unknown
haber_c002949,-5.247896,7.342845,Enterocyte,Enterocyte,0,Enterocyte
haber_c002950,0.8293072,0.7723737,Stem,Stem,4,Progenitor
haber_c002951,-0.97378,0.1385937,TA,Progenitor,3,Progenitor
haber_c002952,-0.8508862,-2.986128,Stem,Stem,2,Stem
haber_c002956,1.442393,0.6896296,TA.Early,Progenitor,6,Unknown
haber_c002957,-4.078717,5.152315,Enterocyte.Progenitor,Progenitor,0,Enterocyte
haber_c002958,0.3185709,-1.092258,TA,Progenitor,3,Progenitor
haber_c002960,10.25364,6.131667,Endocrine,Endocrine,11,Endocrine
haber_c002963,-0.8809712,-2.67019,Stem,Stem,2,Stem
haber_c002964,-4.599611,4.931208,Enterocyte.Progenitor,Progenitor,0,Enterocyte
haber_c002966,1.558838,-2.56478,Stem,Stem,2,Stem
haber_c002967,-3.388149,6.177504,Enterocyte,Enterocyte,10,Enterocyte
haber_c002968,-2.098088,6.38509,Enterocyte,Enterocyte,10,Enterocyte
haber_c002970,0.8574581,3.293817,TA.Early,Progenitor,4,Progenitor
haber_c002972,-0.9995689,-0.6043129,TA,Progenitor,3,Progenitor
haber_c002973,-1.278869,4.600544,Enterocyte.Progenitor,Progenitor,1,Unknown
haber_c002974,-2.28712,6.423412,Enterocyte,Enterocyte,10,Enterocyte
haber_c002975,0.9311258,0.9024423,TA.Early,Progenitor,4,Progenitor
haber_c002977,-0.9889124,0.9247512,Enterocyte.Progenitor,Progenitor,3,Progenitor
haber_c002979,-1.485343,1.085975,TA,Progenitor,3,Progenitor
haber_c002980,1.331701,-0.571601,TA,Progenitor,3,Progenitor
haber_c002981,-1.45674,1.776164,TA,Progenitor,3,Progenitor
haber_c002983,0.445448,-1.304889,Stem,Stem,3,Progenitor
haber_c002984,2.087506,1.43014,TA.Early,Progenitor,3,Progenitor
haber_c002986,1.946223,1.166489,TA.Early,Progenitor,6,Unknown
haber_c002987,0.1017624,4.562219,Enterocyte.Progenitor,Progenitor,1,Unknown
haber_c002989,-0.0802871,3.47954,TA.Early,Progenitor,4,Progenitor
haber_c002990,1.68756,1.581543,TA.Early,Progenitor,3,Progenitor
haber_c002993,0.6589219,-1.976564,Stem,Stem,3,Progenitor
haber_c002998,-0.5316163,1.622115,TA,Progenitor,4,Progenitor
haber_c003001,3.073478,0.08881054,TA.Early,Progenitor,6,Unknown
haber_c003004,-1.000114,3.720548,Enterocyte.Progenitor,Progenitor,1,Unknown
haber_c003006,-3.742759,7.585401,Enterocyte,Enterocyte,10,Enterocyte
haber_c003007,2.787465,0.6028312,TA.Early,Progenitor,6,Unknown
haber_c003010,0.7860314,-2.711989,Endocrine,Endocrine,2,Stem
haber_c003011,2.131806,-1.120233,TA.Early,Progenitor,6,Unknown
haber_c003014,-2.609745,5.867844,Enterocyte,Enterocyte,10,Enterocyte
haber_c003016,-0.8836455,1.709386,TA,Progenitor,3,Progenitor
haber_c003018,1.907151,1.428253,TA.Early,Progenitor,6,Unknown
haber_c003020,10.34723,6.204785,Endocrine,Endocrine,11,Endocrine
haber_c003022,-5.19442,5.429085,Enterocyte.Progenitor,Progenitor,0,Enterocyte
haber_c003024,-3.209361,6.923638,Enterocyte,Enterocyte,10,Enterocyte
haber_c003025,-0.6428959,-1.692935,TA,Progenitor,2,Stem
haber_c003026,-0.6048744,-2.05406,Stem,Stem,2,Stem
haber_c003028,-0.02781578,4.220555,Enterocyte.Progenitor,Progenitor,10,Enterocyte
haber_c003029,10.7335,6.387552,Endocrine,Endocrine,11,Endocrine
haber_c003030,0.9518113,3.546626,TA.Early,Progenitor,4,Progenitor
haber_c003032,-5.009223,6.720121,Enterocyte,Enterocyte,0,Enterocyte
haber_c003033,-1.9207,3.308105,Enterocyte.Progenitor,Progenitor,1,Unknown
haber_c003034,-5.117757,6.715621,Enterocyte,Enterocyte,0,Enterocyte
haber_c003035,-3.919425,3.411159,Enterocyte.Progenitor,Progenitor,1,Unknown
haber_c003037,10.27479,3.717177,Tuft,Tuft,8,Tuft
haber_c003039,-1.598557,6.034092,Enterocyte,Enterocyte,10,Enterocyte
haber_c003040,-0.1468151,-0.9509612,TA,Progenitor,3,Progenitor
haber_c003041,-0.5776556,-2.777338,Stem,Stem,2,Stem
haber_c003042,1.046623,1.622189,TA.Early,Progenitor,4,Progenitor
haber_c003044,-0.4667603,0.9933347,TA,Progenitor,3,Progenitor
haber_c003046,10.43062,0.6966821,Goblet,Goblet,12,Goblet
haber_c003047,-5.198344,6.39558,Enterocyte,Enterocyte,0,Enterocyte
haber_c003048,1.366695,1.804809,TA.Early,Progenitor,4,Progenitor
haber_c003049,0.8705091,1.17862,TA.Early,Progenitor,3,Progenitor
haber_c003050,0.5765476,1.894151,TA.Early,Progenitor,4,Progenitor
haber_c003051,-3.930944,7.606748,Enterocyte,Enterocyte,10,Enterocyte
haber_c003052,-3.316621,7.221415,Enterocyte,Enterocyte,10,Enterocyte
haber_c003053,9.376877,1.432983,Goblet,Goblet,12,Goblet
haber_c003054,-2.767263,6.469093,Enterocyte,Enterocyte,10,Enterocyte
haber_c003055,-3.346154,5.33785,Enterocyte.Progenitor,Progenitor,1,Unknown
haber_c003056,0.3619303,-1.005636,Stem,Stem,3,Progenitor
haber_c003058,0.8210127,1.152673,TA.Early,Progenitor,4,Progenitor
haber_c003063,-1.634174,7.632628,Enterocyte,Enterocyte,10,Enterocyte
haber_c003064,1.5902,-2.442067,TA,Progenitor,2,Stem
haber_c003065,-2.429617,3.840133,Enterocyte.Progenitor,Progenitor,1,Unknown
haber_c003066,0.6779804,1.338857,TA.Early,Progenitor,4,Progenitor
haber_c003070,10.76886,6.266712,Endocrine,Endocrine,11,Endocrine
haber_c003071,0.2612971,1.44127,TA.Early,Progenitor,4,Progenitor
haber_c003072,-5.491562,6.608668,Enterocyte,Enterocyte,0,Enterocyte
haber_c003073,-0.9374275,0.6178231,TA,Progenitor,3,Progenitor
haber_c003075,-1.312913,4.633004,Enterocyte.Progenitor,Progenitor,1,Unknown
haber_c003081,-1.19501,3.551691,Enterocyte.Progenitor,Progenitor,1,Unknown
haber_c003084,-0.7898654,-1.882162,Stem,Stem,3,Progenitor
haber_c003085,-3.709426,6.028026,Enterocyte,Enterocyte,10,Enterocyte
haber_c003086,1.96855,0.8326689,TA.Early,Progenitor,6,Unknown
haber_c003087,3.116343,-0.02227385,TA.Early,Progenitor,6,Unknown
haber_c003090,-1.399699,3.765481,Enterocyte.Progenitor,Progenitor,1,Unknown
haber_c003091,-0.4881262,1.75033,TA,Progenitor,4,Progenitor
haber_c003092,0.08827186,-1.867341,Stem,Stem,3,Progenitor
haber_c003094,-3.573724,5.800873,Enterocyte,Enterocyte,10,Enterocyte
haber_c003097,-2.802672,6.382359,Enterocyte,Enterocyte,10,Enterocyte
haber_c003099,-2.525742,8.061989,Enterocyte,Enterocyte,13,Enterocyte
haber_c003100,-1.505146,4.061597,Enterocyte.Progenitor,Progenitor,1,Unknown
haber_c003101,-0.7936378,-2.668343,Stem,Stem,2,Stem
haber_c003102,1.992306,-2.398159,Stem,Stem,2,Stem
haber_c003103,-0.7298703,0.07119399,TA,Progenitor,3,Progenitor
haber_c003104,0.2122692,1.509294,TA.Early,Progenitor,4,Progenitor
haber_c003106,-0.6395383,1.912451,TA,Progenitor,1,Unknown
haber_c003107,-1.214832,2.733006,Enterocyte.Progenitor,Progenitor,4,Progenitor
haber_c003108,0.01711112,1.654509,TA.Early,Progenitor,4,Progenitor
haber_c003110,-0.3904294,-0.4707553,TA,Progenitor,3,Progenitor
haber_c003112,2.326053,0.3593807,TA.Early,Progenitor,6,Unknown
haber_c003113,0.5153781,-3.502443,Stem,Stem,2,Stem
haber_c003115,8.885894,4.974474,Endocrine,Endocrine,11,Endocrine
haber_c003116,-1.424971,3.497185,Enterocyte.Progenitor,Progenitor,1,Unknown
haber_c003117,-3.590767,7.545892,Enterocyte,Enterocyte,10,Enterocyte
haber_c003121,-0.3686736,0.5853353,TA.Early,Progenitor,3,Progenitor
haber_c003122,-0.7640722,-2.144985,Stem,Stem,2,Stem
haber_c003124,-0.804791,-0.9211286,TA,Progenitor,3,Progenitor
haber_c003126,-1.010901,4.819968,Enterocyte.Progenitor,Progenitor,1,Unknown
haber_c003127,9.953292,6.121974,Endocrine,Endocrine,11,Endocrine
haber_c003130,0.1862883,-1.257343,Stem,Stem,3,Progenitor
haber_c003132,-0.6436514,-2.221839,TA,Progenitor,2,Stem
haber_c003134,-1.147294,2.803831,Enterocyte.Progenitor,Progenitor,1,Unknown
haber_c003136,9.674896,1.193452,Goblet,Goblet,12,Goblet
haber_c003137,-3.715809,3.793403,Enterocyte.Progenitor,Progenitor,1,Unknown
haber_c003138,-0.1854218,3.745859,Enterocyte.Progenitor,Progenitor,4,Progenitor
haber_c003139,0.2582127,1.9237,TA.Early,Progenitor,4,Progenitor
haber_c003141,1.219487,3.367986,TA.Early,Progenitor,4,Progenitor
haber_c003142,-0.5500486,-0.3855629,Stem,Stem,3,Progenitor
haber_c003144,-4.000408,8.264164,Enterocyte,Enterocyte,0,Enterocyte
haber_c003145,-4.534118,5.513668,Enterocyte.Progenitor,Progenitor,0,Enterocyte
haber_c003146,-1.696484,7.264936,Enterocyte,Enterocyte,10,Enterocyte
haber_c003148,-5.260136,6.664577,Enterocyte,Enterocyte,0,Enterocyte
haber_c003149,1.001653,-2.316713,Stem,Stem,2,Stem
haber_c003150,0.7085421,2.950285,TA.Early,Progenitor,4,Progenitor
haber_c003151,1.048073,3.597939,TA.Early,Progenitor,4,Progenitor
haber_c003152,1.256691,1.645921,TA.Early,Progenitor,4,Progenitor
haber_c003153,-1.409587,3.203772,TA,Progenitor,1,Unknown
haber_c003155,9.119316,7.755874,Endocrine,Endocrine,11,Endocrine
haber_c003158,9.484579,1.209832,Goblet,Goblet,12,Goblet
haber_c003160,-0.4740055,0.1361222,TA,Progenitor,3,Progenitor
haber_c003161,-1.604793,7.397597,Enterocyte,Enterocyte,10,Enterocyte
haber_c003162,-2.126025,4.68352,Enterocyte.Progenitor,Progenitor,1,Unknown
haber_c003163,-4.015489,4.013334,Enterocyte.Progenitor,Progenitor,1,Unknown
haber_c003165,-0.4416795,3.802475,Enterocyte.Progenitor,Progenitor,1,Unknown
haber_c003168,-0.1329934,0.5707189,TA,Progenitor,3,Progenitor
haber_c003172,0.2814655,-1.237692,TA,Progenitor,3,Progenitor
haber_c003174,-2.195532,4.961492,Enterocyte.Progenitor,Progenitor,1,Unknown
haber_c003175,0.7757058,3.543298,TA.Early,Progenitor,4,Progenitor
haber_c003176,7.876205,0.4328522,Goblet,Goblet,12,Goblet
haber_c003178,-1.939692,3.9318,Enterocyte.Progenitor,Progenitor,1,Unknown
haber_c003179,10.25859,0.482948,Goblet,Goblet,12,Goblet
haber_c003181,2.856961,0.3587182,TA.Early,Progenitor,6,Unknown
haber_c003182,-3.086228,7.366786,Enterocyte,Enterocyte,10,Enterocyte
haber_c003184,1.693279,1.983582,TA.Early,Progenitor,4,Progenitor
haber_c003186,-2.966588,7.099237,Enterocyte,Enterocyte,10,Enterocyte
haber_c003187,0.4115215,-2.415446,TA,Progenitor,2,Stem
haber_c003188,1.085778,3.36546,TA.Early,Progenitor,4,Progenitor
haber_c003189,1.111917,1.014523,TA.Early,Progenitor,4,Progenitor
haber_c003191,2.775657,-1.147026,TA.Early,Progenitor,6,Unknown
haber_c003192,-4.925389,6.597697,Enterocyte,Enterocyte,0,Enterocyte
haber_c003194,-4.794591,6.42118,Enterocyte,Enterocyte,0,Enterocyte
haber_c003196,0.3419294,-0.4084352,TA,Progenitor,3,Progenitor
haber_c003197,0.2610849,-1.471003,Stem,Stem,3,Progenitor
haber_c003198,-5.449081,6.547574,Enterocyte,Enterocyte,0,Enterocyte
haber_c003199,-1.434496,3.42785,Enterocyte.Progenitor,Progenitor,1,Unknown
haber_c003200,-3.498306,7.670493,Enterocyte,Enterocyte,10,Enterocyte
haber_c003204,0.2887126,-1.479544,Stem,Stem,3,Progenitor
haber_c003207,-4.846702,7.405595,Enterocyte,Enterocyte,0,Enterocyte
haber_c003209,-3.72313,7.783323,Enterocyte,Enterocyte,10,Enterocyte
haber_c003210,0.116433,-1.207422,TA,Progenitor,3,Progenitor
haber_c003211,1.138144,2.324494,TA.Early,Progenitor,4,Progenitor
haber_c003214,-5.156147,5.363091,Enterocyte.Progenitor,Progenitor,0,Enterocyte
haber_c003215,-1.270455,0.5792553,TA,Progenitor,3,Progenitor
haber_c003218,-3.178478,7.545711,Enterocyte,Enterocyte,10,Enterocyte
haber_c003219,-0.5726618,1.027503,Enterocyte.Progenitor,Progenitor,3,Progenitor
haber_c003223,-0.1139402,3.807736,Enterocyte.Progenitor,Progenitor,4,Progenitor
haber_c003224,0.6655772,-3.271059,Stem,Stem,2,Stem
haber_c003225,-4.232894,6.046399,Enterocyte.Progenitor,Progenitor,10,Enterocyte
haber_c003226,9.458857,5.615598,Endocrine,Endocrine,11,Endocrine
haber_c003227,-0.3135134,3.443029,Enterocyte.Progenitor,Progenitor,3,Progenitor
haber_c003228,0.0773961,1.248096,TA,Progenitor,4,Progenitor
haber_c003230,0.8403324,-1.944432,Stem,Stem,2,Stem
haber_c003234,-0.3631997,-1.490102,TA,Progenitor,2,Stem
haber_c003236,-2.787066,7.966109,Enterocyte,Enterocyte,10,Enterocyte
haber_c003237,0.270704,1.468498,TA.Early,Progenitor,4,Progenitor
haber_c003239,0.4762836,-0.652722,TA,Progenitor,3,Progenitor
haber_c003240,-0.09231771,-0.7856349,Stem,Stem,3,Progenitor
haber_c003242,3.559945,1.190991,TA.Early,Progenitor,6,Unknown
haber_c003244,0.7093381,-1.223505,TA,Progenitor,3,Progenitor
haber_c003246,1.311238,-2.389072,Stem,Stem,2,Stem
haber_c003247,1.3925,-0.5801734,Tuft,Tuft,3,Progenitor
haber_c003248,1.200165,1.107627,TA,Progenitor,4,Progenitor
haber_c003250,-3.874773,6.82443,Enterocyte.Progenitor,Progenitor,10,Enterocyte
haber_c003251,-4.32061,5.043477,Enterocyte.Progenitor,Progenitor,0,Enterocyte
haber_c003252,0.4642101,-1.155091,TA,Progenitor,3,Progenitor
haber_c003254,-1.039285,7.970743,Enterocyte,Enterocyte,13,Enterocyte
haber_c003255,2.947302,1.089648,TA.Early,Progenitor,6,Unknown
haber_c003257,1.909579,-1.143039,Stem,Stem,2,Stem
haber_c003259,-3.419126,3.93109,Enterocyte.Progenitor,Progenitor,1,Unknown
haber_c003261,1.311725,2.381367,TA.Early,Progenitor,4,Progenitor
haber_c003262,3.318819,0.2454195,TA.Early,Progenitor,6,Unknown
haber_c003264,-1.199951,2.883914,Enterocyte.Progenitor,Progenitor,1,Unknown
haber_c003265,1.452462,-0.9114235,Stem,Stem,3,Progenitor
haber_c003267,2.076023,-2.344336,Tuft,Tuft,2,Stem
haber_c003269,2.983193,0.1850834,TA.Early,Progenitor,6,Unknown
haber_c003271,-1.530781,1.869673,Enterocyte.Progenitor,Progenitor,3,Progenitor
haber_c003272,11.04522,3.891848,Tuft,Tuft,8,Tuft
haber_c003274,-0.3859897,2.099272,TA,Progenitor,4,Progenitor
haber_c003276,1.056601,1.131877,TA.Early,Progenitor,3,Progenitor
haber_c003278,1.779341,-3.137832,Stem,Stem,2,Stem
haber_c003279,1.971238,1.607438,TA.Early,Progenitor,4,Progenitor
haber_c003281,-2.076528,5.605267,Enterocyte,Enterocyte,1,Unknown
haber_c003283,1.397871,-2.988099,Stem,Stem,2,Stem
haber_c003284,-2.747161,7.864309,Enterocyte,Enterocyte,10,Enterocyte
haber_c003285,3.892111,-2.234937,Stem,Stem,7,Progenitor
haber_c003286,3.593282,-2.288904,Stem,Stem,7,Progenitor
haber_c003289,3.553317,2.768803,TA,Progenitor,9,Progenitor
haber_c003290,0.6510729,0.625446,TA.Early,Progenitor,3,Progenitor
haber_c003292,-4.573222,5.825929,Enterocyte.Progenitor,Progenitor,0,Enterocyte
haber_c003294,-1.185099,1.692025,TA,Progenitor,1,Unknown
haber_c003295,1.341799,1.291368,TA.Early,Progenitor,6,Unknown
haber_c003296,1.918539,-1.14917,Stem,Stem,2,Stem
haber_c003298,0.8764719,-1.46126,TA,Progenitor,3,Progenitor
haber_c003299,1.446587,-2.905082,Stem,Stem,2,Stem
haber_c003300,-0.6498353,6.138989,Enterocyte,Enterocyte,10,Enterocyte
haber_c003303,1.094656,-0.07420238,TA.Early,Progenitor,2,Stem
haber_c003304,-0.2012853,4.206601,Enterocyte.Progenitor,Progenitor,1,Unknown
haber_c003305,3.685065,0.8336658,TA,Progenitor,14,Progenitor
haber_c003306,-0.5752608,-0.4304228,TA,Progenitor,3,Progenitor
haber_c003307,0.04712471,-2.023676,Stem,Stem,3,Progenitor
haber_c003308,1.531814,1.693073,TA.Early,Progenitor,4,Progenitor
haber_c003309,1.397084,-0.5449127,Stem,Stem,2,Stem
haber_c003312,10.25753,3.791141,Tuft,Tuft,8,Tuft
haber_c003313,2.750413,0.9330398,TA.Early,Progenitor,6,Unknown
haber_c003314,-0.05169077,2.004898,TA,Progenitor,4,Progenitor
haber_c003315,-1.377839,3.017801,Enterocyte.Progenitor,Progenitor,1,Unknown
haber_c003316,1.479609,-3.686844,Stem,Stem,2,Stem
haber_c003317,1.292423,-2.142156,TA.Early,Progenitor,2,Stem
haber_c003318,-3.859064,4.348742,Enterocyte.Progenitor,Progenitor,1,Unknown
haber_c003320,-0.7335495,2.691147,TA,Progenitor,1,Unknown
haber_c003321,1.179824,0.1149967,TA,Progenitor,3,Progenitor
haber_c003324,-3.583794,7.505926,Enterocyte,Enterocyte,10,Enterocyte
haber_c003326,3.051608,-0.5815208,TA.Early,Progenitor,6,Unknown
haber_c003328,0.3422794,2.648058,TA.Early,Progenitor,4,Progenitor
haber_c003329,-2.461643,3.781649,Enterocyte.Progenitor,Progenitor,1,Unknown
haber_c003330,-0.9687086,2.523247,Tuft,Tuft,1,Unknown
haber_c003332,2.026076,-3.927146,Stem,Stem,2,Stem
haber_c003333,-1.705963,4.886353,Enterocyte.Progenitor,Progenitor,1,Unknown
haber_c003334,2.380683,-3.151191,Stem,Stem,2,Stem
haber_c003335,1.892386,-1.149067,Stem,Stem,2,Stem
haber_c003336,1.291198,2.768218,TA.Early,Progenitor,4,Progenitor
haber_c003337,-4.94844,8.003286,Enterocyte,Enterocyte,0,Enterocyte
haber_c003338,-0.3594642,0.2623697,TA,Progenitor,4,Progenitor
haber_c003340,0.0302803,4.826416,Enterocyte.Progenitor,Progenitor,10,Enterocyte
haber_c003343,1.307896,-2.239995,TA,Progenitor,2,Stem
haber_c003345,2.534967,0.5798026,TA,Progenitor,6,Unknown
haber_c003349,10.86817,0.6027235,Goblet,Goblet,12,Goblet
haber_c003352,2.95038,-0.3267025,Stem,Stem,5,Stem
haber_c003353,0.5138247,-0.677324,TA,Progenitor,3,Progenitor
haber_c003358,0.7889764,-0.00321695,TA,Progenitor,3,Progenitor
haber_c003359,1.087559,-1.501085,Stem,Stem,2,Stem
haber_c003360,-0.0275105,2.150663,TA.Early,Progenitor,4,Progenitor
haber_c003361,0.9189122,2.325906,TA.Early,Progenitor,4,Progenitor
haber_c003363,-3.82122,4.97016,Enterocyte.Progenitor,Progenitor,1,Unknown
haber_c003364,-3.94985,4.09603,Enterocyte.Progenitor,Progenitor,1,Unknown
haber_c003365,3.498119,0.03182646,TA.Early,Progenitor,5,Stem
haber_c003369,1.215598,-2.572703,Stem,Stem,2,Stem
haber_c003371,0.7817503,2.889312,TA.Early,Progenitor,4,Progenitor
haber_c003372,-2.836156,4.213038,Enterocyte.Progenitor,Progenitor,1,Unknown
haber_c003373,1.543715,-0.4284747,TA.Early,Progenitor,3,Progenitor
haber_c003374,-2.070052,2.798166,Enterocyte.Progenitor,Progenitor,1,Unknown
haber_c003376,8.100838,1.004102,Goblet,Goblet,12,Goblet
haber_c003377,-3.054782,3.555392,Enterocyte.Progenitor,Progenitor,1,Unknown
haber_c003378,0.149682,-0.2997894,TA,Progenitor,3,Progenitor
haber_c003379,-0.5432083,3.5815,Enterocyte.Progenitor,Progenitor,1,Unknown
haber_c003380,10.79959,3.744942,Tuft,Tuft,8,Tuft
haber_c003381,-2.410517,3.037573,Enterocyte.Progenitor,Progenitor,1,Unknown
haber_c003382,-0.773064,6.376272,Enterocyte,Enterocyte,10,Enterocyte
haber_c003384,3.125355,0.5754494,TA.Early,Progenitor,6,Unknown
haber_c003386,2.095496,-1.683065,TA,Progenitor,2,Stem
haber_c003387,-4.389114,4.933413,Enterocyte.Progenitor,Progenitor,0,Enterocyte
haber_c003388,2.770478,-2.07098,Stem,Stem,2,Stem
haber_c003390,1.531083,-2.004414,Stem,Stem,2,Stem
haber_c003391,0.8860595,-0.678105,TA,Progenitor,3,Progenitor
haber_c003392,-2.764045,3.202307,Enterocyte.Progenitor,Progenitor,1,Unknown
haber_c003394,1.232316,-0.3129103,TA.Early,Progenitor,3,Progenitor
haber_c003401,2.356472,0.1967057,TA.Early,Progenitor,6,Unknown
haber_c003403,2.084485,0.06148778,TA.Early,Progenitor,5,Stem
haber_c003405,0.3743298,4.559423,Enterocyte.Progenitor,Progenitor,4,Progenitor
haber_c003407,2.115639,0.5492144,Stem,Stem,3,Progenitor
haber_c003408,-3.617784,6.171576,Enterocyte,Enterocyte,10,Enterocyte
haber_c003410,-1.703654,4.525568,Enterocyte.Progenitor,Progenitor,1,Unknown
haber_c003412,-3.491992,7.274509,Enterocyte,Enterocyte,10,Enterocyte
haber_c003416,2.677037,1.070218,TA.Early,Progenitor,6,Unknown
haber_c003418,-2.05922,4.170678,Enterocyte.Progenitor,Progenitor,1,Unknown
haber_c003421,-0.08121452,0.1844638,TA,Progenitor,3,Progenitor
haber_c003422,0.5410271,-3.467729,Stem,Stem,2,Stem
haber_c003423,1.973399,-1.243986,TA,Progenitor,2,Stem
haber_c003424,2.592675,0.921389,TA.Early,Progenitor,6,Unknown
haber_c003428,0.3727916,-0.04627665,TA,Progenitor,3,Progenitor
haber_c003430,1.902104,1.808819,TA.Early,Progenitor,4,Progenitor
haber_c003431,2.349978,-2.428653,Stem,Stem,2,Stem
haber_c003433,-2.052836,3.235383,Enterocyte.Progenitor,Progenitor,1,Unknown
haber_c003435,2.66021,-2.163184,Stem,Stem,2,Stem
haber_c003436,-0.9481221,4.536736,Enterocyte.Progenitor,Progenitor,1,Unknown
haber_c003439,-1.397832,2.904022,Enterocyte.Progenitor,Progenitor,1,Unknown
haber_c003440,1.605172,0.9665088,TA,Progenitor,3,Progenitor
haber_c003442,0.9641204,1.050225,TA.Early,Progenitor,3,Progenitor
haber_c003445,-2.700325,3.936022,Enterocyte.Progenitor,Progenitor,1,Unknown
haber_c003447,-1.244367,3.632971,Enterocyte.Progenitor,Progenitor,1,Unknown
haber_c003448,0.9725004,2.361004,TA,Progenitor,4,Progenitor
haber_c003449,-0.1537886,-0.5339493,Stem,Stem,3,Progenitor
haber_c003450,2.467813,-3.093329,TA,Progenitor,2,Stem
haber_c003451,-0.0456166,4.114607,Enterocyte.Progenitor,Progenitor,1,Unknown
haber_c003452,-2.713431,5.729305,Enterocyte.Progenitor,Progenitor,1,Unknown
haber_c003454,-1.081804,5.129494,Enterocyte.Progenitor,Progenitor,1,Unknown
haber_c003455,0.7556164,-3.341543,Stem,Stem,2,Stem
haber_c003456,8.780338,-0.5192778,Goblet,Goblet,12,Goblet
haber_c003457,8.922189,1.126424,Goblet,Goblet,12,Goblet
haber_c003459,2.715222,-2.861522,Stem,Stem,2,Stem
haber_c003460,8.831015,4.747967,Endocrine,Endocrine,11,Endocrine
haber_c003461,1.632314,0.3244035,TA.Early,Progenitor,6,Unknown
haber_c003464,3.141207,-1.045497,TA.Early,Progenitor,6,Unknown
haber_c003465,0.2641646,4.895716,Enterocyte.Progenitor,Progenitor,4,Progenitor
haber_c003466,-1.975242,5.759031,Enterocyte.Progenitor,Progenitor,1,Unknown
haber_c003470,-2.675944,8.188988,Enterocyte,Enterocyte,10,Enterocyte
haber_c003471,3.836682,0.08712859,TA,Progenitor,5,Stem
haber_c003473,1.624564,0.1688586,TA,Progenitor,3,Progenitor
haber_c003474,0.4686909,2.787684,Enterocyte.Progenitor,Progenitor,4,Progenitor
haber_c003480,3.079638,-2.475255,Stem,Stem,7,Progenitor
haber_c003481,9.04089,1.123988,Goblet,Goblet,12,Goblet
haber_c003482,0.1125297,1.130719,Enterocyte.Progenitor,Progenitor,3,Progenitor
haber_c003483,2.413318,-1.366251,TA.Early,Progenitor,6,Unknown
haber_c003486,0.8182232,-3.356636,Stem,Stem,2,Stem
haber_c003488,2.256441,-3.203905,Stem,Stem,2,Stem
haber_c003489,2.475161,0.3188716,TA.Early,Progenitor,6,Unknown
haber_c003490,-0.1776132,5.201292,Enterocyte.Progenitor,Progenitor,10,Enterocyte
haber_c003491,1.390937,1.861566,TA.Early,Progenitor,4,Progenitor
haber_c003493,2.320903,-1.414607,TA,Progenitor,5,Stem
haber_c003494,1.311507,-0.2729619,TA.Early,Progenitor,3,Progenitor
haber_c003495,0.1639542,1.2766,TA,Progenitor,4,Progenitor
haber_c003496,10.71567,3.389155,Tuft,Tuft,8,Tuft
haber_c003499,2.20462,-0.4671115,Tuft,Tuft,5,Stem
haber_c003501,2.351491,-2.91832,Stem,Stem,2,Stem
haber_c003502,-0.9447513,3.483015,Enterocyte.Progenitor,Progenitor,1,Unknown
haber_c003505,1.988394,-3.754476,Stem,Stem,2,Stem
haber_c003507,-0.04795436,3.207765,Enterocyte.Progenitor,Progenitor,4,Progenitor
haber_c003508,0.9879357,0.824804,TA,Progenitor,3,Progenitor
haber_c003511,0.810364,1.558246,TA.Early,Progenitor,4,Progenitor
haber_c003514,1.957623,-2.824521,Stem,Stem,2,Stem
haber_c003515,3.317344,-2.02499,Stem,Stem,5,Stem
haber_c003517,0.2773864,2.463232,TA.Early,Progenitor,4,Progenitor
haber_c003523,-1.251635,4.508497,Enterocyte.Progenitor,Progenitor,1,Unknown
haber_c003527,-2.320909,3.516952,Enterocyte.Progenitor,Progenitor,1,Unknown
haber_c003528,8.053118,1.035081,Goblet,Goblet,12,Goblet
haber_c003529,0.3467326,2.277525,TA.Early,Progenitor,4,Progenitor
haber_c003530,2.497558,-3.079849,Stem,Stem,2,Stem
haber_c003531,1.789148,-2.753363,Stem,Stem,2,Stem
haber_c003532,0.7274401,3.184263,TA.Early,Progenitor,4,Progenitor
haber_c003533,3.826789,-2.166237,Stem,Stem,7,Progenitor
haber_c003534,1.547909,-1.672767,TA,Progenitor,2,Stem
haber_c003535,1.538347,1.98184,TA.Early,Progenitor,4,Progenitor
haber_c003536,-1.672625,4.292692,Enterocyte.Progenitor,Progenitor,1,Unknown
haber_c003537,8.759025,3.997488,Endocrine,Endocrine,11,Endocrine
haber_c003538,0.8695777,-2.312629,Stem,Stem,2,Stem
haber_c003539,-2.594813,4.771344,Enterocyte.Progenitor,Progenitor,1,Unknown
haber_c003540,-0.7041392,3.420106,Enterocyte.Progenitor,Progenitor,1,Unknown
haber_c003541,2.629365,-2.318402,TA,Progenitor,2,Stem
haber_c003542,2.317969,-3.359226,Stem,Stem,2,Stem
haber_c003543,2.292539,1.369055,Stem,Stem,3,Progenitor
haber_c003546,-0.7484181,2.233979,Enterocyte.Progenitor,Progenitor,1,Unknown
haber_c003549,2.398537,-1.640566,Stem,Stem,5,Stem
haber_c003550,1.01399,-0.8046625,TA,Progenitor,3,Progenitor
haber_c003552,5.95877,3.420501,Stem,Stem,9,Progenitor
haber_c003554,2.276281,1.991556,TA,Progenitor,4,Progenitor
haber_c003556,0.3696904,-2.843028,Stem,Stem,2,Stem
haber_c003557,-0.2093348,1.344174,Enterocyte.Progenitor,Progenitor,1,Unknown
haber_c003559,2.280752,-1.127284,Stem,Stem,6,Unknown
haber_c003562,7.762539,-1.444615,Stem,Stem,12,Goblet
haber_c003563,0.9121949,-1.354429,TA,Progenitor,3,Progenitor
haber_c003567,0.4870069,-2.184666,TA,Progenitor,2,Stem
haber_c003568,2.797071,-1.923058,Stem,Stem,5,Stem
haber_c003574,1.983331,2.063157,TA.Early,Progenitor,4,Progenitor
haber_c003576,0.3715728,1.703978,TA,Progenitor,4,Progenitor
haber_c003577,8.643494,5.819579,Endocrine,Endocrine,11,Endocrine
haber_c003579,2.823959,-2.27944,Stem,Stem,2,Stem
haber_c003581,-1.270597,2.682754,Enterocyte.Progenitor,Progenitor,1,Unknown
haber_c003582,8.470933,1.423805,Goblet,Goblet,12,Goblet
haber_c003585,0.6869665,3.229271,TA.Early,Progenitor,4,Progenitor
haber_c003586,-3.788898,7.475571,Enterocyte,Enterocyte,10,Enterocyte
haber_c003588,0.7492517,-0.7805237,TA,Progenitor,3,Progenitor
haber_c003589,1.493573,1.012187,TA.Early,Progenitor,4,Progenitor
haber_c003590,2.949673,-0.556672,TA.Early,Progenitor,5,Stem
haber_c003592,-2.701382,4.044095,Enterocyte.Progenitor,Progenitor,1,Unknown
haber_c003595,-0.3420295,2.091348,Enterocyte.Progenitor,Progenitor,4,Progenitor
haber_c003596,-1.413798,3.353476,Enterocyte.Progenitor,Progenitor,1,Unknown
haber_c003597,2.095181,-2.348081,Stem,Stem,2,Stem
haber_c003600,1.878957,-1.794833,TA,Progenitor,5,Stem
haber_c003603,8.538398,2.000659,Goblet,Goblet,12,Goblet
haber_c003605,1.332325,-3.128818,Stem,Stem,2,Stem
haber_c003606,1.505356,0.3951419,TA.Early,Progenitor,3,Progenitor
haber_c003607,-1.039191,2.475307,Enterocyte.Progenitor,Progenitor,3,Progenitor
haber_c003609,2.810207,0.957815,TA.Early,Progenitor,6,Unknown
haber_c003610,-0.5328748,2.645415,Endocrine,Endocrine,1,Unknown
haber_c003611,8.37873,1.899416,Goblet,Goblet,12,Goblet
haber_c003612,0.8763393,-3.178113,Stem,Stem,2,Stem
haber_c003613,8.411727,1.660046,Stem,Stem,12,Goblet
haber_c003616,2.597954,0.2096895,TA.Early,Progenitor,6,Unknown
haber_c003619,-0.1691847,0.5322201,TA,Progenitor,2,Stem
haber_c003621,-2.737422,3.94462,Enterocyte.Progenitor,Progenitor,1,Unknown
haber_c003622,1.68246,-2.798512,Stem,Stem,2,Stem
haber_c003623,8.899781,7.135581,Endocrine,Endocrine,11,Endocrine
haber_c003625,2.56146,-0.6787525,TA.Early,Progenitor,6,Unknown
haber_c003626,3.074753,1.104774,TA.Early,Progenitor,6,Unknown
haber_c003628,1.365395,0.006552902,TA.Early,Progenitor,3,Progenitor
haber_c003629,1.575698,-3.60217,Stem,Stem,2,Stem
haber_c003630,10.4987,3.700312,Tuft,Tuft,8,Tuft
haber_c003631,1.429423,-3.934086,Stem,Stem,2,Stem
haber_c003632,-0.08133481,1.353441,TA,Progenitor,4,Progenitor
haber_c003633,0.1141124,-1.194865,TA,Progenitor,3,Progenitor
haber_c003634,-0.1238253,2.901428,TA.Early,Progenitor,4,Progenitor
haber_c003635,1.361845,-2.415427,TA,Progenitor,2,Stem
haber_c003637,-2.66705,4.286118,Enterocyte.Progenitor,Progenitor,1,Unknown
haber_c003638,1.319429,1.364719,TA,Progenitor,4,Progenitor
haber_c003639,1.283274,1.583535,TA.Early,Progenitor,4,Progenitor
haber_c003640,7.659613,1.176172,Goblet,Goblet,12,Goblet
haber_c003642,1.445388,1.413708,TA.Early,Progenitor,4,Progenitor
haber_c003643,4.356053,-2.31177,Stem,Stem,7,Progenitor
haber_c003645,3.34577,0.06450033,TA,Progenitor,5,Stem
haber_c003646,-1.21069,1.606828,Enterocyte.Progenitor,Progenitor,3,Progenitor
haber_c003647,3.834308,0.1661634,TA.Early,Progenitor,6,Unknown
haber_c003650,4.118083,0.09011386,TA.Early,Progenitor,7,Progenitor
haber_c003651,0.1255502,-1.345837,TA,Progenitor,2,Stem
haber_c003652,2.044667,-1.461912,TA,Progenitor,3,Progenitor
haber_c003655,1.816272,0.09145216,TA.Early,Progenitor,6,Unknown
haber_c003656,-1.438596,5.945157,Enterocyte.Progenitor,Progenitor,1,Unknown
haber_c003658,10.9237,3.874809,Tuft,Tuft,8,Tuft
haber_c003659,1.268193,-1.582698,TA,Progenitor,3,Progenitor
haber_c003661,3.469366,0.3624863,TA.Early,Progenitor,6,Unknown
haber_c003662,2.446389,0.8330404,TA.Early,Progenitor,6,Unknown
haber_c003665,-2.318211,3.083339,Enterocyte.Progenitor,Progenitor,1,Unknown
haber_c003666,1.370173,0.8415416,TA.Early,Progenitor,4,Progenitor
haber_c003668,-2.344762,3.226173,Enterocyte.Progenitor,Progenitor,1,Unknown
haber_c003671,3.424111,-1.177078,Stem,Stem,5,Stem
haber_c003672,4.396359,2.292501,TA.Early,Progenitor,7,Progenitor
haber_c003673,2.969313,-2.240959,Stem,Stem,5,Stem
haber_c003674,4.011879,1.06305,TA,Progenitor,14,Progenitor
haber_c003675,4.641686,-1.853253,Stem,Stem,7,Progenitor
haber_c003677,-0.8652702,5.790434,Enterocyte.Progenitor,Progenitor,1,Unknown
haber_c003681,-0.2625202,2.99837,Enterocyte.Progenitor,Progenitor,4,Progenitor
haber_c003684,-2.157198,3.28428,Enterocyte.Progenitor,Progenitor,1,Unknown
haber_c003685,1.024925,1.608617,TA.Early,Progenitor,4,Progenitor
haber_c003686,-0.006484104,-0.9713787,TA,Progenitor,3,Progenitor
haber_c003687,-2.607851,2.818046,Enterocyte.Progenitor,Progenitor,1,Unknown
haber_c003688,-1.4072,1.944182,Enterocyte,Enterocyte,3,Progenitor
haber_c003689,0.1746615,-1.769394,TA,Progenitor,3,Progenitor
haber_c003691,2.423663,-1.803424,Stem,Stem,2,Stem
haber_c003693,1.151674,2.400211,TA.Early,Progenitor,4,Progenitor
haber_c003695,0.6141471,-0.1949195,TA,Progenitor,3,Progenitor
haber_c003697,-2.777199,7.667756,Enterocyte,Enterocyte,10,Enterocyte
haber_c003700,2.187829,-0.337011,TA,Progenitor,6,Unknown
haber_c003702,-2.525403,3.12718,Enterocyte.Progenitor,Progenitor,1,Unknown
haber_c003704,-2.059784,3.370027,Enterocyte.Progenitor,Progenitor,1,Unknown
haber_c003706,1.235268,-3.559355,Stem,Stem,2,Stem
haber_c003709,9.07777,4.398843,Endocrine,Endocrine,11,Endocrine
haber_c003710,-2.286611,3.272499,Enterocyte.Progenitor,Progenitor,1,Unknown
haber_c003712,2.550527,-1.97158,Stem,Stem,2,Stem
haber_c003713,-2.863042,7.949008,Enterocyte,Enterocyte,10,Enterocyte
haber_c003714,-1.195828,4.075037,Enterocyte.Progenitor,Progenitor,1,Unknown
haber_c003715,0.3492431,-1.434963,TA,Progenitor,3,Progenitor
haber_c003718,10.10019,3.896942,Tuft,Tuft,8,Tuft
haber_c003721,-1.339565,3.801208,Enterocyte.Progenitor,Progenitor,1,Unknown
haber_c003722,2.701936,-1.092566,Stem,Stem,6,Unknown
haber_c003723,3.268355,0.03831361,TA.Early,Progenitor,6,Unknown
haber_c003727,2.777756,0.3678249,TA.Early,Progenitor,6,Unknown
haber_c003729,9.726412,6.044103,Endocrine,Endocrine,11,Endocrine
haber_c003730,0.3086652,-2.61744,Stem,Stem,2,Stem
haber_c003731,-2.243464,3.009955,Enterocyte.Progenitor,Progenitor,1,Unknown
haber_c003732,2.057847,-3.579553,Stem,Stem,2,Stem
haber_c003733,-2.837116,6.450227,Enterocyte,Enterocyte,10,Enterocyte
haber_c003734,1.032379,1.592605,TA.Early,Progenitor,4,Progenitor
haber_c003736,3.27565,0.05776379,TA.Early,Progenitor,6,Unknown
haber_c003737,4.302616,-0.1004385,TA,Progenitor,7,Progenitor
haber_c003738,-1.000916,3.717482,Enterocyte.Progenitor,Progenitor,1,Unknown
haber_c003741,1.655379,0.2615612,TA.Early,Progenitor,3,Progenitor
haber_c003742,8.70773,1.302104,Goblet,Goblet,12,Goblet
haber_c003744,2.48487,-2.94519,Stem,Stem,2,Stem
haber_c003745,-1.73528,4.733257,Enterocyte.Progenitor,Progenitor,1,Unknown
haber_c003746,-0.7251298,3.805382,Enterocyte.Progenitor,Progenitor,1,Unknown
haber_c003749,1.141855,0.5463919,Stem,Stem,4,Progenitor
haber_c003750,10.78591,0.3673778,Goblet,Goblet,12,Goblet
haber_c003751,-4.497275,5.372245,Enterocyte.Progenitor,Progenitor,0,Enterocyte
haber_c003754,0.2646963,-0.160508,Enterocyte.Progenitor,Progenitor,3,Progenitor
haber_c003757,3.780181,2.90147,Stem,Stem,9,Progenitor
haber_c003758,2.367699,-2.341899,Stem,Stem,2,Stem
haber_c003760,7.909761,2.144951,TA.Early,Progenitor,12,Goblet
haber_c003762,-0.399539,1.619831,TA,Progenitor,1,Unknown
haber_c003763,-3.879271,8.349249,Enterocyte,Enterocyte,0,Enterocyte
haber_c003766,-0.03829211,5.353467,Enterocyte.Progenitor,Progenitor,15,Unknown
haber_c003767,2.70738,-0.5133843,TA,Progenitor,5,Stem
haber_c003768,-1.248422,0.9151195,Enterocyte.Progenitor,Progenitor,3,Progenitor
haber_c003770,1.519442,-0.4230657,Stem,Stem,3,Progenitor
haber_c003772,2.310178,-1.898408,Stem,Stem,2,Stem
haber_c003773,-1.070191,2.635293,Enterocyte.Progenitor,Progenitor,1,Unknown
haber_c003774,1.882614,1.680273,TA.Early,Progenitor,4,Progenitor
haber_c003775,2.260532,-0.610866,TA.Early,Progenitor,5,Stem
haber_c003776,-1.402485,5.305523,Enterocyte.Progenitor,Progenitor,1,Unknown
haber_c003777,-3.201712,4.662213,Enterocyte.Progenitor,Progenitor,1,Unknown
haber_c003778,0.05013321,2.398965,TA,Progenitor,4,Progenitor
haber_c003779,-1.991029,2.859189,Enterocyte.Progenitor,Progenitor,1,Unknown
haber_c003780,7.929414,1.901645,TA.Early,Progenitor,12,Goblet
haber_c003781,1.889456,-3.560457,Stem,Stem,2,Stem
haber_c003782,1.835928,-2.234815,Tuft,Tuft,2,Stem
haber_c003783,2.44694,-0.7230637,TA.Early,Progenitor,6,Unknown
haber_c003784,4.840319,5.681736,Tuft,Tuft,14,Progenitor
haber_c003786,3.067299,1.635835,Endocrine,Endocrine,11,Endocrine
haber_c003788,8.750591,4.759872,Endocrine,Endocrine,11,Endocrine
haber_c003790,10.88411,3.590051,Tuft,Tuft,8,Tuft
haber_c003791,1.325023,0.07887198,TA,Progenitor,2,Stem
haber_c003793,1.720253,-0.3600468,TA.Early,Progenitor,5,Stem
haber_c003795,-2.366286,8.116806,Enterocyte,Enterocyte,10,Enterocyte
haber_c003796,1.900917,-0.3024642,TA.Early,Progenitor,6,Unknown
haber_c003798,9.423989,0.7170413,Goblet,Goblet,12,Goblet
haber_c003800,2.504345,0.0947817,TA.Early,Progenitor,5,Stem
haber_c003801,0.3586323,-0.9448547,TA,Progenitor,3,Progenitor
haber_c003803,0.4639696,1.325658,TA,Progenitor,4,Progenitor
haber_c003804,0.812988,-0.5723472,TA,Progenitor,3,Progenitor
haber_c003806,-4.090492,4.93638,Enterocyte.Progenitor,Progenitor,1,Unknown
haber_c003808,1.7079,-0.3455992,TA,Progenitor,3,Progenitor
haber_c003811,1.767505,1.957699,TA.Early,Progenitor,4,Progenitor
haber_c003812,1.710822,2.174144,TA.Early,Progenitor,4,Progenitor
haber_c003813,-2.643561,2.924944,Enterocyte.Progenitor,Progenitor,1,Unknown
haber_c003816,-0.1069733,1.380344,TA,Progenitor,4,Progenitor
haber_c003817,2.138644,-2.529886,Stem,Stem,2,Stem
haber_c003819,0.1236047,5.234221,Enterocyte.Progenitor,Progenitor,10,Enterocyte
haber_c003826,0.6775663,-1.792481,Stem,Stem,2,Stem
haber_c003827,0.2060218,1.439677,TA.Early,Progenitor,4,Progenitor
haber_c003828,1.889932,1.788677,TA.Early,Progenitor,4,Progenitor
haber_c003831,0.3779793,-0.05786577,TA,Progenitor,3,Progenitor
haber_c003835,-1.095017,3.36737,Enterocyte.Progenitor,Progenitor,1,Unknown
haber_c003836,11.57474,4.083508,Tuft,Tuft,8,Tuft
haber_c003841,-2.744087,2.937248,Enterocyte.Progenitor,Progenitor,1,Unknown
haber_c003842,-0.2397583,2.318472,TA,Progenitor,4,Progenitor
haber_c003843,0.01691849,-0.4778361,TA,Progenitor,3,Progenitor
haber_c003844,-0.6942436,3.15007,Enterocyte.Progenitor,Progenitor,4,Progenitor
haber_c003846,4.961982,-0.3451754,TA.Early,Progenitor,7,Progenitor
haber_c003847,1.329386,1.129061,TA.Early,Progenitor,4,Progenitor
haber_c003848,-0.4802652,3.074107,TA,Progenitor,1,Unknown
haber_c003850,2.4958,-2.349917,Stem,Stem,2,Stem
haber_c003851,2.565866,-1.477237,TA,Progenitor,2,Stem
haber_c003853,1.582259,-0.2113003,TA,Progenitor,3,Progenitor
haber_c003856,2.744547,0.2044896,TA.Early,Progenitor,6,Unknown
haber_c003857,1.207829,1.868307,TA.Early,Progenitor,4,Progenitor
haber_c003858,1.198037,-0.2858976,TA,Progenitor,3,Progenitor
haber_c003859,9.493849,5.639682,Endocrine,Endocrine,11,Endocrine
haber_c003860,0.3402106,2.788756,TA.Early,Progenitor,4,Progenitor
haber_c003861,-0.3764743,-2.500201,Stem,Stem,2,Stem
haber_c003864,2.008542,-1.923711,Stem,Stem,2,Stem
haber_c003865,1.193274,1.822578,TA.Early,Progenitor,4,Progenitor
haber_c003868,0.1853972,0.5229093,TA.Early,Progenitor,3,Progenitor
haber_c003869,-4.195661,5.12511,Enterocyte.Progenitor,Progenitor,0,Enterocyte
haber_c003871,-1.829394,2.914559,Enterocyte.Progenitor,Progenitor,1,Unknown
haber_c003872,0.6867549,2.388941,TA.Early,Progenitor,4,Progenitor
haber_c003873,0.9712616,2.555749,TA.Early,Progenitor,4,Progenitor
haber_c003874,8.353126,2.069797,TA.Early,Progenitor,12,Goblet
haber_c003875,1.614977,-2.802566,Stem,Stem,2,Stem
haber_c003878,0.5573041,2.624365,TA.Early,Progenitor,4,Progenitor
haber_c003881,7.975238,0.9776618,Goblet,Goblet,12,Goblet
haber_c003882,1.993092,-3.353169,Stem,Stem,2,Stem
haber_c003885,0.9256691,-1.578865,Stem,Stem,3,Progenitor
haber_c003886,0.6850119,-1.151388,Stem,Stem,3,Progenitor
haber_c003887,-0.06753442,4.477337,Enterocyte.Progenitor,Progenitor,4,Progenitor
haber_c003888,-3.502651,4.326616,Enterocyte.Progenitor,Progenitor,1,Unknown
haber_c003889,8.630031,1.039098,Goblet,Goblet,12,Goblet
haber_c003890,1.504621,-2.788026,TA,Progenitor,2,Stem
haber_c003896,0.8802382,-0.3655991,TA.Early,Progenitor,3,Progenitor
haber_c003898,1.777213,2.345724,TA.Early,Progenitor,4,Progenitor
haber_c003899,1.980368,-1.402822,Stem,Stem,3,Progenitor
haber_c003900,-3.05141,3.957715,Enterocyte.Progenitor,Progenitor,1,Unknown
haber_c003902,-0.4171429,2.882344,Enterocyte.Progenitor,Progenitor,4,Progenitor
haber_c003904,3.960365,-0.3751884,TA.Early,Progenitor,6,Unknown
haber_c003906,-2.461411,8.078995,Enterocyte,Enterocyte,10,Enterocyte
haber_c003907,2.599707,0.6127922,TA,Progenitor,6,Unknown
haber_c003909,0.4650429,0.4339901,TA,Progenitor,3,Progenitor
haber_c003911,-0.002602908,5.020556,Enterocyte.Progenitor,Progenitor,10,Enterocyte
haber_c003914,0.5953999,0.4583735,TA,Progenitor,3,Progenitor
haber_c003918,1.653489,-1.998,Stem,Stem,2,Stem
haber_c003919,-3.81579,4.136381,Enterocyte.Progenitor,Progenitor,1,Unknown
haber_c003921,3.069725,-1.128605,TA,Progenitor,5,Stem
haber_c003922,-1.53281,7.031266,Enterocyte,Enterocyte,10,Enterocyte
haber_c003923,0.5640071,-0.5558665,TA,Progenitor,3,Progenitor
haber_c003925,1.512277,-0.7479574,TA,Progenitor,3,Progenitor
haber_c003930,-3.612862,6.429059,Enterocyte,Enterocyte,10,Enterocyte
haber_c003931,-2.586922,7.382389,Enterocyte,Enterocyte,10,Enterocyte
haber_c003934,3.419882,0.8288493,TA.Early,Progenitor,6,Unknown
haber_c003936,2.927678,-0.5464898,TA,Progenitor,5,Stem
haber_c003937,2.673548,-1.952064,Stem,Stem,2,Stem
haber_c003938,-3.374855,7.06503,Enterocyte,Enterocyte,10,Enterocyte
haber_c003943,-4.547038,6.169712,Enterocyte.Progenitor,Progenitor,0,Enterocyte
haber_c003944,3.362774,-0.07212394,TA.Early,Progenitor,5,Stem
haber_c003945,-4.439602,8.219364,Enterocyte,Enterocyte,0,Enterocyte
haber_c003946,2.969437,-0.02754716,TA.Early,Progenitor,6,Unknown
haber_c003950,-0.116211,-2.697278,Stem,Stem,2,Stem
haber_c003951,1.723088,-3.195337,Stem,Stem,2,Stem
haber_c003952,-3.056498,3.793813,Enterocyte.Progenitor,Progenitor,1,Unknown
haber_c003953,2.336525,-0.4670153,TA.Early,Progenitor,2,Stem
haber_c003955,1.365278,1.344191,TA.Early,Progenitor,4,Progenitor
haber_c003956,-2.584635,3.035796,Enterocyte.Progenitor,Progenitor,1,Unknown
haber_c003957,-0.9019606,-1.174545,Stem,Stem,3,Progenitor
haber_c003958,0.6779706,-0.0586354,TA,Progenitor,3,Progenitor
haber_c003959,10.58893,0.3444324,Goblet,Goblet,12,Goblet
haber_c003961,8.593219,3.534985,Endocrine,Endocrine,11,Endocrine
haber_c003962,0.3277468,2.929541,TA.Early,Progenitor,4,Progenitor
haber_c003963,1.454252,-1.888376,Stem,Stem,2,Stem
haber_c003965,-0.1466877,0.8277575,TA.Early,Progenitor,4,Progenitor
haber_c003967,1.256478,0.8066723,TA.Early,Progenitor,4,Progenitor
haber_c003968,-1.150348,-0.1857859,TA,Progenitor,3,Progenitor
haber_c003969,-1.3038,4.730646,Enterocyte.Progenitor,Progenitor,1,Unknown
haber_c003970,-5.032328,8.05726,Enterocyte,Enterocyte,0,Enterocyte
haber_c003971,-1.334367,2.373474,Enterocyte.Progenitor,Progenitor,1,Unknown
haber_c003972,-0.3411932,6.783446,Enterocyte.Progenitor,Progenitor,16,Enterocyte
haber_c003975,-2.996458,3.770331,Enterocyte.Progenitor,Progenitor,1,Unknown
haber_c003976,-1.586515,3.759588,Enterocyte.Progenitor,Progenitor,1,Unknown
haber_c003980,1.396428,-1.275231,TA,Progenitor,3,Progenitor
haber_c003981,-2.012107,2.531064,Enterocyte.Progenitor,Progenitor,1,Unknown
haber_c003982,4.877919,-0.2495483,TA.Early,Progenitor,7,Progenitor
haber_c003983,-2.382587,3.155593,Enterocyte.Progenitor,Progenitor,1,Unknown
haber_c003984,-3.916179,4.591393,Enterocyte.Progenitor,Progenitor,1,Unknown
haber_c003985,2.314589,0.3520178,TA.Early,Progenitor,5,Stem
haber_c003987,-0.5961404,3.73387,Enterocyte.Progenitor,Progenitor,1,Unknown
haber_c003989,2.459033,-1.761867,TA,Progenitor,2,Stem
haber_c003990,3.157525,0.7396483,TA.Early,Progenitor,6,Unknown
haber_c003992,-0.3305399,0.7009526,TA,Progenitor,4,Progenitor
haber_c003995,1.779098,-3.059679,Stem,Stem,2,Stem
haber_c003997,-4.606886,6.472491,Enterocyte,Enterocyte,0,Enterocyte
haber_c003998,2.576805,2.267792,TA.Early,Progenitor,9,Progenitor
haber_c004000,0.3169547,-2.015062,TA,Progenitor,2,Stem
haber_c004002,1.643518,-1.977525,Stem,Stem,2,Stem
haber_c004004,1.139178,0.3625879,TA.Early,Progenitor,3,Progenitor
haber_c004006,2.014879,-2.609566,Stem,Stem,2,Stem
haber_c004007,2.290872,-3.463919,Stem,Stem,2,Stem
haber_c004008,-4.483982,5.650448,Enterocyte.Progenitor,Progenitor,0,Enterocyte
haber_c004009,-3.016882,3.306327,Enterocyte.Progenitor,Progenitor,1,Unknown
haber_c004013,2.072282,-0.2640224,TA.Early,Progenitor,6,Unknown
haber_c004014,0.7039331,-2.139482,Stem,Stem,2,Stem
haber_c004016,0.5570412,2.01891,Enterocyte.Progenitor,Progenitor,4,Progenitor
haber_c004017,-2.389292,3.939044,Enterocyte.Progenitor,Progenitor,1,Unknown
haber_c004018,-0.5648919,-2.636214,Stem,Stem,2,Stem
haber_c004020,1.153077,1.565699,TA.Early,Progenitor,4,Progenitor
haber_c004021,0.1670107,0.01580368,TA,Progenitor,3,Progenitor
haber_c004022,-2.781599,8.745089,Enterocyte,Enterocyte,13,Enterocyte
haber_c004023,-2.685643,3.557339,Enterocyte.Progenitor,Progenitor,1,Unknown
haber_c004024,9.873671,0.7985444,Goblet,Goblet,12,Goblet
haber_c004025,-2.942902,2.923048,Enterocyte.Progenitor,Progenitor,1,Unknown
haber_c004026,1.607886,-2.175867,Stem,Stem,2,Stem
haber_c004027,-2.199618,3.823044,Enterocyte.Progenitor,Progenitor,1,Unknown
haber_c004028,0.7590185,2.849102,TA.Early,Progenitor,4,Progenitor
haber_c004033,-3.63675,6.477335,Enterocyte.Progenitor,Progenitor,10,Enterocyte
haber_c004034,-2.625502,3.094531,Enterocyte.Progenitor,Progenitor,1,Unknown
haber_c004036,3.673703,7.196098,Endocrine,Endocrine,14,Progenitor
haber_c004038,8.662439,3.292319,Endocrine,Endocrine,11,Endocrine
haber_c004042,-3.277839,4.343127,Enterocyte.Progenitor,Progenitor,1,Unknown
haber_c004043,10.4311,0.1943056,Goblet,Goblet,12,Goblet
haber_c004044,3.858587,1.199098,TA,Progenitor,14,Progenitor
haber_c004046,1.174519,-2.152053,TA,Progenitor,2,Stem
haber_c004048,0.2035761,2.925449,TA.Early,Progenitor,4,Progenitor
haber_c004050,0.1785624,3.734782,Enterocyte.Progenitor,Progenitor,4,Progenitor
haber_c004051,1.17648,-2.648337,Stem,Stem,2,Stem
haber_c004052,2.528585,-0.7919214,TA.Early,Progenitor,6,Unknown
haber_c004054,2.996915,-0.07675505,TA.Early,Progenitor,6,Unknown
haber_c004056,2.352171,0.6814644,TA.Early,Progenitor,6,Unknown
haber_c004058,-0.2957736,4.991432,Enterocyte.Progenitor,Progenitor,1,Unknown
haber_c004059,8.118923,1.39127,Goblet,Goblet,12,Goblet
haber_c004060,1.252834,-2.32675,Stem,Stem,2,Stem
haber_c004061,-1.988386,2.703249,Enterocyte.Progenitor,Progenitor,1,Unknown
haber_c004063,2.80708,-2.423546,Stem,Stem,2,Stem
haber_c004064,-5.227124,6.647794,Enterocyte,Enterocyte,0,Enterocyte
haber_c004065,-4.151303,7.557414,Enterocyte,Enterocyte,10,Enterocyte
haber_c004066,-1.893922,2.713784,Enterocyte.Progenitor,Progenitor,1,Unknown
haber_c004068,-4.119174,4.091319,Enterocyte.Progenitor,Progenitor,1,Unknown
haber_c004069,-0.2017639,2.072665,TA,Progenitor,4,Progenitor
haber_c004071,10.55689,4.058983,Tuft,Tuft,8,Tuft
haber_c004072,2.059014,-1.354769,TA,Progenitor,2,Stem
haber_c004073,1.550748,-1.421769,Stem,Stem,5,Stem
haber_c004074,-0.1075543,1.977548,TA,Progenitor,4,Progenitor
haber_c004075,3.841269,1.066056,TA.Early,Progenitor,7,Progenitor
haber_c004076,2.836185,0.4146615,TA.Early,Progenitor,6,Unknown
haber_c004078,1.998384,-2.034294,Stem,Stem,2,Stem
haber_c004079,-4.341085,5.310299,Enterocyte.Progenitor,Progenitor,0,Enterocyte
haber_c004088,1.665296,2.507826,TA.Early,Progenitor,4,Progenitor
haber_c004089,8.721574,1.025468,Goblet,Goblet,12,Goblet
haber_c004090,1.642716,-3.262418,Stem,Stem,2,Stem
haber_c004091,8.673094,1.39605,Goblet,Goblet,12,Goblet
haber_c004092,1.129398,-3.470526,Stem,Stem,2,Stem
haber_c004095,-0.7094949,1.961238,TA,Progenitor,1,Unknown
haber_c004097,0.1919459,2.144189,TA.Early,Progenitor,4,Progenitor
haber_c004099,2.270354,-2.816506,Stem,Stem,2,Stem
haber_c004100,0.7148251,-1.706562,Stem,Stem,2,Stem
haber_c004102,1.878775,0.2207797,TA,Progenitor,5,Stem
haber_c004103,2.605791,1.33907,TA.Early,Progenitor,6,Unknown
haber_c004105,-2.321826,5.15633,Enterocyte.Progenitor,Progenitor,1,Unknown
haber_c004107,2.863582,0.9743491,TA.Early,Progenitor,6,Unknown
haber_c004108,-2.777165,3.816745,Enterocyte.Progenitor,Progenitor,1,Unknown
haber_c004109,-5.547135,7.065826,Enterocyte,Enterocyte,0,Enterocyte
haber_c004111,1.744925,-1.877529,Stem,Stem,2,Stem
haber_c004112,-1.910924,2.893687,Enterocyte.Progenitor,Progenitor,1,Unknown
haber_c004115,3.703486,-1.445729,Stem,Stem,5,Stem
haber_c004116,-4.133147,4.920913,Enterocyte.Progenitor,Progenitor,1,Unknown
haber_c004117,-0.6343703,2.55695,Enterocyte.Progenitor,Progenitor,1,Unknown
haber_c004118,-2.530828,2.892134,Enterocyte.Progenitor,Progenitor,1,Unknown
haber_c004119,1.465242,-1.69698,TA,Progenitor,2,Stem
haber_c004120,8.555416,1.546601,Goblet,Goblet,12,Goblet
haber_c004121,9.176995,-1.084292,Goblet,Goblet,12,Goblet
haber_c004122,1.815329,-1.001893,Stem,Stem,5,Stem
haber_c004123,0.635062,3.06178,TA.Early,Progenitor,4,Progenitor
haber_c004124,1.294329,0.5584875,TA,Progenitor,3,Progenitor
haber_c004125,-1.058247,-0.4248159,TA,Progenitor,3,Progenitor
haber_c004126,2.880069,-1.007445,Stem,Stem,5,Stem
haber_c004127,1.663808,-3.407785,Stem,Stem,2,Stem
haber_c004128,-0.4896165,5.22207,Enterocyte.Progenitor,Progenitor,1,Unknown
haber_c004129,1.506965,-2.996684,Stem,Stem,2,Stem
haber_c004132,7.439812,1.259702,Goblet,Goblet,12,Goblet
haber_c004134,9.343634,0.7515654,Goblet,Goblet,12,Goblet
haber_c004136,1.385143,-2.539965,Stem,Stem,2,Stem
haber_c004140,7.673235,1.227616,Endocrine,Endocrine,12,Goblet
haber_c004144,1.635614,-2.792723,Stem,Stem,2,Stem
haber_c004145,1.547352,-3.387819,Stem,Stem,2,Stem
haber_c004146,1.641604,-3.475398,Stem,Stem,2,Stem
haber_c004152,1.837652,-3.029365,Stem,Stem,2,Stem
haber_c004154,3.990518,-0.08264023,Stem,Stem,6,Unknown
haber_c004156,8.697463,1.643928,Goblet,Goblet,12,Goblet
haber_c004157,5.817163,5.179182,TA.Early,Progenitor,14,Progenitor
haber_c004158,-2.574756,3.986243,Enterocyte.Progenitor,Progenitor,1,Unknown
haber_c004159,8.544926,6.421881,Endocrine,Endocrine,11,Endocrine
haber_c004161,10.11143,0.5710959,Goblet,Goblet,12,Goblet
haber_c004162,1.967388,-2.474522,Stem,Stem,2,Stem
haber_c004163,3.391619,-0.0420115,TA.Early,Progenitor,6,Unknown
haber_c004165,1.172436,-0.4325918,TA,Progenitor,3,Progenitor
haber_c004167,1.120699,-1.422715,Stem,Stem,3,Progenitor
haber_c004168,0.8196311,0.2401285,TA,Progenitor,3,Progenitor
haber_c004170,2.245523,-1.45922,Stem,Stem,5,Stem
haber_c004172,2.611855,-0.9983512,TA.Early,Progenitor,6,Unknown
haber_c004173,2.020849,-3.123952,Stem,Stem,2,Stem
haber_c004174,2.120247,-2.613867,Stem,Stem,2,Stem
haber_c004175,2.836399,0.7925306,TA.Early,Progenitor,6,Unknown
haber_c004178,3.497604,0.1168305,TA.Early,Progenitor,6,Unknown
haber_c004179,-2.591795,2.661744,Enterocyte.Progenitor,Progenitor,1,Unknown
haber_c004181,-0.5516219,2.676377,TA.Early,Progenitor,1,Unknown
haber_c004182,1.438119,3.242703,TA.Early,Progenitor,4,Progenitor
haber_c004183,0.9550729,-0.7153502,Stem,Stem,3,Progenitor
haber_c004184,2.321104,-2.945498,Stem,Stem,2,Stem
haber_c004185,0.3141296,-2.514138,Stem,Stem,2,Stem
haber_c004186,1.216613,2.361711,TA.Early,Progenitor,4,Progenitor
haber_c004187,1.36235,-2.316811,TA,Progenitor,2,Stem
haber_c004188,-4.030979,3.743916,Enterocyte.Progenitor,Progenitor,1,Unknown
haber_c004189,2.800227,0.6440823,TA.Early,Progenitor,6,Unknown
haber_c004190,-0.1673348,3.294118,Enterocyte.Progenitor,Progenitor,4,Progenitor
haber_c004191,-0.813234,-0.6308521,Tuft,Tuft,3,Progenitor
haber_c004192,-2.044851,5.975382,Enterocyte,Enterocyte,10,Enterocyte
haber_c004194,8.422936,6.517782,Endocrine,Endocrine,11,Endocrine
haber_c004196,-0.3574456,5.032283,Enterocyte.Progenitor,Progenitor,1,Unknown
haber_c004200,1.67195,-3.627521,Stem,Stem,2,Stem
haber_c004201,1.88102,1.599496,TA.Early,Progenitor,3,Progenitor
haber_c004203,-2.183385,4.082106,Enterocyte.Progenitor,Progenitor,1,Unknown
haber_c004206,2.159707,-1.400748,Stem,Stem,5,Stem
haber_c004207,8.865166,4.786366,Endocrine,Endocrine,11,Endocrine
haber_c004208,-0.09404409,-1.063064,TA,Progenitor,3,Progenitor
haber_c004210,3.026607,-2.334788,Stem,Stem,7,Progenitor
haber_c004211,1.707669,-0.1084649,TA,Progenitor,3,Progenitor
haber_c004213,-4.086516,4.607421,Enterocyte.Progenitor,Progenitor,1,Unknown
haber_c004214,2.682147,-1.182499,Stem,Stem,6,Unknown
haber_c004215,1.454076,0.01619609,TA.Early,Progenitor,3,Progenitor
haber_c004216,1.287659,-0.4421245,TA,Progenitor,3,Progenitor
haber_c004217,9.821395,-0.4919855,Goblet,Goblet,12,Goblet
haber_c004219,2.941413,-0.8038017,TA.Early,Progenitor,6,Unknown
haber_c004223,-0.5633061,3.144339,TA.Early,Progenitor,1,Unknown
haber_c004224,1.531131,-1.031415,TA,Progenitor,2,Stem
haber_c004225,4.412632,3.457302,TA.Early,Progenitor,9,Progenitor
haber_c004229,1.383331,-2.780929,Stem,Stem,2,Stem
haber_c004230,0.9562078,-0.9799721,Stem,Stem,3,Progenitor
haber_c004231,0.0559257,5.051467,Enterocyte.Progenitor,Progenitor,1,Unknown
haber_c004232,-0.1769783,0.745446,TA,Progenitor,4,Progenitor
haber_c004233,0.6304165,-1.048064,TA,Progenitor,3,Progenitor
haber_c004234,-0.05766466,-2.405374,Stem,Stem,2,Stem
haber_c004236,-3.757524,3.610744,Enterocyte.Progenitor,Progenitor,1,Unknown
haber_c004239,2.708678,-1.264895,TA,Progenitor,5,Stem
haber_c004241,2.295374,-1.396645,Stem,Stem,5,Stem
haber_c004242,1.183102,-1.31689,Stem,Stem,3,Progenitor
haber_c004243,-0.01814459,-2.175092,Stem,Stem,2,Stem
haber_c004244,-0.6842868,-1.281844,Stem,Stem,3,Progenitor
haber_c004246,-1.618593,4.262099,Enterocyte.Progenitor,Progenitor,1,Unknown
haber_c004249,9.966809,3.719316,Tuft,Tuft,8,Tuft
haber_c004250,0.6114137,2.953734,TA.Early,Progenitor,4,Progenitor
haber_c004251,-0.5228304,1.914581,Enterocyte.Progenitor,Progenitor,1,Unknown
haber_c004252,1.234309,-1.54169,TA,Progenitor,3,Progenitor
haber_c004253,1.91985,-1.829472,Stem,Stem,2,Stem
haber_c004255,2.651604,-0.1245844,TA,Progenitor,5,Stem
haber_c004256,-3.887589,4.200569,Enterocyte.Progenitor,Progenitor,1,Unknown
haber_c004259,2.54599,-1.94815,Stem,Stem,2,Stem
haber_c004260,-4.041813,4.888004,Enterocyte.Progenitor,Progenitor,1,Unknown
haber_c004263,3.057827,1.52883,TA.Early,Progenitor,6,Unknown
haber_c004264,-0.8063067,6.022158,Enterocyte,Enterocyte,10,Enterocyte
haber_c004265,8.788707,7.669229,Endocrine,Endocrine,11,Endocrine
haber_c004267,10.62401,3.670643,Tuft,Tuft,8,Tuft
haber_c004268,0.6841634,-1.636517,TA,Progenitor,2,Stem
haber_c004270,2.158307,-1.726802,Stem,Stem,5,Stem
haber_c004272,0.06847452,-2.900475,Stem,Stem,2,Stem
haber_c004273,2.376093,-1.629276,TA,Progenitor,5,Stem
haber_c004275,7.669744,1.580391,TA.Early,Progenitor,12,Goblet
haber_c004276,9.037898,5.398455,Endocrine,Endocrine,11,Endocrine
haber_c004284,-2.785495,7.89299,Enterocyte,Enterocyte,10,Enterocyte
haber_c004287,1.594073,-1.712252,Stem,Stem,2,Stem
haber_c004288,1.426309,0.1523887,TA.Early,Progenitor,5,Stem
haber_c004289,1.774653,-3.48865,Stem,Stem,2,Stem
haber_c004290,-2.110636,3.48664,Enterocyte.Progenitor,Progenitor,1,Unknown
haber_c004291,2.696008,-1.027441,TA.Early,Progenitor,6,Unknown
haber_c004295,1.27885,1.324258,TA.Early,Progenitor,4,Progenitor
haber_c004296,1.297791,-2.736391,Stem,Stem,2,Stem
haber_c004297,1.014065,-0.2426752,TA,Progenitor,3,Progenitor
haber_c004298,-0.08377361,2.608962,TA.Early,Progenitor,4,Progenitor
haber_c004300,-2.560024,7.794879,Enterocyte,Enterocyte,10,Enterocyte
haber_c004301,1.142201,0.2640013,TA,Progenitor,3,Progenitor
haber_c004302,-2.084953,3.828099,Enterocyte.Progenitor,Progenitor,1,Unknown
haber_c004304,2.448,-0.5471063,TA.Early,Progenitor,6,Unknown
haber_c004305,9.188952,7.633105,Endocrine,Endocrine,11,Endocrine
haber_c004307,0.972978,-3.80932,Stem,Stem,2,Stem
haber_c004309,-1.066165,3.677241,Enterocyte.Progenitor,Progenitor,1,Unknown
haber_c004311,0.9044705,-0.2976684,TA,Progenitor,3,Progenitor
haber_c004312,1.367563,-1.692568,TA,Progenitor,2,Stem
haber_c004313,3.986387,-0.3404324,TA.Early,Progenitor,6,Unknown
haber_c004315,0.9342749,2.056293,TA.Early,Progenitor,4,Progenitor
haber_c004319,1.677996,2.059695,TA.Early,Progenitor,4,Progenitor
haber_c004320,-2.192173,3.782896,Enterocyte.Progenitor,Progenitor,1,Unknown
haber_c004322,1.269348,-3.219393,Stem,Stem,2,Stem
haber_c004323,0.5846525,2.860366,TA.Early,Progenitor,4,Progenitor
haber_c004327,1.15782,-0.06299104,TA.Early,Progenitor,3,Progenitor
haber_c004328,-1.140324,4.237701,Enterocyte.Progenitor,Progenitor,1,Unknown
haber_c004329,-5.53644,6.673927,Enterocyte,Enterocyte,0,Enterocyte
haber_c004331,9.087838,7.708934,Endocrine,Endocrine,11,Endocrine
haber_c004333,0.8131561,-1.993381,Stem,Stem,2,Stem
haber_c004334,-3.307053,3.734381,Enterocyte.Progenitor,Progenitor,1,Unknown
haber_c004335,0.6638202,1.256484,Stem,Stem,4,Progenitor
haber_c004336,-2.405441,3.511383,Enterocyte.Progenitor,Progenitor,1,Unknown
haber_c004339,0.9939415,-1.419505,Stem,Stem,2,Stem
haber_c004341,8.559856,1.310308,Goblet,Goblet,12,Goblet
haber_c004342,2.568429,-3.155217,Stem,Stem,2,Stem
haber_c004343,2.767432,-2.148864,Stem,Stem,2,Stem
haber_c004344,7.682866,0.8677315,Goblet,Goblet,12,Goblet
haber_c004345,2.373807,0.5700796,TA.Early,Progenitor,6,Unknown
haber_c004346,-1.309574,1.828132,Enterocyte.Progenitor,Progenitor,1,Unknown
haber_c004349,1.983876,0.1556411,TA.Early,Progenitor,6,Unknown
haber_c004353,0.7678159,1.404951,TA.Early,Progenitor,3,Progenitor
haber_c004357,8.804621,1.216652,Goblet,Goblet,12,Goblet
haber_c004359,-3.065766,3.632622,Enterocyte.Progenitor,Progenitor,1,Unknown
haber_c004360,0.4802929,-0.828097,TA,Progenitor,3,Progenitor
haber_c004363,2.220146,-3.524869,Stem,Stem,12,Goblet
haber_c004364,7.462886,1.036861,Goblet,Goblet,12,Goblet
haber_c004365,-0.2219326,-1.780773,Stem,Stem,3,Progenitor
haber_c004366,0.463074,2.295615,TA.Early,Progenitor,4,Progenitor
haber_c004369,-0.7026848,6.02856,Enterocyte,Enterocyte,10,Enterocyte
haber_c004370,8.235608,6.687171,Endocrine,Endocrine,11,Endocrine
haber_c004372,8.736295,1.693563,Goblet,Goblet,12,Goblet
haber_c004373,-0.7240245,-2.697722,Stem,Stem,2,Stem
haber_c004374,-2.879719,2.789788,Enterocyte.Progenitor,Progenitor,1,Unknown
haber_c004375,1.501609,-3.267705,Stem,Stem,2,Stem
haber_c004378,-0.4771386,-0.6957099,TA,Progenitor,3,Progenitor
haber_c004382,-3.643989,3.617104,Enterocyte.Progenitor,Progenitor,1,Unknown
haber_c004384,3.043104,0.04260474,TA.Early,Progenitor,6,Unknown
haber_c004386,3.227961,-1.997621,Stem,Stem,2,Stem
haber_c004387,1.959377,-3.35226,Stem,Stem,2,Stem
haber_c004390,0.2533258,-0.009693785,TA.Early,Progenitor,3,Progenitor
haber_c004391,1.440897,-2.186754,TA,Progenitor,2,Stem
haber_c004392,-3.007652,4.675552,Enterocyte.Progenitor,Progenitor,1,Unknown
haber_c004393,-1.203323,2.332145,Enterocyte.Progenitor,Progenitor,1,Unknown
haber_c004398,0.1053278,-0.01326632,TA,Progenitor,3,Progenitor
haber_c004399,8.857112,4.656437,Endocrine,Endocrine,11,Endocrine
haber_c004400,8.768261,4.531958,Endocrine,Endocrine,11,Endocrine
haber_c004401,1.897814,-1.786614,Stem,Stem,2,Stem
haber_c004402,0.1479979,3.133538,TA.Early,Progenitor,4,Progenitor
haber_c004404,0.2114509,3.680247,TA,Progenitor,4,Progenitor
haber_c004405,-0.1686814,2.43462,Enterocyte.Progenitor,Progenitor,4,Progenitor
haber_c004408,0.5299118,-1.616552,Stem,Stem,3,Progenitor
haber_c004410,-3.462657,7.732769,Enterocyte,Enterocyte,10,Enterocyte
haber_c004411,-0.305413,6.080931,Enterocyte.Progenitor,Progenitor,10,Enterocyte
haber_c004412,0.3290168,0.06974122,TA,Progenitor,3,Progenitor
haber_c004413,-3.832793,4.668803,Enterocyte.Progenitor,Progenitor,1,Unknown
haber_c004414,3.517573,-2.552365,Stem,Stem,7,Progenitor
haber_c004415,1.206343,-1.09191,TA,Progenitor,3,Progenitor
haber_c004417,-0.4842693,1.38229,TA,Progenitor,1,Unknown
haber_c004418,2.198756,-0.5037534,TA.Early,Progenitor,2,Stem
haber_c004419,1.470196,-0.03024004,Stem,Stem,3,Progenitor
haber_c004420,2.519123,-3.079012,Stem,Stem,2,Stem
haber_c004422,-0.735979,3.138855,Enterocyte.Progenitor,Progenitor,1,Unknown
haber_c004423,-0.08230104,-1.452014,TA,Progenitor,3,Progenitor
haber_c004425,-2.87759,3.976091,Enterocyte.Progenitor,Progenitor,1,Unknown
haber_c004428,4.323795,-1.875899,Stem,Stem,7,Progenitor
haber_c004429,-0.2021586,-0.3309988,TA,Progenitor,3,Progenitor
haber_c004432,8.737594,7.641898,Endocrine,Endocrine,11,Endocrine
haber_c004433,2.109661,-3.043725,Stem,Stem,2,Stem
haber_c004436,-0.681618,3.336864,Enterocyte.Progenitor,Progenitor,1,Unknown
haber_c004440,-2.699289,3.722122,Enterocyte.Progenitor,Progenitor,1,Unknown
haber_c004442,2.683039,-2.061696,Stem,Stem,5,Stem
haber_c004443,-3.642462,7.230312,Enterocyte,Enterocyte,10,Enterocyte
haber_c004446,-0.3890836,3.496133,Enterocyte.Progenitor,Progenitor,1,Unknown
haber_c004447,8.902779,3.915055,Endocrine,Endocrine,11,Endocrine
haber_c004448,4.283488,2.30543,TA.Early,Progenitor,9,Progenitor
haber_c004449,-2.315793,3.334988,Enterocyte.Progenitor,Progenitor,1,Unknown
haber_c004451,-0.6691725,-2.452103,Stem,Stem,2,Stem
haber_c004454,1.51193,-1.201723,Stem,Stem,2,Stem
haber_c004455,1.907564,-0.5586894,TA,Progenitor,3,Progenitor
haber_c004459,0.7014205,0.007517315,TA,Progenitor,3,Progenitor
haber_c004461,1.946309,-3.447259,Stem,Stem,2,Stem
haber_c004463,1.456428,-1.559002,TA,Progenitor,2,Stem
haber_c004465,-2.879206,2.841017,Enterocyte.Progenitor,Progenitor,1,Unknown
haber_c004466,3.066251,-2.648547,Stem,Stem,2,Stem
haber_c004468,2.497638,-2.091901,Stem,Stem,2,Stem
haber_c004469,-2.276458,3.44066,Enterocyte.Progenitor,Progenitor,1,Unknown
haber_c004470,10.65178,3.779773,Tuft,Tuft,8,Tuft
haber_c004471,1.934281,-0.8275738,Stem,Stem,5,Stem
haber_c004474,-0.1835932,0.1002721,Enterocyte.Progenitor,Progenitor,3,Progenitor
haber_c004475,-0.3682633,3.755914,Enterocyte.Progenitor,Progenitor,1,Unknown
haber_c004476,9.917521,0.6416156,Goblet,Goblet,12,Goblet
haber_c004479,2.300217,-2.686619,Stem,Stem,2,Stem
haber_c004480,-1.584031,4.083121,Enterocyte.Progenitor,Progenitor,1,Unknown
haber_c004481,1.06526,-3.086406,Stem,Stem,2,Stem
haber_c004483,-0.2489463,5.408398,Enterocyte.Progenitor,Progenitor,10,Enterocyte
haber_c004484,-2.556331,3.744555,Enterocyte.Progenitor,Progenitor,1,Unknown
haber_c004485,0.7644145,1.052863,TA.Early,Progenitor,4,Progenitor
haber_c004487,2.332384,-2.326865,Stem,Stem,2,Stem
haber_c004490,-2.671209,8.094106,Enterocyte,Enterocyte,10,Enterocyte
haber_c004491,0.1932978,-2.686552,Stem,Stem,2,Stem
haber_c004493,5.353535,3.330676,TA,Progenitor,9,Progenitor
haber_c004494,-0.5819792,2.802681,TA,Progenitor,1,Unknown
haber_c004495,0.1234195,3.096237,TA.Early,Progenitor,4,Progenitor
haber_c004497,2.472278,0.3595305,TA.Early,Progenitor,6,Unknown
haber_c004498,-3.233007,4.765079,Enterocyte.Progenitor,Progenitor,1,Unknown
haber_c004500,-1.968816,4.556264,Enterocyte.Progenitor,Progenitor,1,Unknown
haber_c004505,0.4078859,-0.3535788,TA,Progenitor,3,Progenitor
haber_c004507,-3.009127,3.774437,Enterocyte.Progenitor,Progenitor,1,Unknown
haber_c004508,9.288908,1.300773,Goblet,Goblet,12,Goblet
haber_c004509,-0.1466343,2.737239,TA.Early,Progenitor,4,Progenitor
haber_c004510,-2.067045,4.349954,Enterocyte.Progenitor,Progenitor,1,Unknown
haber_c004512,3.899994,0.7517912,TA.Early,Progenitor,7,Progenitor
haber_c004517,3.230689,7.671587,Enterocyte.Progenitor,Progenitor,14,Progenitor
haber_c004519,2.248503,-2.834707,Stem,Stem,2,Stem
haber_c004521,-0.09431775,0.05931037,TA,Progenitor,3,Progenitor
haber_c004522,1.251846,2.261338,TA.Early,Progenitor,4,Progenitor
haber_c004524,-1.246528,5.2255,Enterocyte.Progenitor,Progenitor,1,Unknown
haber_c004525,-2.473233,5.418313,Enterocyte.Progenitor,Progenitor,1,Unknown
haber_c004526,10.28705,0.05050315,Goblet,Goblet,12,Goblet
haber_c004527,1.274644,2.562814,TA.Early,Progenitor,4,Progenitor
haber_c004528,2.701044,0.05696796,TA.Early,Progenitor,6,Unknown
haber_c004529,3.022163,-0.300021,TA.Early,Progenitor,6,Unknown
haber_c004530,-1.709588,5.073566,Enterocyte.Progenitor,Progenitor,1,Unknown
haber_c004533,3.098595,0.3020512,TA.Early,Progenitor,6,Unknown
haber_c004534,3.25091,0.619603,TA.Early,Progenitor,6,Unknown
haber_c004537,1.157662,-2.256245,Stem,Stem,2,Stem
haber_c004541,0.2672649,-1.278505,Stem,Stem,3,Progenitor
haber_c004542,2.047065,-2.513751,Stem,Stem,2,Stem
haber_c004543,-0.08705183,5.276875,Enterocyte.Progenitor,Progenitor,4,Progenitor
haber_c004544,11.48591,4.092613,Tuft,Tuft,8,Tuft
haber_c004545,-1.697009,2.160168,Enterocyte.Progenitor,Progenitor,1,Unknown
haber_c004547,2.030005,2.64264,TA.Early,Progenitor,4,Progenitor
haber_c004552,-0.5543013,2.213466,TA,Progenitor,4,Progenitor
haber_c004553,-0.2019207,3.426963,Enterocyte.Progenitor,Progenitor,4,Progenitor
haber_c004554,0.9387168,-0.83618,TA.Early,Progenitor,3,Progenitor
haber_c004556,-2.903659,4.732934,Enterocyte.Progenitor,Progenitor,1,Unknown
haber_c004557,1.894597,-2.52472,Stem,Stem,2,Stem
haber_c004558,9.085176,8.085841,Endocrine,Endocrine,11,Endocrine
haber_c004559,-1.085173,4.033673,Enterocyte.Progenitor,Progenitor,1,Unknown
haber_c004562,2.395355,-3.59202,Stem,Stem,12,Goblet
haber_c004564,1.089205,-2.07538,Stem,Stem,2,Stem
haber_c004565,8.821906,1.362249,Goblet,Goblet,12,Goblet
haber_c004567,-3.911394,3.985581,Enterocyte.Progenitor,Progenitor,1,Unknown
haber_c004568,2.59044,0.6501402,TA.Early,Progenitor,6,Unknown
haber_c004571,2.579727,-2.507363,Stem,Stem,2,Stem
haber_c004574,1.382922,-3.139036,Stem,Stem,2,Stem
haber_c004578,2.367774,-2.167461,Stem,Stem,12,Goblet
haber_c004579,-3.990882,4.399416,Enterocyte.Progenitor,Progenitor,1,Unknown
haber_c004580,0.5059963,-2.0818,Stem,Stem,2,Stem
haber_c004582,-0.2927898,2.566702,Enterocyte.Progenitor,Progenitor,4,Progenitor
haber_c004585,0.6381657,-0.2127638,TA,Progenitor,3,Progenitor
haber_c004586,-1.015634,4.981261,Enterocyte.Progenitor,Progenitor,1,Unknown
haber_c004589,-2.675585,6.977149,Enterocyte,Enterocyte,10,Enterocyte
haber_c004590,8.141789,1.837844,Goblet,Goblet,12,Goblet
haber_c004591,0.001674685,3.434815,Enterocyte.Progenitor,Progenitor,4,Progenitor
haber_c004592,2.501048,0.4351832,TA.Early,Progenitor,6,Unknown
haber_c004594,1.65959,-0.2862985,TA.Early,Progenitor,3,Progenitor
haber_c004596,-0.2564316,4.021137,Enterocyte.Progenitor,Progenitor,4,Progenitor
haber_c004597,3.155588,-0.777459,TA.Early,Progenitor,5,Stem
haber_c004598,11.3801,-0.9934488,Goblet,Goblet,12,Goblet
haber_c004599,-0.7183995,2.35171,TA,Progenitor,4,Progenitor
haber_c004600,10.70882,3.686652,Tuft,Tuft,8,Tuft
haber_c004603,7.806266,1.177601,Goblet,Goblet,12,Goblet
haber_c004605,2.062827,-2.344875,Stem,Stem,2,Stem
haber_c004606,1.821893,-0.621305,Stem,Stem,5,Stem
haber_c004607,-0.6471537,-1.512194,Stem,Stem,3,Progenitor
haber_c004608,0.1590518,0.5788218,TA,Progenitor,3,Progenitor
haber_c004611,-3.740943,4.672873,Enterocyte.Progenitor,Progenitor,1,Unknown
haber_c004612,2.072009,-0.05299776,TA.Early,Progenitor,6,Unknown
haber_c004614,0.2570601,-1.067047,Tuft,Tuft,3,Progenitor
haber_c004615,1.152625,1.73942,TA.Early,Progenitor,4,Progenitor
haber_c004619,-3.329138,4.289598,Enterocyte.Progenitor,Progenitor,1,Unknown
haber_c004620,2.092257,-3.299113,Stem,Stem,2,Stem
haber_c004621,1.998447,-3.476978,Stem,Stem,2,Stem
haber_c004624,1.637461,-2.900564,Stem,Stem,2,Stem
haber_c004625,-3.768691,4.621073,Enterocyte.Progenitor,Progenitor,1,Unknown
haber_c004626,-0.1907996,4.688345,Enterocyte.Progenitor,Progenitor,10,Enterocyte
haber_c004627,3.72404,0.4133878,TA.Early,Progenitor,6,Unknown
haber_c004629,-0.8538615,1.832581,TA,Progenitor,1,Unknown
haber_c004630,1.540729,-2.49104,Stem,Stem,2,Stem
haber_c004633,-0.5858324,-0.3770971,TA,Progenitor,3,Progenitor
haber_c004636,8.535593,1.335202,Goblet,Goblet,12,Goblet
haber_c004637,0.1886492,-0.9995595,TA,Progenitor,3,Progenitor
haber_c004638,0.3939299,-0.7285115,TA,Progenitor,3,Progenitor
haber_c004639,0.4787778,2.052398,TA.Early,Progenitor,4,Progenitor
haber_c004641,3.66763,-0.03056106,TA.Early,Progenitor,6,Unknown
haber_c004642,1.504142,-0.3689301,TA,Progenitor,3,Progenitor
haber_c004643,0.3786732,-1.534322,Stem,Stem,3,Progenitor
haber_c004647,0.517858,-1.41074,TA,Progenitor,2,Stem
haber_c004648,2.126724,0.1609226,TA.Early,Progenitor,6,Unknown
haber_c004650,2.997717,-1.188055,TA.Early,Progenitor,5,Stem
haber_c004651,-3.640067,7.308574,Enterocyte,Enterocyte,10,Enterocyte
haber_c004653,1.962695,-2.63951,Stem,Stem,2,Stem
haber_c004654,0.6296274,0.1426961,TA.Early,Progenitor,3,Progenitor
haber_c004655,1.398561,-0.4788247,TA.Early,Progenitor,3,Progenitor
haber_c004656,-0.1153768,0.3996042,TA,Progenitor,3,Progenitor
haber_c004657,0.3949184,2.981102,TA.Early,Progenitor,4,Progenitor
haber_c004658,0.09149196,2.277897,TA.Early,Progenitor,4,Progenitor
haber_c004659,1.601965,2.467086,TA.Early,Progenitor,4,Progenitor
haber_c004660,2.937451,0.1884307,TA.Early,Progenitor,6,Unknown
haber_c004661,-0.1784532,2.645316,Enterocyte.Progenitor,Progenitor,4,Progenitor
haber_c004662,1.693435,-0.5833891,TA,Progenitor,3,Progenitor
haber_c004663,3.549,-0.2786999,TA.Early,Progenitor,5,Stem
haber_c004664,4.318334,2.133129,TA.Early,Progenitor,9,Progenitor
haber_c004665,1.265007,-0.4358065,TA,Progenitor,3,Progenitor
haber_c004666,1.231598,2.491121,TA.Early,Progenitor,4,Progenitor
haber_c004667,1.10407,1.162279,TA.Early,Progenitor,3,Progenitor
haber_c004669,8.094485,1.56714,Endocrine,Endocrine,12,Goblet
haber_c004672,0.7989711,-1.612609,TA,Progenitor,2,Stem
haber_c004676,-0.3088448,4.735705,Enterocyte.Progenitor,Progenitor,4,Progenitor
haber_c004680,-0.3998006,-0.8548947,TA,Progenitor,2,Stem
haber_c004686,0.3025077,-0.8710229,TA,Progenitor,3,Progenitor
haber_c004687,2.510563,-2.692516,Stem,Stem,2,Stem
haber_c004689,1.561315,-0.7416392,TA,Progenitor,3,Progenitor
haber_c004691,0.7070249,1.868688,TA.Early,Progenitor,4,Progenitor
haber_c004692,3.653419,0.1019894,TA.Early,Progenitor,6,Unknown
haber_c004694,1.451847,-1.439776,Stem,Stem,2,Stem
haber_c004696,2.174635,0.9185851,TA.Early,Progenitor,6,Unknown
haber_c004698,11.84976,3.299941,Tuft,Tuft,8,Tuft
haber_c004700,-2.56216,4.281105,Enterocyte.Progenitor,Progenitor,1,Unknown
haber_c004701,-0.03306294,4.830019,Enterocyte.Progenitor,Progenitor,4,Progenitor
haber_c004703,0.7702776,0.4140876,TA,Progenitor,4,Progenitor
haber_c004705,2.093513,-1.67215,Stem,Stem,2,Stem
haber_c004708,-0.6960816,3.392238,Enterocyte.Progenitor,Progenitor,1,Unknown
haber_c004709,0.108479,-1.455192,Stem,Stem,3,Progenitor
haber_c004711,10.20104,3.59604,Tuft,Tuft,8,Tuft
haber_c004712,-4.147227,4.68847,Enterocyte.Progenitor,Progenitor,1,Unknown
haber_c004713,10.40429,0.5780103,Goblet,Goblet,12,Goblet
haber_c004715,10.38044,-0.6556053,Goblet,Goblet,12,Goblet
haber_c004717,1.358148,1.41392,TA.Early,Progenitor,4,Progenitor
haber_c004718,0.06431136,4.749066,Enterocyte.Progenitor,Progenitor,10,Enterocyte
haber_c004719,7.951417,6.917124,Endocrine,Endocrine,11,Endocrine
haber_c004720,2.716578,0.1594112,TA,Progenitor,5,Stem
haber_c004721,-3.329042,3.474461,Enterocyte.Progenitor,Progenitor,1,Unknown
haber_c004724,-1.584764,2.999589,Enterocyte.Progenitor,Progenitor,1,Unknown
haber_c004725,0.9849001,0.1469147,TA.Early,Progenitor,3,Progenitor
haber_c004732,-4.038272,7.910229,Enterocyte,Enterocyte,10,Enterocyte
haber_c004733,-5.147026,7.882777,Enterocyte,Enterocyte,0,Enterocyte
haber_c004735,2.716321,-1.14239,Stem,Stem,5,Stem
haber_c004737,-1.594215,7.004458,Enterocyte,Enterocyte,10,Enterocyte
haber_c004739,11.15471,4.291921,Tuft,Tuft,8,Tuft
haber_c004743,10.53916,7.060201,Endocrine,Endocrine,11,Endocrine
haber_c004744,10.47317,6.247931,Endocrine,Endocrine,11,Endocrine
haber_c004745,-3.364916,4.492805,Enterocyte.Progenitor,Progenitor,1,Unknown
haber_c004747,-3.619242,4.732416,Enterocyte.Progenitor,Progenitor,1,Unknown
haber_c004749,11.92,4.350232,Tuft,Tuft,8,Tuft
haber_c004750,3.965162,-0.358594,TA.Early,Progenitor,5,Stem
haber_c004751,11.18799,-0.7902263,Goblet,Goblet,12,Goblet
haber_c004752,3.069222,-1.568981,Endocrine,Endocrine,5,Stem
haber_c004754,2.709136,-0.07125176,TA.Early,Progenitor,5,Stem
haber_c004755,3.123097,1.649082,TA,Progenitor,5,Stem
haber_c004756,3.228793,0.2460887,TA.Early,Progenitor,7,Progenitor
haber_c004758,5.087301,-0.4063851,TA.Early,Progenitor,7,Progenitor
haber_c004759,-2.711451,3.90826,Enterocyte.Progenitor,Progenitor,1,Unknown
haber_c004762,2.955813,-1.261258,TA,Progenitor,5,Stem
haber_c004763,-3.652757,8.343078,Enterocyte,Enterocyte,10,Enterocyte
haber_c004764,0.926492,0.9911169,TA.Early,Progenitor,4,Progenitor
haber_c004765,9.690844,5.785433,Endocrine,Endocrine,11,Endocrine
haber_c004766,2.563805,1.850834,TA.Early,Progenitor,5,Stem
haber_c004769,3.026822,-0.198949,TA,Progenitor,5,Stem
haber_c004772,-0.2745539,5.246902,Enterocyte.Progenitor,Progenitor,10,Enterocyte
haber_c004773,-3.890379,8.343589,Enterocyte,Enterocyte,10,Enterocyte
haber_c004774,3.038375,-1.422292,Stem,Stem,5,Stem
haber_c004776,2.607576,0.6524412,TA.Early,Progenitor,5,Stem
haber_c004777,3.350238,-1.786896,Endocrine,Endocrine,5,Stem
haber_c004778,-2.95795,4.141219,Enterocyte.Progenitor,Progenitor,1,Unknown
haber_c004780,3.028608,1.586693,TA.Early,Progenitor,5,Stem
haber_c004783,8.210114,6.988855,Endocrine,Endocrine,11,Endocrine
haber_c004785,3.795795,-0.3136068,TA.Early,Progenitor,5,Stem
haber_c004786,3.367059,-1.569071,Tuft,Tuft,5,Stem
haber_c004787,-0.4927746,4.370241,Enterocyte.Progenitor,Progenitor,1,Unknown
haber_c004788,3.957822,-0.5781321,TA.Early,Progenitor,5,Stem
haber_c004791,2.960105,-0.3303964,TA.Early,Progenitor,5,Stem
haber_c004792,2.05317,0.7339453,TA,Progenitor,5,Stem
haber_c004793,11.20606,-0.9086146,Goblet,Goblet,12,Goblet
haber_c004794,10.89833,3.963357,Tuft,Tuft,8,Tuft
haber_c004798,3.039642,0.9367629,TA.Early,Progenitor,5,Stem
haber_c004800,3.869177,-0.2716874,TA.Early,Progenitor,5,Stem
haber_c004801,4.667728,2.770657,Tuft,Tuft,9,Progenitor
haber_c004802,-3.445403,8.728197,Enterocyte,Enterocyte,10,Enterocyte
haber_c004806,3.156362,-0.969232,TA,Progenitor,5,Stem
haber_c004808,2.782707,1.092057,TA.Early,Progenitor,5,Stem
haber_c004809,1.475602,-3.688185,Stem,Stem,2,Stem
haber_c004811,2.267482,2.134759,TA.Early,Progenitor,5,Stem
haber_c004812,2.641415,-0.5208591,TA.Early,Progenitor,5,Stem
haber_c004814,3.485381,0.4178647,TA.Early,Progenitor,5,Stem
haber_c004815,3.181085,-1.41837,Stem,Stem,5,Stem
haber_c004817,3.647038,-0.6286818,TA.Early,Progenitor,5,Stem
haber_c004818,3.300803,-1.344152,Stem,Stem,5,Stem
haber_c004820,-0.4194173,3.932715,Enterocyte.Progenitor,Progenitor,1,Unknown
haber_c004822,11.39824,-0.917766,Goblet,Goblet,12,Goblet
haber_c004823,2.871144,-0.5975034,TA,Progenitor,5,Stem
haber_c004824,3.433366,-0.6169928,TA.Early,Progenitor,5,Stem
haber_c004826,-0.5240896,4.972156,Enterocyte.Progenitor,Progenitor,1,Unknown
haber_c004830,-1.094337,6.906858,Enterocyte,Enterocyte,10,Enterocyte
haber_c004831,-2.384779,3.991691,Enterocyte.Progenitor,Progenitor,1,Unknown
haber_c004832,-0.9350566,4.1955,Enterocyte.Progenitor,Progenitor,1,Unknown
haber_c004833,-2.155807,7.881969,Enterocyte,Enterocyte,10,Enterocyte
haber_c004836,-5.013855,7.449591,Enterocyte,Enterocyte,0,Enterocyte
haber_c004837,11.55775,4.266449,Tuft,Tuft,8,Tuft
haber_c004838,-3.57878,4.464971,Enterocyte.Progenitor,Progenitor,1,Unknown
haber_c004839,-0.745355,2.562947,TA,Progenitor,1,Unknown
haber_c004841,2.376647,-0.5717959,TA,Progenitor,5,Stem
haber_c004842,-4.968117,8.108779,Enterocyte,Enterocyte,0,Enterocyte
haber_c004844,-3.413788,8.76245,Enterocyte,Enterocyte,10,Enterocyte
haber_c004846,3.327733,-0.4676395,TA.Early,Progenitor,5,Stem
haber_c004847,3.135856,-0.3263314,TA,Progenitor,5,Stem
haber_c004848,11.85637,4.323632,Tuft,Tuft,8,Tuft
haber_c004849,2.652913,-1.390336,Stem,Stem,5,Stem
haber_c004850,-2.550243,8.203206,Enterocyte,Enterocyte,10,Enterocyte
haber_c004852,-3.560535,8.456351,Enterocyte,Enterocyte,10,Enterocyte
haber_c004854,4.178649,-0.3825793,TA.Early,Progenitor,5,Stem
haber_c004857,-1.571076,3.445914,Tuft,Tuft,1,Unknown
haber_c004859,-3.606367,8.363745,Enterocyte,Enterocyte,10,Enterocyte
haber_c004860,8.865074,7.660506,Endocrine,Endocrine,11,Endocrine
haber_c004862,-3.415231,8.226201,Enterocyte,Enterocyte,10,Enterocyte
haber_c004863,-2.05038,7.559024,Enterocyte,Enterocyte,10,Enterocyte
haber_c004864,10.04406,3.991633,Tuft,Tuft,8,Tuft
haber_c004866,11.25658,4.264798,Tuft,Tuft,8,Tuft
haber_c004867,-2.31717,8.185739,Enterocyte,Enterocyte,10,Enterocyte
haber_c004869,4.430992,-0.3090047,TA.Early,Progenitor,5,Stem
haber_c004870,-0.8721772,2.817717,Enterocyte.Progenitor,Progenitor,1,Unknown
haber_c004871,-0.5390859,4.031168,Enterocyte.Progenitor,Progenitor,1,Unknown
haber_c004872,2.791069,-0.2687129,TA,Progenitor,5,Stem
haber_c004875,-4.848275,8.098168,Enterocyte,Enterocyte,0,Enterocyte
haber_c004876,3.326597,-1.545859,Stem,Stem,5,Stem
haber_c004878,3.248998,-0.8518804,Stem,Stem,5,Stem
haber_c004879,-3.082761,4.1806,Enterocyte.Progenitor,Progenitor,1,Unknown
haber_c004880,11.37323,-1.014669,Goblet,Goblet,12,Goblet
haber_c004881,2.823539,-1.657305,Stem,Stem,5,Stem
haber_c004882,-2.1077,3.540674,Enterocyte.Progenitor,Progenitor,1,Unknown
haber_c004883,9.457509,5.399385,Endocrine,Endocrine,11,Endocrine
haber_c004884,2.578405,0.7371938,TA,Progenitor,5,Stem
haber_c004885,4.073406,-0.05890604,TA.Early,Progenitor,5,Stem
haber_c004886,2.027574,0.4214381,TA.Early,Progenitor,5,Stem
haber_c004887,-3.401946,8.022449,Enterocyte,Enterocyte,10,Enterocyte
haber_c004888,3.204766,-1.644501,Stem,Stem,5,Stem
haber_c004889,8.992262,8.020208,Endocrine,Endocrine,11,Endocrine
haber_c004890,2.960579,-0.5120313,TA,Progenitor,5,Stem
haber_c004892,11.20559,4.469011,Tuft,Tuft,8,Tuft
haber_c004893,2.098299,-1.040649,Endocrine,Endocrine,5,Stem
haber_c004894,-1.794452,6.379733,Enterocyte,Enterocyte,10,Enterocyte
haber_c004895,3.365338,-1.342786,Stem,Stem,5,Stem
haber_c004898,10.90364,4.270482,Tuft,Tuft,8,Tuft
haber_c004899,3.83093,-0.3544068,TA.Early,Progenitor,5,Stem
haber_c004901,-4.81468,7.829508,Enterocyte,Enterocyte,0,Enterocyte
haber_c004902,9.129694,8.122478,Endocrine,Endocrine,11,Endocrine
haber_c004903,2.785119,1.918956,TA.Early,Progenitor,5,Stem
haber_c004905,9.842333,3.763414,Tuft,Tuft,8,Tuft
haber_c004908,2.618545,1.869282,TA.Early,Progenitor,5,Stem
haber_c004910,-4.378261,8.274134,Enterocyte,Enterocyte,0,Enterocyte
haber_c004911,-2.189702,7.717351,Enterocyte,Enterocyte,10,Enterocyte
haber_c004913,-0.7428071,3.387563,Enterocyte.Progenitor,Progenitor,1,Unknown
haber_c004915,-2.087059,7.703208,Enterocyte,Enterocyte,10,Enterocyte
haber_c004918,11.3503,4.249673,Tuft,Tuft,8,Tuft
haber_c004919,11.54428,4.182304,Tuft,Tuft,8,Tuft
haber_c004920,-3.361096,4.409865,Enterocyte.Progenitor,Progenitor,1,Unknown
haber_c004921,7.92043,1.357242,Goblet,Goblet,12,Goblet
haber_c004922,3.030471,-1.916914,Stem,Stem,5,Stem
haber_c004923,2.811548,-1.378532,TA,Progenitor,5,Stem
haber_c004924,11.71395,4.395252,Tuft,Tuft,8,Tuft
haber_c004925,2.263756,-1.026768,Tuft,Tuft,5,Stem
haber_c004927,-0.7607725,2.381837,TA,Progenitor,1,Unknown
haber_c004935,10.04191,4.043775,Tuft,Tuft,8,Tuft
haber_c004936,10.30089,6.799332,Endocrine,Endocrine,11,Endocrine
haber_c004937,2.704616,-0.581633,Tuft,Tuft,5,Stem
haber_c004938,3.939846,-0.5820091,TA.Early,Progenitor,5,Stem
haber_c004939,3.188856,1.13322,TA.Early,Progenitor,5,Stem
haber_c004940,3.010539,-1.739313,Stem,Stem,5,Stem
haber_c004941,2.303883,0.008296536,TA,Progenitor,5,Stem
haber_c004944,3.779958,0.02017685,TA.Early,Progenitor,5,Stem
haber_c004947,-0.7139095,4.409688,Enterocyte.Progenitor,Progenitor,1,Unknown
haber_c004948,3.771143,-0.08491293,TA.Early,Progenitor,5,Stem
haber_c004950,-0.9781366,6.369595,Enterocyte,Enterocyte,10,Enterocyte
haber_c004952,3.876507,-0.2352267,TA.Early,Progenitor,5,Stem
haber_c004956,8.309306,1.089771,Goblet,Goblet,12,Goblet
haber_c004957,2.546707,1.815709,TA.Early,Progenitor,5,Stem
haber_c004959,3.266525,-1.665982,TA,Progenitor,5,Stem
haber_c004960,3.068684,-1.686031,Tuft,Tuft,5,Stem
haber_c004961,9.093277,8.08681,Endocrine,Endocrine,11,Endocrine
haber_c004963,3.406038,-0.9741222,Stem,Stem,5,Stem
haber_c004964,3.4023,0.2209714,TA.Early,Progenitor,5,Stem
haber_c004965,4.065565,-1.319936,Endocrine,Endocrine,7,Progenitor
haber_c004966,2.985798,1.275311,TA.Early,Progenitor,5,Stem
haber_c004967,9.060405,0.3688667,Goblet,Goblet,12,Goblet
haber_c004968,-1.120252,4.60619,Enterocyte.Progenitor,Progenitor,1,Unknown
haber_c004972,3.433551,-2.024784,Stem,Stem,5,Stem
haber_c004976,-0.4925892,4.444226,Enterocyte.Progenitor,Progenitor,1,Unknown
haber_c004977,-1.053745,3.844766,Enterocyte.Progenitor,Progenitor,1,Unknown
haber_c004979,-3.809613,7.940367,Enterocyte,Enterocyte,10,Enterocyte
haber_c004984,2.291892,-0.4300049,Enterocyte.Progenitor,Progenitor,5,Stem
haber_c004985,-2.514598,7.73772,Enterocyte,Enterocyte,10,Enterocyte
haber_c004986,2.575202,-0.07800801,TA,Progenitor,5,Stem
haber_c004990,-3.540947,9.050222,Enterocyte,Enterocyte,10,Enterocyte
haber_c004991,7.462877,1.339279,Goblet,Goblet,12,Goblet
haber_c004992,3.478617,-0.2575794,TA.Early,Progenitor,5,Stem
haber_c004993,3.256222,0.03697492,TA.Early,Progenitor,5,Stem
haber_c004995,2.394969,2.178796,TA.Early,Progenitor,5,Stem
haber_c004997,3.588713,-0.01396917,TA.Early,Progenitor,5,Stem
haber_c004998,2.25036,-3.406458,Endocrine,Endocrine,12,Goblet
haber_c004999,0.1953856,3.103232,TA.Early,Progenitor,4,Progenitor
haber_c005000,2.931182,-1.125719,Tuft,Tuft,5,Stem
haber_c005002,8.922594,4.916321,Endocrine,Endocrine,11,Endocrine
haber_c005004,2.157349,-0.4978807,Endocrine,Endocrine,3,Progenitor
haber_c005005,3.271788,-0.1983667,TA.Early,Progenitor,5,Stem
haber_c005006,7.67831,1.559198,Endocrine,Endocrine,12,Goblet
haber_c005008,3.597913,-1.167948,Endocrine,Endocrine,5,Stem
haber_c005009,-2.496846,8.008163,Enterocyte,Enterocyte,10,Enterocyte
haber_c005010,-2.131066,7.70835,Enterocyte,Enterocyte,10,Enterocyte
haber_c005012,4.165448,-2.183962,Stem,Stem,7,Progenitor
haber_c005013,2.570863,-2.586308,Stem,Stem,5,Stem
haber_c005014,3.718618,-2.126052,Stem,Stem,7,Progenitor
haber_c005016,3.228931,-2.254635,Stem,Stem,5,Stem
haber_c005017,3.394504,-0.8260588,TA.Early,Progenitor,5,Stem
haber_c005018,2.309368,0.02929407,TA,Progenitor,5,Stem
haber_c005020,-4.568811,7.283565,Enterocyte,Enterocyte,0,Enterocyte
haber_c005022,3.208303,-1.11723,Endocrine,Endocrine,5,Stem
haber_c005024,4.428641,-0.2386315,Stem,Stem,5,Stem
haber_c005028,1.616405,-0.0149273,TA,Progenitor,3,Progenitor
haber_c005030,-0.4674072,2.583803,Enterocyte.Progenitor,Progenitor,1,Unknown
haber_c005034,-4.034662,7.587758,Enterocyte,Enterocyte,10,Enterocyte
haber_c005035,3.715296,-0.4052781,TA.Early,Progenitor,5,Stem
haber_c005038,-0.2748244,4.584324,Enterocyte.Progenitor,Progenitor,1,Unknown
haber_c005040,-1.584838,5.182667,Enterocyte.Progenitor,Progenitor,1,Unknown
haber_c005041,-0.7067989,3.8591,Enterocyte.Progenitor,Progenitor,1,Unknown
haber_c005046,11.60615,-1.289386,Goblet,Goblet,12,Goblet
haber_c005049,3.170153,-1.961645,Tuft,Tuft,5,Stem
haber_c005050,-3.446051,4.56225,Enterocyte.Progenitor,Progenitor,1,Unknown
haber_c005051,3.537416,0.4761897,TA.Early,Progenitor,5,Stem
haber_c005052,3.088508,1.670323,TA.Early,Progenitor,7,Progenitor
haber_c005053,-3.95816,8.446427,Enterocyte,Enterocyte,10,Enterocyte
haber_c005055,3.569031,-1.237513,Endocrine,Endocrine,5,Stem
haber_c005056,3.138631,-1.255157,Stem,Stem,5,Stem
haber_c005057,-0.5323297,5.708579,Enterocyte,Enterocyte,10,Enterocyte
haber_c005058,3.209104,-1.664513,Endocrine,Endocrine,5,Stem
haber_c005059,-1.998992,7.312613,Enterocyte,Enterocyte,10,Enterocyte
haber_c005060,-1.817197,7.864754,Enterocyte,Enterocyte,10,Enterocyte
haber_c005062,2.589158,1.260214,Endocrine,Endocrine,5,Stem
haber_c005064,3.168932,-1.305703,Stem,Stem,5,Stem
haber_c005065,8.75701,7.007306,Endocrine,Endocrine,11,Endocrine
haber_c005066,2.89832,-1.572831,Stem,Stem,5,Stem
haber_c005067,-1.769075,3.517549,Goblet,Goblet,1,Unknown
haber_c005068,2.755765,-2.334531,Endocrine,Endocrine,5,Stem
haber_c005072,-2.596844,7.68368,Enterocyte,Enterocyte,10,Enterocyte
haber_c005076,11.95587,4.257972,Tuft,Tuft,8,Tuft
haber_c005077,-1.753604,6.838377,Enterocyte,Enterocyte,10,Enterocyte
haber_c005078,-3.967022,7.716952,Enterocyte,Enterocyte,10,Enterocyte
haber_c005079,-3.633459,8.185658,Enterocyte,Enterocyte,10,Enterocyte
haber_c005081,-1.884814,6.971145,Enterocyte,Enterocyte,10,Enterocyte
haber_c005083,8.699676,3.987472,Endocrine,Endocrine,11,Endocrine
haber_c005085,9.318718,0.6227623,Goblet,Goblet,12,Goblet
haber_c005087,8.501297,0.6779658,Goblet,Goblet,12,Goblet
haber_c005088,-3.522074,4.282539,Enterocyte.Progenitor,Progenitor,1,Unknown
haber_c005089,-0.961828,3.623319,Enterocyte.Progenitor,Progenitor,1,Unknown
haber_c005091,-4.036972,8.141376,Enterocyte,Enterocyte,10,Enterocyte
haber_c005095,-2.049628,7.449329,Enterocyte,Enterocyte,10,Enterocyte
haber_c005096,3.116714,-1.661519,Stem,Stem,5,Stem
haber_c005097,2.451428,1.822046,TA.Early,Progenitor,5,Stem
haber_c005099,-1.127169,4.525038,Enterocyte.Progenitor,Progenitor,1,Unknown
haber_c005102,3.269585,1.262075,TA.Early,Progenitor,5,Stem
haber_c005103,3.301148,-0.4086165,TA.Early,Progenitor,5,Stem
haber_c005104,11.23286,4.279284,Tuft,Tuft,8,Tuft
haber_c005105,-5.074078,7.95479,Enterocyte,Enterocyte,0,Enterocyte
haber_c005106,-2.937897,7.816326,Enterocyte,Enterocyte,10,Enterocyte
haber_c005107,3.80492,-0.1189725,TA.Early,Progenitor,5,Stem
haber_c005108,3.340338,-0.7729962,TA.Early,Progenitor,5,Stem
haber_c005109,3.433316,-1.278466,TA.Early,Progenitor,5,Stem
haber_c005110,10.44252,6.289343,Endocrine,Endocrine,11,Endocrine
haber_c005112,-5.08681,8.227881,Enterocyte,Enterocyte,0,Enterocyte
haber_c005113,-3.953775,7.91077,Enterocyte,Enterocyte,10,Enterocyte
haber_c005114,-3.379079,8.143702,Enterocyte,Enterocyte,10,Enterocyte
haber_c005115,-2.29565,7.697598,Enterocyte,Enterocyte,10,Enterocyte
haber_c005116,10.76148,-0.7170816,Goblet,Goblet,12,Goblet
haber_c005117,-0.3690413,5.675655,Enterocyte.Progenitor,Progenitor,10,Enterocyte
haber_c005118,8.60151,1.228497,Goblet,Goblet,12,Goblet
haber_c005120,2.273559,0.2197742,Enterocyte.Progenitor,Progenitor,5,Stem
haber_c005121,2.742033,-0.01535846,TA.Early,Progenitor,5,Stem
haber_c005125,3.380301,-1.090726,Endocrine,Endocrine,5,Stem
haber_c005126,4.27288,-0.4878615,TA.Early,Progenitor,5,Stem
haber_c005130,-1.998251,7.624897,Enterocyte,Enterocyte,10,Enterocyte
haber_c005131,3.690747,-1.524136,Stem,Stem,5,Stem
haber_c005133,8.958888,7.923687,Endocrine,Endocrine,11,Endocrine
haber_c005135,5.006461,0.554498,TA.Early,Progenitor,6,Unknown
haber_c005137,2.688206,1.748711,TA.Early,Progenitor,5,Stem
haber_c005138,3.24622,-1.218526,Tuft,Tuft,5,Stem
haber_c005139,10.91016,4.643681,Tuft,Tuft,8,Tuft
haber_c005141,2.795004,-3.18962,Stem,Stem,2,Stem
haber_c005142,-3.68213,7.927722,Enterocyte,Enterocyte,10,Enterocyte
haber_c005143,2.965366,-1.964986,TA,Progenitor,5,Stem
haber_c005144,-3.60502,4.561469,Enterocyte.Progenitor,Progenitor,1,Unknown
haber_c005145,8.478934,1.15355,Goblet,Goblet,12,Goblet
haber_c005149,3.513818,-0.433606,TA.Early,Progenitor,5,Stem
haber_c005151,-3.622212,7.073929,Enterocyte,Enterocyte,10,Enterocyte
haber_c005155,-2.035419,7.581848,Enterocyte,Enterocyte,10,Enterocyte
haber_c005156,3.025821,-1.477151,TA,Progenitor,5,Stem
haber_c005157,-0.4847228,3.849706,Enterocyte.Progenitor,Progenitor,1,Unknown
haber_c005158,-2.151083,7.75317,Enterocyte,Enterocyte,10,Enterocyte
haber_c005159,-2.853538,7.92065,Enterocyte,Enterocyte,10,Enterocyte
haber_c005163,-1.197708,4.291423,Enterocyte.Progenitor,Progenitor,1,Unknown
haber_c005164,2.881274,-0.0001920045,TA,Progenitor,5,Stem
haber_c005165,2.806276,-0.5814698,Tuft,Tuft,5,Stem
haber_c005166,2.857764,-1.664644,Stem,Stem,5,Stem
haber_c005171,-0.1232692,5.149158,Enterocyte.Progenitor,Progenitor,10,Enterocyte
haber_c005174,2.920762,-0.8341783,Stem,Stem,5,Stem
haber_c005175,-3.830871,8.0064,Enterocyte,Enterocyte,10,Enterocyte
haber_c005176,2.987306,-1.467864,Stem,Stem,5,Stem
haber_c005177,3.064697,1.376373,TA.Early,Progenitor,5,Stem
haber_c005178,-2.609479,8.197466,Enterocyte,Enterocyte,10,Enterocyte
haber_c005179,-3.570053,8.141612,Enterocyte,Enterocyte,10,Enterocyte
haber_c005180,3.725796,0.2508694,TA.Early,Progenitor,5,Stem
haber_c005181,-3.327002,8.488772,Enterocyte,Enterocyte,10,Enterocyte
haber_c005182,9.152994,8.014667,Endocrine,Endocrine,11,Endocrine
haber_c005183,3.866298,0.2601036,TA.Early,Progenitor,5,Stem
haber_c005185,7.933457,0.9239128,Goblet,Goblet,12,Goblet
haber_c005188,8.712961,7.516201,Endocrine,Endocrine,11,Endocrine
haber_c005191,2.838726,1.528878,TA.Early,Progenitor,5,Stem
haber_c005192,-0.3645728,5.467348,Enterocyte.Progenitor,Progenitor,10,Enterocyte
haber_c005193,-1.647529,4.050273,Enterocyte.Progenitor,Progenitor,1,Unknown
haber_c005194,-0.5612891,2.229687,Tuft,Tuft,1,Unknown
haber_c005195,3.315572,-1.436819,Endocrine,Endocrine,5,Stem
haber_c005196,-1.289847,4.813696,Enterocyte.Progenitor,Progenitor,1,Unknown
haber_c005197,-0.4928417,3.666441,Enterocyte.Progenitor,Progenitor,1,Unknown
haber_c005198,3.761517,-0.8747829,TA.Early,Progenitor,7,Progenitor
haber_c005199,4.188925,-2.156948,Stem,Stem,7,Progenitor
haber_c005200,-2.447373,8.297183,Enterocyte,Enterocyte,10,Enterocyte
haber_c005203,11.21366,4.354196,Tuft,Tuft,8,Tuft
haber_c005205,-2.435767,7.623062,Enterocyte,Enterocyte,10,Enterocyte
haber_c005206,10.46089,7.066777,Endocrine,Endocrine,11,Endocrine
haber_c005207,11.45965,4.217345,Tuft,Tuft,8,Tuft
haber_c005208,-0.2542085,4.268619,Enterocyte.Progenitor,Progenitor,1,Unknown
haber_c005209,-3.568057,4.578127,Enterocyte.Progenitor,Progenitor,1,Unknown
haber_c005212,3.852631,-0.2963008,TA.Early,Progenitor,5,Stem
haber_c005213,11.11802,-0.809247,Goblet,Goblet,12,Goblet
haber_c005215,-2.088757,7.190338,Enterocyte,Enterocyte,10,Enterocyte
haber_c005217,-2.592138,7.644973,Enterocyte,Enterocyte,10,Enterocyte
haber_c005218,8.272924,0.9135442,Goblet,Goblet,12,Goblet
haber_c005219,2.16889,-1.762162,Stem,Stem,2,Stem
haber_c005220,-1.461765,5.40062,Enterocyte,Enterocyte,1,Unknown
haber_c005222,2.90183,-1.307702,Stem,Stem,5,Stem
haber_c005225,-2.626847,8.354183,Enterocyte,Enterocyte,10,Enterocyte
haber_c005226,3.776995,-0.3682425,TA.Early,Progenitor,5,Stem
haber_c005227,4.584392,-0.3909406,TA.Early,Progenitor,5,Stem
haber_c005228,10.15879,3.866026,Tuft,Tuft,8,Tuft
haber_c005229,-1.070182,5.797438,Enterocyte.Progenitor,Progenitor,1,Unknown
haber_c005234,3.096395,-0.9755116,TA.Early,Progenitor,5,Stem
haber_c005236,11.21826,4.555425,Tuft,Tuft,8,Tuft
haber_c005237,4.617043,-0.4634188,TA.Early,Progenitor,7,Progenitor
haber_c005239,-3.659888,8.091634,Enterocyte,Enterocyte,10,Enterocyte
haber_c005240,2.948154,-0.9722678,TA,Progenitor,5,Stem
haber_c005241,8.949599,7.996999,Endocrine,Endocrine,11,Endocrine
haber_c005244,2.301167,-3.06478,Stem,Stem,2,Stem
haber_c005245,3.289105,-2.304497,Stem,Stem,2,Stem
haber_c005247,2.871866,-1.567192,Stem,Stem,5,Stem
haber_c005249,10.6149,-0.227895,Goblet,Goblet,12,Goblet
haber_c005250,4.06551,-0.7170075,TA.Early,Progenitor,5,Stem
haber_c005251,-1.589786,6.686092,Enterocyte,Enterocyte,10,Enterocyte
haber_c005254,-1.083224,2.956376,Enterocyte.Progenitor,Progenitor,1,Unknown
haber_c005255,10.08774,4.050046,Tuft,Tuft,8,Tuft
haber_c005260,3.488778,-0.7418194,TA.Early,Progenitor,5,Stem
haber_c005262,-3.011211,4.157903,Enterocyte.Progenitor,Progenitor,1,Unknown
haber_c005264,-3.298484,8.613962,Enterocyte,Enterocyte,10,Enterocyte
haber_c005265,-1.440231,3.824936,Enterocyte.Progenitor,Progenitor,1,Unknown
haber_c005266,4.387229,1.652331,Stem,Stem,9,Progenitor
haber_c005267,3.920878,0.1918579,TA.Early,Progenitor,5,Stem
haber_c005269,-4.612484,7.391393,Enterocyte,Enterocyte,0,Enterocyte
haber_c005271,2.576805,-0.6067575,TA.Early,Progenitor,5,Stem
haber_c005272,-3.639243,8.184188,Enterocyte,Enterocyte,10,Enterocyte
haber_c005273,-2.455341,8.065499,Enterocyte,Enterocyte,10,Enterocyte
haber_c005276,-4.42753,6.950806,Enterocyte,Enterocyte,0,Enterocyte
haber_c005278,-3.342713,8.049198,Enterocyte,Enterocyte,10,Enterocyte
haber_c005279,-1.795281,3.295938,Enterocyte.Progenitor,Progenitor,1,Unknown
haber_c005281,-2.135852,7.600928,Enterocyte,Enterocyte,10,Enterocyte
haber_c005285,3.663609,-0.2961488,Tuft,Tuft,5,Stem
haber_c005287,11.06917,4.434868,Tuft,Tuft,8,Tuft
haber_c005288,1.3647,0.3924317,TA,Progenitor,3,Progenitor
haber_c005289,3.423661,-0.5066627,TA.Early,Progenitor,5,Stem
haber_c005292,0.1537392,2.642829,Enterocyte.Progenitor,Progenitor,5,Stem
haber_c005293,11.51468,4.377425,Tuft,Tuft,8,Tuft
haber_c005294,11.08277,-0.8468041,Goblet,Goblet,12,Goblet
haber_c005296,1.43112,0.2314199,TA,Progenitor,5,Stem
haber_c005299,3.198738,0.8354135,TA.Early,Progenitor,5,Stem
haber_c005302,-4.190746,8.237733,Enterocyte,Enterocyte,0,Enterocyte
haber_c005303,8.188997,6.819942,Endocrine,Endocrine,11,Endocrine
haber_c005304,3.526322,-0.9309338,Stem,Stem,5,Stem
haber_c005305,4.174054,-1.413635,Endocrine,Endocrine,7,Progenitor
haber_c005306,10.98936,4.326756,Tuft,Tuft,8,Tuft
haber_c005307,-2.85815,4.051777,Enterocyte.Progenitor,Progenitor,1,Unknown
haber_c005308,-0.9906957,2.635365,Enterocyte.Progenitor,Progenitor,1,Unknown
haber_c005309,-3.930889,7.969171,Enterocyte,Enterocyte,10,Enterocyte
haber_c005310,8.770742,0.7919025,Goblet,Goblet,12,Goblet
haber_c005311,10.48614,7.04174,Endocrine,Endocrine,11,Endocrine
haber_c005312,2.89513,-0.6731417,Endocrine,Endocrine,5,Stem
haber_c005314,3.005853,-1.648862,Stem,Stem,5,Stem
haber_c005319,10.51083,0.1740634,Goblet,Goblet,12,Goblet
haber_c005323,3.218422,-1.817192,Stem,Stem,5,Stem
haber_c005324,2.947807,0.5920274,TA.Early,Progenitor,5,Stem
haber_c005325,-3.369049,9.424785,Enterocyte,Enterocyte,10,Enterocyte
haber_c005326,2.958152,1.323095,TA.Early,Progenitor,5,Stem
haber_c005328,8.635731,3.996505,Endocrine,Endocrine,11,Endocrine
haber_c005330,2.7719,-1.095206,Endocrine,Endocrine,5,Stem
haber_c005331,3.451045,-0.2089619,TA.Early,Progenitor,5,Stem
haber_c005332,3.135979,-1.711814,Endocrine,Endocrine,5,Stem
haber_c005334,3.155158,-1.649108,Stem,Stem,5,Stem
haber_c005337,2.868905,-0.9307991,TA.Early,Progenitor,5,Stem
haber_c005339,1.784917,2.510686,TA.Early,Progenitor,5,Stem
haber_c005343,-0.3898571,3.895187,Enterocyte.Progenitor,Progenitor,1,Unknown
haber_c005344,-3.774202,8.407526,Enterocyte,Enterocyte,10,Enterocyte
haber_c005345,-0.539335,4.690868,Enterocyte.Progenitor,Progenitor,1,Unknown
haber_c005349,-4.44315,6.757353,Enterocyte,Enterocyte,0,Enterocyte
haber_c005352,11.37666,-0.9187756,Goblet,Goblet,12,Goblet
haber_c005356,3.304659,-1.377876,Stem,Stem,5,Stem
haber_c005357,3.215977,-1.9207,Stem,Stem,5,Stem
haber_c005360,-3.28557,8.053161,Enterocyte,Enterocyte,10,Enterocyte
haber_c005362,3.271856,4.323999,TA.Early,Progenitor,9,Progenitor
haber_c005363,12.55461,3.280934,Tuft,Tuft,8,Tuft
haber_c005365,5.363438,3.096903,TA,Progenitor,9,Progenitor
haber_c005366,1.722059,7.363214,Enterocyte.Progenitor,Progenitor,15,Unknown
haber_c005368,5.044226,5.637121,Stem,Stem,14,Progenitor
haber_c005369,4.863723,4.88166,Stem,Stem,14,Progenitor
haber_c005371,9.719547,2.824151,Tuft,Tuft,8,Tuft
haber_c005372,2.175889,-1.457079,Stem,Stem,2,Stem
haber_c005374,1.223336,5.413289,Enterocyte.Progenitor,Progenitor,15,Unknown
haber_c005375,0.7447481,5.66414,Enterocyte.Progenitor,Progenitor,15,Unknown
haber_c005376,0.5923372,5.996528,Enterocyte.Progenitor,Progenitor,15,Unknown
haber_c005381,1.779542,7.878571,Enterocyte.Progenitor,Progenitor,15,Unknown
haber_c005382,1.528872,4.6879,Enterocyte.Progenitor,Progenitor,9,Progenitor
haber_c005387,8.700793,1.151284,Goblet,Goblet,12,Goblet
haber_c005388,11.54523,3.539163,Tuft,Tuft,8,Tuft
haber_c005391,4.809708,2.240372,Stem,Stem,9,Progenitor
haber_c005392,5.964415,2.436513,Tuft,Tuft,9,Progenitor
haber_c005393,-0.09968548,5.795586,Enterocyte.Progenitor,Progenitor,15,Unknown
haber_c005395,0.4195545,5.263278,Enterocyte.Progenitor,Progenitor,15,Unknown
haber_c005396,9.961906,-1.720796,Goblet,Goblet,12,Goblet
haber_c005398,-0.9832658,8.141657,Enterocyte,Enterocyte,15,Unknown
haber_c005399,4.966074,5.166736,TA,Progenitor,14,Progenitor
haber_c005400,12.49342,4.095483,Tuft,Tuft,8,Tuft
haber_c005401,6.990285,4.120109,TA.Early,Progenitor,9,Progenitor
haber_c005402,8.089327,-1.334595,Goblet,Goblet,12,Goblet
haber_c005404,6.286995,2.844105,Stem,Stem,9,Progenitor
haber_c005405,-0.5150468,7.149448,Enterocyte,Enterocyte,15,Unknown
haber_c005406,2.515507,3.273494,TA.Early,Progenitor,9,Progenitor
haber_c005407,5.422715,3.750719,Stem,Stem,9,Progenitor
haber_c005408,4.599378,3.636266,TA.Early,Progenitor,9,Progenitor
haber_c005409,3.756191,4.052702,TA.Early,Progenitor,9,Progenitor
haber_c005413,5.895329,3.345237,Stem,Stem,9,Progenitor
haber_c005415,5.990794,3.216501,Stem,Stem,9,Progenitor
haber_c005416,12.42829,3.082152,Tuft,Tuft,8,Tuft
haber_c005417,0.8426756,5.426447,Enterocyte.Progenitor,Progenitor,15,Unknown
haber_c005418,9.996077,-1.660966,Goblet,Goblet,12,Goblet
haber_c005420,0.6818068,5.338567,Enterocyte.Progenitor,Progenitor,15,Unknown
haber_c005421,8.833085,-1.587886,Goblet,Goblet,12,Goblet
haber_c005422,0.04930575,6.820129,Enterocyte.Progenitor,Progenitor,15,Unknown
haber_c005423,11.75675,3.790593,Tuft,Tuft,8,Tuft
haber_c005425,-2.042703,8.643065,Enterocyte,Enterocyte,13,Enterocyte
haber_c005426,5.852546,5.827106,Stem,Stem,14,Progenitor
haber_c005427,12.53967,2.959758,Tuft,Tuft,8,Tuft
haber_c005430,0.4631898,3.965608,Enterocyte.Progenitor,Progenitor,4,Progenitor
haber_c005431,12.28088,3.463111,Tuft,Tuft,8,Tuft
haber_c005434,9.525942,-0.6333131,Goblet,Goblet,12,Goblet
haber_c005436,8.959869,4.878381,Endocrine,Endocrine,11,Endocrine
haber_c005439,0.2975517,6.280722,Enterocyte.Progenitor,Progenitor,15,Unknown
haber_c005440,3.938062,3.857719,TA.Early,Progenitor,9,Progenitor
haber_c005441,2.534341,4.270895,TA,Progenitor,9,Progenitor
haber_c005443,2.787743,3.556765,TA,Progenitor,9,Progenitor
haber_c005444,-1.145167,8.320892,Enterocyte,Enterocyte,15,Unknown
haber_c005445,12.81462,4.079113,Tuft,Tuft,8,Tuft
haber_c005447,0.8288755,5.029574,Enterocyte.Progenitor,Progenitor,15,Unknown
haber_c005448,10.01896,6.14651,Endocrine,Endocrine,11,Endocrine
haber_c005450,2.451669,3.997908,Enterocyte.Progenitor,Progenitor,9,Progenitor
haber_c005454,0.09448846,6.460994,Enterocyte.Progenitor,Progenitor,15,Unknown
haber_c005455,4.28248,3.277023,TA.Early,Progenitor,9,Progenitor
haber_c005456,12.68579,4.0738,Tuft,Tuft,8,Tuft
haber_c005457,4.110273,2.843649,TA.Early,Progenitor,9,Progenitor
haber_c005462,4.278413,5.602043,Stem,Stem,14,Progenitor
haber_c005463,5.39913,4.384082,Stem,Stem,9,Progenitor
haber_c005464,12.45863,3.023656,Tuft,Tuft,8,Tuft
haber_c005465,3.954804,3.05436,TA.Early,Progenitor,9,Progenitor
haber_c005466,1.434547,8.537133,Enterocyte.Progenitor,Progenitor,15,Unknown
haber_c005467,5.908839,3.217288,Stem,Stem,9,Progenitor
haber_c005468,5.717346,3.91146,TA.Early,Progenitor,9,Progenitor
haber_c005471,5.416107,3.897511,Stem,Stem,9,Progenitor
haber_c005475,10.10134,-0.7195792,Goblet,Goblet,12,Goblet
haber_c005476,3.198386,3.723583,TA,Progenitor,9,Progenitor
haber_c005477,2.972243,3.583185,TA.Early,Progenitor,9,Progenitor
haber_c005478,3.490786,3.340309,TA.Early,Progenitor,9,Progenitor
haber_c005479,4.53494,4.633824,Stem,Stem,14,Progenitor
haber_c005481,3.672564,4.064673,TA,Progenitor,9,Progenitor
haber_c005482,0.1271839,6.845866,Enterocyte.Progenitor,Progenitor,15,Unknown
haber_c005483,3.591392,4.342264,TA.Early,Progenitor,9,Progenitor
haber_c005484,3.91823,4.948202,TA,Progenitor,14,Progenitor
haber_c005486,6.096898,2.461945,Tuft,Tuft,9,Progenitor
haber_c005488,4.414667,4.293411,TA.Early,Progenitor,9,Progenitor
haber_c005489,3.643734,3.669157,TA,Progenitor,9,Progenitor
haber_c005490,9.647435,5.802415,Endocrine,Endocrine,11,Endocrine
haber_c005494,-0.5233247,8.662483,Enterocyte,Enterocyte,13,Enterocyte
haber_c005495,4.524469,5.961391,TA.Early,Progenitor,14,Progenitor
haber_c005496,0.9209387,4.392686,Enterocyte.Progenitor,Progenitor,15,Unknown
haber_c005498,5.503722,4.02858,Stem,Stem,9,Progenitor
haber_c005500,0.328339,5.746871,Enterocyte.Progenitor,Progenitor,15,Unknown
haber_c005501,6.091786,3.145465,Stem,Stem,9,Progenitor
haber_c005502,5.416688,3.66684,TA,Progenitor,9,Progenitor
haber_c005504,8.433455,-0.1899498,Goblet,Goblet,12,Goblet
haber_c005505,9.785973,0.3240331,Goblet,Goblet,12,Goblet
haber_c005506,0.9777714,4.991957,Enterocyte.Progenitor,Progenitor,15,Unknown
haber_c005509,12.89187,3.674069,Tuft,Tuft,8,Tuft
haber_c005511,1.071768,7.124099,Enterocyte.Progenitor,Progenitor,15,Unknown
haber_c005513,-2.473177,8.934216,Enterocyte,Enterocyte,13,Enterocyte
haber_c005515,2.713351,-1.90875,Stem,Stem,2,Stem
haber_c005517,4.88465,4.637193,TA.Early,Progenitor,14,Progenitor
haber_c005519,4.200244,3.893744,TA,Progenitor,9,Progenitor
haber_c005520,5.34262,3.668,TA,Progenitor,9,Progenitor
haber_c005521,5.521081,2.997784,Stem,Stem,9,Progenitor
haber_c005522,5.94221,2.925294,Stem,Stem,9,Progenitor
haber_c005523,8.570037,-0.9748031,Goblet,Goblet,12,Goblet
haber_c005525,-1.597448,8.199535,Enterocyte,Enterocyte,15,Unknown
haber_c005526,4.009489,3.862835,TA.Early,Progenitor,9,Progenitor
haber_c005528,2.806082,3.248547,TA.Early,Progenitor,9,Progenitor
haber_c005531,3.984646,3.282197,Stem,Stem,9,Progenitor
haber_c005532,8.669116,-1.597236,Goblet,Goblet,12,Goblet
haber_c005534,3.587983,3.649487,TA.Early,Progenitor,9,Progenitor
haber_c005535,5.09445,3.679054,TA.Early,Progenitor,9,Progenitor
haber_c005536,4.371498,3.457773,TA.Early,Progenitor,9,Progenitor
haber_c005541,5.831817,3.448782,Stem,Stem,9,Progenitor
haber_c005542,1.164591,5.289468,Enterocyte.Progenitor,Progenitor,15,Unknown
haber_c005543,0.8535882,5.165324,Enterocyte.Progenitor,Progenitor,15,Unknown
haber_c005544,-0.2251059,6.277159,Enterocyte.Progenitor,Progenitor,15,Unknown
haber_c005546,6.18265,4.05057,Stem,Stem,9,Progenitor
haber_c005547,6.752823,2.770049,Stem,Stem,9,Progenitor
haber_c005548,4.267537,2.457636,Stem,Stem,9,Progenitor
haber_c005549,9.621961,-0.8456826,Goblet,Goblet,12,Goblet
haber_c005550,4.222243,5.397258,TA.Early,Progenitor,9,Progenitor
haber_c005553,3.058678,4.17772,Stem,Stem,9,Progenitor
haber_c005554,8.455776,-0.03797691,Goblet,Goblet,12,Goblet
haber_c005557,4.731744,3.81067,TA.Early,Progenitor,9,Progenitor
haber_c005561,8.484016,-1.608011,Goblet,Goblet,12,Goblet
haber_c005562,0.1921067,5.874186,Enterocyte.Progenitor,Progenitor,15,Unknown
haber_c005563,4.364103,3.006055,Stem,Stem,9,Progenitor
haber_c005564,4.113495,3.71469,Stem,Stem,9,Progenitor
haber_c005565,6.281072,3.186118,Stem,Stem,9,Progenitor
haber_c005566,5.896782,3.671197,Stem,Stem,9,Progenitor
haber_c005567,8.498169,0.7291729,Goblet,Goblet,12,Goblet
haber_c005571,10.7126,3.230264,Tuft,Tuft,8,Tuft
haber_c005572,8.094986,1.373801,Goblet,Goblet,12,Goblet
haber_c005573,8.821661,-1.041656,Goblet,Goblet,12,Goblet
haber_c005575,2.227965,4.593789,TA,Progenitor,9,Progenitor
haber_c005576,4.583589,2.396707,Stem,Stem,9,Progenitor
haber_c005577,8.210665,2.275671,Stem,Stem,12,Goblet
haber_c005580,11.09276,2.973101,Tuft,Tuft,8,Tuft
haber_c005581,11.13773,3.096673,Tuft,Tuft,8,Tuft
haber_c005582,1.263622,5.712251,Enterocyte.Progenitor,Progenitor,15,Unknown
haber_c005583,5.577944,3.999399,TA,Progenitor,9,Progenitor
haber_c005584,-0.8891745,8.282277,Enterocyte,Enterocyte,15,Unknown
haber_c005586,4.278641,3.301069,Stem,Stem,9,Progenitor
haber_c005590,6.048634,3.340827,Stem,Stem,9,Progenitor
haber_c005594,5.547493,2.807595,Stem,Stem,9,Progenitor
haber_c005597,8.187283,2.678753,Goblet,Goblet,12,Goblet
haber_c005599,4.860364,3.489877,TA,Progenitor,9,Progenitor
haber_c005601,10.82551,3.008549,Tuft,Tuft,8,Tuft
haber_c005602,3.115469,4.525885,TA.Early,Progenitor,9,Progenitor
haber_c005603,12.62939,3.963797,Tuft,Tuft,8,Tuft
haber_c005604,3.955758,4.214549,Stem,Stem,9,Progenitor
haber_c005606,5.938903,5.016718,Stem,Stem,14,Progenitor
haber_c005607,1.507881,5.95164,Enterocyte.Progenitor,Progenitor,15,Unknown
haber_c005608,2.991677,3.570492,Stem,Stem,9,Progenitor
haber_c005611,5.286393,2.58087,Stem,Stem,9,Progenitor
haber_c005612,9.591421,-1.427774,Goblet,Goblet,12,Goblet
haber_c005615,1.93933,4.822731,TA.Early,Progenitor,9,Progenitor
haber_c005617,6.045043,3.521727,Stem,Stem,9,Progenitor
haber_c005619,-3.134155,8.950402,Enterocyte,Enterocyte,13,Enterocyte
haber_c005623,3.628621,4.11693,TA.Early,Progenitor,9,Progenitor
haber_c005624,8.687815,-1.181716,Goblet,Goblet,12,Goblet
haber_c005626,12.16954,3.854133,Tuft,Tuft,8,Tuft
haber_c005628,2.222046,7.847269,Enterocyte.Progenitor,Progenitor,15,Unknown
haber_c005630,10.07995,-1.406962,Goblet,Goblet,12,Goblet
haber_c005632,4.242137,4.216102,Stem,Stem,9,Progenitor
haber_c005633,6.0116,3.271711,Stem,Stem,9,Progenitor
haber_c005634,0.7851434,8.381483,Enterocyte.Progenitor,Progenitor,15,Unknown
haber_c005636,8.33207,6.532296,Endocrine,Endocrine,11,Endocrine
haber_c005640,9.031097,7.039609,Endocrine,Endocrine,11,Endocrine
haber_c005641,0.5852913,5.950651,Enterocyte.Progenitor,Progenitor,15,Unknown
haber_c005642,3.712304,2.873473,TA,Progenitor,9,Progenitor
haber_c005645,1.975646,7.375401,Enterocyte.Progenitor,Progenitor,15,Unknown
haber_c005652,-0.2322134,0.5130547,TA,Progenitor,3,Progenitor
haber_c005653,5.612629,3.373231,TA,Progenitor,9,Progenitor
haber_c005655,2.489298,4.821897,TA.Early,Progenitor,9,Progenitor
haber_c005657,11.32427,3.077939,Tuft,Tuft,8,Tuft
haber_c005660,2.498871,4.238621,TA,Progenitor,9,Progenitor
haber_c005662,5.9695,2.154736,Tuft,Tuft,9,Progenitor
haber_c005663,-1.216501,8.137019,Enterocyte,Enterocyte,15,Unknown
haber_c005665,12.64353,3.826717,Tuft,Tuft,8,Tuft
haber_c005666,4.443725,3.574614,Tuft,Tuft,9,Progenitor
haber_c005667,0.9150964,5.955842,Enterocyte.Progenitor,Progenitor,15,Unknown
haber_c005668,10.84683,3.281282,Tuft,Tuft,8,Tuft
haber_c005670,0.4300459,6.020639,Enterocyte.Progenitor,Progenitor,15,Unknown
haber_c005671,-1.228641,8.783553,Enterocyte,Enterocyte,15,Unknown
haber_c005672,6.055808,5.467667,Stem,Stem,14,Progenitor
haber_c005674,0.684959,5.6166,Enterocyte.Progenitor,Progenitor,15,Unknown
haber_c005676,10.3111,0.7453548,Goblet,Goblet,12,Goblet
haber_c005677,5.18281,4.387245,Stem,Stem,9,Progenitor
haber_c005679,6.078644,2.863168,Stem,Stem,9,Progenitor
haber_c005680,2.915401,3.572685,Stem,Stem,9,Progenitor
haber_c005681,4.359049,3.440561,Stem,Stem,9,Progenitor
haber_c005682,9.694142,-1.125744,Goblet,Goblet,12,Goblet
haber_c005683,3.095515,3.347492,Stem,Stem,9,Progenitor
haber_c005684,7.525997,1.16189,Goblet,Goblet,12,Goblet
haber_c005686,-0.7400588,7.689703,Enterocyte,Enterocyte,15,Unknown
haber_c005692,9.657614,2.895484,Tuft,Tuft,8,Tuft
haber_c005694,0.8638541,6.853684,Enterocyte.Progenitor,Progenitor,15,Unknown
haber_c005695,5.555538,3.683995,Stem,Stem,9,Progenitor
haber_c005698,8.376751,1.030314,Goblet,Goblet,12,Goblet
haber_c005701,4.782515,4.941494,TA.Early,Progenitor,14,Progenitor
haber_c005702,-2.161393,8.949399,Enterocyte,Enterocyte,13,Enterocyte
haber_c005703,3.470571,3.554825,Stem,Stem,9,Progenitor
haber_c005705,3.705985,6.534265,TA.Early,Progenitor,14,Progenitor
haber_c005706,-2.101156,8.83149,Enterocyte,Enterocyte,13,Enterocyte
haber_c005708,8.11625,-0.5213395,Goblet,Goblet,12,Goblet
haber_c005709,6.353251,2.227794,Tuft,Tuft,9,Progenitor
haber_c005713,0.2555209,5.623523,Enterocyte.Progenitor,Progenitor,15,Unknown
haber_c005714,10.03686,-0.2768483,Goblet,Goblet,12,Goblet
haber_c005715,2.916897,4.710629,TA.Early,Progenitor,9,Progenitor
haber_c005716,12.1615,3.959078,Tuft,Tuft,8,Tuft
haber_c005717,-0.7764558,8.570219,Enterocyte,Enterocyte,15,Unknown
haber_c005718,0.4276446,6.427964,Enterocyte.Progenitor,Progenitor,15,Unknown
haber_c005719,9.328359,2.791038,Tuft,Tuft,8,Tuft
haber_c005721,0.493729,5.368399,Enterocyte.Progenitor,Progenitor,15,Unknown
haber_c005722,3.267823,4.705184,TA.Early,Progenitor,9,Progenitor
haber_c005724,3.228519,7.1538,TA.Early,Progenitor,14,Progenitor
haber_c005725,2.970377,3.877213,TA,Progenitor,9,Progenitor
haber_c005726,8.793766,3.92336,Endocrine,Endocrine,11,Endocrine
haber_c005728,8.245841,0.9789401,Goblet,Goblet,12,Goblet
haber_c005729,4.406841,3.828738,TA.Early,Progenitor,9,Progenitor
haber_c005730,5.08128,5.446496,Stem,Stem,14,Progenitor
haber_c005733,9.100997,8.15192,Endocrine,Endocrine,11,Endocrine
haber_c005734,4.920886,3.443737,TA.Early,Progenitor,9,Progenitor
haber_c005737,4.652936,2.387437,Stem,Stem,9,Progenitor
haber_c005738,7.503166,2.343308,TA.Early,Progenitor,12,Goblet
haber_c005740,7.29466,2.245368,Goblet,Goblet,9,Progenitor
haber_c005741,0.4997859,5.590455,Enterocyte.Progenitor,Progenitor,15,Unknown
haber_c005742,1.718197,4.94216,Enterocyte.Progenitor,Progenitor,9,Progenitor
haber_c005744,6.669339,4.185924,TA.Early,Progenitor,9,Progenitor
haber_c005746,2.251776,4.834682,TA.Early,Progenitor,9,Progenitor
haber_c005747,0.5198632,5.597836,Enterocyte.Progenitor,Progenitor,15,Unknown
haber_c005748,5.207987,3.548489,Stem,Stem,9,Progenitor
haber_c005749,12.87619,3.776039,Tuft,Tuft,8,Tuft
haber_c005751,0.4879431,6.201255,Enterocyte.Progenitor,Progenitor,15,Unknown
haber_c005754,4.059448,3.939304,TA.Early,Progenitor,9,Progenitor
haber_c005755,5.877617,3.757547,Stem,Stem,9,Progenitor
haber_c005758,2.622885,3.31007,TA,Progenitor,9,Progenitor
haber_c005760,-0.9419239,8.165004,Enterocyte,Enterocyte,15,Unknown
haber_c005763,12.37927,3.824529,Tuft,Tuft,8,Tuft
haber_c005764,1.663423,7.720459,Enterocyte.Progenitor,Progenitor,15,Unknown
haber_c005765,-0.7567788,7.608304,Enterocyte.Progenitor,Progenitor,15,Unknown
haber_c005767,9.667799,5.81425,Endocrine,Endocrine,11,Endocrine
haber_c005768,5.193663,2.495035,Stem,Stem,9,Progenitor
haber_c005769,5.50878,4.841864,Stem,Stem,14,Progenitor
haber_c005773,10.52388,-0.9430082,Goblet,Goblet,12,Goblet
haber_c005774,3.083897,6.467191,TA.Early,Progenitor,14,Progenitor
haber_c005776,0.641777,5.158558,Enterocyte.Progenitor,Progenitor,15,Unknown
haber_c005779,10.44289,3.239848,Tuft,Tuft,8,Tuft
haber_c005780,4.477036,2.598959,Stem,Stem,9,Progenitor
haber_c005781,-1.829,8.756929,Enterocyte,Enterocyte,13,Enterocyte
haber_c005783,-1.214737,8.361186,Enterocyte,Enterocyte,15,Unknown
haber_c005784,6.022462,6.069229,Stem,Stem,14,Progenitor
haber_c005785,4.207329,3.073785,TA.Early,Progenitor,9,Progenitor
haber_c005786,0.3198531,7.926789,Enterocyte.Progenitor,Progenitor,15,Unknown
haber_c005787,1.996854,4.439569,TA,Progenitor,9,Progenitor
haber_c005788,1.014079,5.060014,Enterocyte.Progenitor,Progenitor,15,Unknown
haber_c005790,10.63486,3.333034,Tuft,Tuft,8,Tuft
haber_c005791,6.116308,2.964858,Stem,Stem,9,Progenitor
haber_c005795,2.704967,3.726041,TA,Progenitor,9,Progenitor
haber_c005798,0.02045966,6.691425,Enterocyte.Progenitor,Progenitor,15,Unknown
haber_c005800,10.50465,2.988422,Tuft,Tuft,8,Tuft
haber_c005801,9.737503,-0.8277302,Goblet,Goblet,12,Goblet
haber_c005803,9.056431,5.311762,Endocrine,Endocrine,11,Endocrine
haber_c005804,3.159427,4.423053,TA,Progenitor,9,Progenitor
haber_c005805,0.4101047,6.404792,Enterocyte.Progenitor,Progenitor,15,Unknown
haber_c005806,3.819312,3.126463,Stem,Stem,9,Progenitor
haber_c005808,12.55372,3.655936,Tuft,Tuft,8,Tuft
haber_c005810,0.4242165,6.217278,Enterocyte.Progenitor,Progenitor,15,Unknown
haber_c005818,4.351603,4.421564,TA,Progenitor,14,Progenitor
haber_c005819,11.66906,3.310607,Tuft,Tuft,8,Tuft
haber_c005820,8.438009,-0.3760028,Goblet,Goblet,12,Goblet
haber_c005821,-2.042774,9.27491,Enterocyte,Enterocyte,13,Enterocyte
haber_c005823,3.161932,3.210322,TA.Early,Progenitor,9,Progenitor
haber_c005824,0.4416884,5.386408,Enterocyte.Progenitor,Progenitor,15,Unknown
haber_c005826,-0.2599081,6.73036,Enterocyte.Progenitor,Progenitor,15,Unknown
haber_c005827,8.610836,2.162712,Goblet,Goblet,12,Goblet
haber_c005831,8.89606,0.09896251,Goblet,Goblet,12,Goblet
haber_c005832,5.416978,5.731022,Stem,Stem,14,Progenitor
haber_c005834,12.73333,3.389175,Tuft,Tuft,8,Tuft
haber_c005836,3.198269,2.191273,TA.Early,Progenitor,9,Progenitor
haber_c005838,0.5523521,5.698195,Enterocyte.Progenitor,Progenitor,15,Unknown
haber_c005839,9.378695,-0.06527536,Goblet,Goblet,12,Goblet
haber_c005840,5.282679,3.582156,TA.Early,Progenitor,9,Progenitor
haber_c005843,2.973704,4.435199,Stem,Stem,9,Progenitor
haber_c005845,2.247729,5.548692,TA.Early,Progenitor,14,Progenitor
haber_c005847,12.30151,4.200059,Tuft,Tuft,8,Tuft
haber_c005848,0.4799205,5.452942,Enterocyte.Progenitor,Progenitor,15,Unknown
haber_c005850,4.340883,3.335366,Stem,Stem,9,Progenitor
haber_c005851,5.332211,3.176351,Stem,Stem,9,Progenitor
haber_c005852,10.4056,6.474426,Endocrine,Endocrine,11,Endocrine
haber_c005853,5.574798,5.510582,Stem,Stem,14,Progenitor
haber_c005854,8.374146,-0.8126365,Goblet,Goblet,12,Goblet
haber_c005856,2.795783,1.961044,Tuft,Tuft,11,Endocrine
haber_c005864,2.414048,1.968394,Stem,Stem,3,Progenitor
haber_c005865,2.938522,5.224065,TA.Early,Progenitor,14,Progenitor
haber_c005866,4.842359,2.963939,Stem,Stem,9,Progenitor
haber_c005872,5.759814,2.602128,Stem,Stem,9,Progenitor
haber_c005875,2.875265,3.480559,TA,Progenitor,9,Progenitor
haber_c005877,3.22605,3.085486,TA.Early,Progenitor,9,Progenitor
haber_c005880,12.783,3.089154,Tuft,Tuft,8,Tuft
haber_c005881,3.065503,4.962157,TA.Early,Progenitor,9,Progenitor
haber_c005884,4.053843,3.488091,TA,Progenitor,9,Progenitor
haber_c005887,0.02172069,7.092408,Enterocyte,Enterocyte,15,Unknown
haber_c005889,6.171178,2.800208,Stem,Stem,9,Progenitor
haber_c005891,1.738632,-0.9430874,Stem,Stem,2,Stem
haber_c005893,0.1752309,6.11326,Enterocyte.Progenitor,Progenitor,15,Unknown
haber_c005895,9.042127,2.876292,Tuft,Tuft,9,Progenitor
haber_c005896,0.4522183,6.441763,Enterocyte.Progenitor,Progenitor,15,Unknown
haber_c005897,8.699505,5.909011,Endocrine,Endocrine,11,Endocrine
haber_c005898,0.1769119,6.670397,Enterocyte.Progenitor,Progenitor,15,Unknown
haber_c005899,-1.367419,8.6636,Enterocyte,Enterocyte,13,Enterocyte
haber_c005902,2.038393,4.964617,Enterocyte.Progenitor,Progenitor,9,Progenitor
haber_c005903,-0.107385,6.577096,Enterocyte,Enterocyte,10,Enterocyte
haber_c005905,1.704244,8.938017,Enterocyte.Progenitor,Progenitor,15,Unknown
haber_c005906,6.1802,5.016175,Stem,Stem,14,Progenitor
haber_c005907,2.922436,3.254123,Endocrine,Endocrine,9,Progenitor
haber_c005909,5.404022,4.242347,TA,Progenitor,9,Progenitor
haber_c005911,2.840577,5.132528,TA,Progenitor,9,Progenitor
haber_c005912,6.250377,4.640762,Stem,Stem,14,Progenitor
haber_c005913,-1.072871,7.773194,Enterocyte,Enterocyte,15,Unknown
haber_c005914,8.474263,1.16426,Goblet,Goblet,12,Goblet
haber_c005916,5.212872,2.95729,Stem,Stem,9,Progenitor
haber_c005917,1.032068,5.804283,Enterocyte.Progenitor,Progenitor,15,Unknown
haber_c005918,1.978248,4.246237,TA.Early,Progenitor,9,Progenitor
haber_c005919,5.60478,2.901601,TA.Early,Progenitor,9,Progenitor
haber_c005920,5.910074,5.434256,Stem,Stem,14,Progenitor
haber_c005921,2.949842,3.379601,Stem,Stem,9,Progenitor
haber_c005923,12.6569,3.156199,Tuft,Tuft,8,Tuft
haber_c005924,4.032202,3.297386,Stem,Stem,9,Progenitor
haber_c005926,5.609072,3.371536,Stem,Stem,9,Progenitor
haber_c005928,6.974618,4.027362,Tuft,Tuft,9,Progenitor
haber_c005929,11.44767,-1.113887,Goblet,Goblet,12,Goblet
haber_c005932,-0.2957109,8.370956,Enterocyte,Enterocyte,13,Enterocyte
haber_c005933,2.91082,3.503905,TA.Early,Progenitor,9,Progenitor
haber_c005936,4.386734,4.920725,TA,Progenitor,14,Progenitor
haber_c005937,0.4387051,6.313032,Enterocyte.Progenitor,Progenitor,15,Unknown
haber_c005938,8.042334,1.428604,Goblet,Goblet,12,Goblet
haber_c005939,12.70193,3.03959,Tuft,Tuft,8,Tuft
haber_c005941,3.948311,3.560457,TA,Progenitor,9,Progenitor
haber_c005942,1.002159,4.78126,Enterocyte.Progenitor,Progenitor,15,Unknown
haber_c005943,10.38328,-1.298953,Goblet,Goblet,12,Goblet
haber_c005944,8.444376,-1.435647,Goblet,Goblet,12,Goblet
haber_c005945,4.183938,4.46781,TA.Early,Progenitor,9,Progenitor
haber_c005946,0.3999529,5.962206,Enterocyte.Progenitor,Progenitor,15,Unknown
haber_c005947,-4.566113,8.925534,Enterocyte,Enterocyte,0,Enterocyte
haber_c005948,6.299117,2.979272,Stem,Stem,9,Progenitor
haber_c005950,-0.4919197,5.783922,Enterocyte.Progenitor,Progenitor,15,Unknown
haber_c005951,6.002228,3.318377,Stem,Stem,9,Progenitor
haber_c005952,4.261545,2.72679,TA.Early,Progenitor,9,Progenitor
haber_c005953,12.88144,3.66397,Tuft,Tuft,8,Tuft
haber_c005955,2.65506,3.954406,TA,Progenitor,9,Progenitor
haber_c005956,2.482996,6.955505,Enterocyte.Progenitor,Progenitor,14,Progenitor
haber_c005958,0.1949108,6.70317,Enterocyte.Progenitor,Progenitor,15,Unknown
haber_c005960,4.991018,4.061558,TA.Early,Progenitor,9,Progenitor
haber_c005961,4.190054,5.941218,TA,Progenitor,14,Progenitor
haber_c005964,5.265036,6.413216,TA.Early,Progenitor,14,Progenitor
haber_c005965,3.636705,4.122938,TA.Early,Progenitor,9,Progenitor
haber_c005966,12.27578,2.883408,Tuft,Tuft,8,Tuft
haber_c005967,5.551149,3.24144,TA,Progenitor,9,Progenitor
haber_c005968,1.076285,5.938565,Enterocyte.Progenitor,Progenitor,15,Unknown
haber_c005969,7.05364,4.159194,TA.Early,Progenitor,9,Progenitor
haber_c005970,3.243047,3.177576,TA.Early,Progenitor,9,Progenitor
haber_c005972,4.051625,3.238817,TA,Progenitor,9,Progenitor
haber_c005973,5.499195,5.795728,Stem,Stem,14,Progenitor
haber_c005974,1.867732,4.346959,TA.Early,Progenitor,9,Progenitor
haber_c005977,3.34038,4.314269,TA.Early,Progenitor,9,Progenitor
haber_c005978,6.146715,4.868171,Stem,Stem,14,Progenitor
haber_c005979,6.139356,3.084789,Stem,Stem,9,Progenitor
haber_c005981,4.474864,3.465943,TA.Early,Progenitor,9,Progenitor
haber_c005982,8.531222,0.5211735,Goblet,Goblet,12,Goblet
haber_c005983,1.909909,5.775061,TA,Progenitor,15,Unknown
haber_c005986,5.698153,2.989426,Stem,Stem,9,Progenitor
haber_c005987,2.244606,4.559584,TA,Progenitor,9,Progenitor
haber_c005990,0.4104699,5.94391,Enterocyte.Progenitor,Progenitor,15,Unknown
haber_c005994,2.151561,4.483573,TA,Progenitor,9,Progenitor
haber_c005995,8.433105,-0.9971837,Goblet,Goblet,12,Goblet
haber_c005996,6.439164,4.310191,Tuft,Tuft,9,Progenitor
haber_c005997,4.671304,3.684764,TA.Early,Progenitor,9,Progenitor
haber_c005998,3.450237,2.266427,TA.Early,Progenitor,9,Progenitor
haber_c005999,-0.9850352,8.120832,Enterocyte,Enterocyte,15,Unknown
haber_c006000,1.139611,5.35743,Enterocyte.Progenitor,Progenitor,15,Unknown
haber_c006002,6.538924,2.989396,Goblet,Goblet,9,Progenitor
haber_c006004,10.77753,3.160289,Tuft,Tuft,8,Tuft
haber_c006006,0.6298398,6.335243,Enterocyte.Progenitor,Progenitor,15,Unknown
haber_c006009,8.344276,-1.271622,Goblet,Goblet,12,Goblet
haber_c006010,8.407129,-0.458497,Goblet,Goblet,12,Goblet
haber_c006013,0.4660609,4.913418,Enterocyte.Progenitor,Progenitor,15,Unknown
haber_c006014,3.991354,3.78487,Stem,Stem,9,Progenitor
haber_c006015,8.482068,-0.9511892,Goblet,Goblet,12,Goblet
haber_c006017,6.115859,3.046296,Stem,Stem,9,Progenitor
haber_c006018,2.419882,1.083053,Endocrine,Endocrine,11,Endocrine
haber_c006020,5.537322,6.182651,TA.Early,Progenitor,14,Progenitor
haber_c006021,12.39474,4.044672,Tuft,Tuft,8,Tuft
haber_c006023,1.139141,7.978313,Enterocyte.Progenitor,Progenitor,15,Unknown
haber_c006024,6.014372,4.36867,TA.Early,Progenitor,9,Progenitor
haber_c006025,4.661511,4.421219,TA.Early,Progenitor,14,Progenitor
haber_c006027,3.026898,4.668071,TA.Early,Progenitor,9,Progenitor
haber_c006029,4.432007,3.807108,TA.Early,Progenitor,9,Progenitor
haber_c006032,5.337459,4.564608,Stem,Stem,14,Progenitor
haber_c006033,0.8722757,7.419745,Enterocyte.Progenitor,Progenitor,15,Unknown
haber_c006034,-1.358715,9.026173,Enterocyte.Progenitor,Progenitor,13,Enterocyte
haber_c006035,5.61274,3.13084,Stem,Stem,9,Progenitor
haber_c006037,4.061209,4.913764,TA,Progenitor,14,Progenitor
haber_c006040,0.3072411,6.302364,Enterocyte.Progenitor,Progenitor,15,Unknown
haber_c006041,9.255704,-1.3934,Goblet,Goblet,12,Goblet
haber_c006042,4.559683,3.038846,Stem,Stem,9,Progenitor
haber_c006044,4.476623,3.579479,TA.Early,Progenitor,9,Progenitor
haber_c006046,9.625668,0.003069679,Goblet,Goblet,12,Goblet
haber_c006049,4.590918,5.046374,TA,Progenitor,14,Progenitor
haber_c006050,5.428144,1.981345,Stem,Stem,9,Progenitor
haber_c006051,0.6537683,-2.73018,Stem,Stem,2,Stem
haber_c006053,9.105385,-1.512863,Goblet,Goblet,12,Goblet
haber_c006055,9.436607,-1.057023,Goblet,Goblet,12,Goblet
haber_c006056,11.88739,3.79654,Tuft,Tuft,8,Tuft
haber_c006057,9.487762,6.415933,Endocrine,Endocrine,11,Endocrine
haber_c006060,4.138683,3.801544,TA.Early,Progenitor,9,Progenitor
haber_c006062,4.266794,4.243126,TA.Early,Progenitor,9,Progenitor
haber_c006063,5.582312,3.937782,Stem,Stem,9,Progenitor
haber_c006067,3.94155,3.808779,TA.Early,Progenitor,9,Progenitor
haber_c006068,10.06141,-0.5560008,Goblet,Goblet,12,Goblet
haber_c006072,1.609361,-3.191689,Stem,Stem,2,Stem
haber_c006073,4.879649,3.242511,TA.Early,Progenitor,9,Progenitor
haber_c006074,8.634515,3.728784,Endocrine,Endocrine,11,Endocrine
haber_c006077,3.184107,3.648885,TA.Early,Progenitor,9,Progenitor
haber_c006078,5.431457,2.727492,Stem,Stem,9,Progenitor
haber_c006080,4.381639,3.732524,TA.Early,Progenitor,9,Progenitor
haber_c006081,10.40167,2.963596,Tuft,Tuft,8,Tuft
haber_c006082,4.966488,5.416391,Stem,Stem,14,Progenitor
haber_c006083,0.02988221,5.996303,Enterocyte.Progenitor,Progenitor,15,Unknown
haber_c006087,11.06783,-0.9984047,Goblet,Goblet,12,Goblet
haber_c006089,4.779252,2.887443,TA,Progenitor,9,Progenitor
haber_c006091,3.977966,3.074888,TA,Progenitor,9,Progenitor
haber_c006092,8.54186,-0.7295538,Goblet,Goblet,12,Goblet
haber_c006094,4.251337,3.450489,TA.Early,Progenitor,9,Progenitor
haber_c006095,1.436366,7.698375,Enterocyte.Progenitor,Progenitor,15,Unknown
haber_c006096,11.70774,4.329327,Tuft,Tuft,8,Tuft
haber_c006097,8.363843,2.482648,Stem,Stem,12,Goblet
haber_c006098,12.68758,3.640163,Tuft,Tuft,8,Tuft
haber_c006099,9.425469,2.92013,Tuft,Tuft,8,Tuft
haber_c006100,5.310215,3.911211,TA,Progenitor,9,Progenitor
haber_c006101,4.883364,5.828117,Stem,Stem,14,Progenitor
haber_c006105,8.969327,-0.6615503,Goblet,Goblet,12,Goblet
haber_c006106,10.03991,2.944965,Tuft,Tuft,8,Tuft
haber_c006107,5.038897,5.486468,Stem,Stem,14,Progenitor
haber_c006108,4.959223,2.900603,Tuft,Tuft,9,Progenitor
haber_c006109,12.94024,3.144662,Tuft,Tuft,8,Tuft
haber_c006110,-4.55435,7.48193,Enterocyte.Progenitor,Progenitor,0,Enterocyte
haber_c006111,4.257378,3.550452,Stem,Stem,9,Progenitor
haber_c006112,9.303468,-1.252758,Goblet,Goblet,12,Goblet
haber_c006115,0.8412651,6.265345,Enterocyte.Progenitor,Progenitor,15,Unknown
haber_c006117,6.121706,3.280563,Stem,Stem,9,Progenitor
haber_c006119,11.48716,2.957936,Tuft,Tuft,8,Tuft
haber_c006120,10.99597,3.056169,Tuft,Tuft,8,Tuft
haber_c006122,5.881395,3.248419,Stem,Stem,9,Progenitor
haber_c006124,3.494815,4.12352,TA.Early,Progenitor,9,Progenitor
haber_c006126,10.64326,2.987017,Tuft,Tuft,8,Tuft
haber_c006127,10.96344,3.129366,Tuft,Tuft,8,Tuft
haber_c006128,-1.157609,8.303199,Enterocyte,Enterocyte,13,Enterocyte
haber_c006130,3.596302,3.683114,TA,Progenitor,9,Progenitor
haber_c006132,8.325673,-1.230575,Goblet,Goblet,12,Goblet
haber_c006133,6.186973,5.225103,Stem,Stem,14,Progenitor
haber_c006134,5.687038,3.145841,Stem,Stem,9,Progenitor
haber_c006136,11.95657,3.058532,Tuft,Tuft,8,Tuft
haber_c006137,8.857531,3.942131,Endocrine,Endocrine,11,Endocrine
haber_c006138,2.243211,6.683684,Enterocyte.Progenitor,Progenitor,15,Unknown
haber_c006141,4.586202,2.585414,Stem,Stem,9,Progenitor
haber_c006142,8.385329,-1.540311,Goblet,Goblet,12,Goblet
haber_c006144,10.24293,-0.3615747,Goblet,Goblet,12,Goblet
haber_c006145,1.211225,8.978209,Enterocyte.Progenitor,Progenitor,15,Unknown
haber_c006146,6.124828,3.568991,Stem,Stem,9,Progenitor
haber_c006147,8.496372,-1.535323,Goblet,Goblet,12,Goblet
haber_c006148,-0.05024316,3.992461,Enterocyte.Progenitor,Progenitor,15,Unknown
haber_c006149,2.072902,5.045391,TA.Early,Progenitor,9,Progenitor
haber_c006150,-0.23927,-1.773861,Stem,Stem,9,Progenitor
haber_c006152,3.667012,3.299581,TA,Progenitor,9,Progenitor
haber_c006153,2.658064,6.185845,TA.Early,Progenitor,14,Progenitor
haber_c006155,11.37663,3.057834,Tuft,Tuft,8,Tuft
haber_c006156,4.133667,4.372813,TA.Early,Progenitor,9,Progenitor
haber_c006158,4.051358,3.785632,TA,Progenitor,9,Progenitor
haber_c006159,1.577342,4.956032,Enterocyte.Progenitor,Progenitor,9,Progenitor
haber_c006161,4.824415,3.909263,TA.Early,Progenitor,9,Progenitor
haber_c006163,5.503429,2.721996,Stem,Stem,9,Progenitor
haber_c006164,-2.108485,8.77573,Enterocyte,Enterocyte,13,Enterocyte
haber_c006165,9.737068,2.98597,Tuft,Tuft,8,Tuft
haber_c006167,11.34724,3.200696,Tuft,Tuft,8,Tuft
haber_c006168,-1.260704,8.351693,Enterocyte,Enterocyte,15,Unknown
haber_c006170,0.5722306,5.994734,Enterocyte.Progenitor,Progenitor,15,Unknown
haber_c006171,-0.4354318,7.599444,Enterocyte,Enterocyte,15,Unknown
haber_c006174,-0.5732093,7.97057,Enterocyte,Enterocyte,15,Unknown
haber_c006175,-3.324,10.37379,Enterocyte,Enterocyte,13,Enterocyte
haber_c006176,3.609317,2.824203,Stem,Stem,9,Progenitor
haber_c006177,0.2864902,5.663751,Enterocyte.Progenitor,Progenitor,15,Unknown
haber_c006179,2.295367,4.618961,TA.Early,Progenitor,9,Progenitor
haber_c006180,4.193012,3.554477,TA.Early,Progenitor,9,Progenitor
haber_c006182,4.501087,2.979246,TA.Early,Progenitor,9,Progenitor
haber_c006183,5.851876,2.795156,Stem,Stem,9,Progenitor
haber_c006184,-1.004439,7.822034,Enterocyte,Enterocyte,15,Unknown
haber_c006188,-2.226752,8.795085,Enterocyte,Enterocyte,13,Enterocyte
haber_c006189,6.687239,2.881826,Stem,Stem,9,Progenitor
haber_c006191,4.768538,4.919252,TA.Early,Progenitor,14,Progenitor
haber_c006193,4.07244,2.697684,Stem,Stem,9,Progenitor
haber_c006195,9.880159,0.2134896,Goblet,Goblet,12,Goblet
haber_c006198,3.049428,3.414198,TA,Progenitor,9,Progenitor
haber_c006199,8.908239,4.56438,Endocrine,Endocrine,11,Endocrine
haber_c006201,3.821266,2.656903,TA.Early,Progenitor,9,Progenitor
haber_c006202,4.883569,6.692179,TA.Early,Progenitor,14,Progenitor
haber_c006203,4.331194,4.64966,TA,Progenitor,9,Progenitor
haber_c006204,0.2279371,6.459044,Enterocyte.Progenitor,Progenitor,15,Unknown
haber_c006205,3.112385,4.762314,TA.Early,Progenitor,9,Progenitor
haber_c006206,0.2884958,4.659315,Enterocyte.Progenitor,Progenitor,15,Unknown
haber_c006207,4.532761,2.982489,Stem,Stem,9,Progenitor
haber_c006209,4.431953,3.315357,TA.Early,Progenitor,9,Progenitor
haber_c006212,2.942716,-0.06368165,Stem,Stem,5,Stem
haber_c006213,0.5465308,5.262462,Enterocyte.Progenitor,Progenitor,15,Unknown
haber_c006214,-1.168181,8.035994,Enterocyte,Enterocyte,15,Unknown
haber_c006215,4.425725,3.141627,TA.Early,Progenitor,9,Progenitor
haber_c006216,0.5556688,7.977955,Enterocyte.Progenitor,Progenitor,15,Unknown
haber_c006217,0.6556371,-2.78464,Stem,Stem,2,Stem
haber_c006221,5.372535,2.762368,Stem,Stem,9,Progenitor
haber_c006223,2.657106,1.812763,TA,Progenitor,3,Progenitor
haber_c006224,5.484607,4.287857,TA.Early,Progenitor,9,Progenitor
haber_c006227,9.521884,-1.277739,Goblet,Goblet,12,Goblet
haber_c006228,6.561672,2.647861,Tuft,Tuft,9,Progenitor
haber_c006229,3.823359,3.462383,Stem,Stem,9,Progenitor
haber_c006230,7.950072,1.803424,Goblet,Goblet,12,Goblet
haber_c006232,3.129721,3.480122,Stem,Stem,9,Progenitor
haber_c006233,4.903263,2.52914,Stem,Stem,9,Progenitor
haber_c006237,5.981972,3.037192,TA.Early,Progenitor,9,Progenitor
haber_c006238,-1.006527,8.191987,Enterocyte,Enterocyte,15,Unknown
haber_c006239,9.983685,2.947844,Tuft,Tuft,8,Tuft
haber_c006240,5.58906,2.924874,Stem,Stem,9,Progenitor
haber_c006241,1.812824,-3.037536,Stem,Stem,2,Stem
haber_c006242,-3.42576,10.16218,Enterocyte,Enterocyte,13,Enterocyte
haber_c006243,9.776529,-0.6399224,Goblet,Goblet,12,Goblet
haber_c006246,8.594523,-0.8810205,Goblet,Goblet,12,Goblet
haber_c006249,-0.8939403,8.057261,Enterocyte,Enterocyte,15,Unknown
haber_c006252,3.273894,3.479673,TA,Progenitor,9,Progenitor
haber_c006253,-0.6277279,7.833548,Enterocyte,Enterocyte,15,Unknown
haber_c006254,5.567927,5.298658,Stem,Stem,14,Progenitor
haber_c006256,10.27277,3.385553,Tuft,Tuft,8,Tuft
haber_c006259,8.984259,7.157357,Endocrine,Endocrine,11,Endocrine
haber_c006261,4.975605,4.107112,TA.Early,Progenitor,9,Progenitor
haber_c006263,4.524405,2.632256,Stem,Stem,9,Progenitor
haber_c006264,2.484401,4.102594,TA,Progenitor,9,Progenitor
haber_c006265,4.259529,3.715896,TA.Early,Progenitor,9,Progenitor
haber_c006267,0.5418845,5.796369,Enterocyte.Progenitor,Progenitor,15,Unknown
haber_c006268,4.522219,3.708027,TA.Early,Progenitor,9,Progenitor
haber_c006269,5.981159,3.015178,Stem,Stem,9,Progenitor
haber_c006270,4.052724,4.133065,TA.Early,Progenitor,9,Progenitor
haber_c006272,5.968078,2.51977,Tuft,Tuft,9,Progenitor
haber_c006273,6.304858,3.113226,Stem,Stem,9,Progenitor
haber_c006274,-1.868243,8.7408,Enterocyte,Enterocyte,13,Enterocyte
haber_c006275,1.375413,8.123228,Enterocyte.Progenitor,Progenitor,15,Unknown
haber_c006277,2.829329,3.844899,TA.Early,Progenitor,9,Progenitor
haber_c006280,5.375981,3.188244,TA,Progenitor,9,Progenitor
haber_c006281,0.5492681,5.341604,Enterocyte.Progenitor,Progenitor,15,Unknown
haber_c006282,9.85065,5.835671,Endocrine,Endocrine,11,Endocrine
haber_c006283,2.810789,5.995552,TA,Progenitor,14,Progenitor
haber_c006284,0.9666364,6.056654,Enterocyte.Progenitor,Progenitor,15,Unknown
haber_c006285,0.03550526,7.117412,Enterocyte.Progenitor,Progenitor,15,Unknown
haber_c006286,0.908087,7.8932,Enterocyte.Progenitor,Progenitor,15,Unknown
haber_c006291,0.5336481,5.267339,Enterocyte.Progenitor,Progenitor,15,Unknown
haber_c006292,4.269084,3.037447,Stem,Stem,9,Progenitor
haber_c006294,3.096867,4.619779,TA.Early,Progenitor,9,Progenitor
haber_c006295,6.17346,3.126369,Stem,Stem,9,Progenitor
haber_c006299,8.989569,8.039706,Endocrine,Endocrine,11,Endocrine
haber_c006302,-1.090585,7.780455,Enterocyte,Enterocyte,13,Enterocyte
haber_c006304,3.354703,4.473826,TA.Early,Progenitor,9,Progenitor
haber_c006305,-1.398176,9.044003,Enterocyte.Progenitor,Progenitor,13,Enterocyte
haber_c006307,9.429012,2.80389,Tuft,Tuft,8,Tuft
haber_c006308,5.114686,4.171869,TA.Early,Progenitor,9,Progenitor
haber_c006309,0.9967113,5.42287,Enterocyte.Progenitor,Progenitor,15,Unknown
haber_c006310,8.394308,-1.308661,Goblet,Goblet,12,Goblet
haber_c006311,5.713513,3.88854,Stem,Stem,9,Progenitor
haber_c006312,3.741994,3.382465,Stem,Stem,9,Progenitor
haber_c006313,0.3558849,6.076281,Enterocyte.Progenitor,Progenitor,15,Unknown
haber_c006314,10.332,2.986712,Tuft,Tuft,8,Tuft
haber_c006315,10.50255,3.170716,Tuft,Tuft,8,Tuft
haber_c006316,6.143904,3.813322,Stem,Stem,9,Progenitor
haber_c006319,0.4055459,5.810446,Enterocyte.Progenitor,Progenitor,15,Unknown
haber_c006320,10.26361,-0.5028824,Goblet,Goblet,12,Goblet
haber_c006324,0.6596955,5.017152,Enterocyte.Progenitor,Progenitor,15,Unknown
haber_c006327,-0.8307314,7.552221,Enterocyte,Enterocyte,15,Unknown
haber_c006328,9.7968,-1.776369,Goblet,Goblet,12,Goblet
haber_c006329,12.30492,3.634668,Tuft,Tuft,8,Tuft
haber_c006331,5.985994,3.423462,Stem,Stem,9,Progenitor
haber_c006332,9.89888,6.245263,Endocrine,Endocrine,11,Endocrine
haber_c006333,3.311019,2.701517,Stem,Stem,9,Progenitor
haber_c006334,12.05449,2.873817,Tuft,Tuft,8,Tuft
haber_c006335,1.002333,4.594972,Enterocyte.Progenitor,Progenitor,15,Unknown
haber_c006336,4.26474,2.180872,TA.Early,Progenitor,9,Progenitor
haber_c006337,5.227817,3.578736,Stem,Stem,9,Progenitor
haber_c006338,1.944486,6.699031,Enterocyte.Progenitor,Progenitor,15,Unknown
haber_c006339,8.965599,6.911404,Endocrine,Endocrine,11,Endocrine
haber_c006340,8.517273,6.617755,Endocrine,Endocrine,11,Endocrine
haber_c006343,3.726744,3.255984,TA,Progenitor,9,Progenitor
haber_c006345,5.036545,6.414966,TA.Early,Progenitor,14,Progenitor
haber_c006350,4.010193,3.110855,Tuft,Tuft,9,Progenitor
haber_c006352,5.485617,3.00496,Stem,Stem,9,Progenitor
haber_c006354,2.798932,4.830248,Enterocyte.Progenitor,Progenitor,9,Progenitor
haber_c006356,-0.05961061,6.238945,Enterocyte.Progenitor,Progenitor,15,Unknown
haber_c006358,8.558507,-1.249957,Goblet,Goblet,12,Goblet
haber_c006359,0.3392066,5.700004,Enterocyte.Progenitor,Progenitor,15,Unknown
haber_c006363,4.632998,3.474337,TA.Early,Progenitor,9,Progenitor
haber_c006365,0.7628973,5.469694,Enterocyte.Progenitor,Progenitor,15,Unknown
haber_c006366,3.355402,4.226822,TA,Progenitor,9,Progenitor
haber_c006368,8.556691,-1.558553,Goblet,Goblet,12,Goblet
haber_c006369,12.8575,4.190834,Tuft,Tuft,8,Tuft
haber_c006370,12.71305,3.774497,Tuft,Tuft,8,Tuft
haber_c006373,9.039861,0.7109113,Goblet,Goblet,12,Goblet
haber_c006374,-1.895333,8.738913,Enterocyte,Enterocyte,13,Enterocyte
haber_c006375,7.678173,2.712105,Endocrine,Endocrine,12,Goblet
haber_c006376,2.432949,4.145061,TA,Progenitor,9,Progenitor
haber_c006377,8.262587,-0.7090091,Goblet,Goblet,12,Goblet
haber_c006382,11.72977,2.867009,Tuft,Tuft,8,Tuft
haber_c006383,5.859556,3.437215,Stem,Stem,9,Progenitor
haber_c006384,12.22252,3.16603,Tuft,Tuft,8,Tuft
haber_c006385,2.948068,4.736847,TA,Progenitor,9,Progenitor
haber_c006386,3.383673,4.370183,TA,Progenitor,9,Progenitor
haber_c006388,6.405337,2.373194,Tuft,Tuft,9,Progenitor
haber_c006389,5.144831,2.826233,Stem,Stem,9,Progenitor
haber_c006390,7.942424,2.160591,TA.Early,Progenitor,12,Goblet
haber_c006391,-2.054511,9.443799,Enterocyte,Enterocyte,13,Enterocyte
haber_c006392,5.421545,3.554754,TA,Progenitor,9,Progenitor
haber_c006393,2.881336,3.351968,TA,Progenitor,9,Progenitor
haber_c006395,5.851768,2.906289,Stem,Stem,9,Progenitor
haber_c006396,9.453965,2.862612,Tuft,Tuft,8,Tuft
haber_c006398,4.203923,4.839368,TA.Early,Progenitor,9,Progenitor
haber_c006401,9.452102,-1.737509,Goblet,Goblet,12,Goblet
haber_c006403,5.467754,5.973866,Stem,Stem,14,Progenitor
haber_c006404,11.44986,2.872187,Tuft,Tuft,8,Tuft
haber_c006405,10.09597,6.103357,Endocrine,Endocrine,11,Endocrine
haber_c006407,6.130174,3.658664,Stem,Stem,9,Progenitor
haber_c006409,5.050167,3.311773,Stem,Stem,9,Progenitor
haber_c006410,9.351532,-1.424939,Goblet,Goblet,12,Goblet
haber_c006411,2.723204,3.69745,TA.Early,Progenitor,9,Progenitor
haber_c006412,12.61112,2.967472,Tuft,Tuft,8,Tuft
haber_c006413,10.34527,-0.953981,Goblet,Goblet,12,Goblet
haber_c006414,8.06808,1.928231,Goblet,Goblet,12,Goblet
haber_c006415,12.53757,3.638084,Tuft,Tuft,8,Tuft
haber_c006417,5.01305,2.551404,Stem,Stem,9,Progenitor
haber_c006418,-1.168934,8.456996,Enterocyte,Enterocyte,15,Unknown
haber_c006419,8.94313,8.199784,Endocrine,Endocrine,11,Endocrine
haber_c006420,4.768067,2.401398,Stem,Stem,9,Progenitor
haber_c006421,5.328503,3.955951,Stem,Stem,9,Progenitor
haber_c006423,3.25281,4.242833,TA.Early,Progenitor,9,Progenitor
haber_c006425,6.862485,4.177105,Tuft,Tuft,9,Progenitor
haber_c006426,7.875684,1.648589,Goblet,Goblet,12,Goblet
haber_c006429,9.577419,0.1479722,Goblet,Goblet,12,Goblet
haber_c006431,6.024185,3.259824,Stem,Stem,9,Progenitor
haber_c006432,0.6818817,5.050474,Enterocyte.Progenitor,Progenitor,15,Unknown
haber_c006433,3.891581,4.713036,Stem,Stem,14,Progenitor
haber_c006434,4.73392,3.745726,TA.Early,Progenitor,9,Progenitor
haber_c006435,8.420569,0.9594428,Goblet,Goblet,12,Goblet
haber_c006437,0.356529,7.130215,Enterocyte.Progenitor,Progenitor,15,Unknown
haber_c006438,4.099846,3.853567,TA.Early,Progenitor,9,Progenitor
haber_c006439,-0.5605908,8.238181,Enterocyte,Enterocyte,13,Enterocyte
haber_c006440,8.640761,5.939412,Endocrine,Endocrine,11,Endocrine
haber_c006441,3.986046,2.465231,TA.Early,Progenitor,9,Progenitor
haber_c006442,4.823143,2.971734,TA.Early,Progenitor,9,Progenitor
haber_c006443,5.576843,6.185414,Stem,Stem,14,Progenitor
haber_c006445,12.58319,4.199732,Tuft,Tuft,8,Tuft
haber_c006447,8.041517,1.63492,Goblet,Goblet,12,Goblet
haber_c006448,3.923914,3.635561,TA.Early,Progenitor,9,Progenitor
haber_c006451,6.212935,3.133288,Stem,Stem,9,Progenitor
haber_c006456,3.271788,5.517964,Enterocyte.Progenitor,Progenitor,14,Progenitor
haber_c006458,0.9693481,8.020784,Enterocyte.Progenitor,Progenitor,15,Unknown
haber_c006459,4.278305,3.152477,TA.Early,Progenitor,9,Progenitor
haber_c006460,6.702241,3.981166,TA.Early,Progenitor,9,Progenitor
haber_c006466,4.465572,4.784065,Stem,Stem,14,Progenitor
haber_c006467,11.59983,3.462771,Tuft,Tuft,8,Tuft
haber_c006469,1.149332,7.946661,Enterocyte.Progenitor,Progenitor,15,Unknown
haber_c006470,2.773717,3.791837,TA,Progenitor,9,Progenitor
haber_c006472,4.641574,2.82899,Stem,Stem,9,Progenitor
haber_c006473,4.396132,2.704693,Stem,Stem,9,Progenitor
haber_c006475,12.7506,3.097816,Tuft,Tuft,8,Tuft
haber_c006476,4.09993,3.218604,Stem,Stem,9,Progenitor
haber_c006477,4.787759,4.345985,TA.Early,Progenitor,9,Progenitor
haber_c006479,4.037278,3.233626,Stem,Stem,9,Progenitor
haber_c006480,5.551157,3.472972,Stem,Stem,9,Progenitor
haber_c006481,8.391428,1.278005,Goblet,Goblet,12,Goblet
haber_c006484,2.943359,4.643793,TA.Early,Progenitor,9,Progenitor
haber_c006486,0.5611254,-3.194428,Stem,Stem,2,Stem
haber_c006487,10.22178,-1.108114,Goblet,Goblet,12,Goblet
haber_c006488,-0.93639,7.829733,Enterocyte,Enterocyte,15,Unknown
haber_c006490,2.788031,4.940261,TA.Early,Progenitor,9,Progenitor
haber_c006491,6.076601,3.195698,Stem,Stem,9,Progenitor
haber_c006493,9.714195,0.1732951,Goblet,Goblet,12,Goblet
haber_c006494,3.273418,3.281387,Stem,Stem,9,Progenitor
haber_c006496,5.302908,2.645119,Stem,Stem,9,Progenitor
haber_c006498,2.384116,4.705284,TA,Progenitor,9,Progenitor
haber_c006502,9.937134,0.3068327,Goblet,Goblet,12,Goblet
haber_c006504,0.8994293,5.489034,Enterocyte.Progenitor,Progenitor,15,Unknown
haber_c006505,0.6714371,5.033103,Enterocyte.Progenitor,Progenitor,15,Unknown
haber_c006506,8.444566,-0.6041228,Goblet,Goblet,12,Goblet
haber_c006509,4.118569,3.388702,Stem,Stem,9,Progenitor
haber_c006511,2.854597,4.080153,Stem,Stem,9,Progenitor
haber_c006512,1.598672,4.558945,Enterocyte.Progenitor,Progenitor,9,Progenitor
haber_c006513,4.439328,5.109979,TA.Early,Progenitor,9,Progenitor
haber_c006515,2.784599,3.985677,Tuft,Tuft,9,Progenitor
haber_c006516,10.02488,3.010948,Tuft,Tuft,8,Tuft
haber_c006517,5.806233,3.396339,Stem,Stem,9,Progenitor
haber_c006519,1.090322,4.560332,Enterocyte.Progenitor,Progenitor,9,Progenitor
haber_c006520,9.702521,-1.709787,Goblet,Goblet,12,Goblet
haber_c006521,6.232909,5.805108,Stem,Stem,14,Progenitor
haber_c006522,5.401516,3.210147,Stem,Stem,9,Progenitor
haber_c006524,12.72534,4.264864,Tuft,Tuft,8,Tuft
haber_c006525,7.647104,-1.209378,Stem,Stem,12,Goblet
haber_c006530,6.141796,3.900073,TA,Progenitor,9,Progenitor
haber_c006532,4.133189,7.069897,TA,Progenitor,14,Progenitor
haber_c006535,-1.078731,9.068802,Enterocyte,Enterocyte,13,Enterocyte
haber_c006537,3.638382,4.612009,TA,Progenitor,9,Progenitor
haber_c006538,0.390484,7.209257,Enterocyte.Progenitor,Progenitor,15,Unknown
haber_c006541,3.302135,3.708471,TA,Progenitor,9,Progenitor
haber_c006543,3.561425,6.921615,TA.Early,Progenitor,14,Progenitor
haber_c006544,2.214304,8.711338,Enterocyte.Progenitor,Progenitor,15,Unknown
haber_c006547,5.261111,4.958723,Stem,Stem,14,Progenitor
haber_c006550,6.144916,4.013669,Stem,Stem,9,Progenitor
haber_c006551,1.549636,8.161116,Enterocyte.Progenitor,Progenitor,15,Unknown
haber_c006552,5.00417,6.354097,TA,Progenitor,14,Progenitor
haber_c006556,3.871021,5.576896,TA.Early,Progenitor,14,Progenitor
haber_c006558,5.76278,5.848358,Tuft,Tuft,14,Progenitor
haber_c006564,4.41599,6.157005,Stem,Stem,14,Progenitor
haber_c006565,2.543823,5.734111,TA,Progenitor,9,Progenitor
haber_c006566,1.057517,6.480128,Enterocyte.Progenitor,Progenitor,15,Unknown
haber_c006567,3.666442,6.748981,TA,Progenitor,14,Progenitor
haber_c006568,2.585028,6.651362,TA.Early,Progenitor,14,Progenitor
haber_c006570,4.933311,5.241826,Stem,Stem,14,Progenitor
haber_c006572,4.425336,5.779017,TA,Progenitor,14,Progenitor
haber_c006573,4.678886,4.013803,TA.Early,Progenitor,9,Progenitor
haber_c006575,1.95418,8.401813,Enterocyte.Progenitor,Progenitor,15,Unknown
haber_c006576,3.961352,5.601449,TA.Early,Progenitor,14,Progenitor
haber_c006577,1.151735,5.665452,Enterocyte.Progenitor,Progenitor,15,Unknown
haber_c006579,8.283813,6.652894,Endocrine,Endocrine,11,Endocrine
haber_c006580,-4.998061,8.899096,Enterocyte,Enterocyte,0,Enterocyte
haber_c006581,0.6449565,6.141531,Enterocyte.Progenitor,Progenitor,15,Unknown
haber_c006582,3.884151,5.448854,Stem,Stem,14,Progenitor
haber_c006583,3.009849,6.350338,Enterocyte.Progenitor,Progenitor,14,Progenitor
haber_c006584,5.348519,5.369505,TA,Progenitor,14,Progenitor
haber_c006585,4.72109,6.848885,TA.Early,Progenitor,14,Progenitor
haber_c006586,3.697447,6.961968,TA.Early,Progenitor,14,Progenitor
haber_c006589,3.721649,4.287429,Stem,Stem,9,Progenitor
haber_c006590,-4.666238,8.699695,Enterocyte,Enterocyte,0,Enterocyte
haber_c006591,10.66783,3.163437,Tuft,Tuft,8,Tuft
haber_c006593,1.769894,7.913894,Enterocyte.Progenitor,Progenitor,15,Unknown
haber_c006594,6.078182,5.265656,Stem,Stem,14,Progenitor
haber_c006595,4.434505,3.219128,Stem,Stem,9,Progenitor
haber_c006596,3.200564,4.413575,TA.Early,Progenitor,9,Progenitor
haber_c006597,9.693941,-1.118938,Goblet,Goblet,12,Goblet
haber_c006598,1.576079,6.519581,Enterocyte.Progenitor,Progenitor,15,Unknown
haber_c006600,10.00335,-1.180352,Goblet,Goblet,12,Goblet
haber_c006601,3.134564,7.399126,Enterocyte.Progenitor,Progenitor,14,Progenitor
haber_c006603,5.220225,5.958436,Stem,Stem,14,Progenitor
haber_c006604,5.628955,3.519095,Stem,Stem,9,Progenitor
haber_c006609,-0.8968144,9.703687,Enterocyte,Enterocyte,13,Enterocyte
haber_c006610,3.952464,6.675492,TA,Progenitor,14,Progenitor
haber_c006612,12.18958,2.957206,Tuft,Tuft,8,Tuft
haber_c006613,4.111393,3.889793,TA.Early,Progenitor,9,Progenitor
haber_c006614,-3.376333,10.41396,Enterocyte,Enterocyte,13,Enterocyte
haber_c006615,3.279784,5.590961,TA.Early,Progenitor,14,Progenitor
haber_c006619,-3.93474,9.651321,Enterocyte,Enterocyte,13,Enterocyte
haber_c006621,2.92178,6.753471,Enterocyte.Progenitor,Progenitor,14,Progenitor
haber_c006623,6.047574,4.197424,Stem,Stem,9,Progenitor
haber_c006624,10.9079,-0.9407623,Goblet,Goblet,12,Goblet
haber_c006625,8.947013,2.819984,Tuft,Tuft,8,Tuft
haber_c006626,3.925454,6.299325,TA,Progenitor,14,Progenitor
haber_c006627,2.904189,7.887977,Enterocyte.Progenitor,Progenitor,14,Progenitor
haber_c006629,1.562256,7.05367,Enterocyte.Progenitor,Progenitor,15,Unknown
haber_c006630,3.598895,5.782157,TA,Progenitor,14,Progenitor
haber_c006632,11.7412,3.072816,Tuft,Tuft,8,Tuft
haber_c006633,4.6849,5.424459,TA,Progenitor,14,Progenitor
haber_c006635,5.971365,5.372962,Stem,Stem,14,Progenitor
haber_c006639,5.891274,3.001285,Stem,Stem,9,Progenitor
haber_c006644,5.013521,6.638748,TA.Early,Progenitor,14,Progenitor
haber_c006645,1.38937,7.953616,Enterocyte.Progenitor,Progenitor,15,Unknown
haber_c006647,-0.1955401,7.772568,Enterocyte,Enterocyte,13,Enterocyte
haber_c006648,8.734014,6.637341,Endocrine,Endocrine,11,Endocrine
haber_c006649,6.222995,4.241724,TA.Early,Progenitor,9,Progenitor
haber_c006650,11.55371,-1.350489,Goblet,Goblet,12,Goblet
haber_c006651,1.687856,6.933175,Enterocyte.Progenitor,Progenitor,15,Unknown
haber_c006652,3.838855,7.104881,TA,Progenitor,14,Progenitor
haber_c006653,8.821928,-0.9616807,Goblet,Goblet,12,Goblet
haber_c006655,4.856314,5.598716,Stem,Stem,14,Progenitor
haber_c006656,5.266085,4.923346,Stem,Stem,14,Progenitor
haber_c006659,-0.5941156,7.925769,Enterocyte,Enterocyte,15,Unknown
haber_c006661,0.8639028,6.826874,Enterocyte.Progenitor,Progenitor,15,Unknown
haber_c006662,1.504127,8.429895,Enterocyte.Progenitor,Progenitor,15,Unknown
haber_c006663,1.589988,6.442072,Enterocyte.Progenitor,Progenitor,15,Unknown
haber_c006665,5.495567,3.963207,Stem,Stem,9,Progenitor
haber_c006666,4.614916,4.327856,TA.Early,Progenitor,9,Progenitor
haber_c006667,8.492411,0.6651805,Goblet,Goblet,12,Goblet
haber_c006668,2.929134,6.463068,Enterocyte.Progenitor,Progenitor,14,Progenitor
haber_c006669,2.460766,4.694975,Enterocyte.Progenitor,Progenitor,1,Unknown
haber_c006670,3.854522,5.689483,TA,Progenitor,14,Progenitor
haber_c006671,6.023378,4.535712,Stem,Stem,9,Progenitor
haber_c006672,5.489476,3.09896,Stem,Stem,9,Progenitor
haber_c006673,3.863377,3.951933,Stem,Stem,9,Progenitor
haber_c006674,4.378666,4.202682,TA.Early,Progenitor,9,Progenitor
haber_c006675,3.380798,5.238206,TA.Early,Progenitor,9,Progenitor
haber_c006678,6.264307,4.459694,TA.Early,Progenitor,9,Progenitor
haber_c006683,4.949099,5.443251,Stem,Stem,14,Progenitor
haber_c006685,1.008704,7.780477,Enterocyte.Progenitor,Progenitor,15,Unknown
haber_c006686,-1.960457,10.092,Enterocyte,Enterocyte,13,Enterocyte
haber_c006687,2.952222,6.181596,TA.Early,Progenitor,14,Progenitor
haber_c006688,5.214195,6.638554,Stem,Stem,14,Progenitor
haber_c006689,6.519872,4.32718,TA.Early,Progenitor,9,Progenitor
haber_c006692,3.673884,7.676949,Enterocyte.Progenitor,Progenitor,14,Progenitor
haber_c006693,3.761184,3.60084,Stem,Stem,9,Progenitor
haber_c006695,6.795577,3.215031,Goblet,Goblet,9,Progenitor
haber_c006696,-3.261271,9.788434,Enterocyte,Enterocyte,13,Enterocyte
haber_c006697,1.283098,8.07637,Enterocyte.Progenitor,Progenitor,15,Unknown
haber_c006698,9.074885,-0.9954436,Goblet,Goblet,12,Goblet
haber_c006699,2.189641,8.334421,Enterocyte.Progenitor,Progenitor,15,Unknown
haber_c006700,4.466442,5.105785,TA,Progenitor,14,Progenitor
haber_c006701,3.615746,6.802505,TA.Early,Progenitor,14,Progenitor
haber_c006702,1.351031,6.883743,Enterocyte.Progenitor,Progenitor,15,Unknown
haber_c006703,6.254599,3.978144,Stem,Stem,9,Progenitor
haber_c006705,10.20535,0.05380721,Goblet,Goblet,12,Goblet
haber_c006706,5.748948,4.035958,TA,Progenitor,9,Progenitor
haber_c006708,10.54119,-0.3363645,Goblet,Goblet,12,Goblet
haber_c006709,4.789413,4.327099,TA,Progenitor,9,Progenitor
haber_c006712,-1.707634,9.608422,Enterocyte,Enterocyte,13,Enterocyte
haber_c006716,9.80574,-0.1487216,Goblet,Goblet,12,Goblet
haber_c006718,5.652566,3.991293,Stem,Stem,9,Progenitor
haber_c006721,4.195292,4.103871,TA.Early,Progenitor,9,Progenitor
haber_c006722,9.625575,-1.018424,Goblet,Goblet,12,Goblet
haber_c006725,5.406701,5.292285,Stem,Stem,14,Progenitor
haber_c006727,5.027042,6.354411,TA.Early,Progenitor,14,Progenitor
haber_c006733,6.372757,3.396289,Stem,Stem,9,Progenitor
haber_c006735,3.990191,4.885014,TA,Progenitor,9,Progenitor
haber_c006736,1.327374,6.449165,Enterocyte.Progenitor,Progenitor,15,Unknown
haber_c006738,9.550049,2.840199,Tuft,Tuft,8,Tuft
haber_c006739,9.23564,-0.2413266,Goblet,Goblet,12,Goblet
haber_c006741,4.677785,5.769696,Stem,Stem,14,Progenitor
haber_c006745,4.06969,5.819703,TA,Progenitor,14,Progenitor
haber_c006746,6.046282,5.232993,Stem,Stem,14,Progenitor
haber_c006747,9.834435,5.876818,Endocrine,Endocrine,11,Endocrine
haber_c006748,11.8516,3.291583,Tuft,Tuft,8,Tuft
haber_c006750,5.468553,5.32329,Stem,Stem,14,Progenitor
haber_c006751,5.222476,5.527907,TA,Progenitor,14,Progenitor
haber_c006752,8.813381,0.04263308,Goblet,Goblet,12,Goblet
haber_c006753,4.585404,4.166801,TA.Early,Progenitor,9,Progenitor
haber_c006754,3.837675,4.387202,TA.Early,Progenitor,9,Progenitor
haber_c006755,3.311129,7.572534,Enterocyte.Progenitor,Progenitor,14,Progenitor
haber_c006756,2.87353,8.293453,Enterocyte.Progenitor,Progenitor,15,Unknown
haber_c006757,5.827376,5.724463,TA,Progenitor,14,Progenitor
haber_c006758,0.7370782,6.831289,Enterocyte.Progenitor,Progenitor,15,Unknown
haber_c006759,5.478952,5.721201,Stem,Stem,14,Progenitor
haber_c006761,3.263678,7.386025,Enterocyte.Progenitor,Progenitor,14,Progenitor
haber_c006762,12.53096,3.040848,Tuft,Tuft,8,Tuft
haber_c006763,3.271409,6.701352,Enterocyte.Progenitor,Progenitor,14,Progenitor
haber_c006765,10.29537,-0.3686215,Goblet,Goblet,12,Goblet
haber_c006766,5.899304,4.530442,Stem,Stem,9,Progenitor
haber_c006768,5.713161,4.420177,Stem,Stem,9,Progenitor
haber_c006771,3.331021,7.575555,Enterocyte.Progenitor,Progenitor,14,Progenitor
haber_c006773,1.466069,7.372583,Enterocyte.Progenitor,Progenitor,15,Unknown
haber_c006775,-0.4638822,8.660142,Enterocyte,Enterocyte,13,Enterocyte
haber_c006776,4.753728,5.957119,TA.Early,Progenitor,14,Progenitor
haber_c006784,2.834198,5.778598,TA,Progenitor,14,Progenitor
haber_c006786,3.982846,6.898423,TA.Early,Progenitor,14,Progenitor
haber_c006787,4.391725,5.369307,TA.Early,Progenitor,14,Progenitor
haber_c006791,1.623677,6.54092,Enterocyte.Progenitor,Progenitor,15,Unknown
haber_c006794,3.396933,6.821938,TA,Progenitor,14,Progenitor
haber_c006796,4.117745,5.860226,TA.Early,Progenitor,14,Progenitor
haber_c006802,4.916273,4.302996,Stem,Stem,14,Progenitor
haber_c006804,9.496775,-1.694479,Goblet,Goblet,12,Goblet
haber_c006805,1.532817,7.376498,Enterocyte.Progenitor,Progenitor,15,Unknown
haber_c006806,-0.8844597,8.429158,Enterocyte,Enterocyte,13,Enterocyte
haber_c006807,1.476002,7.685392,Enterocyte.Progenitor,Progenitor,15,Unknown
haber_c006808,12.38639,3.871695,Tuft,Tuft,8,Tuft
haber_c006809,8.898888,5.4923,Endocrine,Endocrine,11,Endocrine
haber_c006810,4.928129,4.817269,Stem,Stem,14,Progenitor
haber_c006811,4.360035,5.404243,TA,Progenitor,14,Progenitor
haber_c006812,9.88593,6.010873,Endocrine,Endocrine,11,Endocrine
haber_c006813,0.9366909,6.96207,Enterocyte.Progenitor,Progenitor,15,Unknown
haber_c006815,3.047746,6.306839,TA.Early,Progenitor,14,Progenitor
haber_c006817,10.80153,-1.253517,Goblet,Goblet,12,Goblet
haber_c006818,10.1781,-0.6822045,Goblet,Goblet,12,Goblet
haber_c006827,1.259808,8.511352,Enterocyte.Progenitor,Progenitor,15,Unknown
haber_c006828,1.792373,8.129823,Enterocyte.Progenitor,Progenitor,15,Unknown
haber_c006830,5.449601,5.035758,Stem,Stem,14,Progenitor
haber_c006831,9.452675,0.4243771,Goblet,Goblet,12,Goblet
haber_c006833,5.046845,6.31507,TA.Early,Progenitor,14,Progenitor
haber_c006835,8.798538,-1.089477,Goblet,Goblet,12,Goblet
haber_c006836,3.728153,4.485557,TA.Early,Progenitor,9,Progenitor
haber_c006838,6.341533,4.174316,TA.Early,Progenitor,9,Progenitor
haber_c006840,3.786828,5.145367,TA,Progenitor,14,Progenitor
haber_c006841,4.124028,3.801317,TA,Progenitor,9,Progenitor
haber_c006842,3.199279,4.071005,TA.Early,Progenitor,9,Progenitor
haber_c006843,0.9027082,6.842327,Enterocyte.Progenitor,Progenitor,15,Unknown
haber_c006844,10.41071,2.947544,Tuft,Tuft,8,Tuft
haber_c006845,11.4999,3.873553,Tuft,Tuft,8,Tuft
haber_c006846,1.766887,6.674641,Enterocyte.Progenitor,Progenitor,15,Unknown
haber_c006849,5.301099,6.619018,TA.Early,Progenitor,14,Progenitor
haber_c006856,-4.544892,9.144386,Enterocyte,Enterocyte,0,Enterocyte
haber_c006857,0.8577147,6.837226,Enterocyte.Progenitor,Progenitor,15,Unknown
haber_c006858,3.410015,6.129827,TA,Progenitor,14,Progenitor
haber_c006859,12.34033,3.111333,Tuft,Tuft,8,Tuft
haber_c006862,4.983678,5.19626,Stem,Stem,14,Progenitor
haber_c006863,8.312319,-1.31996,Goblet,Goblet,12,Goblet
haber_c006864,2.935774,4.976138,TA.Early,Progenitor,9,Progenitor
haber_c006865,4.0109,5.867402,TA.Early,Progenitor,14,Progenitor
haber_c006866,-0.2128627,8.049747,Enterocyte.Progenitor,Progenitor,15,Unknown
haber_c006868,5.471057,4.721647,Stem,Stem,14,Progenitor
haber_c006871,5.550798,6.482641,Goblet,Goblet,14,Progenitor
haber_c006872,6.058952,5.462606,Stem,Stem,14,Progenitor
haber_c006873,10.24862,-0.8743641,Goblet,Goblet,12,Goblet
haber_c006878,8.048585,7.243134,Endocrine,Endocrine,11,Endocrine
haber_c006879,4.230435,5.510478,TA.Early,Progenitor,14,Progenitor
haber_c006881,2.233726,4.807008,TA,Progenitor,9,Progenitor
haber_c006883,1.882779,5.703798,Enterocyte.Progenitor,Progenitor,15,Unknown
haber_c006884,1.195457,6.250465,Enterocyte.Progenitor,Progenitor,15,Unknown
haber_c006885,4.232717,4.431468,Stem,Stem,9,Progenitor
haber_c006886,1.37402,9.120114,Enterocyte.Progenitor,Progenitor,15,Unknown
haber_c006890,3.374198,7.535933,TA.Early,Progenitor,14,Progenitor
haber_c006891,12.86287,3.545758,Tuft,Tuft,8,Tuft
haber_c006893,4.522845,4.746778,Stem,Stem,14,Progenitor
haber_c006894,5.144544,5.067446,Stem,Stem,14,Progenitor
haber_c006903,4.87278,5.646309,Stem,Stem,14,Progenitor
haber_c006905,2.53191,7.956354,Enterocyte.Progenitor,Progenitor,15,Unknown
haber_c006907,8.347606,-1.469569,Goblet,Goblet,12,Goblet
haber_c006909,5.705369,6.065106,Stem,Stem,14,Progenitor
haber_c006912,-1.130385,7.92448,Enterocyte,Enterocyte,13,Enterocyte
haber_c006914,5.117986,5.56226,TA,Progenitor,14,Progenitor
haber_c006916,12.00661,3.875216,Tuft,Tuft,8,Tuft
haber_c006917,5.345128,3.371814,Stem,Stem,9,Progenitor
haber_c006918,1.722053,5.993532,Enterocyte.Progenitor,Progenitor,15,Unknown
haber_c006919,3.068124,6.606127,TA,Progenitor,14,Progenitor
haber_c006927,7.624835,0.8198227,Goblet,Goblet,12,Goblet
haber_c006929,3.925272,7.266163,TA,Progenitor,14,Progenitor
haber_c006930,7.354536,0.983246,Goblet,Goblet,12,Goblet
haber_c006931,-1.384873,9.204383,Enterocyte.Progenitor,Progenitor,13,Enterocyte
haber_c006932,1.633564,7.76754,Enterocyte.Progenitor,Progenitor,15,Unknown
haber_c006935,8.5749,0.7051525,Goblet,Goblet,12,Goblet
haber_c006936,4.054834,7.190432,TA,Progenitor,14,Progenitor
haber_c006938,10.29482,-1.396055,Goblet,Goblet,12,Goblet
haber_c006939,1.291126,6.63202,Enterocyte.Progenitor,Progenitor,15,Unknown
haber_c006941,1.299957,6.072658,Enterocyte.Progenitor,Progenitor,15,Unknown
haber_c006942,5.533973,3.753747,Stem,Stem,9,Progenitor
haber_c006943,3.056501,3.480682,Tuft,Tuft,9,Progenitor
haber_c006944,2.532236,5.623459,Enterocyte.Progenitor,Progenitor,9,Progenitor
haber_c006947,2.796176,5.100545,TA,Progenitor,9,Progenitor
haber_c006948,1.728996,8.402459,Enterocyte.Progenitor,Progenitor,15,Unknown
haber_c006949,4.931932,5.708041,TA.Early,Progenitor,14,Progenitor
haber_c006951,3.567283,-1.018,Stem,Stem,7,Progenitor
haber_c006954,6.158818,2.137211,Tuft,Tuft,9,Progenitor
haber_c006955,9.529903,-1.154665,Goblet,Goblet,12,Goblet
haber_c006956,5.092185,3.996278,Stem,Stem,9,Progenitor
haber_c006957,3.971934,5.147778,TA,Progenitor,14,Progenitor
haber_c006959,5.211527,-0.4819291,Enterocyte.Progenitor,Progenitor,7,Progenitor
haber_c006962,4.779012,5.050929,TA.Early,Progenitor,9,Progenitor
haber_c006963,6.190448,3.753006,TA,Progenitor,9,Progenitor
haber_c006964,6.278192,5.221718,Stem,Stem,14,Progenitor
haber_c006966,2.840726,6.090765,TA.Early,Progenitor,14,Progenitor
haber_c006967,1.16707,6.455494,Enterocyte.Progenitor,Progenitor,15,Unknown
haber_c006968,2.596748,7.225463,Enterocyte.Progenitor,Progenitor,14,Progenitor
haber_c006969,4.426476,7.075901,TA.Early,Progenitor,14,Progenitor
haber_c006970,5.17359,4.338424,Stem,Stem,14,Progenitor
haber_c006971,3.934849,4.758372,TA.Early,Progenitor,9,Progenitor
haber_c006974,4.531343,6.490269,TA.Early,Progenitor,14,Progenitor
haber_c006975,1.854901,7.150896,Enterocyte.Progenitor,Progenitor,15,Unknown
haber_c006976,6.158751,5.834527,Stem,Stem,14,Progenitor
haber_c006977,-0.5310251,7.899864,Enterocyte.Progenitor,Progenitor,16,Enterocyte
haber_c006978,3.126716,5.241339,TA.Early,Progenitor,9,Progenitor
haber_c006979,2.600399,6.194622,TA,Progenitor,14,Progenitor
haber_c006984,2.567355,8.201092,Enterocyte.Progenitor,Progenitor,15,Unknown
haber_c006985,2.321696,4.274295,TA,Progenitor,9,Progenitor
haber_c006986,6.295151,3.724723,Stem,Stem,9,Progenitor
haber_c006987,5.051998,6.531119,TA.Early,Progenitor,14,Progenitor
haber_c006988,10.84516,3.122078,Tuft,Tuft,8,Tuft
haber_c006989,1.14209,6.496231,Enterocyte.Progenitor,Progenitor,15,Unknown
haber_c006990,8.532063,-0.9175954,Goblet,Goblet,12,Goblet
haber_c006991,10.11644,0.1164709,Goblet,Goblet,12,Goblet
haber_c006992,1.65616,5.924643,Enterocyte.Progenitor,Progenitor,15,Unknown
haber_c006994,1.978375,8.492697,Enterocyte.Progenitor,Progenitor,15,Unknown
haber_c006995,2.744844,5.893187,Enterocyte.Progenitor,Progenitor,14,Progenitor
haber_c006996,4.378531,6.833954,TA.Early,Progenitor,14,Progenitor
haber_c006997,3.888165,4.258461,Stem,Stem,9,Progenitor
haber_c006999,8.971326,-1.105188,Goblet,Goblet,12,Goblet
haber_c007003,4.935595,5.318172,Stem,Stem,14,Progenitor
haber_c007004,4.496671,4.317181,TA.Early,Progenitor,9,Progenitor
haber_c007005,2.422637,7.399167,TA,Progenitor,15,Unknown
haber_c007008,4.241023,6.236479,TA,Progenitor,14,Progenitor
haber_c007010,12.30519,3.075341,Tuft,Tuft,8,Tuft
haber_c007011,1.489741,7.348423,Enterocyte.Progenitor,Progenitor,15,Unknown
haber_c007014,4.391844,6.374991,TA.Early,Progenitor,14,Progenitor
haber_c007015,3.55124,5.167109,TA,Progenitor,14,Progenitor
haber_c007016,11.70635,3.459536,Tuft,Tuft,8,Tuft
haber_c007018,2.912071,4.804375,TA.Early,Progenitor,9,Progenitor
haber_c007019,3.58306,6.303815,TA,Progenitor,14,Progenitor
haber_c007022,0.7510546,6.41432,Enterocyte.Progenitor,Progenitor,15,Unknown
haber_c007023,8.881247,6.595988,Endocrine,Endocrine,11,Endocrine
haber_c007024,6.189778,4.61459,Stem,Stem,9,Progenitor
haber_c007025,2.184014,7.947542,Enterocyte.Progenitor,Progenitor,15,Unknown
haber_c007027,1.207323,5.123148,Enterocyte.Progenitor,Progenitor,15,Unknown
haber_c007028,3.448912,5.95636,TA,Progenitor,14,Progenitor
haber_c007029,9.600699,-1.695962,Goblet,Goblet,12,Goblet
haber_c007030,1.684299,8.706923,Enterocyte.Progenitor,Progenitor,15,Unknown
haber_c007031,3.164154,6.663058,TA.Early,Progenitor,14,Progenitor
haber_c007032,5.141988,4.632432,Stem,Stem,9,Progenitor
haber_c007034,4.662735,6.041525,Stem,Stem,14,Progenitor
haber_c007035,1.367183,8.492226,Enterocyte.Progenitor,Progenitor,15,Unknown
haber_c007036,3.966815,4.516364,TA,Progenitor,9,Progenitor
haber_c007038,6.344214,3.921679,TA.Early,Progenitor,9,Progenitor
haber_c007039,1.812273,8.119325,Enterocyte.Progenitor,Progenitor,15,Unknown
haber_c007040,7.690254,-0.9395824,Stem,Stem,12,Goblet
haber_c007041,11.47291,3.445414,Tuft,Tuft,8,Tuft
haber_c007043,1.339883,7.680811,Enterocyte.Progenitor,Progenitor,15,Unknown
haber_c007044,6.541962,4.128343,Stem,Stem,9,Progenitor
haber_c007049,3.616621,5.397411,TA.Early,Progenitor,14,Progenitor
haber_c007053,5.433401,5.002846,Stem,Stem,14,Progenitor
haber_c007055,5.492116,4.648942,Stem,Stem,14,Progenitor
haber_c007060,8.406391,-0.3660478,Goblet,Goblet,12,Goblet
haber_c007062,8.784351,4.051153,Endocrine,Endocrine,11,Endocrine
haber_c007065,4.641658,6.332138,TA.Early,Progenitor,14,Progenitor
haber_c007066,0.0814443,7.005185,Enterocyte.Progenitor,Progenitor,15,Unknown
haber_c007067,2.457009,7.26809,Enterocyte.Progenitor,Progenitor,14,Progenitor
haber_c007068,1.543898,5.009907,Enterocyte.Progenitor,Progenitor,9,Progenitor
haber_c007070,3.718293,5.292367,TA.Early,Progenitor,14,Progenitor
haber_c007071,5.445886,5.675768,TA,Progenitor,14,Progenitor
haber_c007074,6.361304,5.575369,Stem,Stem,14,Progenitor
haber_c007075,10.79904,-0.5463178,Goblet,Goblet,12,Goblet
haber_c007078,0.8605692,6.84498,Enterocyte.Progenitor,Progenitor,15,Unknown
haber_c007079,1.156366,6.0508,Enterocyte.Progenitor,Progenitor,15,Unknown
haber_c007081,5.78806,4.082762,Stem,Stem,9,Progenitor
haber_c007082,2.687883,5.605853,TA,Progenitor,9,Progenitor
haber_c007083,9.528719,-0.05034947,Goblet,Goblet,12,Goblet
haber_c007084,2.915733,4.637973,TA.Early,Progenitor,9,Progenitor
haber_c007086,4.658854,5.989917,TA.Early,Progenitor,14,Progenitor
haber_c007090,2.633763,7.401328,TA,Progenitor,14,Progenitor
haber_c007091,2.222399,8.89547,Enterocyte.Progenitor,Progenitor,15,Unknown
haber_c007094,1.414447,6.78488,Enterocyte.Progenitor,Progenitor,15,Unknown
haber_c007097,3.921067,6.935431,TA.Early,Progenitor,14,Progenitor
haber_c007098,8.741651,-0.4019663,Goblet,Goblet,12,Goblet
haber_c007102,3.499846,7.309063,Enterocyte.Progenitor,Progenitor,14,Progenitor
haber_c007104,1.273421,7.457679,Enterocyte.Progenitor,Progenitor,15,Unknown
haber_c007105,3.778071,5.277004,Stem,Stem,14,Progenitor
haber_c007110,1.959658,6.253363,Enterocyte.Progenitor,Progenitor,15,Unknown
haber_c007111,5.872049,4.979843,Stem,Stem,14,Progenitor
haber_c007114,3.63124,5.413658,TA,Progenitor,14,Progenitor
haber_c007116,10.38247,-0.8092788,Goblet,Goblet,12,Goblet
haber_c007117,2.418099,8.689937,Enterocyte.Progenitor,Progenitor,15,Unknown
haber_c007119,1.325634,5.967594,Enterocyte.Progenitor,Progenitor,15,Unknown
haber_c007121,2.272414,5.251331,Enterocyte.Progenitor,Progenitor,14,Progenitor
haber_c007122,1.817868,7.088863,Enterocyte.Progenitor,Progenitor,15,Unknown
haber_c007123,0.9612985,9.093594,Enterocyte.Progenitor,Progenitor,15,Unknown
haber_c007125,4.605241,3.873386,TA.Early,Progenitor,9,Progenitor
haber_c007126,1.909652,7.470406,Enterocyte.Progenitor,Progenitor,15,Unknown
haber_c007127,5.30497,5.81307,Stem,Stem,14,Progenitor
haber_c007128,3.788848,5.563523,TA,Progenitor,14,Progenitor
haber_c007131,1.31173,5.530105,Enterocyte.Progenitor,Progenitor,15,Unknown
haber_c007133,2.588925,6.589399,Enterocyte.Progenitor,Progenitor,14,Progenitor
haber_c007134,6.593308,3.080938,Goblet,Goblet,9,Progenitor
haber_c007135,2.561586,6.438049,Enterocyte.Progenitor,Progenitor,14,Progenitor
haber_c007136,6.87987,3.402244,Goblet,Goblet,9,Progenitor
haber_c007138,7.855351,-0.9606562,Stem,Stem,12,Goblet
haber_c007140,10.22085,-1.503184,Goblet,Goblet,12,Goblet
haber_c007141,5.618893,5.826676,Stem,Stem,14,Progenitor
haber_c007142,2.714255,4.181193,TA.Early,Progenitor,9,Progenitor
haber_c007143,2.452603,7.110359,Enterocyte.Progenitor,Progenitor,14,Progenitor
haber_c007145,1.362586,7.623873,Enterocyte.Progenitor,Progenitor,15,Unknown
haber_c007146,2.17869,7.018619,Enterocyte.Progenitor,Progenitor,15,Unknown
haber_c007147,2.371859,7.472435,TA,Progenitor,15,Unknown
haber_c007148,4.388511,6.137725,TA,Progenitor,14,Progenitor
haber_c007150,3.72019,4.352276,TA.Early,Progenitor,9,Progenitor
haber_c007153,2.225408,4.926341,TA,Progenitor,14,Progenitor
haber_c007154,10.76273,-1.024421,Goblet,Goblet,12,Goblet
haber_c007155,5.228725,6.025602,Stem,Stem,14,Progenitor
haber_c007157,6.219999,3.721653,Stem,Stem,9,Progenitor
haber_c007158,1.198819,7.162126,Enterocyte.Progenitor,Progenitor,15,Unknown
haber_c007159,4.681175,6.50479,TA.Early,Progenitor,14,Progenitor
haber_c007161,5.62104,5.303248,TA,Progenitor,14,Progenitor
haber_c007162,6.110769,2.458868,Stem,Stem,9,Progenitor
haber_c007166,2.562926,8.375106,Enterocyte.Progenitor,Progenitor,15,Unknown
haber_c007167,6.300811,4.874108,Stem,Stem,14,Progenitor
haber_c007169,5.581758,4.259064,TA,Progenitor,9,Progenitor
haber_c007170,4.182781,4.407423,TA.Early,Progenitor,9,Progenitor
haber_c007171,4.111738,4.476297,Stem,Stem,9,Progenitor
haber_c007172,3.553583,4.189242,TA,Progenitor,9,Progenitor
haber_c007173,3.726263,6.64929,Goblet,Goblet,14,Progenitor
haber_c007175,4.152817,6.355281,TA.Early,Progenitor,14,Progenitor
haber_c007176,1.941633,7.412394,Enterocyte.Progenitor,Progenitor,15,Unknown
haber_c007179,5.28381,6.09484,TA.Early,Progenitor,14,Progenitor
haber_c007181,3.47866,7.725865,TA,Progenitor,14,Progenitor
haber_c007184,6.55108,2.402261,Tuft,Tuft,9,Progenitor
haber_c007185,4.607863,3.944932,TA.Early,Progenitor,9,Progenitor
haber_c007186,2.371406,7.698082,Enterocyte.Progenitor,Progenitor,15,Unknown
haber_c007187,3.011075,3.590231,TA,Progenitor,9,Progenitor
haber_c007188,-1.647795,10.04671,Enterocyte.Progenitor,Progenitor,13,Enterocyte
haber_c007191,6.244366,5.112533,Stem,Stem,14,Progenitor
haber_c007192,5.732957,4.469356,Stem,Stem,9,Progenitor
haber_c007193,1.455003,6.576248,Enterocyte.Progenitor,Progenitor,15,Unknown
haber_c007194,4.831897,4.750459,Stem,Stem,14,Progenitor
haber_c007195,2.604928,5.232138,TA.Early,Progenitor,9,Progenitor
haber_c007196,3.259379,6.942894,TA,Progenitor,14,Progenitor
haber_c007197,0.9583681,8.247338,Enterocyte.Progenitor,Progenitor,15,Unknown
haber_c007198,4.561707,6.038812,TA.Early,Progenitor,14,Progenitor
haber_c007199,4.380499,2.335139,TA.Early,Progenitor,9,Progenitor
haber_c007201,-0.285415,7.857275,Enterocyte.Progenitor,Progenitor,16,Enterocyte
haber_c007202,6.213361,4.531806,Stem,Stem,9,Progenitor
haber_c007205,0.874568,8.33157,Enterocyte.Progenitor,Progenitor,15,Unknown
haber_c007207,-4.445191,7.908836,Enterocyte.Progenitor,Progenitor,0,Enterocyte
haber_c007208,4.640021,6.914995,TA.Early,Progenitor,14,Progenitor
haber_c007209,4.906109,4.368571,TA,Progenitor,9,Progenitor
haber_c007210,6.121968,5.591208,Stem,Stem,14,Progenitor
haber_c007211,5.165782,3.365205,Stem,Stem,9,Progenitor
haber_c007212,1.04029,5.584077,Enterocyte.Progenitor,Progenitor,15,Unknown
haber_c007214,5.779637,4.016532,Stem,Stem,9,Progenitor
haber_c007217,1.57575,8.614412,Enterocyte.Progenitor,Progenitor,15,Unknown
haber_c007219,2.686876,6.81893,Enterocyte.Progenitor,Progenitor,14,Progenitor
haber_c007221,4.33773,5.493682,TA,Progenitor,14,Progenitor
haber_c007222,1.298571,6.360764,Enterocyte.Progenitor,Progenitor,15,Unknown
haber_c007223,3.270073,4.626947,TA,Progenitor,9,Progenitor
haber_c007226,5.722284,4.457726,Stem,Stem,2,Stem
haber_c007228,10.12925,-1.072971,Goblet,Goblet,12,Goblet
haber_c007229,9.548752,2.902397,Tuft,Tuft,8,Tuft
haber_c007230,3.724969,4.697096,TA,Progenitor,9,Progenitor
haber_c007234,3.48612,3.795211,TA.Early,Progenitor,14,Progenitor
haber_c007238,1.35193,6.369778,Enterocyte.Progenitor,Progenitor,15,Unknown
haber_c007240,4.952337,3.433875,TA.Early,Progenitor,9,Progenitor
haber_c007241,3.557652,4.340394,TA,Progenitor,9,Progenitor
haber_c007243,2.224966,8.751286,Enterocyte.Progenitor,Progenitor,15,Unknown
haber_c007244,-4.636739,7.523232,Enterocyte.Progenitor,Progenitor,0,Enterocyte
haber_c007245,-0.8421166,8.983034,Enterocyte.Progenitor,Progenitor,13,Enterocyte
haber_c007246,4.007548,6.485731,TA,Progenitor,14,Progenitor
haber_c007247,2.0708,7.977973,Enterocyte.Progenitor,Progenitor,15,Unknown
haber_c007252,5.197061,3.911835,TA.Early,Progenitor,9,Progenitor
haber_c007255,3.860073,6.531346,TA,Progenitor,14,Progenitor
haber_c007260,1.069329,6.425238,Enterocyte.Progenitor,Progenitor,15,Unknown
haber_c007261,5.776901,6.308999,Stem,Stem,14,Progenitor
haber_c007263,1.572725,6.995718,Enterocyte.Progenitor,Progenitor,15,Unknown
haber_c007264,1.838858,8.958348,Enterocyte.Progenitor,Progenitor,15,Unknown
haber_c007265,4.702957,3.96918,TA.Early,Progenitor,9,Progenitor
haber_c007267,5.458905,5.523502,Stem,Stem,14,Progenitor
haber_c007268,0.4371125,7.210161,Enterocyte.Progenitor,Progenitor,15,Unknown
haber_c007269,6.038694,3.704123,Stem,Stem,9,Progenitor
haber_c007274,-1.232206,8.595935,Enterocyte,Enterocyte,13,Enterocyte
haber_c007275,2.615786,7.823282,Enterocyte.Progenitor,Progenitor,15,Unknown
haber_c007276,0.8806129,6.742143,Enterocyte.Progenitor,Progenitor,15,Unknown
haber_c007279,4.201916,4.108894,Stem,Stem,9,Progenitor
haber_c007280,2.909187,7.089929,TA,Progenitor,14,Progenitor
haber_c007281,5.767998,4.565404,Stem,Stem,9,Progenitor
haber_c007283,5.214936,5.254145,Stem,Stem,14,Progenitor
haber_c007284,12.33368,3.588236,Tuft,Tuft,8,Tuft
haber_c007285,4.714343,6.697684,TA,Progenitor,14,Progenitor
haber_c007286,-0.2423315,8.436931,Enterocyte.Progenitor,Progenitor,13,Enterocyte
haber_c007287,5.39995,3.491802,TA,Progenitor,9,Progenitor
haber_c007289,2.627415,8.319418,Enterocyte.Progenitor,Progenitor,15,Unknown
haber_c007290,4.264871,4.749053,TA,Progenitor,9,Progenitor
haber_c007293,9.021629,-0.06234472,Goblet,Goblet,12,Goblet
haber_c007294,5.821341,5.112041,Stem,Stem,14,Progenitor
haber_c007295,1.858572,4.868275,Enterocyte.Progenitor,Progenitor,9,Progenitor
haber_c007296,3.1328,7.213129,TA,Progenitor,14,Progenitor
haber_c007297,4.521062,4.100448,TA.Early,Progenitor,9,Progenitor
haber_c007298,2.914284,4.764404,TA,Progenitor,9,Progenitor
haber_c007300,9.420396,0.1479292,Goblet,Goblet,12,Goblet
haber_c007302,4.069149,7.363714,TA,Progenitor,14,Progenitor
haber_c007303,3.654047,5.725856,TA,Progenitor,14,Progenitor
haber_c007306,0.2430192,8.433445,Enterocyte.Progenitor,Progenitor,15,Unknown
haber_c007307,4.067605,5.636928,TA.Early,Progenitor,14,Progenitor
haber_c007312,3.937743,4.99439,TA,Progenitor,9,Progenitor
haber_c007314,2.45868,5.736259,TA,Progenitor,14,Progenitor
haber_c007315,6.264688,4.180884,Stem,Stem,9,Progenitor
haber_c007319,4.525189,6.13161,Stem,Stem,14,Progenitor
haber_c007320,4.743521,5.69028,Stem,Stem,14,Progenitor
haber_c007322,5.063057,5.271096,TA,Progenitor,14,Progenitor
haber_c007323,3.756598,6.554912,TA.Early,Progenitor,14,Progenitor
haber_c007324,10.11634,-1.022169,Goblet,Goblet,12,Goblet
haber_c007329,4.609513,6.949042,TA.Early,Progenitor,14,Progenitor
haber_c007330,5.861291,5.609048,Stem,Stem,14,Progenitor
haber_c007333,5.939788,5.965581,Stem,Stem,14,Progenitor
haber_c007335,2.097957,5.990881,Enterocyte.Progenitor,Progenitor,15,Unknown
haber_c007337,5.525044,3.146964,Stem,Stem,9,Progenitor
haber_c007338,2.942108,6.556833,Enterocyte.Progenitor,Progenitor,14,Progenitor
haber_c007340,5.215319,5.276958,TA.Early,Progenitor,14,Progenitor
haber_c007341,2.812433,3.284466,Goblet,Goblet,9,Progenitor
haber_c007342,5.83014,5.113474,Stem,Stem,14,Progenitor
haber_c007344,2.63849,5.463905,TA,Progenitor,14,Progenitor
haber_c007345,3.053742,5.186226,TA.Early,Progenitor,9,Progenitor
haber_c007350,4.88923,4.335557,TA.Early,Progenitor,9,Progenitor
haber_c007351,4.043391,6.811593,TA.Early,Progenitor,14,Progenitor
haber_c007353,4.87381,5.98926,TA,Progenitor,14,Progenitor
haber_c007354,1.100539,5.274464,Enterocyte.Progenitor,Progenitor,15,Unknown
haber_c007355,1.648263,6.83296,Enterocyte.Progenitor,Progenitor,15,Unknown
haber_c007356,4.267642,4.334012,TA.Early,Progenitor,9,Progenitor
haber_c007357,3.378442,7.184942,TA,Progenitor,14,Progenitor
haber_c007359,2.889922,6.915847,Enterocyte.Progenitor,Progenitor,14,Progenitor
haber_c007362,2.082241,8.753562,Enterocyte.Progenitor,Progenitor,15,Unknown
haber_c007363,5.353731,6.191074,Stem,Stem,14,Progenitor
haber_c007365,1.740218,7.689914,Enterocyte.Progenitor,Progenitor,15,Unknown
haber_c007366,3.91597,3.512075,Stem,Stem,9,Progenitor
haber_c007368,6.434108,3.789096,Endocrine,Endocrine,9,Progenitor
haber_c007370,1.871867,6.282676,Enterocyte.Progenitor,Progenitor,15,Unknown
haber_c007371,5.892685,6.224038,Stem,Stem,14,Progenitor
haber_c007372,1.57152,8.836481,Enterocyte.Progenitor,Progenitor,15,Unknown
haber_c007373,6.633769,3.828261,Goblet,Goblet,9,Progenitor
haber_c007374,3.95883,5.731314,TA,Progenitor,14,Progenitor
haber_c007375,5.603631,3.889184,Stem,Stem,9,Progenitor
haber_c007377,5.610174,5.637733,Stem,Stem,14,Progenitor
haber_c007378,4.760578,5.242971,Stem,Stem,14,Progenitor
haber_c007379,3.509118,6.610418,TA.Early,Progenitor,14,Progenitor
haber_c007382,1.2079,5.419591,Enterocyte.Progenitor,Progenitor,15,Unknown
haber_c007383,-2.259234,9.179088,Enterocyte,Enterocyte,13,Enterocyte
haber_c007384,0.955256,7.802726,Enterocyte.Progenitor,Progenitor,15,Unknown
haber_c007385,4.418492,7.452042,Endocrine,Endocrine,14,Progenitor
haber_c007386,8.57705,-1.414152,Goblet,Goblet,12,Goblet
haber_c007387,1.822118,9.074725,Enterocyte.Progenitor,Progenitor,15,Unknown
haber_c007388,11.20553,2.958404,Tuft,Tuft,8,Tuft
haber_c007389,3.118596,5.905327,TA.Early,Progenitor,14,Progenitor
haber_c007391,5.844613,3.487485,Stem,Stem,9,Progenitor
haber_c007392,-0.1960252,8.099353,Enterocyte,Enterocyte,13,Enterocyte
haber_c007393,3.665816,5.987639,TA.Early,Progenitor,14,Progenitor
haber_c007394,9.272728,5.546926,Endocrine,Endocrine,11,Endocrine
haber_c007395,3.220821,3.610469,TA,Progenitor,9,Progenitor
haber_c007396,5.079138,6.258417,TA.Early,Progenitor,14,Progenitor
haber_c007397,8.608723,0.313445,Goblet,Goblet,12,Goblet
haber_c007398,0.7772524,6.844138,Enterocyte.Progenitor,Progenitor,15,Unknown
haber_c007399,8.703628,-0.7130367,Goblet,Goblet,12,Goblet
haber_c007400,4.444831,6.708141,TA.Early,Progenitor,14,Progenitor
haber_c007401,8.902809,7.624227,Endocrine,Endocrine,11,Endocrine
haber_c007402,8.36787,-0.3442659,Goblet,Goblet,12,Goblet
haber_c007403,5.490569,4.026799,TA.Early,Progenitor,9,Progenitor
haber_c007407,1.150862,7.40516,Enterocyte.Progenitor,Progenitor,15,Unknown
haber_c007408,4.297999,6.888211,TA.Early,Progenitor,14,Progenitor
haber_c007409,-0.6108278,8.966516,Enterocyte,Enterocyte,13,Enterocyte
haber_c007410,5.352448,6.335193,Stem,Stem,14,Progenitor
haber_c007411,3.882975,6.973053,TA,Progenitor,14,Progenitor
haber_c007412,4.103622,4.699865,TA,Progenitor,9,Progenitor
haber_c007414,8.959203,8.158773,Endocrine,Endocrine,11,Endocrine
haber_c007416,1.767105,9.035391,Enterocyte.Progenitor,Progenitor,15,Unknown
haber_c007417,10.87284,3.462555,Tuft,Tuft,8,Tuft
haber_c007418,5.102681,5.625513,TA,Progenitor,14,Progenitor
haber_c007419,4.647982,6.394263,TA.Early,Progenitor,14,Progenitor
haber_c007420,4.851244,6.270913,TA.Early,Progenitor,14,Progenitor
haber_c007421,2.152777,6.098353,Enterocyte.Progenitor,Progenitor,15,Unknown
haber_c007423,4.812028,3.978596,TA.Early,Progenitor,9,Progenitor
haber_c007424,3.590749,4.862282,TA.Early,Progenitor,9,Progenitor
haber_c007427,6.419393,4.12038,TA,Progenitor,9,Progenitor
haber_c007428,12.74885,4.189975,Tuft,Tuft,8,Tuft
haber_c007430,4.347525,5.634333,TA,Progenitor,14,Progenitor
haber_c007432,4.552177,5.196043,TA.Early,Progenitor,14,Progenitor
haber_c007433,4.86434,5.284084,Stem,Stem,14,Progenitor
haber_c007436,-0.4972589,7.931892,Enterocyte.Progenitor,Progenitor,13,Enterocyte
haber_c007437,6.230564,4.668102,Stem,Stem,9,Progenitor
haber_c007440,6.110795,4.523338,TA,Progenitor,9,Progenitor
haber_c007441,6.227931,3.586411,Goblet,Goblet,9,Progenitor
haber_c007442,5.762815,6.382711,Stem,Stem,14,Progenitor
haber_c007445,5.964874,3.823326,Stem,Stem,9,Progenitor
haber_c007446,5.653492,5.397087,Stem,Stem,14,Progenitor
haber_c007447,3.236538,7.441983,TA,Progenitor,14,Progenitor
haber_c007448,10.22275,-1.438888,Goblet,Goblet,12,Goblet
haber_c007449,3.854163,6.315714,TA.Early,Progenitor,14,Progenitor
haber_c007450,4.483828,5.940074,Enterocyte.Progenitor,Progenitor,14,Progenitor
haber_c007456,6.10432,4.021031,Stem,Stem,9,Progenitor
haber_c007457,5.019922,6.096077,TA.Early,Progenitor,14,Progenitor
haber_c007459,5.22872,5.624207,Stem,Stem,14,Progenitor
haber_c007460,9.826782,-1.037468,Goblet,Goblet,12,Goblet
haber_c007461,2.090771,7.250557,Enterocyte.Progenitor,Progenitor,15,Unknown
haber_c007463,4.592754,6.837512,TA.Early,Progenitor,14,Progenitor
haber_c007466,5.656934,6.08443,Stem,Stem,14,Progenitor
haber_c007467,5.067041,4.72378,Stem,Stem,14,Progenitor
haber_c007469,9.615074,-0.7134054,Goblet,Goblet,12,Goblet
haber_c007470,8.459118,-0.7978652,Goblet,Goblet,12,Goblet
haber_c007471,1.952586,8.086417,Enterocyte.Progenitor,Progenitor,15,Unknown
haber_c007472,5.350976,2.970049,Stem,Stem,9,Progenitor
haber_c007473,8.731255,-0.4790486,Goblet,Goblet,12,Goblet
haber_c007474,9.52919,0.07927106,Goblet,Goblet,12,Goblet
haber_c007475,6.074349,4.197104,Stem,Stem,9,Progenitor
haber_c007476,3.308572,6.799058,TA,Progenitor,14,Progenitor
haber_c007478,2.543827,6.82273,TA,Progenitor,14,Progenitor
haber_c007479,3.596867,5.314987,TA,Progenitor,14,Progenitor
haber_c007480,7.83596,0.9101506,Goblet,Goblet,12,Goblet
haber_c007481,1.672922,6.062267,Enterocyte.Progenitor,Progenitor,15,Unknown
haber_c007482,6.346736,4.444593,Stem,Stem,9,Progenitor
haber_c007486,3.588975,4.582444,TA,Progenitor,9,Progenitor
haber_c007489,0.2865827,7.697382,Enterocyte.Progenitor,Progenitor,15,Unknown
haber_c007492,3.961774,7.329821,TA,Progenitor,14,Progenitor
haber_c007494,3.207669,4.617792,TA.Early,Progenitor,9,Progenitor
haber_c007496,5.266036,4.195527,TA,Progenitor,9,Progenitor
haber_c007497,1.355148,-1.112435,Stem,Stem,3,Progenitor
haber_c007499,9.874258,-0.4457757,Goblet,Goblet,12,Goblet
haber_c007500,2.29828,8.299249,Enterocyte.Progenitor,Progenitor,15,Unknown
haber_c007502,3.54032,5.20113,TA,Progenitor,14,Progenitor
haber_c007504,1.425268,5.691297,Enterocyte.Progenitor,Progenitor,15,Unknown
haber_c007505,0.6023082,7.004484,Enterocyte.Progenitor,Progenitor,15,Unknown
haber_c007508,3.830599,5.044306,TA,Progenitor,14,Progenitor
haber_c007509,3.677068,4.263098,TA,Progenitor,9,Progenitor
haber_c007510,6.274354,3.491189,Stem,Stem,9,Progenitor
haber_c007513,6.181514,5.816491,Stem,Stem,14,Progenitor
haber_c007514,5.419859,4.027213,Stem,Stem,9,Progenitor
haber_c007516,3.140358,7.071886,TA,Progenitor,14,Progenitor
haber_c007517,10.96329,3.103096,Tuft,Tuft,8,Tuft
haber_c007519,7.630473,2.020504,Goblet,Goblet,9,Progenitor
haber_c007521,9.080458,5.315832,Endocrine,Endocrine,11,Endocrine
haber_c007522,5.749493,5.927726,Stem,Stem,14,Progenitor
haber_c007526,4.612748,7.045949,TA.Early,Progenitor,14,Progenitor
haber_c007529,2.730363,3.482778,TA,Progenitor,9,Progenitor
haber_c007530,5.513266,4.364682,Stem,Stem,9,Progenitor
haber_c007534,2.37872,7.118851,Enterocyte.Progenitor,Progenitor,15,Unknown
haber_c007538,9.099366,8.19701,Endocrine,Endocrine,11,Endocrine
haber_c007540,-1.910954,9.38999,Enterocyte,Enterocyte,13,Enterocyte
haber_c007541,6.026726,3.846009,Stem,Stem,9,Progenitor
haber_c007542,3.598601,6.877705,TA.Early,Progenitor,14,Progenitor
haber_c007543,3.238159,4.671426,TA.Early,Progenitor,9,Progenitor
haber_c007544,4.978847,3.985931,Stem,Stem,9,Progenitor
haber_c007545,9.200151,-1.662146,Goblet,Goblet,12,Goblet
haber_c007546,5.79997,4.69066,Stem,Stem,14,Progenitor
haber_c007548,5.342873,5.952435,Stem,Stem,14,Progenitor
haber_c007550,5.16513,6.630801,Stem,Stem,14,Progenitor
haber_c007551,6.491243,3.995396,TA,Progenitor,9,Progenitor
haber_c007552,5.720647,4.263912,Stem,Stem,9,Progenitor
haber_c007556,1.693379,6.459986,Enterocyte.Progenitor,Progenitor,15,Unknown
haber_c007557,4.268967,3.843877,TA.Early,Progenitor,9,Progenitor
haber_c007558,5.148851,2.754418,Stem,Stem,9,Progenitor
haber_c007559,1.87237,6.789739,Enterocyte.Progenitor,Progenitor,15,Unknown
haber_c007560,4.341976,4.15377,TA.Early,Progenitor,9,Progenitor
haber_c007563,9.690927,-1.750658,Goblet,Goblet,12,Goblet
haber_c007564,3.911741,5.800843,TA.Early,Progenitor,14,Progenitor
haber_c007565,-1.536618,9.439095,Enterocyte,Enterocyte,13,Enterocyte
haber_c007566,9.239982,8.047295,Endocrine,Endocrine,11,Endocrine
haber_c007567,4.74246,4.462812,TA.Early,Progenitor,9,Progenitor
haber_c007568,6.189,4.371973,Stem,Stem,9,Progenitor
haber_c007569,3.959556,4.50969,TA.Early,Progenitor,9,Progenitor
haber_c007570,1.373966,6.497542,Enterocyte.Progenitor,Progenitor,15,Unknown
haber_c007571,4.859684,5.026669,Stem,Stem,14,Progenitor
haber_c007573,3.154571,6.410192,TA.Early,Progenitor,14,Progenitor
haber_c007575,1.713004,7.030084,Enterocyte.Progenitor,Progenitor,15,Unknown
haber_c007577,6.664814,4.352396,Endocrine,Endocrine,9,Progenitor
haber_c007580,-1.248048,9.490651,Enterocyte,Enterocyte,13,Enterocyte
haber_c007583,4.501497,4.341128,TA.Early,Progenitor,9,Progenitor
haber_c007585,1.367816,7.608471,Enterocyte.Progenitor,Progenitor,15,Unknown
haber_c007586,5.930121,4.421663,Tuft,Tuft,9,Progenitor
haber_c007587,0.7488062,6.570688,Enterocyte.Progenitor,Progenitor,15,Unknown
haber_c007588,5.354601,4.698246,Stem,Stem,14,Progenitor
haber_c007590,3.93624,7.138325,Enterocyte.Progenitor,Progenitor,14,Progenitor
haber_c007592,8.581826,0.5436143,Goblet,Goblet,12,Goblet
haber_c007593,2.80733,6.340036,TA.Early,Progenitor,14,Progenitor
haber_c007595,4.234103,6.048336,TA,Progenitor,14,Progenitor
haber_c007596,-2.067641,9.162446,Enterocyte,Enterocyte,13,Enterocyte
haber_c007599,3.185429,4.032518,TA,Progenitor,9,Progenitor
haber_c007600,9.194586,5.394814,Endocrine,Endocrine,11,Endocrine
haber_c007601,4.951092,6.46222,Stem,Stem,14,Progenitor
haber_c007602,4.82664,5.389945,Stem,Stem,14,Progenitor
haber_c007603,2.04191,7.954712,Enterocyte.Progenitor,Progenitor,15,Unknown
haber_c007604,3.462749,7.578276,TA.Early,Progenitor,14,Progenitor
haber_c007605,6.464107,4.503814,TA,Progenitor,9,Progenitor
haber_c007607,8.39433,-1.31749,Goblet,Goblet,12,Goblet
haber_c007608,8.607726,-0.03632593,Goblet,Goblet,12,Goblet
haber_c007609,2.958363,5.72585,TA.Early,Progenitor,9,Progenitor
haber_c007611,2.162169,6.358499,Enterocyte.Progenitor,Progenitor,15,Unknown
haber_c007612,5.610431,6.206835,Stem,Stem,14,Progenitor
haber_c007613,-0.8573854,9.086708,Enterocyte,Enterocyte,13,Enterocyte
haber_c007614,2.100943,8.579917,Enterocyte.Progenitor,Progenitor,15,Unknown
haber_c007615,4.425704,6.537754,TA,Progenitor,14,Progenitor
haber_c007616,6.260993,3.665114,Stem,Stem,9,Progenitor
haber_c007617,5.222404,-0.1870158,TA,Progenitor,7,Progenitor
haber_c007618,4.50901,6.890808,TA,Progenitor,14,Progenitor
haber_c007619,3.720461,6.576756,TA,Progenitor,14,Progenitor
haber_c007620,4.224587,4.770718,Stem,Stem,9,Progenitor
haber_c007621,4.066191,4.764729,TA,Progenitor,9,Progenitor
haber_c007622,1.52242,7.060764,Enterocyte.Progenitor,Progenitor,15,Unknown
haber_c007624,6.105914,3.084634,Tuft,Tuft,9,Progenitor
haber_c007626,1.56203,6.437819,Enterocyte.Progenitor,Progenitor,15,Unknown
haber_c007627,1.64706,7.260055,Enterocyte.Progenitor,Progenitor,15,Unknown
haber_c007629,0.0848135,7.789839,Enterocyte.Progenitor,Progenitor,15,Unknown
haber_c007630,0.8007606,6.43525,Enterocyte.Progenitor,Progenitor,15,Unknown
haber_c007631,4.207776,7.269332,TA.Early,Progenitor,14,Progenitor
haber_c007632,1.093677,8.349861,Enterocyte.Progenitor,Progenitor,15,Unknown
haber_c007633,3.299187,5.055744,TA,Progenitor,9,Progenitor
haber_c007634,1.817917,7.331965,Enterocyte.Progenitor,Progenitor,15,Unknown
haber_c007636,4.14255,4.716755,TA,Progenitor,9,Progenitor
haber_c007638,1.010588,6.420449,Enterocyte.Progenitor,Progenitor,15,Unknown
haber_c007640,5.464949,4.123376,Stem,Stem,9,Progenitor
haber_c007641,3.145756,4.639678,TA.Early,Progenitor,9,Progenitor
haber_c007643,1.157972,6.133179,Enterocyte.Progenitor,Progenitor,15,Unknown
haber_c007645,-1.295182,9.705056,Enterocyte,Enterocyte,13,Enterocyte
haber_c007646,2.867869,6.325001,Enterocyte.Progenitor,Progenitor,14,Progenitor
haber_c007649,10.14502,-1.355327,Goblet,Goblet,12,Goblet
haber_c007650,10.19628,-1.148579,Goblet,Goblet,12,Goblet
haber_c007651,0.08293405,7.739846,Enterocyte.Progenitor,Progenitor,15,Unknown
haber_c007653,3.781661,6.12855,TA.Early,Progenitor,14,Progenitor
haber_c007654,10.3118,0.1500057,Goblet,Goblet,12,Goblet
haber_c007655,1.497065,7.846917,Enterocyte.Progenitor,Progenitor,15,Unknown
haber_c007656,9.373307,-0.9821119,Goblet,Goblet,12,Goblet
haber_c007658,5.509663,5.470143,Stem,Stem,14,Progenitor
haber_c007659,9.113131,-1.085278,Goblet,Goblet,12,Goblet
haber_c007664,4.443252,6.045409,TA,Progenitor,14,Progenitor
haber_c007665,8.657491,-0.8180637,Goblet,Goblet,12,Goblet
haber_c007668,2.491999,6.12914,Enterocyte.Progenitor,Progenitor,14,Progenitor
haber_c007672,8.789511,0.3239518,Goblet,Goblet,12,Goblet
haber_c007673,4.418916,3.883345,TA.Early,Progenitor,9,Progenitor
haber_c007675,3.586607,6.619299,TA,Progenitor,14,Progenitor
haber_c007676,4.710256,5.556067,TA.Early,Progenitor,14,Progenitor
haber_c007679,3.767873,4.128697,TA,Progenitor,9,Progenitor
haber_c007680,-1.585429,9.38283,Enterocyte,Enterocyte,13,Enterocyte
haber_c007681,1.386095,7.549972,Enterocyte.Progenitor,Progenitor,15,Unknown
haber_c007683,8.649333,6.411879,Endocrine,Endocrine,11,Endocrine
haber_c007686,11.22572,3.444754,Tuft,Tuft,8,Tuft
haber_c007688,5.604829,4.825463,Stem,Stem,14,Progenitor
haber_c007689,-0.8422453,7.466139,Enterocyte.Progenitor,Progenitor,16,Enterocyte
haber_c007691,3.45777,6.422848,TA.Early,Progenitor,14,Progenitor
haber_c007693,11.7057,-1.291443,Goblet,Goblet,12,Goblet
haber_c007694,3.75619,-2.530689,Stem,Stem,7,Progenitor
haber_c007695,1.396897,8.067827,Enterocyte.Progenitor,Progenitor,15,Unknown
haber_c007696,2.782197,7.315569,Enterocyte.Progenitor,Progenitor,14,Progenitor
haber_c007698,8.371718,-1.440036,Goblet,Goblet,12,Goblet
haber_c007700,4.513363,4.591824,Enterocyte.Progenitor,Progenitor,9,Progenitor
haber_c007701,1.434103,7.16902,Enterocyte.Progenitor,Progenitor,15,Unknown
haber_c007703,5.520431,5.223533,Stem,Stem,14,Progenitor
haber_c007704,2.328736,4.3957,TA.Early,Progenitor,14,Progenitor
haber_c007705,5.545403,5.473398,Stem,Stem,14,Progenitor
haber_c007707,4.405475,6.606514,TA.Early,Progenitor,14,Progenitor
haber_c007709,3.656021,4.868477,TA,Progenitor,14,Progenitor
haber_c007710,10.39368,3.073527,Tuft,Tuft,8,Tuft
haber_c007711,-0.9446357,9.287277,Enterocyte,Enterocyte,13,Enterocyte
haber_c007712,6.553851,4.34749,TA.Early,Progenitor,9,Progenitor
haber_c007714,3.531838,7.637662,TA.Early,Progenitor,14,Progenitor
haber_c007716,5.166923,5.214829,Stem,Stem,14,Progenitor
haber_c007717,2.883319,3.692666,TA,Progenitor,9,Progenitor
haber_c007718,11.25888,3.726572,Tuft,Tuft,8,Tuft
haber_c007720,1.974252,8.964968,Enterocyte.Progenitor,Progenitor,15,Unknown
haber_c007721,4.728848,3.608801,Stem,Stem,9,Progenitor
haber_c007722,4.295133,4.617636,TA.Early,Progenitor,9,Progenitor
haber_c007723,1.137019,6.298851,Enterocyte.Progenitor,Progenitor,15,Unknown
haber_c007725,4.01238,5.286217,Stem,Stem,14,Progenitor
haber_c007726,2.04141,7.646889,Enterocyte.Progenitor,Progenitor,15,Unknown
haber_c007728,-1.211142,9.270609,Enterocyte,Enterocyte,13,Enterocyte
haber_c007730,1.098832,6.324504,Enterocyte.Progenitor,Progenitor,15,Unknown
haber_c007733,4.221265,1.533502,Stem,Stem,7,Progenitor
haber_c007734,4.789206,5.703703,TA,Progenitor,14,Progenitor
haber_c007737,4.991557,2.5928,Stem,Stem,9,Progenitor
haber_c007738,3.03066,7.09816,Enterocyte.Progenitor,Progenitor,14,Progenitor
haber_c007739,9.237166,-1.523804,Goblet,Goblet,12,Goblet
haber_c007741,4.777512,4.332264,TA,Progenitor,9,Progenitor
haber_c007743,3.678736,7.228273,TA.Early,Progenitor,14,Progenitor
haber_c007744,1.613642,7.151398,Enterocyte.Progenitor,Progenitor,15,Unknown
haber_c007745,3.884155,4.044269,TA.Early,Progenitor,9,Progenitor
haber_c007746,0.207708,6.99787,Enterocyte.Progenitor,Progenitor,15,Unknown
haber_c007747,0.6645266,6.657955,Enterocyte.Progenitor,Progenitor,15,Unknown
haber_c007749,8.602407,-1.073731,Goblet,Goblet,12,Goblet
haber_c007752,4.490438,4.487017,Stem,Stem,9,Progenitor
haber_c007753,6.11582,4.345892,Stem,Stem,9,Progenitor
haber_c007756,-1.629798,9.126528,Enterocyte.Progenitor,Progenitor,13,Enterocyte
haber_c007757,8.563533,-0.5988411,Goblet,Goblet,12,Goblet
haber_c007759,0.5394313,6.794436,Enterocyte.Progenitor,Progenitor,15,Unknown
haber_c007761,3.594028,7.3978,TA,Progenitor,14,Progenitor
haber_c007763,5.752598,5.031751,TA,Progenitor,14,Progenitor
haber_c007764,3.727263,4.297803,TA.Early,Progenitor,9,Progenitor
haber_c007765,-0.6977766,8.539197,Enterocyte,Enterocyte,13,Enterocyte
haber_c007767,1.717079,8.011523,Enterocyte.Progenitor,Progenitor,15,Unknown
haber_c007768,6.192092,4.532756,TA,Progenitor,9,Progenitor
haber_c007769,3.680011,3.302948,Stem,Stem,9,Progenitor
haber_c007771,4.326262,7.147911,TA.Early,Progenitor,14,Progenitor
haber_c007774,1.484534,7.619403,Enterocyte.Progenitor,Progenitor,15,Unknown
haber_c007775,-2.634205,9.92625,Enterocyte,Enterocyte,13,Enterocyte
haber_c007776,6.054553,4.160449,Stem,Stem,9,Progenitor
haber_c007778,9.210189,-0.9255819,Goblet,Goblet,12,Goblet
haber_c007779,3.621516,4.01784,Stem,Stem,9,Progenitor
haber_c007781,1.062244,8.049807,Enterocyte.Progenitor,Progenitor,15,Unknown
haber_c007782,5.043758,6.091791,Stem,Stem,14,Progenitor
haber_c007783,1.336171,6.333581,Enterocyte.Progenitor,Progenitor,15,Unknown
haber_c007784,5.564642,5.448349,Stem,Stem,14,Progenitor
haber_c007786,4.410527,6.026641,Stem,Stem,14,Progenitor
haber_c007787,4.813545,4.032919,TA.Early,Progenitor,9,Progenitor
haber_c007792,4.096086,5.974348,Stem,Stem,14,Progenitor
haber_c007793,9.940932,0.2759301,Goblet,Goblet,12,Goblet
haber_c007795,2.640646,7.634926,Enterocyte.Progenitor,Progenitor,15,Unknown
haber_c007796,3.484893,7.511567,TA.Early,Progenitor,14,Progenitor
haber_c007797,5.258064,5.314133,TA,Progenitor,14,Progenitor
haber_c007798,2.809441,4.509488,TA.Early,Progenitor,9,Progenitor
haber_c007800,8.86635,0.299089,Goblet,Goblet,12,Goblet
haber_c007802,5.139248,5.017163,Stem,Stem,14,Progenitor
haber_c007803,4.918725,5.591311,TA.Early,Progenitor,14,Progenitor
haber_c007804,4.847773,6.515249,Stem,Stem,14,Progenitor
haber_c007808,4.887389,6.843939,TA,Progenitor,14,Progenitor
haber_c007809,1.93787,6.271756,Enterocyte.Progenitor,Progenitor,15,Unknown
haber_c007813,5.622279,6.236973,Stem,Stem,14,Progenitor
haber_c007814,8.556721,2.691415,Stem,Stem,12,Goblet
haber_c007815,1.667405,8.03858,Enterocyte.Progenitor,Progenitor,15,Unknown
haber_c007816,2.623777,5.619271,TA,Progenitor,14,Progenitor
haber_c007817,11.3126,3.823795,Tuft,Tuft,8,Tuft
haber_c007819,11.68951,2.919276,Tuft,Tuft,8,Tuft
haber_c007821,4.733114,5.985298,Stem,Stem,14,Progenitor
haber_c007822,11.68599,-1.432097,Goblet,Goblet,12,Goblet
haber_c007823,11.01655,3.73121,Tuft,Tuft,8,Tuft
haber_c007824,4.789454,4.628749,Stem,Stem,14,Progenitor
haber_c007825,6.078106,6.12494,Stem,Stem,14,Progenitor
haber_c007826,6.055623,3.958325,TA.Early,Progenitor,9,Progenitor
haber_c007827,12.87835,4.195248,Tuft,Tuft,8,Tuft
haber_c007828,1.462234,9.025378,Enterocyte.Progenitor,Progenitor,15,Unknown
haber_c007829,1.671286,7.272569,Enterocyte.Progenitor,Progenitor,15,Unknown
haber_c007830,2.240407,8.848813,Enterocyte.Progenitor,Progenitor,15,Unknown
haber_c007833,9.069344,-0.5318615,Goblet,Goblet,12,Goblet
haber_c007834,6.356627,3.514086,Stem,Stem,9,Progenitor
haber_c007835,10.53295,3.21344,Tuft,Tuft,8,Tuft
haber_c007836,6.740179,3.97072,TA,Progenitor,9,Progenitor
haber_c007837,4.442161,4.875007,Stem,Stem,14,Progenitor
haber_c007838,5.473942,4.428048,Stem,Stem,9,Progenitor
haber_c007839,3.771915,4.532759,TA.Early,Progenitor,9,Progenitor
haber_c007840,4.170829,6.184749,TA,Progenitor,14,Progenitor
haber_c007842,3.337876,6.188795,TA,Progenitor,14,Progenitor
haber_c007845,2.40372,8.595899,Enterocyte.Progenitor,Progenitor,15,Unknown
haber_c007846,3.473394,7.90523,Enterocyte.Progenitor,Progenitor,14,Progenitor
haber_c007847,2.553686,5.606556,TA.Early,Progenitor,14,Progenitor
haber_c007848,1.053678,6.568874,Enterocyte.Progenitor,Progenitor,15,Unknown
haber_c007849,3.686692,5.461118,TA,Progenitor,14,Progenitor
haber_c007853,5.013815,3.027998,Stem,Stem,9,Progenitor
haber_c007854,6.376988,3.843981,Goblet,Goblet,9,Progenitor
haber_c007855,5.023603,4.728229,TA,Progenitor,9,Progenitor
haber_c007858,4.385274,4.038419,TA.Early,Progenitor,9,Progenitor
haber_c007859,4.226097,3.748293,TA.Early,Progenitor,9,Progenitor
haber_c007862,2.800971,3.917441,TA,Progenitor,9,Progenitor
haber_c007865,1.990079,7.798305,Enterocyte.Progenitor,Progenitor,15,Unknown
haber_c007867,5.560433,6.600341,Stem,Stem,14,Progenitor
haber_c007869,5.425112,5.179232,Stem,Stem,14,Progenitor
haber_c007870,1.515534,8.303529,Enterocyte.Progenitor,Progenitor,15,Unknown
haber_c007871,1.594027,8.303563,Enterocyte.Progenitor,Progenitor,15,Unknown
haber_c007873,5.860637,6.1517,Stem,Stem,14,Progenitor
haber_c007874,7.121682,2.61992,Goblet,Goblet,9,Progenitor
haber_c007875,0.9256437,6.656011,Enterocyte.Progenitor,Progenitor,15,Unknown
haber_c007877,3.702368,6.238377,TA,Progenitor,14,Progenitor
haber_c007878,2.609063,5.553236,TA.Early,Progenitor,9,Progenitor
haber_c007879,2.818963,6.687449,Enterocyte.Progenitor,Progenitor,14,Progenitor
haber_c007880,3.287669,7.400399,TA.Early,Progenitor,14,Progenitor
haber_c007881,2.152364,6.30667,Enterocyte.Progenitor,Progenitor,14,Progenitor
haber_c007882,7.060283,4.051386,Stem,Stem,9,Progenitor
haber_c007883,10.31511,6.562012,Endocrine,Endocrine,11,Endocrine
haber_c007889,12.07732,3.642428,Tuft,Tuft,8,Tuft
haber_c007890,5.611305,6.415963,Stem,Stem,14,Progenitor
haber_c007891,-1.323344,8.174292,Enterocyte,Enterocyte,13,Enterocyte
haber_c007892,3.041929,5.857236,TA.Early,Progenitor,14,Progenitor
haber_c007893,7.71724,7.023274,Endocrine,Endocrine,11,Endocrine
haber_c007894,0.7492775,6.793629,Enterocyte.Progenitor,Progenitor,15,Unknown
haber_c007895,6.175707,3.659048,Stem,Stem,9,Progenitor
haber_c007898,0.8707495,6.684157,Enterocyte.Progenitor,Progenitor,15,Unknown
haber_c007899,-1.400175,9.825636,Enterocyte,Enterocyte,13,Enterocyte
haber_c007900,5.943315,4.123127,Stem,Stem,9,Progenitor
haber_c007901,1.397709,7.797041,Enterocyte.Progenitor,Progenitor,15,Unknown
haber_c007902,3.912462,4.42349,TA.Early,Progenitor,9,Progenitor
haber_c007903,3.791263,4.077156,TA,Progenitor,9,Progenitor
haber_c007904,5.232627,3.950657,TA,Progenitor,9,Progenitor
haber_c007907,8.74795,-1.671496,Goblet,Goblet,12,Goblet
haber_c007909,8.547606,-1.162039,Goblet,Goblet,12,Goblet
haber_c007912,4.236835,6.730299,TA,Progenitor,14,Progenitor
haber_c007914,3.169738,5.317419,TA,Progenitor,9,Progenitor
haber_c007920,3.462132,4.525186,TA.Early,Progenitor,9,Progenitor
haber_c007921,6.163602,4.04194,Stem,Stem,9,Progenitor
haber_c007922,3.015587,3.545927,TA,Progenitor,9,Progenitor
haber_c007923,4.449757,6.3126,TA.Early,Progenitor,14,Progenitor
haber_c007924,3.187467,4.265313,TA.Early,Progenitor,9,Progenitor
haber_c007926,4.128086,-1.508737,Stem,Stem,7,Progenitor
haber_c007927,2.722536,5.14144,TA,Progenitor,9,Progenitor
haber_c007928,2.38296,7.951559,Enterocyte.Progenitor,Progenitor,15,Unknown
haber_c007930,4.050039,4.505102,Stem,Stem,9,Progenitor
haber_c007931,12.504,3.888169,Tuft,Tuft,8,Tuft
haber_c007932,2.822189,6.264034,Enterocyte.Progenitor,Progenitor,14,Progenitor
haber_c007934,5.670953,6.22246,Stem,Stem,14,Progenitor
haber_c007940,3.009967,5.668718,TA,Progenitor,9,Progenitor
haber_c007941,1.962727,8.334912,Enterocyte.Progenitor,Progenitor,15,Unknown
haber_c007946,6.934857,4.198368,TA.Early,Progenitor,9,Progenitor
haber_c007949,6.252315,4.722515,Stem,Stem,14,Progenitor
haber_c007950,3.310359,7.650946,TA,Progenitor,14,Progenitor
haber_c007951,6.373312,2.505433,Tuft,Tuft,9,Progenitor
haber_c007952,2.969482,5.19807,TA.Early,Progenitor,14,Progenitor
haber_c007953,5.387086,6.471294,Stem,Stem,14,Progenitor
haber_c007954,9.007944,0.04934241,Goblet,Goblet,12,Goblet
haber_c007955,3.458424,5.551023,TA,Progenitor,14,Progenitor
haber_c007957,12.60427,3.98059,Tuft,Tuft,8,Tuft
haber_c007959,6.386994,3.834028,Stem,Stem,9,Progenitor
haber_c007960,4.546462,4.357652,Stem,Stem,9,Progenitor
haber_c007961,6.008178,3.401653,Stem,Stem,9,Progenitor
haber_c007962,4.737325,5.489939,TA,Progenitor,14,Progenitor
haber_c007964,1.852639,7.76514,Enterocyte.Progenitor,Progenitor,15,Unknown
haber_c007965,5.685155,4.365324,Stem,Stem,9,Progenitor
haber_c007966,-1.308853,8.432216,Enterocyte.Progenitor,Progenitor,16,Enterocyte
haber_c007967,5.57051,3.351407,Stem,Stem,9,Progenitor
haber_c007969,4.240625,5.174825,Stem,Stem,14,Progenitor
haber_c007971,3.394277,7.667097,Enterocyte.Progenitor,Progenitor,14,Progenitor
haber_c007972,1.699585,8.345483,Enterocyte.Progenitor,Progenitor,15,Unknown
haber_c007975,1.154286,6.148659,Enterocyte.Progenitor,Progenitor,15,Unknown
haber_c007978,5.83458,3.806897,TA,Progenitor,9,Progenitor
haber_c007979,8.920699,-0.8355879,Goblet,Goblet,12,Goblet
haber_c007980,4.280676,4.693174,Stem,Stem,9,Progenitor
haber_c007982,5.442901,5.014329,Stem,Stem,14,Progenitor
haber_c007984,-0.06458714,7.751906,Enterocyte.Progenitor,Progenitor,13,Enterocyte
haber_c007985,0.9141051,6.997561,Enterocyte.Progenitor,Progenitor,15,Unknown
haber_c007986,5.933352,4.063701,TA,Progenitor,9,Progenitor
haber_c007988,2.450602,8.244837,Enterocyte.Progenitor,Progenitor,15,Unknown
haber_c007989,1.521142,6.778547,Enterocyte.Progenitor,Progenitor,15,Unknown
haber_c007990,8.787377,0.6779287,Goblet,Goblet,12,Goblet
haber_c007991,1.666838,6.543732,Enterocyte.Progenitor,Progenitor,15,Unknown
haber_c007992,1.594454,8.062446,Enterocyte.Progenitor,Progenitor,15,Unknown
haber_c007993,0.4717119,7.949018,Enterocyte.Progenitor,Progenitor,15,Unknown
haber_c007998,1.643653,5.675789,Enterocyte.Progenitor,Progenitor,15,Unknown
haber_c008000,3.910783,5.505139,TA.Early,Progenitor,14,Progenitor
haber_c008001,4.685472,4.338606,Stem,Stem,9,Progenitor
haber_c008002,4.040612,4.517475,Stem,Stem,14,Progenitor
haber_c008006,9.8211,-0.7864688,Goblet,Goblet,12,Goblet
haber_c008007,9.858856,-0.4929395,Goblet,Goblet,12,Goblet
haber_c008008,1.039687,6.408029,Enterocyte.Progenitor,Progenitor,15,Unknown
haber_c008010,3.164121,8.00363,Enterocyte.Progenitor,Progenitor,14,Progenitor
haber_c008011,4.089107,5.369161,TA.Early,Progenitor,14,Progenitor
haber_c008012,9.676757,0.2538414,Goblet,Goblet,12,Goblet
haber_c008013,6.373198,4.127188,Stem,Stem,9,Progenitor
haber_c008018,5.563414,2.948476,Stem,Stem,9,Progenitor
haber_c008019,0.8966262,7.074515,Enterocyte.Progenitor,Progenitor,15,Unknown
haber_c008022,10.27676,-0.5387679,Goblet,Goblet,12,Goblet
haber_c008023,9.35646,-0.7456125,Goblet,Goblet,12,Goblet
haber_c008024,3.615002,4.129243,Stem,Stem,9,Progenitor
haber_c008025,5.634269,5.774549,Stem,Stem,14,Progenitor
haber_c008026,11.75142,3.505452,Tuft,Tuft,8,Tuft
haber_c008027,1.97134,8.622778,Enterocyte.Progenitor,Progenitor,15,Unknown
haber_c008029,2.09971,5.851661,Enterocyte.Progenitor,Progenitor,15,Unknown
haber_c008030,1.396155,6.185732,Enterocyte.Progenitor,Progenitor,15,Unknown
haber_c008031,2.050488,8.133042,Enterocyte.Progenitor,Progenitor,15,Unknown
haber_c008032,9.083467,-0.4343503,Goblet,Goblet,12,Goblet
haber_c008033,3.850234,7.379264,TA.Early,Progenitor,14,Progenitor
haber_c008034,-0.7934694,9.347757,Enterocyte,Enterocyte,13,Enterocyte
haber_c008035,7.02347,1.288508,Goblet,Goblet,12,Goblet
haber_c008036,9.674452,2.87658,Tuft,Tuft,8,Tuft
haber_c008037,5.304619,4.103283,TA.Early,Progenitor,9,Progenitor
haber_c008041,5.199905,2.801856,Stem,Stem,9,Progenitor
haber_c008042,1.460644,9.121991,Enterocyte.Progenitor,Progenitor,15,Unknown
haber_c008044,3.441746,4.4495,TA,Progenitor,9,Progenitor
haber_c008046,4.386293,2.825869,Stem,Stem,9,Progenitor
haber_c008047,-1.279754,9.823042,Enterocyte,Enterocyte,13,Enterocyte
haber_c008048,-3.211145,9.531327,Enterocyte,Enterocyte,13,Enterocyte
haber_c008049,4.449778,3.896112,Stem,Stem,9,Progenitor
haber_c008050,4.554476,6.358291,TA.Early,Progenitor,14,Progenitor
haber_c008051,1.731545,4.884808,Enterocyte.Progenitor,Progenitor,9,Progenitor
haber_c008052,4.31407,4.138526,TA,Progenitor,9,Progenitor
haber_c008054,1.909208,6.277198,TA,Progenitor,15,Unknown
haber_c008055,3.865879,4.615333,Stem,Stem,9,Progenitor
haber_c008059,10.22404,-1.275817,Goblet,Goblet,12,Goblet
haber_c008061,9.146926,3.196255,Tuft,Tuft,8,Tuft
haber_c008064,8.915849,-0.2171477,Goblet,Goblet,12,Goblet
haber_c008065,1.20304,6.94694,Enterocyte.Progenitor,Progenitor,15,Unknown
haber_c008068,10.40624,-0.6028279,Goblet,Goblet,12,Goblet
haber_c008069,0.6561016,5.377935,Enterocyte.Progenitor,Progenitor,15,Unknown
haber_c008072,-0.9764028,6.912882,Enterocyte.Progenitor,Progenitor,16,Enterocyte
haber_c008073,4.858503,-0.5098982,Stem,Stem,7,Progenitor
haber_c008074,-1.808458,10.61235,Enterocyte,Enterocyte,13,Enterocyte
haber_c008075,-5.221686,8.220115,Enterocyte.Progenitor,Progenitor,0,Enterocyte
haber_c008076,10.48141,0.2443812,Goblet,Goblet,12,Goblet
haber_c008078,-2.445318,9.032555,Enterocyte,Enterocyte,13,Enterocyte
haber_c008081,-2.364758,11.27724,Enterocyte,Enterocyte,13,Enterocyte
haber_c008085,4.095942,-1.036583,TA,Progenitor,7,Progenitor
haber_c008086,9.783165,-0.3753321,Goblet,Goblet,12,Goblet
haber_c008088,3.728449,-2.230603,Stem,Stem,7,Progenitor
haber_c008089,5.208809,-1.152156,TA.Early,Progenitor,7,Progenitor
haber_c008090,-0.9294195,6.880963,Enterocyte.Progenitor,Progenitor,16,Enterocyte
haber_c008091,4.387362,-0.2906259,TA,Progenitor,7,Progenitor
haber_c008093,-2.606575,10.34707,Enterocyte,Enterocyte,13,Enterocyte
haber_c008094,-4.097569,9.442758,Enterocyte,Enterocyte,13,Enterocyte
haber_c008097,4.251382,0.7708102,TA.Early,Progenitor,7,Progenitor
haber_c008098,10.47477,7.039834,Endocrine,Endocrine,11,Endocrine
haber_c008100,-0.497434,8.470703,Enterocyte.Progenitor,Progenitor,13,Enterocyte
haber_c008101,-1.120673,10.62179,Enterocyte,Enterocyte,13,Enterocyte
haber_c008103,-0.5251833,5.495615,Enterocyte.Progenitor,Progenitor,16,Enterocyte
haber_c008104,-2.944011,10.76385,Enterocyte,Enterocyte,13,Enterocyte
haber_c008108,-4.230112,9.379523,Enterocyte,Enterocyte,0,Enterocyte
haber_c008109,-3.41478,8.906765,Enterocyte,Enterocyte,13,Enterocyte
haber_c008110,4.006233,-2.370905,Stem,Stem,7,Progenitor
haber_c008111,3.557856,2.088127,TA.Early,Progenitor,7,Progenitor
haber_c008112,-0.5690336,8.30633,Enterocyte,Enterocyte,13,Enterocyte
haber_c008113,-1.842552,11.09277,Enterocyte,Enterocyte,13,Enterocyte
haber_c008114,-2.470334,11.23045,Enterocyte,Enterocyte,13,Enterocyte
haber_c008116,-0.9182053,10.41866,Enterocyte,Enterocyte,13,Enterocyte
haber_c008118,-0.8687088,9.99947,Enterocyte,Enterocyte,13,Enterocyte
haber_c008121,-1.071207,10.60084,Enterocyte,Enterocyte,13,Enterocyte
haber_c008123,5.289938,0.0004629464,TA.Early,Progenitor,7,Progenitor
haber_c008125,5.30151,1.451617,TA.Early,Progenitor,7,Progenitor
haber_c008130,-4.161672,9.121869,Enterocyte,Enterocyte,0,Enterocyte
haber_c008132,-0.8774366,9.676376,Enterocyte,Enterocyte,13,Enterocyte
haber_c008133,-0.9632607,6.573443,Enterocyte.Progenitor,Progenitor,16,Enterocyte
haber_c008134,-1.547462,10.65275,Enterocyte,Enterocyte,13,Enterocyte
haber_c008136,-2.086258,6.73973,Enterocyte.Progenitor,Progenitor,16,Enterocyte
haber_c008141,8.848885,4.600905,Endocrine,Endocrine,11,Endocrine
haber_c008142,-0.8874566,7.168224,Enterocyte.Progenitor,Progenitor,16,Enterocyte
haber_c008144,-0.8968526,10.10811,Enterocyte,Enterocyte,13,Enterocyte
haber_c008146,-2.675153,9.870692,Enterocyte,Enterocyte,13,Enterocyte
haber_c008148,4.136796,0.9749554,TA.Early,Progenitor,7,Progenitor
haber_c008149,-1.607414,5.642035,Enterocyte.Progenitor,Progenitor,16,Enterocyte
haber_c008150,4.865776,0.5187964,TA.Early,Progenitor,7,Progenitor
haber_c008151,5.413822,-1.591359,Stem,Stem,7,Progenitor
haber_c008152,2.832298,2.630437,TA.Early,Progenitor,7,Progenitor
haber_c008153,2.789528,2.556247,TA.Early,Progenitor,7,Progenitor
haber_c008156,-3.703866,8.915011,Enterocyte,Enterocyte,13,Enterocyte
haber_c008158,9.579656,-0.4847925,Goblet,Goblet,12,Goblet
haber_c008159,4.636274,-1.617054,Stem,Stem,7,Progenitor
haber_c008160,-0.9685227,6.685518,Enterocyte.Progenitor,Progenitor,16,Enterocyte
haber_c008161,4.992658,-1.488496,Stem,Stem,7,Progenitor
haber_c008162,-3.566067,9.828978,Enterocyte,Enterocyte,13,Enterocyte
haber_c008164,10.5225,6.940707,Endocrine,Endocrine,11,Endocrine
haber_c008165,5.187248,-0.1675733,TA.Early,Progenitor,7,Progenitor
haber_c008166,4.784994,0.5606498,TA.Early,Progenitor,7,Progenitor
haber_c008169,-2.114414,10.48443,Enterocyte,Enterocyte,13,Enterocyte
haber_c008172,9.380967,0.2293484,Goblet,Goblet,12,Goblet
haber_c008173,4.427111,0.7719244,TA.Early,Progenitor,7,Progenitor
haber_c008176,7.952889,7.01268,Endocrine,Endocrine,11,Endocrine
haber_c008178,-3.458882,9.711325,Enterocyte,Enterocyte,13,Enterocyte
haber_c008180,4.625125,1.09651,TA.Early,Progenitor,7,Progenitor
haber_c008182,-1.076405,7.393781,Enterocyte.Progenitor,Progenitor,16,Enterocyte
haber_c008184,11.40414,4.003776,Tuft,Tuft,8,Tuft
haber_c008186,-2.281163,9.55018,Enterocyte,Enterocyte,13,Enterocyte
haber_c008187,4.307515,0.1484282,TA,Progenitor,7,Progenitor
haber_c008188,8.957705,7.902492,Endocrine,Endocrine,11,Endocrine
haber_c008190,-1.560668,9.844388,Enterocyte,Enterocyte,13,Enterocyte
haber_c008191,-4.398328,6.197762,Enterocyte.Progenitor,Progenitor,0,Enterocyte
haber_c008193,4.53701,0.505366,TA.Early,Progenitor,7,Progenitor
haber_c008194,-1.210254,7.820133,Enterocyte.Progenitor,Progenitor,16,Enterocyte
haber_c008195,3.902946,1.547331,TA.Early,Progenitor,7,Progenitor
haber_c008196,-1.836908,8.862763,Enterocyte.Progenitor,Progenitor,13,Enterocyte
haber_c008199,-0.5694854,7.888213,Enterocyte.Progenitor,Progenitor,16,Enterocyte
haber_c008200,-4.208862,6.162779,Enterocyte.Progenitor,Progenitor,0,Enterocyte
haber_c008201,-0.7142295,5.546822,Enterocyte.Progenitor,Progenitor,16,Enterocyte
haber_c008205,5.012295,-1.961984,Stem,Stem,7,Progenitor
haber_c008207,5.049011,-0.8206192,TA.Early,Progenitor,7,Progenitor
haber_c008208,-1.383276,8.760759,Enterocyte,Enterocyte,13,Enterocyte
haber_c008214,-3.09818,9.779391,Enterocyte,Enterocyte,13,Enterocyte
haber_c008218,7.978284,0.6591685,Goblet,Goblet,12,Goblet
haber_c008219,4.56267,-0.6842486,Stem,Stem,7,Progenitor
haber_c008220,9.095979,-0.2033812,Goblet,Goblet,12,Goblet
haber_c008225,-5.128892,8.770279,Enterocyte,Enterocyte,0,Enterocyte
haber_c008226,-3.417834,9.55562,Enterocyte,Enterocyte,13,Enterocyte
haber_c008228,5.19874,1.712701,Endocrine,Endocrine,13,Enterocyte
haber_c008230,-2.963885,10.63093,Enterocyte,Enterocyte,13,Enterocyte
haber_c008231,-3.045019,11.13274,Enterocyte,Enterocyte,13,Enterocyte
haber_c008232,3.225445,2.382219,TA.Early,Progenitor,7,Progenitor
haber_c008233,5.2452,-1.866127,Stem,Stem,7,Progenitor
haber_c008234,5.769895,0.2953966,TA.Early,Progenitor,7,Progenitor
haber_c008235,4.193508,-1.419036,TA,Progenitor,7,Progenitor
haber_c008236,-4.402231,8.927774,Enterocyte,Enterocyte,0,Enterocyte
haber_c008237,-1.134978,6.253402,Enterocyte.Progenitor,Progenitor,16,Enterocyte
haber_c008238,-4.41665,8.61273,Enterocyte,Enterocyte,0,Enterocyte
haber_c008243,-3.858771,9.173799,Enterocyte,Enterocyte,13,Enterocyte
haber_c008244,-1.54674,10.46961,Enterocyte,Enterocyte,13,Enterocyte
haber_c008246,-3.507685,7.557303,Enterocyte,Enterocyte,10,Enterocyte
haber_c008247,4.247766,-2.041431,Stem,Stem,7,Progenitor
haber_c008248,-3.418525,9.396908,Enterocyte,Enterocyte,13,Enterocyte
haber_c008249,8.156378,0.3201851,Goblet,Goblet,12,Goblet
haber_c008250,-2.477779,11.30461,Enterocyte,Enterocyte,13,Enterocyte
haber_c008252,4.146646,1.377887,TA.Early,Progenitor,7,Progenitor
haber_c008253,3.370142,-2.678309,Stem,Stem,7,Progenitor
haber_c008254,-2.330145,7.634091,Enterocyte.Progenitor,Progenitor,13,Enterocyte
haber_c008258,-2.181109,10.28245,Enterocyte,Enterocyte,13,Enterocyte
haber_c008260,-2.327514,9.913309,Enterocyte,Enterocyte,13,Enterocyte
haber_c008261,-2.390058,10.16734,Enterocyte,Enterocyte,13,Enterocyte
haber_c008262,2.729526,-0.09684966,Endocrine,Endocrine,11,Endocrine
haber_c008264,-1.175581,10.35425,Enterocyte,Enterocyte,13,Enterocyte
haber_c008265,-4.899708,8.912693,Enterocyte,Enterocyte,0,Enterocyte
haber_c008266,5.113408,-0.7576923,TA.Early,Progenitor,7,Progenitor
haber_c008267,-1.732935,6.193047,Enterocyte.Progenitor,Progenitor,1,Unknown
haber_c008268,-2.501066,11.13072,Enterocyte,Enterocyte,13,Enterocyte
haber_c008270,-1.689365,9.491168,Enterocyte,Enterocyte,13,Enterocyte
haber_c008272,-4.925529,9.22752,Enterocyte,Enterocyte,0,Enterocyte
haber_c008273,3.006094,2.584947,TA.Early,Progenitor,7,Progenitor
haber_c008274,-1.220066,10.63425,Enterocyte,Enterocyte,13,Enterocyte
haber_c008275,-2.778319,11.19751,Enterocyte,Enterocyte,13,Enterocyte
haber_c008276,9.771095,-0.7371242,Goblet,Goblet,12,Goblet
haber_c008278,-2.965532,10.70652,Enterocyte,Enterocyte,13,Enterocyte
haber_c008279,4.396772,1.269539,TA.Early,Progenitor,7,Progenitor
haber_c008280,4.989269,-2.241374,Stem,Stem,7,Progenitor
haber_c008282,4.731189,0.763065,TA.Early,Progenitor,7,Progenitor
haber_c008283,2.952672,-2.828728,Stem,Stem,2,Stem
haber_c008285,-2.394803,9.793749,Enterocyte,Enterocyte,13,Enterocyte
haber_c008286,-1.194991,10.04259,Enterocyte,Enterocyte,13,Enterocyte
haber_c008287,-2.74385,10.19226,Enterocyte,Enterocyte,13,Enterocyte
haber_c008289,5.533985,0.1493479,TA.Early,Progenitor,7,Progenitor
haber_c008293,5.39774,0.5695914,TA.Early,Progenitor,7,Progenitor
haber_c008294,4.473356,-0.1149972,TA,Progenitor,7,Progenitor
haber_c008295,2.594335,2.260366,Tuft,Tuft,5,Stem
haber_c008297,3.903922,0.8413302,TA.Early,Progenitor,7,Progenitor
haber_c008298,4.13828,0.6778093,TA,Progenitor,7,Progenitor
haber_c008299,-2.253886,9.985214,Enterocyte,Enterocyte,13,Enterocyte
haber_c008300,-2.807814,9.099429,Enterocyte,Enterocyte,13,Enterocyte
haber_c008301,-2.037504,9.233573,Enterocyte,Enterocyte,13,Enterocyte
haber_c008302,-3.754054,9.58302,Enterocyte,Enterocyte,0,Enterocyte
haber_c008303,1.383654,-3.04812,TA,Progenitor,2,Stem
haber_c008304,-5.085622,8.951999,Enterocyte,Enterocyte,0,Enterocyte
haber_c008305,-2.881475,8.612677,Enterocyte,Enterocyte,13,Enterocyte
haber_c008306,-3.99364,10.02521,Enterocyte,Enterocyte,13,Enterocyte
haber_c008307,4.464905,-0.04404641,Endocrine,Endocrine,7,Progenitor
haber_c008310,-1.527964,8.00204,Enterocyte,Enterocyte,16,Enterocyte
haber_c008311,9.140271,-0.5217692,Goblet,Goblet,12,Goblet
haber_c008314,-1.42616,10.40353,Enterocyte,Enterocyte,13,Enterocyte
haber_c008317,-1.410642,7.280581,Enterocyte.Progenitor,Progenitor,16,Enterocyte
haber_c008318,-2.094407,10.58106,Enterocyte,Enterocyte,13,Enterocyte
haber_c008320,-0.6617424,6.104698,Enterocyte.Progenitor,Progenitor,16,Enterocyte
haber_c008322,5.151511,-0.04182985,TA.Early,Progenitor,7,Progenitor
haber_c008324,3.970098,-0.08828196,TA.Early,Progenitor,5,Stem
haber_c008325,3.729832,-0.01146308,TA,Progenitor,7,Progenitor
haber_c008327,2.517976,3.35694,Enterocyte.Progenitor,Progenitor,7,Progenitor
haber_c008329,8.716067,1.617373,Goblet,Goblet,12,Goblet
haber_c008331,-2.696731,9.654466,Enterocyte,Enterocyte,13,Enterocyte
haber_c008332,10.49409,3.891336,Tuft,Tuft,8,Tuft
haber_c008333,9.494482,-0.3790988,Goblet,Goblet,12,Goblet
haber_c008335,-1.940616,10.23921,Enterocyte,Enterocyte,13,Enterocyte
haber_c008336,-0.6536133,6.454641,Enterocyte.Progenitor,Progenitor,16,Enterocyte
haber_c008337,2.695126,0.262818,Endocrine,Endocrine,11,Endocrine
haber_c008338,-5.118606,8.156754,Enterocyte,Enterocyte,0,Enterocyte
haber_c008339,-2.394607,8.519872,Enterocyte,Enterocyte,13,Enterocyte
haber_c008341,5.250935,0.06976082,TA.Early,Progenitor,7,Progenitor
haber_c008342,-5.150697,9.229614,Enterocyte,Enterocyte,0,Enterocyte
haber_c008344,3.497359,-0.9292611,Stem,Stem,7,Progenitor
haber_c008345,8.120258,0.2981242,Goblet,Goblet,12,Goblet
haber_c008347,-1.383677,9.400373,Enterocyte,Enterocyte,13,Enterocyte
haber_c008348,-0.868945,5.980365,Enterocyte.Progenitor,Progenitor,16,Enterocyte
haber_c008349,11.5585,-1.136515,Goblet,Goblet,12,Goblet
haber_c008350,5.103753,-2.02093,Stem,Stem,7,Progenitor
haber_c008354,10.26641,7.029006,Endocrine,Endocrine,11,Endocrine
haber_c008355,-0.5801276,10.23048,Enterocyte,Enterocyte,13,Enterocyte
haber_c008356,-0.6565794,10.44707,Enterocyte,Enterocyte,13,Enterocyte
haber_c008360,5.313219,-1.578408,Stem,Stem,7,Progenitor
haber_c008361,8.745995,5.740699,Endocrine,Endocrine,11,Endocrine
haber_c008362,-4.934878,8.439895,Enterocyte,Enterocyte,0,Enterocyte
haber_c008364,4.891175,-0.2757168,TA.Early,Progenitor,7,Progenitor
haber_c008365,-1.948971,9.901797,Enterocyte,Enterocyte,13,Enterocyte
haber_c008366,-2.13749,10.31176,Enterocyte,Enterocyte,13,Enterocyte
haber_c008367,3.683299,-0.8483049,TA,Progenitor,5,Stem
haber_c008368,5.386829,0.4406294,TA.Early,Progenitor,7,Progenitor
haber_c008371,2.224524,3.686748,Enterocyte.Progenitor,Progenitor,7,Progenitor
haber_c008372,-4.071437,9.834582,Enterocyte,Enterocyte,13,Enterocyte
haber_c008375,-1.580865,9.776572,Enterocyte,Enterocyte,13,Enterocyte
haber_c008376,-1.455861,10.3075,Enterocyte,Enterocyte,13,Enterocyte
haber_c008377,2.90612,1.763833,Tuft,Tuft,5,Stem
haber_c008378,9.79841,0.6875457,Goblet,Goblet,12,Goblet
haber_c008380,-0.6655533,8.682967,Enterocyte,Enterocyte,13,Enterocyte
haber_c008382,8.948361,7.35315,Endocrine,Endocrine,11,Endocrine
haber_c008383,-2.940249,9.971207,Enterocyte,Enterocyte,13,Enterocyte
haber_c008384,-4.756748,8.116899,Enterocyte,Enterocyte,0,Enterocyte
haber_c008385,5.611271,-1.287157,Stem,Stem,7,Progenitor
haber_c008386,4.509201,0.1761457,TA.Early,Progenitor,7,Progenitor
haber_c008387,4.497471,0.1740319,TA.Early,Progenitor,7,Progenitor
haber_c008388,11.27515,-0.9657072,Goblet,Goblet,12,Goblet
haber_c008389,5.152904,-0.1723332,TA.Early,Progenitor,7,Progenitor
haber_c008391,-2.997083,10.82886,Enterocyte,Enterocyte,13,Enterocyte
haber_c008395,-3.895902,6.262473,Enterocyte.Progenitor,Progenitor,0,Enterocyte
haber_c008397,10.51812,7.028239,Endocrine,Endocrine,11,Endocrine
haber_c008401,-3.221751,10.60021,Enterocyte,Enterocyte,13,Enterocyte
haber_c008402,-1.341104,6.559303,Enterocyte.Progenitor,Progenitor,16,Enterocyte
haber_c008403,-4.810517,8.575563,Enterocyte,Enterocyte,0,Enterocyte
haber_c008404,-2.881277,11.09623,Enterocyte,Enterocyte,13,Enterocyte
haber_c008406,-0.9436186,10.29394,Enterocyte,Enterocyte,13,Enterocyte
haber_c008407,4.557002,-2.17254,Stem,Stem,7,Progenitor
haber_c008408,5.31285,-0.08016248,TA.Early,Progenitor,7,Progenitor
haber_c008409,-4.330274,8.884259,Enterocyte,Enterocyte,0,Enterocyte
haber_c008410,-2.947854,9.150269,Enterocyte,Enterocyte,13,Enterocyte
haber_c008411,8.087836,0.9588037,Goblet,Goblet,12,Goblet
haber_c008412,-4.552018,7.342611,Enterocyte.Progenitor,Progenitor,0,Enterocyte
haber_c008414,-2.987782,9.683628,Enterocyte,Enterocyte,13,Enterocyte
haber_c008417,4.839532,-0.6849176,TA.Early,Progenitor,7,Progenitor
haber_c008420,4.120629,-2.093776,Stem,Stem,7,Progenitor
haber_c008421,5.193599,-1.576915,Stem,Stem,7,Progenitor
haber_c008422,-2.073536,10.82072,Enterocyte,Enterocyte,13,Enterocyte
haber_c008423,-1.638415,9.172084,Enterocyte,Enterocyte,13,Enterocyte
haber_c008426,7.825643,-1.446124,Goblet,Goblet,12,Goblet
haber_c008427,-1.968382,10.03955,Enterocyte,Enterocyte,13,Enterocyte
haber_c008428,0.1756494,-2.855814,Stem,Stem,2,Stem
haber_c008430,4.756305,0.9509808,TA.Early,Progenitor,7,Progenitor
haber_c008431,-0.9066548,5.626455,Enterocyte.Progenitor,Progenitor,16,Enterocyte
haber_c008432,-2.220392,8.771799,Enterocyte,Enterocyte,13,Enterocyte
haber_c008433,-0.8963355,10.23932,Enterocyte,Enterocyte,13,Enterocyte
haber_c008434,-2.734349,9.630661,Enterocyte,Enterocyte,13,Enterocyte
haber_c008435,3.375565,-1.148064,TA.Early,Progenitor,6,Unknown
haber_c008436,-2.073172,11.13902,Enterocyte,Enterocyte,13,Enterocyte
haber_c008437,4.338923,-1.904649,Stem,Stem,7,Progenitor
haber_c008439,-1.113145,10.07117,Enterocyte,Enterocyte,13,Enterocyte
haber_c008441,4.141759,0.3367675,TA.Early,Progenitor,7,Progenitor
haber_c008443,4.929296,0.8519514,TA.Early,Progenitor,7,Progenitor
haber_c008444,4.35215,1.028882,TA.Early,Progenitor,7,Progenitor
haber_c008445,-1.447665,10.1347,Enterocyte,Enterocyte,13,Enterocyte
haber_c008447,-4.607692,9.478011,Enterocyte,Enterocyte,0,Enterocyte
haber_c008448,4.779391,-0.3687123,TA.Early,Progenitor,7,Progenitor
haber_c008449,3.899753,1.517509,TA.Early,Progenitor,7,Progenitor
haber_c008452,-2.920101,10.82664,Enterocyte,Enterocyte,13,Enterocyte
haber_c008453,4.814774,1.527717,TA.Early,Progenitor,7,Progenitor
haber_c008454,-1.393904,10.55002,Enterocyte,Enterocyte,13,Enterocyte
haber_c008455,-1.028027,6.344372,Enterocyte.Progenitor,Progenitor,16,Enterocyte
haber_c008457,3.580319,0.9397112,TA.Early,Progenitor,7,Progenitor
haber_c008459,9.430955,-0.02260467,Goblet,Goblet,12,Goblet
haber_c008461,-0.6719725,8.410112,Enterocyte.Progenitor,Progenitor,13,Enterocyte
haber_c008462,3.623146,-1.476555,Stem,Stem,5,Stem
haber_c008463,-2.431933,10.92643,Enterocyte,Enterocyte,13,Enterocyte
haber_c008466,-5.380816,8.629909,Enterocyte,Enterocyte,0,Enterocyte
haber_c008467,-0.7568781,9.937298,Enterocyte,Enterocyte,13,Enterocyte
haber_c008468,-1.104215,6.803519,Enterocyte.Progenitor,Progenitor,16,Enterocyte
haber_c008469,-4.158967,5.993835,Enterocyte.Progenitor,Progenitor,0,Enterocyte
haber_c008470,-0.2280552,8.296758,Enterocyte.Progenitor,Progenitor,13,Enterocyte
haber_c008471,-0.7213553,6.427963,Enterocyte.Progenitor,Progenitor,16,Enterocyte
haber_c008472,-2.232132,10.37518,Enterocyte,Enterocyte,13,Enterocyte
haber_c008474,-0.8430579,9.644033,Enterocyte,Enterocyte,13,Enterocyte
haber_c008475,-3.530293,9.109763,Enterocyte,Enterocyte,13,Enterocyte
haber_c008476,-3.011394,9.054991,Enterocyte,Enterocyte,13,Enterocyte
haber_c008477,-1.342429,9.974267,Enterocyte,Enterocyte,13,Enterocyte
haber_c008478,4.095039,1.125786,TA.Early,Progenitor,7,Progenitor
haber_c008480,3.931483,-0.9343978,Stem,Stem,5,Stem
haber_c008481,5.512061,-1.244543,Stem,Stem,7,Progenitor
haber_c008483,5.554229,-0.6181468,TA.Early,Progenitor,7,Progenitor
haber_c008485,-5.003883,8.423641,Enterocyte,Enterocyte,0,Enterocyte
haber_c008486,4.495295,-2.283046,Stem,Stem,7,Progenitor
haber_c008489,4.775454,-1.428112,Stem,Stem,7,Progenitor
haber_c008490,-0.2575007,7.032077,Enterocyte.Progenitor,Progenitor,16,Enterocyte
haber_c008491,3.712561,1.04915,TA.Early,Progenitor,7,Progenitor
haber_c008492,4.111585,0.7607162,Enterocyte.Progenitor,Progenitor,7,Progenitor
haber_c008493,4.670957,1.334915,TA.Early,Progenitor,7,Progenitor
haber_c008494,-0.9022534,10.06563,Enterocyte,Enterocyte,13,Enterocyte
haber_c008495,2.247619,1.68851,TA,Progenitor,4,Progenitor
haber_c008496,-1.708546,8.109941,Enterocyte.Progenitor,Progenitor,13,Enterocyte
haber_c008498,-1.953317,10.15673,Enterocyte,Enterocyte,13,Enterocyte
haber_c008499,-0.7310004,8.529491,Enterocyte,Enterocyte,13,Enterocyte
haber_c008501,5.454649,-0.1340466,Endocrine,Endocrine,7,Progenitor
haber_c008502,9.9728,-1.557952,Goblet,Goblet,12,Goblet
haber_c008504,-1.944644,10.50267,Enterocyte,Enterocyte,13,Enterocyte
haber_c008505,-1.85453,10.75203,Enterocyte,Enterocyte,13,Enterocyte
haber_c008506,-1.793897,10.34075,Enterocyte,Enterocyte,13,Enterocyte
haber_c008509,11.33607,-0.9800417,Goblet,Goblet,12,Goblet
haber_c008511,5.364107,-1.382231,Stem,Stem,7,Progenitor
haber_c008512,-2.106438,11.22227,Enterocyte,Enterocyte,13,Enterocyte
haber_c008513,10.43903,6.871928,Endocrine,Endocrine,11,Endocrine
haber_c008515,-2.536789,9.808167,Enterocyte,Enterocyte,13,Enterocyte
haber_c008519,-1.38466,9.765128,Enterocyte,Enterocyte,13,Enterocyte
haber_c008520,-4.720771,9.348268,Enterocyte,Enterocyte,0,Enterocyte
haber_c008521,4.622055,-0.4557583,TA.Early,Progenitor,7,Progenitor
haber_c008522,-4.765276,8.471191,Enterocyte,Enterocyte,0,Enterocyte
haber_c008523,4.557667,1.019911,TA.Early,Progenitor,7,Progenitor
haber_c008525,-2.577685,8.806238,Enterocyte,Enterocyte,13,Enterocyte
haber_c008527,-1.225788,10.25396,Enterocyte,Enterocyte,13,Enterocyte
haber_c008528,-3.027132,10.68903,Enterocyte,Enterocyte,13,Enterocyte
haber_c008529,2.567774,2.256199,TA.Early,Progenitor,7,Progenitor
haber_c008530,-1.978861,11.10728,Enterocyte,Enterocyte,13,Enterocyte
haber_c008531,-1.458666,10.35175,Enterocyte,Enterocyte,13,Enterocyte
haber_c008532,-0.9844453,6.26599,Enterocyte.Progenitor,Progenitor,16,Enterocyte
haber_c008533,-1.039882,7.419803,Enterocyte.Progenitor,Progenitor,16,Enterocyte
haber_c008534,-4.857818,9.105324,Enterocyte,Enterocyte,0,Enterocyte
haber_c008535,-5.283095,8.491889,Enterocyte,Enterocyte,0,Enterocyte
haber_c008538,4.533056,0.03264044,TA,Progenitor,7,Progenitor
haber_c008539,-2.55235,9.387816,Enterocyte,Enterocyte,13,Enterocyte
haber_c008540,-3.47536,10.19336,Enterocyte,Enterocyte,13,Enterocyte
haber_c008541,5.38126,-0.8207624,TA.Early,Progenitor,7,Progenitor
haber_c008542,-0.2479413,9.73764,Enterocyte,Enterocyte,13,Enterocyte
haber_c008543,3.939681,1.526945,TA,Progenitor,7,Progenitor
haber_c008545,-3.130485,9.757127,Enterocyte,Enterocyte,13,Enterocyte
haber_c008546,11.36219,4.145546,Tuft,Tuft,8,Tuft
haber_c008547,2.958844,1.648601,TA.Early,Progenitor,4,Progenitor
haber_c008548,-0.8622355,6.929448,Enterocyte.Progenitor,Progenitor,16,Enterocyte
haber_c008549,5.235899,-1.384466,TA,Progenitor,7,Progenitor
haber_c008551,9.670174,0.3235607,Goblet,Goblet,12,Goblet
haber_c008552,3.101688,-2.824545,Stem,Stem,2,Stem
haber_c008554,-4.529091,8.822764,Enterocyte,Enterocyte,0,Enterocyte
haber_c008555,-2.304489,9.148163,Enterocyte,Enterocyte,13,Enterocyte
haber_c008556,4.925604,0.8459348,TA.Early,Progenitor,7,Progenitor
haber_c008557,-3.701063,9.543647,Enterocyte,Enterocyte,13,Enterocyte
haber_c008558,4.778726,0.4107865,TA,Progenitor,7,Progenitor
haber_c008559,-0.9352534,9.805346,Enterocyte,Enterocyte,13,Enterocyte
haber_c008560,5.186137,1.347327,Enterocyte.Progenitor,Progenitor,7,Progenitor
haber_c008562,-2.634274,10.81529,Enterocyte,Enterocyte,13,Enterocyte
haber_c008563,-0.9918368,10.56953,Enterocyte,Enterocyte,13,Enterocyte
haber_c008565,-1.56029,10.04904,Enterocyte,Enterocyte,13,Enterocyte
haber_c008566,5.6042,-1.409907,Stem,Stem,7,Progenitor
haber_c008567,4.208555,0.9096178,TA,Progenitor,7,Progenitor
haber_c008570,4.567145,-0.5362798,TA.Early,Progenitor,7,Progenitor
haber_c008572,4.311896,1.101905,TA,Progenitor,7,Progenitor
haber_c008574,-3.35657,9.469534,Enterocyte,Enterocyte,13,Enterocyte
haber_c008575,5.15829,-0.06629827,TA.Early,Progenitor,7,Progenitor
haber_c008576,3.960369,-2.36833,Stem,Stem,7,Progenitor
haber_c008577,-1.574299,10.88159,Enterocyte,Enterocyte,13,Enterocyte
haber_c008579,-2.145812,10.24253,Enterocyte,Enterocyte,13,Enterocyte
haber_c008581,4.051549,0.8863692,Enterocyte.Progenitor,Progenitor,7,Progenitor
haber_c008582,-0.9609454,10.32028,Enterocyte,Enterocyte,13,Enterocyte
haber_c008583,5.397421,-0.8543593,Stem,Stem,7,Progenitor
haber_c008584,-4.131028,9.61077,Enterocyte,Enterocyte,13,Enterocyte
haber_c008585,-0.8149115,10.2427,Enterocyte,Enterocyte,13,Enterocyte
haber_c008586,3.90446,-0.8733124,TA.Early,Progenitor,6,Unknown
haber_c008587,4.346279,0.08913782,TA.Early,Progenitor,7,Progenitor
haber_c008589,5.199516,-2.099701,Stem,Stem,7,Progenitor
haber_c008591,4.490279,-1.941078,Stem,Stem,7,Progenitor
haber_c008592,5.069791,0.5120423,TA.Early,Progenitor,7,Progenitor
haber_c008594,4.112288,-2.390719,Stem,Stem,7,Progenitor
haber_c008595,4.298834,0.4100336,TA.Early,Progenitor,7,Progenitor
haber_c008596,-5.318403,8.691447,Enterocyte,Enterocyte,0,Enterocyte
haber_c008597,3.561188,1.634593,TA,Progenitor,7,Progenitor
haber_c008598,4.200099,0.5241134,TA.Early,Progenitor,7,Progenitor
haber_c008599,-3.605271,9.461514,Enterocyte,Enterocyte,13,Enterocyte
haber_c008600,3.8067,1.900903,TA.Early,Progenitor,7,Progenitor
haber_c008601,-2.688471,10.53325,Enterocyte,Enterocyte,13,Enterocyte
haber_c008602,4.433026,0.9297365,TA.Early,Progenitor,7,Progenitor
haber_c008603,-0.961714,5.773971,Enterocyte.Progenitor,Progenitor,16,Enterocyte
haber_c008604,5.204181,0.07645494,TA.Early,Progenitor,7,Progenitor
haber_c008605,-4.091561,9.886393,Enterocyte,Enterocyte,13,Enterocyte
haber_c008607,-0.2874833,6.122499,Enterocyte.Progenitor,Progenitor,16,Enterocyte
haber_c008608,-0.7214109,8.873133,Enterocyte,Enterocyte,13,Enterocyte
haber_c008609,5.446968,-0.5098868,TA.Early,Progenitor,7,Progenitor
haber_c008611,-0.3751495,10.05734,Enterocyte,Enterocyte,13,Enterocyte
haber_c008612,4.42094,-1.637607,Stem,Stem,7,Progenitor
haber_c008613,5.806428,-0.1436122,Goblet,Goblet,7,Progenitor
haber_c008614,-0.9821185,7.477661,Enterocyte.Progenitor,Progenitor,16,Enterocyte
haber_c008615,3.965448,-2.412267,Stem,Stem,7,Progenitor
haber_c008616,-1.778847,8.236016,Enterocyte,Enterocyte,13,Enterocyte
haber_c008617,4.821939,-1.229352,Stem,Stem,7,Progenitor
haber_c008619,-3.545587,8.980675,Enterocyte,Enterocyte,13,Enterocyte
haber_c008621,-4.343238,9.389544,Enterocyte,Enterocyte,13,Enterocyte
haber_c008622,-5.201817,8.124815,Enterocyte,Enterocyte,0,Enterocyte
haber_c008623,4.424555,-2.316492,Stem,Stem,7,Progenitor
haber_c008624,9.647628,0.5907072,Goblet,Goblet,12,Goblet
haber_c008625,-3.209203,10.97071,Enterocyte,Enterocyte,13,Enterocyte
haber_c008626,-3.368761,9.812792,Enterocyte,Enterocyte,13,Enterocyte
haber_c008628,-1.146601,10.29506,Enterocyte,Enterocyte,13,Enterocyte
haber_c008632,-1.073021,10.29942,Enterocyte,Enterocyte,13,Enterocyte
haber_c008633,-0.3302363,6.831006,Enterocyte.Progenitor,Progenitor,16,Enterocyte
haber_c008634,8.806385,6.951488,Endocrine,Endocrine,11,Endocrine
haber_c008637,3.972458,0.5380671,TA,Progenitor,7,Progenitor
haber_c008644,10.42026,6.885723,Endocrine,Endocrine,11,Endocrine
haber_c008646,-1.921146,9.36603,Enterocyte,Enterocyte,13,Enterocyte
haber_c008648,-2.844327,11.21834,Enterocyte,Enterocyte,13,Enterocyte
haber_c008649,4.682986,0.4083935,TA.Early,Progenitor,7,Progenitor
haber_c008650,4.590554,-2.069496,Stem,Stem,7,Progenitor
haber_c008661,-1.584733,10.91931,Enterocyte,Enterocyte,13,Enterocyte
haber_c008662,-2.72276,9.266647,Enterocyte,Enterocyte,13,Enterocyte
haber_c008664,-1.952319,10.70205,Enterocyte,Enterocyte,13,Enterocyte
haber_c008666,3.960026,-2.329734,Stem,Stem,7,Progenitor
haber_c008667,9.596741,-0.3033124,Goblet,Goblet,12,Goblet
haber_c008669,4.270311,-0.6778343,Stem,Stem,7,Progenitor
haber_c008672,4.358473,-2.321313,Stem,Stem,7,Progenitor
haber_c008673,-1.155593,9.861545,Enterocyte,Enterocyte,13,Enterocyte
haber_c008675,10.22726,-1.101925,Goblet,Goblet,12,Goblet
haber_c008676,5.37553,0.06022188,TA.Early,Progenitor,7,Progenitor
haber_c008677,4.815826,-0.6046534,Stem,Stem,7,Progenitor
haber_c008678,5.387205,1.274444,TA.Early,Progenitor,7,Progenitor
haber_c008679,4.291714,1.017613,TA,Progenitor,7,Progenitor
haber_c008681,-0.5797085,7.547684,Enterocyte.Progenitor,Progenitor,16,Enterocyte
haber_c008682,-0.3373215,9.988964,Enterocyte,Enterocyte,13,Enterocyte
haber_c008683,4.919459,1.589324,TA.Early,Progenitor,7,Progenitor
haber_c008684,-2.228779,10.29945,Enterocyte,Enterocyte,13,Enterocyte
haber_c008685,7.668104,6.244655,Endocrine,Endocrine,11,Endocrine
haber_c008686,2.360672,-3.807956,Endocrine,Endocrine,2,Stem
haber_c008688,-3.04934,10.94379,Enterocyte,Enterocyte,13,Enterocyte
haber_c008689,-2.937642,8.748481,Enterocyte,Enterocyte,13,Enterocyte
haber_c008694,-0.4590692,10.02731,Enterocyte,Enterocyte,13,Enterocyte
haber_c008695,4.592595,-2.041842,Stem,Stem,7,Progenitor
haber_c008696,4.374125,0.01636613,TA.Early,Progenitor,7,Progenitor
haber_c008700,-1.21368,10.71247,Enterocyte,Enterocyte,13,Enterocyte
haber_c008702,3.964202,1.077337,Enterocyte.Progenitor,Progenitor,7,Progenitor
haber_c008703,-2.917593,8.775205,Enterocyte,Enterocyte,13,Enterocyte
haber_c008704,-3.220847,9.947969,Enterocyte,Enterocyte,13,Enterocyte
haber_c008707,4.502642,-0.183054,TA.Early,Progenitor,7,Progenitor
haber_c008708,-0.8706912,9.618937,Enterocyte,Enterocyte,13,Enterocyte
haber_c008709,9.177344,-1.031082,Goblet,Goblet,12,Goblet
haber_c008712,-0.9619853,6.457894,Enterocyte.Progenitor,Progenitor,16,Enterocyte
haber_c008713,-0.4357447,10.20517,Enterocyte,Enterocyte,13,Enterocyte
haber_c008714,-2.624729,10.02195,Enterocyte,Enterocyte,13,Enterocyte
haber_c008715,-4.425129,9.38229,Enterocyte,Enterocyte,0,Enterocyte
haber_c008716,4.958927,-0.8338374,Enterocyte.Progenitor,Progenitor,7,Progenitor
haber_c008718,8.382668,0.4573066,Goblet,Goblet,12,Goblet
haber_c008719,11.59243,3.511018,Tuft,Tuft,8,Tuft
haber_c008721,3.906626,-1.83222,Stem,Stem,7,Progenitor
haber_c008723,-1.348841,10.73378,Enterocyte,Enterocyte,13,Enterocyte
haber_c008725,-2.14636,9.490982,Enterocyte,Enterocyte,13,Enterocyte
haber_c008732,10.38018,3.930558,Tuft,Tuft,8,Tuft
haber_c008734,-2.542469,10.32511,Enterocyte,Enterocyte,13,Enterocyte
haber_c008735,-1.708786,9.421385,Enterocyte,Enterocyte,13,Enterocyte
haber_c008737,9.184394,0.7660698,Goblet,Goblet,12,Goblet
haber_c008738,5.245595,-1.667513,Stem,Stem,7,Progenitor
haber_c008742,4.305055,1.239881,TA.Early,Progenitor,7,Progenitor
haber_c008743,-0.9975243,10.58716,Enterocyte,Enterocyte,13,Enterocyte
haber_c008746,4.009455,-1.06696,TA,Progenitor,5,Stem
haber_c008747,4.866573,-1.716485,Stem,Stem,7,Progenitor
haber_c008750,-2.114765,8.606627,Enterocyte,Enterocyte,13,Enterocyte
haber_c008751,3.896326,1.80769,TA.Early,Progenitor,7,Progenitor
haber_c008752,-2.968376,8.37421,Enterocyte,Enterocyte,0,Enterocyte
haber_c008753,-4.277259,6.309206,Enterocyte.Progenitor,Progenitor,0,Enterocyte
haber_c008754,11.39993,-1.117785,Goblet,Goblet,12,Goblet
haber_c008755,5.077785,0.8060785,TA.Early,Progenitor,7,Progenitor
haber_c008756,5.061263,-0.6336296,Stem,Stem,7,Progenitor
haber_c008759,-3.219109,10.69565,Enterocyte,Enterocyte,13,Enterocyte
haber_c008761,-4.634334,8.253704,Enterocyte,Enterocyte,0,Enterocyte
haber_c008766,-0.6885239,6.652303,Enterocyte.Progenitor,Progenitor,16,Enterocyte
haber_c008767,3.99217,0.8231591,TA.Early,Progenitor,6,Unknown
haber_c008770,-2.485726,9.235891,Enterocyte,Enterocyte,13,Enterocyte
haber_c008771,8.385112,0.3437394,Goblet,Goblet,12,Goblet
haber_c008772,-2.314871,11.17987,Enterocyte,Enterocyte,13,Enterocyte
haber_c008773,7.805005,0.4095506,Goblet,Goblet,12,Goblet
haber_c008774,2.616042,3.081616,TA.Early,Progenitor,7,Progenitor
haber_c008775,2.456116,2.911664,TA.Early,Progenitor,7,Progenitor
haber_c008777,-2.617285,9.183921,Enterocyte,Enterocyte,13,Enterocyte
haber_c008780,-0.5636091,7.101758,Enterocyte.Progenitor,Progenitor,16,Enterocyte
haber_c008785,-0.707296,6.318833,Enterocyte.Progenitor,Progenitor,16,Enterocyte
haber_c008786,-3.52532,8.439128,Enterocyte,Enterocyte,0,Enterocyte
haber_c008787,-3.76099,9.079074,Enterocyte,Enterocyte,13,Enterocyte
haber_c008788,-2.62388,11.3025,Enterocyte,Enterocyte,13,Enterocyte
haber_c008789,-4.8052,8.854426,Enterocyte.Progenitor,Progenitor,0,Enterocyte
haber_c008790,5.79886,0.2227872,TA.Early,Progenitor,7,Progenitor
haber_c008791,8.05606,1.588567,TA.Early,Progenitor,12,Goblet
haber_c008792,4.839738,0.4423188,TA.Early,Progenitor,7,Progenitor
haber_c008793,4.962666,-0.4060468,TA.Early,Progenitor,7,Progenitor
haber_c008794,7.939858,6.844665,Endocrine,Endocrine,11,Endocrine
haber_c008795,1.653045,-1.999139,Stem,Stem,2,Stem
haber_c008796,4.249095,0.3094072,TA.Early,Progenitor,7,Progenitor
haber_c008797,-0.7170711,9.594234,Enterocyte,Enterocyte,13,Enterocyte
haber_c008798,-3.199821,9.05989,Enterocyte,Enterocyte,13,Enterocyte
haber_c008799,3.784302,0.359151,TA,Progenitor,7,Progenitor
haber_c008800,4.729314,1.035618,TA.Early,Progenitor,7,Progenitor
haber_c008802,4.913783,0.6390262,TA.Early,Progenitor,7,Progenitor
haber_c008803,-3.422897,9.594372,Enterocyte,Enterocyte,13,Enterocyte
haber_c008806,-0.9786736,8.240303,Enterocyte.Progenitor,Progenitor,13,Enterocyte
haber_c008807,8.946568,0.5912291,Goblet,Goblet,12,Goblet
haber_c008808,-2.173649,11.00325,Enterocyte,Enterocyte,13,Enterocyte
haber_c008809,3.517734,0.3941576,TA,Progenitor,7,Progenitor
haber_c008810,-1.857559,10.85075,Enterocyte,Enterocyte,13,Enterocyte
haber_c008811,4.043807,-0.06368958,TA.Early,Progenitor,7,Progenitor
haber_c008813,4.646578,0.3094989,TA.Early,Progenitor,7,Progenitor
haber_c008814,5.747001,0.01308032,TA.Early,Progenitor,7,Progenitor
haber_c008815,-3.55111,9.484848,Enterocyte,Enterocyte,13,Enterocyte
haber_c008816,3.522075,-1.236448,TA,Progenitor,5,Stem
haber_c008817,4.358592,-0.6716477,Stem,Stem,7,Progenitor
haber_c008818,2.378766,-1.178138,Stem,Stem,5,Stem
haber_c008819,-0.4485435,6.449822,Enterocyte.Progenitor,Progenitor,16,Enterocyte
haber_c008820,-1.697745,9.227475,Enterocyte,Enterocyte,13,Enterocyte
haber_c008822,4.684786,-0.3146757,Stem,Stem,7,Progenitor
haber_c008824,-5.230977,8.482616,Enterocyte,Enterocyte,0,Enterocyte
haber_c008825,11.57624,-1.225802,Goblet,Goblet,12,Goblet
haber_c008827,-2.568073,10.10263,Enterocyte,Enterocyte,13,Enterocyte
haber_c008828,-2.785661,9.052855,Enterocyte,Enterocyte,13,Enterocyte
haber_c008829,1.961131,-3.815602,Stem,Stem,2,Stem
haber_c008830,4.464335,-1.000989,TA,Progenitor,7,Progenitor
haber_c008831,-1.19458,7.135084,Enterocyte.Progenitor,Progenitor,16,Enterocyte
haber_c008833,3.383704,0.9709303,TA.Early,Progenitor,6,Unknown
haber_c008835,5.350093,0.1960777,TA.Early,Progenitor,7,Progenitor
haber_c008836,2.467941,3.108509,Enterocyte.Progenitor,Progenitor,7,Progenitor
haber_c008837,-0.2409682,6.313677,Enterocyte.Progenitor,Progenitor,16,Enterocyte
haber_c008838,-1.867372,11.09865,Enterocyte,Enterocyte,13,Enterocyte
haber_c008841,4.359116,0.1647342,TA.Early,Progenitor,7,Progenitor
haber_c008844,-0.5753793,8.416697,Enterocyte.Progenitor,Progenitor,13,Enterocyte
haber_c008845,-0.2989941,4.558665,Enterocyte.Progenitor,Progenitor,1,Unknown
haber_c008846,9.577613,-1.758824,Goblet,Goblet,12,Goblet
haber_c008850,2.145299,2.449897,TA.Early,Progenitor,4,Progenitor
haber_c008851,11.19753,-0.890935,Goblet,Goblet,12,Goblet
haber_c008852,4.888987,1.169503,TA.Early,Progenitor,7,Progenitor
haber_c008853,-1.917952,9.526494,Enterocyte,Enterocyte,13,Enterocyte
haber_c008854,-0.5027331,8.218389,Enterocyte,Enterocyte,13,Enterocyte
haber_c008855,4.454207,-1.299385,TA,Progenitor,7,Progenitor
haber_c008856,11.33501,-1.122943,Goblet,Goblet,12,Goblet
haber_c008859,-1.509029,10.78137,Enterocyte,Enterocyte,13,Enterocyte
haber_c008860,-0.5787762,8.241715,Enterocyte.Progenitor,Progenitor,13,Enterocyte
haber_c008862,4.682191,1.249032,TA.Early,Progenitor,7,Progenitor
haber_c008864,-5.380107,8.792895,Enterocyte,Enterocyte,0,Enterocyte
haber_c008867,5.598523,0.07611372,TA.Early,Progenitor,7,Progenitor
haber_c008869,-3.014014,11.21087,Enterocyte,Enterocyte,13,Enterocyte
haber_c008871,-3.081,9.971357,Enterocyte,Enterocyte,13,Enterocyte
haber_c008875,4.785987,-0.3048224,TA.Early,Progenitor,7,Progenitor
haber_c008877,3.195377,2.040424,TA.Early,Progenitor,7,Progenitor
haber_c008879,1.441141,-1.643319,Stem,Stem,3,Progenitor
haber_c008884,-2.470657,9.488702,Enterocyte,Enterocyte,13,Enterocyte
haber_c008885,4.307711,0.3255105,TA,Progenitor,7,Progenitor
haber_c008886,9.47677,-0.1882681,Goblet,Goblet,12,Goblet
haber_c008887,3.797521,-1.288109,Stem,Stem,5,Stem
haber_c008890,5.445477,-1.469802,Stem,Stem,7,Progenitor
haber_c008894,-0.8124502,6.434208,Enterocyte.Progenitor,Progenitor,16,Enterocyte
haber_c008898,5.421029,1.062545,TA.Early,Progenitor,7,Progenitor
haber_c008900,-3.76728,10.34586,Enterocyte,Enterocyte,13,Enterocyte
haber_c008902,-2.611325,9.939039,Enterocyte,Enterocyte,13,Enterocyte
haber_c008905,-2.182276,10.94554,Enterocyte,Enterocyte,13,Enterocyte
haber_c008906,4.005177,1.308036,TA.Early,Progenitor,7,Progenitor
haber_c008910,4.001788,1.944162,Stem,Stem,9,Progenitor
haber_c008911,-3.125305,9.467957,Enterocyte,Enterocyte,13,Enterocyte
haber_c008912,3.630035,-1.103158,Stem,Stem,5,Stem
haber_c008913,-2.08793,9.663482,Enterocyte,Enterocyte,13,Enterocyte
haber_c008914,4.635146,1.843487,TA.Early,Progenitor,7,Progenitor
haber_c008915,5.425097,-0.1332281,TA,Progenitor,7,Progenitor
haber_c008916,-2.029078,11.06508,Enterocyte,Enterocyte,13,Enterocyte
haber_c008918,-3.886522,9.610669,Enterocyte,Enterocyte,13,Enterocyte
haber_c008919,-3.381572,10.57911,Enterocyte,Enterocyte,13,Enterocyte
haber_c008921,-0.7828079,8.401513,Enterocyte,Enterocyte,13,Enterocyte
haber_c008922,-0.8773271,6.995316,Enterocyte.Progenitor,Progenitor,16,Enterocyte
haber_c008925,-0.6793434,9.842273,Enterocyte,Enterocyte,13,Enterocyte
haber_c008926,5.667307,0.2334468,TA.Early,Progenitor,7,Progenitor
haber_c008927,3.371638,2.261818,TA,Progenitor,9,Progenitor
haber_c008928,4.952485,1.318105,TA.Early,Progenitor,7,Progenitor
haber_c008935,4.204259,-1.683754,TA.Early,Progenitor,7,Progenitor
haber_c008936,-2.714473,8.839526,Enterocyte,Enterocyte,13,Enterocyte
haber_c008940,-1.541471,11.00094,Enterocyte,Enterocyte,13,Enterocyte
haber_c008942,-1.119152,10.42783,Enterocyte,Enterocyte,13,Enterocyte
haber_c008944,-3.93175,9.885075,Enterocyte,Enterocyte,13,Enterocyte
haber_c008947,8.941455,0.4610358,Goblet,Goblet,12,Goblet
haber_c008950,-2.689869,9.248801,Enterocyte,Enterocyte,13,Enterocyte
haber_c008951,-3.080419,8.974436,Enterocyte,Enterocyte,13,Enterocyte
haber_c008952,4.109962,-0.7124298,TA,Progenitor,7,Progenitor
haber_c008953,-2.858516,10.1692,Enterocyte,Enterocyte,13,Enterocyte
haber_c008954,5.692061,0.2406986,TA.Early,Progenitor,7,Progenitor
haber_c008956,-2.482607,10.56294,Enterocyte,Enterocyte,13,Enterocyte
haber_c008957,-4.919076,9.183202,Enterocyte,Enterocyte,0,Enterocyte
haber_c008961,10.52278,-0.9093304,Goblet,Goblet,12,Goblet
haber_c008963,3.511651,-1.966276,Stem,Stem,5,Stem
haber_c008964,9.626699,-1.526318,Goblet,Goblet,12,Goblet
haber_c008965,5.33337,-0.4344572,TA.Early,Progenitor,7,Progenitor
haber_c008969,5.057044,-0.6198642,TA.Early,Progenitor,7,Progenitor
haber_c008970,4.326813,-1.191915,Stem,Stem,7,Progenitor
haber_c008972,-4.157237,9.872237,Enterocyte,Enterocyte,13,Enterocyte
haber_c008973,4.160302,0.8348168,TA.Early,Progenitor,7,Progenitor
haber_c008974,-0.8889213,10.51779,Enterocyte,Enterocyte,13,Enterocyte
haber_c008976,4.349909,1.304083,TA.Early,Progenitor,7,Progenitor
haber_c008979,9.681315,-1.050646,Goblet,Goblet,12,Goblet
haber_c008981,4.724186,1.327031,TA.Early,Progenitor,7,Progenitor
haber_c008982,-4.702799,8.947614,Enterocyte,Enterocyte,0,Enterocyte
haber_c008983,-0.654186,8.351765,Enterocyte,Enterocyte,13,Enterocyte
haber_c008987,-3.603519,9.685793,Enterocyte,Enterocyte,13,Enterocyte
haber_c008989,2.878339,2.839325,TA.Early,Progenitor,7,Progenitor
haber_c008992,-0.999642,10.27109,Enterocyte,Enterocyte,13,Enterocyte
haber_c008993,-3.507664,8.825479,Enterocyte,Enterocyte,10,Enterocyte
haber_c008995,5.163824,0.5164236,TA.Early,Progenitor,7,Progenitor
haber_c008999,3.431225,-1.415979,TA,Progenitor,5,Stem
haber_c009000,9.337428,-0.4432395,Goblet,Goblet,12,Goblet
haber_c009001,-2.300612,11.27101,Enterocyte,Enterocyte,13,Enterocyte
haber_c009003,-2.946299,10.90504,Enterocyte,Enterocyte,13,Enterocyte
haber_c009004,5.197931,0.2737473,TA.Early,Progenitor,7,Progenitor
haber_c009005,4.979942,-0.221102,TA.Early,Progenitor,7,Progenitor
haber_c009006,-3.7353,10.04605,Enterocyte,Enterocyte,13,Enterocyte
haber_c009007,5.090532,-0.5472136,TA.Early,Progenitor,7,Progenitor
haber_c009008,-2.236034,9.773564,Enterocyte,Enterocyte,13,Enterocyte
haber_c009010,4.558444,0.499763,TA.Early,Progenitor,7,Progenitor
haber_c009011,7.954209,0.03799012,Goblet,Goblet,12,Goblet
haber_c009012,-1.529875,8.295117,Enterocyte.Progenitor,Progenitor,16,Enterocyte
haber_c009013,-2.100487,8.277684,Enterocyte.Progenitor,Progenitor,13,Enterocyte
haber_c009014,4.094246,-1.757255,Stem,Stem,7,Progenitor
haber_c009018,9.032795,8.138493,Endocrine,Endocrine,11,Endocrine
haber_c009019,-1.709739,11.06642,Enterocyte,Enterocyte,13,Enterocyte
haber_c009026,-0.9083444,4.819522,Enterocyte.Progenitor,Progenitor,1,Unknown
haber_c009028,4.557114,-1.405945,Stem,Stem,7,Progenitor
haber_c009029,10.08201,3.962322,Tuft,Tuft,8,Tuft
haber_c009030,5.426003,-0.2154507,TA.Early,Progenitor,7,Progenitor
haber_c009031,-1.068829,10.33984,Enterocyte,Enterocyte,13,Enterocyte
haber_c009032,10.74252,-0.6396111,Goblet,Goblet,12,Goblet
haber_c009033,-3.387381,9.306227,Enterocyte,Enterocyte,13,Enterocyte
haber_c009034,-1.943563,10.34578,Enterocyte,Enterocyte,13,Enterocyte
haber_c009036,-4.689478,9.439209,Enterocyte,Enterocyte,0,Enterocyte
haber_c009037,4.538985,0.01326542,TA.Early,Progenitor,7,Progenitor
haber_c009038,-2.961366,9.21199,Enterocyte,Enterocyte,13,Enterocyte
haber_c009041,-2.95962,9.428782,Enterocyte,Enterocyte,13,Enterocyte
haber_c009042,-1.361081,7.901855,Enterocyte.Progenitor,Progenitor,16,Enterocyte
haber_c009043,4.062294,-1.770093,Stem,Stem,7,Progenitor
haber_c009045,-1.058611,10.20202,Enterocyte,Enterocyte,13,Enterocyte
haber_c009046,4.421571,-1.285834,Stem,Stem,7,Progenitor
haber_c009049,5.655385,-0.1945076,TA.Early,Progenitor,7,Progenitor
haber_c009050,4.417523,0.730522,TA.Early,Progenitor,7,Progenitor
haber_c009051,2.575682,-0.1897513,Endocrine,Endocrine,11,Endocrine
haber_c009053,4.879852,0.8812166,TA.Early,Progenitor,7,Progenitor
haber_c009054,3.679995,2.273016,Enterocyte.Progenitor,Progenitor,7,Progenitor
haber_c009055,4.446439,-0.7168471,Stem,Stem,7,Progenitor
haber_c009056,4.850533,1.034572,TA.Early,Progenitor,7,Progenitor
haber_c009057,-2.620956,9.12034,Enterocyte,Enterocyte,13,Enterocyte
haber_c009059,-3.802633,8.871335,Enterocyte,Enterocyte,13,Enterocyte
haber_c009060,4.25567,-2.229995,Stem,Stem,7,Progenitor
haber_c009061,-0.7170143,6.60778,Enterocyte.Progenitor,Progenitor,16,Enterocyte
haber_c009064,3.790271,-1.149328,TA,Progenitor,7,Progenitor
haber_c009067,10.51054,4.157452,Tuft,Tuft,8,Tuft
haber_c009068,-4.879542,9.242963,Enterocyte,Enterocyte,0,Enterocyte
haber_c009069,-1.896058,9.571516,Enterocyte,Enterocyte,13,Enterocyte
haber_c009070,2.793835,2.201951,TA.Early,Progenitor,7,Progenitor
haber_c009071,-0.5115681,10.40007,Enterocyte,Enterocyte,13,Enterocyte
haber_c009072,-2.464315,9.793648,Enterocyte,Enterocyte,13,Enterocyte
haber_c009074,9.947033,-1.044199,Goblet,Goblet,12,Goblet
haber_c009075,-0.4048597,7.949362,Enterocyte.Progenitor,Progenitor,13,Enterocyte
haber_c009076,-5.037025,8.973843,Enterocyte,Enterocyte,0,Enterocyte
haber_c009077,8.111215,6.742941,Endocrine,Endocrine,11,Endocrine
haber_c009078,5.109154,-1.809441,Stem,Stem,7,Progenitor
haber_c009079,-2.11444,11.02112,Enterocyte,Enterocyte,13,Enterocyte
haber_c009080,10.98745,-1.208976,Goblet,Goblet,12,Goblet
haber_c009081,-2.636896,9.889669,Enterocyte,Enterocyte,13,Enterocyte
haber_c009087,1.512594,-2.293149,TA,Progenitor,2,Stem
haber_c009090,11.21412,-0.8621538,Goblet,Goblet,12,Goblet
haber_c009092,-4.3248,9.403733,Enterocyte,Enterocyte,0,Enterocyte
haber_c009093,4.712209,-0.8058231,Stem,Stem,7,Progenitor
haber_c009094,4.916706,0.5002027,Stem,Stem,7,Progenitor
haber_c009096,-3.183396,11.08672,Enterocyte,Enterocyte,13,Enterocyte
haber_c009097,8.010844,6.995389,Endocrine,Endocrine,11,Endocrine
haber_c009098,-2.983814,10.99502,Enterocyte,Enterocyte,13,Enterocyte
haber_c009099,-1.023202,9.788469,Enterocyte,Enterocyte,13,Enterocyte
haber_c009101,-2.321531,11.04643,Enterocyte,Enterocyte,13,Enterocyte
haber_c009102,-0.6117092,6.255581,Enterocyte.Progenitor,Progenitor,16,Enterocyte
haber_c009103,-4.418739,9.128624,Enterocyte,Enterocyte,0,Enterocyte
haber_c009104,3.26142,0.6072989,TA,Progenitor,7,Progenitor
haber_c009105,-2.870679,11.05245,Enterocyte,Enterocyte,13,Enterocyte
haber_c009106,-1.250834,7.878673,Enterocyte.Progenitor,Progenitor,16,Enterocyte
haber_c009107,4.168508,-0.05319309,Enterocyte.Progenitor,Progenitor,7,Progenitor
haber_c009108,5.079026,-2.0887,Stem,Stem,7,Progenitor
haber_c009109,-3.091444,9.966122,Enterocyte,Enterocyte,13,Enterocyte
haber_c009110,3.92782,1.270399,TA.Early,Progenitor,7,Progenitor
haber_c009111,-1.937504,10.73039,Enterocyte,Enterocyte,13,Enterocyte
haber_c009112,5.293395,-0.1969712,TA.Early,Progenitor,7,Progenitor
haber_c009113,-0.7413839,7.752921,Enterocyte.Progenitor,Progenitor,16,Enterocyte
haber_c009114,-1.060319,10.01522,Enterocyte,Enterocyte,13,Enterocyte
haber_c009115,4.675649,1.888942,TA.Early,Progenitor,7,Progenitor
haber_c009116,4.39311,0.5796123,TA,Progenitor,7,Progenitor
haber_c009117,-4.945872,9.237643,Enterocyte,Enterocyte,0,Enterocyte
haber_c009118,-3.291047,8.820571,Enterocyte,Enterocyte,13,Enterocyte
haber_c009119,-1.18857,10.44713,Enterocyte,Enterocyte,13,Enterocyte
haber_c009121,9.877771,-0.7226241,Goblet,Goblet,12,Goblet
haber_c009122,3.410058,1.584383,TA,Progenitor,7,Progenitor
haber_c009124,4.018881,-2.057634,TA,Progenitor,7,Progenitor
haber_c009129,-4.528599,8.696608,Enterocyte,Enterocyte,0,Enterocyte
haber_c009130,-0.8659137,10.48586,Enterocyte,Enterocyte,13,Enterocyte
haber_c009132,4.357585,-2.10796,Stem,Stem,7,Progenitor
haber_c009134,-0.7862595,6.562848,Enterocyte.Progenitor,Progenitor,16,Enterocyte
haber_c009138,-1.193503,10.94175,Enterocyte,Enterocyte,13,Enterocyte
haber_c009139,-3.533407,9.235689,Enterocyte,Enterocyte,13,Enterocyte
haber_c009140,-3.478769,10.74529,Enterocyte,Enterocyte,13,Enterocyte
haber_c009142,-2.290267,10.66696,Enterocyte,Enterocyte,13,Enterocyte
haber_c009143,4.867124,-2.027715,Stem,Stem,7,Progenitor
haber_c009144,-0.7464715,6.928934,Enterocyte.Progenitor,Progenitor,16,Enterocyte
haber_c009145,-1.533003,10.7646,Enterocyte,Enterocyte,13,Enterocyte
haber_c009146,5.47126,-0.4990366,TA.Early,Progenitor,7,Progenitor
haber_c009147,4.074842,1.263861,TA.Early,Progenitor,7,Progenitor
haber_c009148,-5.226462,8.763595,Enterocyte,Enterocyte,0,Enterocyte
haber_c009152,-4.72025,9.380964,Enterocyte,Enterocyte,0,Enterocyte
haber_c009153,-4.406241,9.34202,Enterocyte,Enterocyte,0,Enterocyte
haber_c009154,4.108235,-1.42908,Stem,Stem,7,Progenitor
haber_c009156,-2.340638,9.143662,Enterocyte,Enterocyte,13,Enterocyte
haber_c009158,4.034968,-1.740142,Stem,Stem,7,Progenitor
haber_c009160,4.443986,1.431533,TA.Early,Progenitor,7,Progenitor
haber_c009161,-4.871886,8.390903,Enterocyte,Enterocyte,0,Enterocyte
haber_c009162,3.590541,2.326861,TA.Early,Progenitor,7,Progenitor
haber_c009173,-2.615557,9.556977,Enterocyte,Enterocyte,13,Enterocyte
haber_c009174,3.992622,-0.184997,Stem,Stem,7,Progenitor
haber_c009175,12.0411,4.14849,Tuft,Tuft,8,Tuft
haber_c009176,5.822364,0.4557427,TA.Early,Progenitor,7,Progenitor
haber_c009177,4.798295,-1.354708,Stem,Stem,7,Progenitor
haber_c009179,-4.640872,8.986388,Enterocyte,Enterocyte,0,Enterocyte
haber_c009180,-1.738307,10.78954,Enterocyte,Enterocyte,13,Enterocyte
haber_c009181,-2.652346,10.05738,Enterocyte,Enterocyte,13,Enterocyte
haber_c009182,4.323133,-2.493382,Stem,Stem,7,Progenitor
haber_c009183,-2.379124,10.98913,Enterocyte,Enterocyte,13,Enterocyte
haber_c009184,-4.592158,9.067194,Enterocyte,Enterocyte,0,Enterocyte
haber_c009185,-0.8854644,9.679332,Enterocyte,Enterocyte,13,Enterocyte
haber_c009186,3.697621,-2.468808,Stem,Stem,7,Progenitor
haber_c009187,-3.061975,11.14724,Enterocyte,Enterocyte,13,Enterocyte
haber_c009189,4.698747,-1.615326,TA.Early,Progenitor,7,Progenitor
haber_c009190,-1.790585,9.804839,Enterocyte,Enterocyte,13,Enterocyte
haber_c009193,5.290493,-0.7447179,Stem,Stem,7,Progenitor
haber_c009194,4.408373,-2.369082,Stem,Stem,7,Progenitor
haber_c009195,10.23044,-0.1661633,Goblet,Goblet,12,Goblet
haber_c009196,-4.314086,6.571335,Enterocyte.Progenitor,Progenitor,0,Enterocyte
haber_c009200,-0.7761841,10.56606,Enterocyte,Enterocyte,13,Enterocyte
haber_c009201,-2.858002,8.986257,Enterocyte,Enterocyte,13,Enterocyte
haber_c009202,-2.027088,10.16713,Enterocyte,Enterocyte,13,Enterocyte
haber_c009203,-1.862765,9.357847,Enterocyte,Enterocyte,13,Enterocyte
haber_c009204,-2.267291,9.187396,Enterocyte,Enterocyte,13,Enterocyte
haber_c009205,9.1353,8.233643,Endocrine,Endocrine,11,Endocrine
haber_c009207,9.610239,-0.09821338,Goblet,Goblet,12,Goblet
haber_c009208,4.655282,0.2947084,TA.Early,Progenitor,6,Unknown
haber_c009211,-2.353841,10.01522,Enterocyte,Enterocyte,13,Enterocyte
haber_c009213,5.236447,0.5733811,TA.Early,Progenitor,7,Progenitor
haber_c009217,4.287688,0.616721,TA,Progenitor,7,Progenitor
haber_c009218,4.580016,-1.070754,Stem,Stem,7,Progenitor
haber_c009219,-2.944073,9.418999,Enterocyte,Enterocyte,13,Enterocyte
haber_c009220,-0.9327952,6.576646,Enterocyte.Progenitor,Progenitor,16,Enterocyte
haber_c009222,5.267542,1.137547,TA,Progenitor,7,Progenitor
haber_c009224,-2.754983,11.06698,Enterocyte,Enterocyte,13,Enterocyte
haber_c009225,5.525999,-1.380017,Stem,Stem,7,Progenitor
haber_c009226,-5.136507,9.069615,Enterocyte,Enterocyte,0,Enterocyte
haber_c009227,4.437207,-2.042742,Stem,Stem,7,Progenitor
haber_c009228,-1.59363,9.165902,Enterocyte,Enterocyte,13,Enterocyte
haber_c009229,4.877276,0.8065473,TA.Early,Progenitor,7,Progenitor
haber_c009230,-4.019994,9.09257,Enterocyte,Enterocyte,0,Enterocyte
haber_c009234,-3.648976,9.152161,Enterocyte,Enterocyte,13,Enterocyte
haber_c009238,-0.6564228,7.281951,Enterocyte.Progenitor,Progenitor,16,Enterocyte
haber_c009239,9.867511,-0.809949,Goblet,Goblet,12,Goblet
haber_c009240,2.750186,2.847396,TA.Early,Progenitor,7,Progenitor
haber_c009241,-3.209088,9.802498,Enterocyte,Enterocyte,13,Enterocyte
haber_c009242,-2.342922,10.66192,Enterocyte,Enterocyte,13,Enterocyte
haber_c009243,4.504504,-2.339231,Stem,Stem,7,Progenitor
haber_c009245,8.401693,-0.196849,Goblet,Goblet,12,Goblet
haber_c009246,-3.761907,9.622963,Enterocyte,Enterocyte,13,Enterocyte
haber_c009247,-2.667892,9.675504,Enterocyte,Enterocyte,13,Enterocyte
haber_c009248,-2.849422,8.54928,Enterocyte.Progenitor,Progenitor,13,Enterocyte
haber_c009249,3.464959,2.060115,TA.Early,Progenitor,7,Progenitor
haber_c009250,7.608904,0.1902864,Goblet,Goblet,12,Goblet
haber_c009251,-2.383783,9.528016,Enterocyte,Enterocyte,13,Enterocyte
haber_c009252,3.801413,-2.616632,Stem,Stem,7,Progenitor
haber_c009253,2.759687,2.696803,TA.Early,Progenitor,7,Progenitor
haber_c009255,-3.185236,10.57849,Enterocyte,Enterocyte,13,Enterocyte
haber_c009256,4.028748,2.097615,TA.Early,Progenitor,7,Progenitor
haber_c009257,9.878629,-0.290774,Goblet,Goblet,12,Goblet
haber_c009258,4.317812,0.4500459,TA,Progenitor,7,Progenitor
haber_c009260,-4.243254,9.542008,Enterocyte,Enterocyte,0,Enterocyte
haber_c009261,-3.800852,9.992912,Enterocyte,Enterocyte,13,Enterocyte
haber_c009262,9.709466,-1.029082,Goblet,Goblet,12,Goblet
haber_c009263,4.852995,-0.2434313,TA,Progenitor,7,Progenitor
haber_c009264,-3.113053,10.98296,Enterocyte,Enterocyte,13,Enterocyte
haber_c009266,-4.73428,8.400532,Enterocyte,Enterocyte,0,Enterocyte
haber_c009270,3.547871,2.033077,TA.Early,Progenitor,7,Progenitor
haber_c009271,4.944819,1.165161,TA.Early,Progenitor,7,Progenitor
haber_c009274,-1.162147,7.15716,Enterocyte.Progenitor,Progenitor,16,Enterocyte
haber_c009276,4.598136,-0.5474716,Stem,Stem,7,Progenitor
haber_c009281,-2.092094,11.25693,Enterocyte,Enterocyte,13,Enterocyte
haber_c009282,-5.037136,8.757961,Enterocyte.Progenitor,Progenitor,0,Enterocyte
haber_c009283,-1.998476,10.64911,Enterocyte,Enterocyte,13,Enterocyte
haber_c009287,5.198793,0.633189,TA.Early,Progenitor,7,Progenitor
haber_c009291,7.733129,-1.34447,Goblet,Goblet,12,Goblet
haber_c009293,-2.309959,10.30623,Enterocyte,Enterocyte,13,Enterocyte
haber_c009295,4.505095,-1.699127,Stem,Stem,7,Progenitor
haber_c009296,4.352409,0.7970884,TA,Progenitor,7,Progenitor
haber_c009297,-1.686361,10.0789,Enterocyte,Enterocyte,13,Enterocyte
haber_c009298,5.188702,0.5446586,TA.Early,Progenitor,7,Progenitor
haber_c009299,-0.8387695,7.806653,Enterocyte.Progenitor,Progenitor,16,Enterocyte
haber_c009302,3.812857,-1.906492,Stem,Stem,7,Progenitor
haber_c009303,5.723634,0.2897097,Endocrine,Endocrine,7,Progenitor
haber_c009304,-4.127717,9.554534,Enterocyte,Enterocyte,13,Enterocyte
haber_c009307,5.440697,-0.1067046,TA,Progenitor,7,Progenitor
haber_c009308,-1.413367,10.87463,Enterocyte,Enterocyte,13,Enterocyte
haber_c009309,5.163387,-1.007801,Stem,Stem,7,Progenitor
haber_c009311,-0.3812337,10.14386,Enterocyte,Enterocyte,13,Enterocyte
haber_c009313,-0.8724405,6.225056,Enterocyte.Progenitor,Progenitor,16,Enterocyte
haber_c009315,-2.424513,9.202754,Enterocyte,Enterocyte,13,Enterocyte
haber_c009316,4.833197,-2.3389,Stem,Stem,7,Progenitor
haber_c009317,2.967669,2.272612,Enterocyte.Progenitor,Progenitor,7,Progenitor
haber_c009318,12.55871,4.144991,Tuft,Tuft,8,Tuft
haber_c009321,-1.888544,6.276386,Enterocyte,Enterocyte,10,Enterocyte
haber_c009322,-4.114354,9.388323,Enterocyte,Enterocyte,13,Enterocyte
haber_c009324,5.892013,0.4710599,TA.Early,Progenitor,7,Progenitor
haber_c009325,-1.052561,7.653169,Enterocyte.Progenitor,Progenitor,16,Enterocyte
haber_c009327,-4.832325,9.304094,Enterocyte,Enterocyte,0,Enterocyte
haber_c009329,-0.385903,9.781704,Enterocyte,Enterocyte,13,Enterocyte
haber_c009330,3.873019,-1.744943,Stem,Stem,7,Progenitor
haber_c009331,-0.6120088,7.426435,Enterocyte.Progenitor,Progenitor,16,Enterocyte
haber_c009332,-4.922964,8.727463,Enterocyte,Enterocyte,0,Enterocyte
haber_c009334,5.129945,1.359794,TA,Progenitor,7,Progenitor
haber_c009336,4.470219,-0.9371016,TA.Early,Progenitor,7,Progenitor
haber_c009338,4.563631,-1.651728,Stem,Stem,7,Progenitor
haber_c009339,-1.578671,8.949635,Enterocyte,Enterocyte,13,Enterocyte
haber_c009340,-1.572997,10.72183,Enterocyte,Enterocyte,13,Enterocyte
haber_c009342,11.54969,4.079225,Tuft,Tuft,8,Tuft
haber_c009343,9.992454,-0.5398232,Goblet,Goblet,12,Goblet
haber_c009346,-2.922877,10.22497,Enterocyte,Enterocyte,13,Enterocyte
haber_c009347,9.216433,8.271204,Endocrine,Endocrine,11,Endocrine
haber_c009348,-2.887028,10.9946,Enterocyte,Enterocyte,13,Enterocyte
haber_c009357,5.560651,-0.1927415,TA.Early,Progenitor,7,Progenitor
haber_c009358,4.942714,-2.173864,Stem,Stem,7,Progenitor
haber_c009359,-0.2161609,6.62946,Enterocyte.Progenitor,Progenitor,16,Enterocyte
haber_c009360,-0.1463672,6.983145,Enterocyte.Progenitor,Progenitor,16,Enterocyte
haber_c009361,5.027125,-0.7256634,Stem,Stem,7,Progenitor
haber_c009363,-0.721965,6.624042,Enterocyte.Progenitor,Progenitor,16,Enterocyte
haber_c009364,5.636063,0.4030982,TA.Early,Progenitor,7,Progenitor
haber_c009365,-2.709085,5.97936,Enterocyte.Progenitor,Progenitor,16,Enterocyte
haber_c009369,-1.825427,10.90777,Enterocyte,Enterocyte,13,Enterocyte
haber_c009370,5.021675,0.6926774,TA.Early,Progenitor,7,Progenitor
haber_c009371,3.50927,1.550426,TA,Progenitor,7,Progenitor
haber_c009372,7.975706,0.394455,Goblet,Goblet,12,Goblet
haber_c009373,4.165035,1.012407,TA,Progenitor,7,Progenitor
haber_c009375,-1.185212,10.49893,Enterocyte,Enterocyte,13,Enterocyte
haber_c009376,-0.4994369,6.196889,Enterocyte.Progenitor,Progenitor,16,Enterocyte
haber_c009378,-1.974594,10.38267,Enterocyte,Enterocyte,13,Enterocyte
haber_c009380,-4.562226,8.549778,Enterocyte,Enterocyte,0,Enterocyte
haber_c009382,-1.205761,7.181276,Enterocyte.Progenitor,Progenitor,16,Enterocyte
haber_c009388,-3.166133,10.67813,Enterocyte,Enterocyte,13,Enterocyte
haber_c009389,8.931027,7.899909,Endocrine,Endocrine,11,Endocrine
haber_c009390,5.07826,0.7836294,TA,Progenitor,7,Progenitor
haber_c009391,3.669648,2.318269,TA,Progenitor,9,Progenitor
haber_c009392,-2.839828,11.05545,Enterocyte,Enterocyte,13,Enterocyte
haber_c009393,-1.562798,10.53262,Enterocyte,Enterocyte,13,Enterocyte
haber_c009394,-1.102771,10.60853,Enterocyte,Enterocyte,13,Enterocyte
haber_c009396,4.627598,-0.9520278,Stem,Stem,7,Progenitor
haber_c009397,-3.314931,9.803994,Enterocyte,Enterocyte,13,Enterocyte
haber_c009398,4.96493,-0.6460586,TA.Early,Progenitor,7,Progenitor
haber_c009401,-1.781096,10.40537,Enterocyte,Enterocyte,13,Enterocyte
haber_c009402,4.886545,1.82623,TA.Early,Progenitor,7,Progenitor
haber_c009403,-0.8849586,9.847119,Enterocyte,Enterocyte,13,Enterocyte
haber_c009404,4.208612,-1.004449,Stem,Stem,7,Progenitor
haber_c009409,4.744773,0.6230099,TA.Early,Progenitor,7,Progenitor
haber_c009412,5.116149,-0.01049954,TA.Early,Progenitor,7,Progenitor
haber_c009413,4.388605,1.603359,TA.Early,Progenitor,7,Progenitor
haber_c009415,-3.733434,8.670952,Enterocyte,Enterocyte,13,Enterocyte
haber_c009416,7.886431,7.078795,Endocrine,Endocrine,11,Endocrine
haber_c009417,4.878709,0.04449473,TA,Progenitor,7,Progenitor
haber_c009418,-3.656191,10.13029,Enterocyte,Enterocyte,13,Enterocyte
haber_c009420,5.373902,0.1205647,TA.Early,Progenitor,7,Progenitor
haber_c009421,-2.823614,11.25603,Enterocyte,Enterocyte,13,Enterocyte
haber_c009423,5.136335,-0.7714833,TA.Early,Progenitor,7,Progenitor
haber_c009424,3.764956,1.698896,TA.Early,Progenitor,7,Progenitor
haber_c009426,4.815394,-1.703837,Stem,Stem,7,Progenitor
haber_c009427,5.556677,-0.4603761,TA.Early,Progenitor,7,Progenitor
haber_c009428,4.316547,0.6413539,TA,Progenitor,7,Progenitor
haber_c009432,-2.319715,10.82271,Enterocyte,Enterocyte,13,Enterocyte
haber_c009433,5.172512,1.187357,TA.Early,Progenitor,7,Progenitor
haber_c009434,-0.4248421,9.772786,Enterocyte,Enterocyte,13,Enterocyte
haber_c009435,4.374866,-2.26614,Stem,Stem,7,Progenitor
haber_c009436,9.389433,5.866653,Endocrine,Endocrine,11,Endocrine
haber_c009438,-1.837701,11.11273,Enterocyte,Enterocyte,13,Enterocyte
haber_c009440,-2.85537,10.92442,Enterocyte,Enterocyte,13,Enterocyte
haber_c009442,-2.695514,8.717533,Enterocyte,Enterocyte,10,Enterocyte
haber_c009443,-3.063355,9.246092,Enterocyte,Enterocyte,13,Enterocyte
haber_c009444,11.53278,3.643203,Tuft,Tuft,8,Tuft
haber_c009445,-3.521564,8.850477,Enterocyte,Enterocyte,13,Enterocyte
haber_c009446,-2.616468,11.00675,Enterocyte,Enterocyte,13,Enterocyte
haber_c009448,-2.359835,10.20459,Enterocyte,Enterocyte,13,Enterocyte
haber_c009450,4.469172,-2.277153,Stem,Stem,7,Progenitor
haber_c009451,11.15105,-0.9186962,Goblet,Goblet,12,Goblet
haber_c009452,-4.363823,6.803987,Enterocyte.Progenitor,Progenitor,0,Enterocyte
haber_c009453,4.376353,-1.922812,Stem,Stem,7,Progenitor
haber_c009454,4.594262,-2.100182,Stem,Stem,7,Progenitor
haber_c009455,-2.663426,11.06372,Enterocyte,Enterocyte,13,Enterocyte
haber_c009457,-0.7264313,6.640157,Enterocyte.Progenitor,Progenitor,16,Enterocyte
haber_c009458,4.671766,1.223995,TA.Early,Progenitor,7,Progenitor
haber_c009460,-0.1007079,5.999038,Enterocyte.Progenitor,Progenitor,16,Enterocyte
haber_c009463,4.400195,-1.70371,Stem,Stem,7,Progenitor
haber_c009464,4.262351,0.1433513,TA.Early,Progenitor,7,Progenitor
haber_c009467,12.85985,4.054384,Tuft,Tuft,8,Tuft
haber_c009469,-0.2955441,8.800915,Enterocyte,Enterocyte,13,Enterocyte
haber_c009470,-4.322796,5.592134,Enterocyte.Progenitor,Progenitor,0,Enterocyte
haber_c009471,5.577556,-0.8395564,TA.Early,Progenitor,7,Progenitor
haber_c009472,4.026877,0.7761277,TA.Early,Progenitor,7,Progenitor
haber_c009473,3.847265,0.6493493,Stem,Stem,7,Progenitor
haber_c009474,-1.591553,9.883312,Enterocyte,Enterocyte,13,Enterocyte
haber_c009476,-3.65326,9.055524,Enterocyte,Enterocyte,13,Enterocyte
haber_c009478,-2.726943,9.782717,Enterocyte,Enterocyte,13,Enterocyte
haber_c009480,-1.625309,10.81956,Enterocyte,Enterocyte,13,Enterocyte
haber_c009482,-4.131836,6.321922,Enterocyte.Progenitor,Progenitor,0,Enterocyte
haber_c009485,-5.301294,8.939945,Enterocyte,Enterocyte,0,Enterocyte
haber_c009486,4.677064,1.278016,TA.Early,Progenitor,7,Progenitor
haber_c009488,4.609807,1.126116,TA.Early,Progenitor,7,Progenitor
haber_c009490,-4.173686,9.352631,Enterocyte,Enterocyte,0,Enterocyte
haber_c009491,-5.101626,8.680523,Enterocyte,Enterocyte,0,Enterocyte
haber_c009492,4.565205,0.8719944,TA,Progenitor,7,Progenitor
haber_c009495,-3.982333,9.856112,Enterocyte,Enterocyte,13,Enterocyte
haber_c009496,4.498374,1.488467,TA.Early,Progenitor,7,Progenitor
haber_c009498,-1.816874,10.69376,Enterocyte,Enterocyte,13,Enterocyte
haber_c009499,-1.205,10.61874,Enterocyte,Enterocyte,13,Enterocyte
haber_c009500,11.25127,4.05987,Tuft,Tuft,8,Tuft
haber_c009501,7.887752,6.987935,Endocrine,Endocrine,11,Endocrine
haber_c009502,-0.8534795,6.656325,Enterocyte.Progenitor,Progenitor,16,Enterocyte
haber_c009503,8.3629,0.05400812,Goblet,Goblet,12,Goblet
haber_c009505,-1.143926,10.83517,Enterocyte,Enterocyte,13,Enterocyte
haber_c009506,-2.876508,11.06135,Enterocyte,Enterocyte,13,Enterocyte
haber_c009507,10.57191,-0.6234162,Goblet,Goblet,12,Goblet
haber_c009513,9.843691,-0.4824978,Goblet,Goblet,12,Goblet
haber_c009514,-1.58855,10.45469,Enterocyte,Enterocyte,13,Enterocyte
haber_c009516,-2.000214,11.01399,Enterocyte,Enterocyte,13,Enterocyte
haber_c009517,4.125403,-2.532226,Stem,Stem,7,Progenitor
haber_c009518,-0.9349441,6.723166,Enterocyte.Progenitor,Progenitor,16,Enterocyte
haber_c009519,7.231886,0.1790642,Goblet,Goblet,12,Goblet
haber_c009520,5.500417,0.1612991,TA.Early,Progenitor,7,Progenitor
haber_c009523,-3.08208,9.76777,Enterocyte,Enterocyte,13,Enterocyte
haber_c009524,5.636614,0.2853331,TA.Early,Progenitor,7,Progenitor
haber_c009527,-2.596416,9.21556,Enterocyte,Enterocyte,13,Enterocyte
haber_c009528,4.176723,1.027969,TA,Progenitor,7,Progenitor
haber_c009531,5.352628,0.1577123,Endocrine,Endocrine,7,Progenitor
haber_c009532,4.862749,-1.512739,Stem,Stem,7,Progenitor
haber_c009534,-1.433611,8.013404,Enterocyte.Progenitor,Progenitor,16,Enterocyte
haber_c009535,9.081018,0.02009842,Goblet,Goblet,12,Goblet
haber_c009537,5.439294,-0.7794523,Stem,Stem,7,Progenitor
haber_c009538,-0.3585624,9.926115,Enterocyte,Enterocyte,13,Enterocyte
haber_c009539,-1.069414,6.559724,Enterocyte.Progenitor,Progenitor,16,Enterocyte
haber_c009540,-0.3511267,6.451078,Enterocyte.Progenitor,Progenitor,16,Enterocyte
haber_c009542,4.371913,-2.417768,Stem,Stem,7,Progenitor
haber_c009543,3.244562,2.309845,Enterocyte.Progenitor,Progenitor,7,Progenitor
haber_c009544,-0.856902,6.95263,Enterocyte.Progenitor,Progenitor,16,Enterocyte
haber_c009545,4.737637,-0.2301006,TA.Early,Progenitor,7,Progenitor
haber_c009546,4.431158,0.7402033,TA,Progenitor,7,Progenitor
haber_c009548,-2.311347,9.724554,Enterocyte,Enterocyte,13,Enterocyte
haber_c009549,4.702587,-0.2260165,TA.Early,Progenitor,7,Progenitor
haber_c009550,-2.323245,10.61024,Enterocyte,Enterocyte,13,Enterocyte
haber_c009551,10.30559,4.022003,Tuft,Tuft,8,Tuft
haber_c009556,-0.8285908,10.38683,Enterocyte,Enterocyte,13,Enterocyte
haber_c009557,-2.967869,9.158992,Enterocyte,Enterocyte,13,Enterocyte
haber_c009558,-1.591628,10.73983,Enterocyte,Enterocyte,13,Enterocyte
haber_c009559,-5.187992,8.679565,Enterocyte,Enterocyte,0,Enterocyte
haber_c009561,-4.347876,6.271039,Enterocyte.Progenitor,Progenitor,0,Enterocyte
haber_c009563,5.454282,-0.2586427,TA.Early,Progenitor,7,Progenitor
haber_c009564,5.787132,0.5875443,Endocrine,Endocrine,6,Unknown
haber_c009566,-1.102678,10.33528,Enterocyte,Enterocyte,13,Enterocyte
haber_c009568,-0.7502313,6.90908,Enterocyte.Progenitor,Progenitor,16,Enterocyte
haber_c009570,-1.22571,7.822363,Enterocyte.Progenitor,Progenitor,16,Enterocyte
haber_c009571,-3.388421,9.235435,Enterocyte,Enterocyte,13,Enterocyte
haber_c009574,-3.827594,9.959717,Enterocyte,Enterocyte,13,Enterocyte
haber_c009576,-3.594913,10.37324,Enterocyte,Enterocyte,13,Enterocyte
haber_c009577,4.697182,-0.1887059,Stem,Stem,7,Progenitor
haber_c009579,4.455372,-0.393868,Stem,Stem,7,Progenitor
haber_c009580,-3.335977,6.118214,Enterocyte.Progenitor,Progenitor,0,Enterocyte
haber_c009581,7.940069,0.7189117,Goblet,Goblet,12,Goblet
haber_c009582,-1.47849,10.38872,Enterocyte,Enterocyte,13,Enterocyte
haber_c009583,3.728963,2.004523,TA.Early,Progenitor,7,Progenitor
haber_c009584,-4.74614,9.340189,Enterocyte,Enterocyte,0,Enterocyte
haber_c009585,-2.085839,10.25062,Enterocyte,Enterocyte,13,Enterocyte
haber_c009586,4.83279,0.9274875,TA.Early,Progenitor,7,Progenitor
haber_c009587,3.815641,1.466788,TA.Early,Progenitor,7,Progenitor
haber_c009588,-3.521351,8.901352,Enterocyte,Enterocyte,13,Enterocyte
haber_c009589,-1.16708,8.03382,Enterocyte,Enterocyte,16,Enterocyte
haber_c009590,-1.894559,9.932495,Enterocyte,Enterocyte,13,Enterocyte
haber_c009593,-1.743002,9.790747,Enterocyte,Enterocyte,13,Enterocyte
haber_c009594,4.867467,-0.112576,Stem,Stem,7,Progenitor
haber_c009596,3.127201,2.767188,TA,Progenitor,7,Progenitor
haber_c009597,4.454276,0.7112113,TA.Early,Progenitor,7,Progenitor
haber_c009599,3.523911,2.47692,TA.Early,Progenitor,7,Progenitor
haber_c009601,-1.344185,9.308406,Enterocyte,Enterocyte,13,Enterocyte
haber_c009602,-1.008281,6.503902,Enterocyte.Progenitor,Progenitor,16,Enterocyte
haber_c009603,4.288377,0.1574168,TA.Early,Progenitor,7,Progenitor
haber_c009605,10.5253,6.766174,Endocrine,Endocrine,11,Endocrine
haber_c009606,5.200442,-1.06635,TA.Early,Progenitor,7,Progenitor
haber_c009607,9.696025,-0.4642833,Goblet,Goblet,12,Goblet
haber_c009609,3.882849,-2.459327,Stem,Stem,7,Progenitor
haber_c009611,-3.055071,9.528788,Enterocyte,Enterocyte,13,Enterocyte
haber_c009612,-2.458877,9.922888,Enterocyte,Enterocyte,13,Enterocyte
haber_c009615,-3.346599,10.42594,Enterocyte,Enterocyte,13,Enterocyte
haber_c009616,4.361221,1.248679,TA.Early,Progenitor,7,Progenitor
haber_c009617,-1.841502,11.18236,Enterocyte,Enterocyte,13,Enterocyte
haber_c009619,-5.072884,9.150765,Enterocyte,Enterocyte,0,Enterocyte
haber_c009621,-3.710222,8.771498,Enterocyte,Enterocyte,13,Enterocyte
haber_c009622,11.45042,-1.255151,Goblet,Goblet,12,Goblet
haber_c009624,-3.677614,9.017456,Enterocyte,Enterocyte,13,Enterocyte
haber_c009626,-4.787096,9.208014,Enterocyte,Enterocyte,0,Enterocyte
haber_c009627,-1.512345,10.93474,Enterocyte,Enterocyte,13,Enterocyte
haber_c009630,4.492299,-1.866986,Stem,Stem,7,Progenitor
haber_c009633,5.114401,1.286856,TA.Early,Progenitor,7,Progenitor
haber_c009635,10.01799,-0.9125321,Goblet,Goblet,12,Goblet
haber_c009636,11.11888,-1.070942,Goblet,Goblet,12,Goblet
haber_c009637,-0.6128322,10.2894,Enterocyte,Enterocyte,13,Enterocyte
haber_c009638,4.037564,-2.266919,Stem,Stem,7,Progenitor
haber_c009640,-4.800086,8.984138,Enterocyte,Enterocyte,0,Enterocyte
haber_c009642,-1.786265,10.99332,Enterocyte,Enterocyte,13,Enterocyte
haber_c009643,-4.22821,5.942679,Enterocyte.Progenitor,Progenitor,0,Enterocyte
haber_c009644,4.462188,0.3830547,TA,Progenitor,7,Progenitor
haber_c009645,5.438879,0.758737,TA,Progenitor,7,Progenitor
haber_c009646,-3.153652,9.642514,Enterocyte,Enterocyte,13,Enterocyte
haber_c009650,-1.93467,9.900274,Enterocyte,Enterocyte,13,Enterocyte
haber_c009651,4.602878,1.249035,TA.Early,Progenitor,7,Progenitor
haber_c009652,5.257236,1.351928,TA,Progenitor,7,Progenitor
haber_c009653,10.01012,-0.8872337,Goblet,Goblet,12,Goblet
haber_c009656,4.451535,-2.099714,Stem,Stem,7,Progenitor
haber_c009657,3.488969,2.20215,TA.Early,Progenitor,7,Progenitor
haber_c009658,1.623392,-3.099773,Stem,Stem,2,Stem
haber_c009659,-3.33648,9.086913,Enterocyte,Enterocyte,13,Enterocyte
haber_c009660,-2.783389,9.26869,Enterocyte,Enterocyte,13,Enterocyte
haber_c009661,5.020278,-1.57401,Stem,Stem,7,Progenitor
haber_c009663,9.410958,-0.1141133,Goblet,Goblet,12,Goblet
haber_c009664,-1.286623,3.847964,Enterocyte.Progenitor,Progenitor,1,Unknown
haber_c009665,-3.19854,10.72097,Enterocyte,Enterocyte,13,Enterocyte
haber_c009666,10.72725,-0.7403731,Goblet,Goblet,12,Goblet
haber_c009667,-3.922261,9.78631,Enterocyte,Enterocyte,13,Enterocyte
haber_c009668,3.698969,0.9429479,TA.Early,Progenitor,7,Progenitor
haber_c009669,5.263937,0.6889484,TA.Early,Progenitor,7,Progenitor
haber_c009671,-3.988444,9.965679,Enterocyte,Enterocyte,13,Enterocyte
haber_c009672,-2.582387,10.95474,Enterocyte,Enterocyte,13,Enterocyte
haber_c009674,-3.845876,8.913239,Enterocyte,Enterocyte,13,Enterocyte
haber_c009675,4.977097,0.9693006,TA.Early,Progenitor,7,Progenitor
haber_c009678,5.606841,0.4362528,TA.Early,Progenitor,7,Progenitor
haber_c009679,9.792809,-0.8017089,Goblet,Goblet,12,Goblet
haber_c009682,-3.859562,9.166002,Enterocyte,Enterocyte,13,Enterocyte
haber_c009683,-1.926184,9.727531,Enterocyte,Enterocyte,13,Enterocyte
haber_c009687,4.046479,-1.816609,Stem,Stem,7,Progenitor
haber_c009688,-2.423368,10.69556,Enterocyte,Enterocyte,13,Enterocyte
haber_c009689,-4.367551,6.564744,Enterocyte.Progenitor,Progenitor,0,Enterocyte
haber_c009690,-3.391445,9.640153,Enterocyte,Enterocyte,13,Enterocyte
haber_c009691,-5.208196,8.874249,Enterocyte,Enterocyte,0,Enterocyte
haber_c009692,5.618059,-0.1261996,TA.Early,Progenitor,7,Progenitor
haber_c009693,-3.706345,8.952368,Enterocyte,Enterocyte,13,Enterocyte
haber_c009694,-2.85122,9.929132,Enterocyte,Enterocyte,13,Enterocyte
haber_c009695,4.259035,-1.986293,TA,Progenitor,7,Progenitor
haber_c009698,-2.716223,8.682124,Enterocyte,Enterocyte,13,Enterocyte
haber_c009701,-2.662923,10.31436,Enterocyte,Enterocyte,13,Enterocyte
haber_c009702,10.0289,5.911603,Endocrine,Endocrine,11,Endocrine
haber_c009703,-2.750412,10.74965,Enterocyte,Enterocyte,13,Enterocyte
haber_c009704,5.367184,1.183853,TA.Early,Progenitor,7,Progenitor
haber_c009705,4.626446,-1.058526,TA.Early,Progenitor,7,Progenitor
haber_c009706,-4.59471,7.531209,Enterocyte.Progenitor,Progenitor,0,Enterocyte
haber_c009707,-2.853607,10.25923,Enterocyte,Enterocyte,13,Enterocyte
haber_c009708,4.252281,-1.962033,Stem,Stem,7,Progenitor
haber_c009709,-2.478617,11.27089,Enterocyte,Enterocyte,13,Enterocyte
haber_c009710,-1.796154,9.405837,Enterocyte,Enterocyte,13,Enterocyte
haber_c009712,-0.5897999,10.43294,Enterocyte,Enterocyte,13,Enterocyte
haber_c009713,7.941908,6.935977,Endocrine,Endocrine,11,Endocrine
haber_c009714,-0.6915411,7.530617,Enterocyte.Progenitor,Progenitor,16,Enterocyte
haber_c009715,-5.170649,8.483908,Enterocyte.Progenitor,Progenitor,0,Enterocyte
haber_c009716,4.2964,1.157123,TA.Early,Progenitor,7,Progenitor
haber_c009718,5.800794,0.06332614,TA.Early,Progenitor,7,Progenitor
haber_c009719,3.554745,-2.32795,Stem,Stem,7,Progenitor
haber_c009720,-2.611104,10.46849,Enterocyte,Enterocyte,13,Enterocyte
haber_c009721,4.865573,-0.338928,Stem,Stem,7,Progenitor
haber_c009722,-1.724104,10.67209,Enterocyte,Enterocyte,13,Enterocyte
haber_c009723,-0.9688755,10.3079,Enterocyte,Enterocyte,13,Enterocyte
haber_c009724,4.419176,-0.6946829,TA,Progenitor,7,Progenitor
haber_c009725,3.902883,1.677914,TA.Early,Progenitor,7,Progenitor
haber_c009728,-2.677293,10.07677,Enterocyte,Enterocyte,13,Enterocyte
haber_c009729,-1.777869,10.28318,Enterocyte,Enterocyte,13,Enterocyte
haber_c009732,-0.9934914,9.186772,Enterocyte,Enterocyte,13,Enterocyte
haber_c009734,2.049573,3.182797,TA.Early,Progenitor,7,Progenitor
haber_c009735,-4.286472,6.387922,Enterocyte.Progenitor,Progenitor,0,Enterocyte
haber_c009738,-2.155176,11.042,Enterocyte,Enterocyte,13,Enterocyte
haber_c009739,4.682877,1.212046,TA.Early,Progenitor,7,Progenitor
haber_c009743,5.098768,0.8248204,TA.Early,Progenitor,7,Progenitor
haber_c009744,5.23495,0.6822038,TA.Early,Progenitor,7,Progenitor
haber_c009745,3.206618,2.382166,TA.Early,Progenitor,7,Progenitor
haber_c009746,5.343622,0.6324565,TA.Early,Progenitor,7,Progenitor
haber_c009747,-5.120245,9.009674,Enterocyte,Enterocyte,0,Enterocyte
haber_c009749,-3.738961,9.503973,Enterocyte,Enterocyte,13,Enterocyte
haber_c009751,5.216025,-2.002788,TA.Early,Progenitor,7,Progenitor
haber_c009752,5.641051,0.1733436,TA.Early,Progenitor,7,Progenitor
haber_c009755,3.172222,1.446523,TA,Progenitor,7,Progenitor
haber_c009758,-4.700663,8.519124,Enterocyte,Enterocyte,0,Enterocyte
haber_c009759,4.290707,0.6479316,TA,Progenitor,7,Progenitor
haber_c009760,5.567163,0.1880652,TA.Early,Progenitor,7,Progenitor
haber_c009762,-1.064373,7.316408,Enterocyte.Progenitor,Progenitor,16,Enterocyte
haber_c009764,-1.352935,7.523614,Enterocyte.Progenitor,Progenitor,16,Enterocyte
haber_c009765,4.770942,0.06210042,TA,Progenitor,7,Progenitor
haber_c009766,-4.575047,9.094057,Enterocyte,Enterocyte,0,Enterocyte
haber_c009768,-2.521789,11.04171,Enterocyte,Enterocyte,13,Enterocyte
haber_c009769,5.17165,1.552939,TA.Early,Progenitor,7,Progenitor
haber_c009770,5.49746,-0.3783495,Stem,Stem,7,Progenitor
haber_c009773,-4.803151,9.028832,Enterocyte,Enterocyte,0,Enterocyte
haber_c009774,-2.71091,10.76236,Enterocyte,Enterocyte,13,Enterocyte
haber_c009775,-0.5408866,10.11407,Enterocyte,Enterocyte,13,Enterocyte
haber_c009776,-2.283066,10.16513,Enterocyte,Enterocyte,13,Enterocyte
haber_c009777,9.049688,-0.138504,Goblet,Goblet,12,Goblet
haber_c009779,-2.019429,11.15832,Enterocyte,Enterocyte,13,Enterocyte
haber_c009781,9.465459,-0.7737674,Goblet,Goblet,12,Goblet
haber_c009782,-5.354718,8.853515,Enterocyte,Enterocyte,0,Enterocyte
haber_c009783,4.870069,0.1544891,TA,Progenitor,7,Progenitor
haber_c009785,11.28894,-1.347825,Goblet,Goblet,12,Goblet
haber_c009786,-1.577655,10.62718,Enterocyte,Enterocyte,13,Enterocyte
haber_c009787,-4.418576,6.794804,Enterocyte.Progenitor,Progenitor,0,Enterocyte
haber_c009793,-0.6569512,9.913811,Enterocyte,Enterocyte,13,Enterocyte
haber_c009794,-4.449661,9.178936,Enterocyte,Enterocyte,0,Enterocyte
haber_c009795,-3.047541,9.269001,Enterocyte,Enterocyte,13,Enterocyte
haber_c009796,5.622142,-1.152112,TA.Early,Progenitor,7,Progenitor
haber_c009797,-4.000556,9.83396,Enterocyte,Enterocyte,13,Enterocyte
haber_c009799,4.325925,0.1337308,TA,Progenitor,7,Progenitor
haber_c009800,-1.690219,11.13115,Enterocyte,Enterocyte,13,Enterocyte
haber_c009801,10.77755,-0.9121612,Goblet,Goblet,12,Goblet
haber_c009803,-0.7739924,6.716357,Enterocyte.Progenitor,Progenitor,16,Enterocyte
haber_c009805,4.998638,0.8325953,TA.Early,Progenitor,7,Progenitor
haber_c009806,4.699621,0.01507253,TA,Progenitor,7,Progenitor
haber_c009807,4.72052,-0.3028325,TA.Early,Progenitor,7,Progenitor
haber_c009808,4.292363,1.483458,TA.Early,Progenitor,7,Progenitor
haber_c009809,8.012469,0.02338352,Goblet,Goblet,12,Goblet
haber_c009812,0.3778271,7.572728,Enterocyte.Progenitor,Progenitor,15,Unknown
haber_c009814,-0.779294,5.659244,Enterocyte.Progenitor,Progenitor,16,Enterocyte
haber_c009815,-2.864527,9.481421,Enterocyte,Enterocyte,13,Enterocyte
haber_c009816,5.621544,-0.4648414,TA.Early,Progenitor,7,Progenitor
haber_c009817,0.6507927,6.541907,Enterocyte.Progenitor,Progenitor,15,Unknown
haber_c009818,-4.003035,8.533298,Enterocyte,Enterocyte,0,Enterocyte
haber_c009819,4.369866,-2.128082,Stem,Stem,7,Progenitor
haber_c009821,4.51443,1.452978,TA.Early,Progenitor,7,Progenitor
haber_c009823,-1.872777,8.18792,Enterocyte.Progenitor,Progenitor,13,Enterocyte
haber_c009826,4.748174,-0.2644936,TA.Early,Progenitor,7,Progenitor
haber_c009827,4.543334,0.4422674,TA,Progenitor,7,Progenitor
haber_c009829,-1.967057,10.36818,Enterocyte,Enterocyte,13,Enterocyte
haber_c009831,-1.000304,6.343174,Enterocyte.Progenitor,Progenitor,16,Enterocyte
haber_c009833,4.433889,-1.656973,Stem,Stem,7,Progenitor
haber_c009838,4.833181,1.201697,Enterocyte,Enterocyte,7,Progenitor
haber_c009839,4.378716,-2.352216,Stem,Stem,7,Progenitor
haber_c009840,4.617015,0.2265723,Endocrine,Endocrine,7,Progenitor
haber_c009841,-3.928938,8.694144,Enterocyte.Progenitor,Progenitor,13,Enterocyte
